{"type":"FeatureCollection","metadata":{"source":"Derived from SRTM/GMTED2010 (AWS Open Data) via scripts/generate-contours.mjs","license":"Public domain (SRTM/GMTED)","generated":"2026-09-09T03:57:22.142Z","levels":[800,1000,1200,1400,1600,1800,2000,2200,2400],"bbox":[80.2,6.45,81.35,7.75],"count":301},"features":[{"type":"Feature","geometry":{"type":"LineString","coordinates":[[80.64227,7.75],[80.6435,7.748],[80.64371,7.747],[80.643,7.74694],[80.642,7.74793],[80.64,7.74794],[80.63971,7.749],[80.64067,7.75]]},"properties":{"ele":800,"index":0}},{"type":"Feature","geometry":{"type":"LineString","coordinates":[[80.57812,7.619],[80.58,7.6198],[80.58156,7.618],[80.58102,7.613],[80.58423,7.607],[80.58197,7.604],[80.58553,7.602],[80.58552,7.601],[80.576,7.5979],[80.57482,7.595],[80.57275,7.593],[80.57338,7.59],[80.57574,7.587],[80.57663,7.583],[80.57858,7.58],[80.5766,7.578],[80.57791,7.576],[80.57754,7.575],[80.575,7.57444],[80.57258,7.58],[80.57308,7.586],[80.56769,7.595],[80.568,7.59779],[80.57196,7.603],[80.56776,7.607],[80.56528,7.611],[80.567,7.61618],[80.568,7.61433],[80.569,7.615],[80.573,7.61457],[80.576,7.6162],[80.57812,7.619]]},"properties":{"ele":800,"index":0}},{"type":"Feature","geometry":{"type":"LineString","coordinates":[[80.71275,7.616],[80.714,7.61665],[80.71509,7.616],[80.71347,7.614],[80.71543,7.611],[80.71486,7.61],[80.71708,7.608],[80.717,7.60589],[80.719,7.60605],[80.722,7.60821],[80.727,7.60552],[80.73181,7.605],[80.73443,7.595],[80.733,7.59111],[80.731,7.59048],[80.729,7.58761],[80.726,7.58625],[80.724,7.589],[80.72236,7.587],[80.72064,7.583],[80.7212,7.581],[80.71708,7.574],[80.71818,7.571],[80.71666,7.565],[80.71754,7.561],[80.71677,7.557],[80.719,7.5553],[80.723,7.55967],[80.72538,7.56],[80.726,7.56252],[80.729,7.56555],[80.733,7.56719],[80.73441,7.564],[80.73209,7.561],[80.735,7.56],[80.734,7.55705],[80.737,7.55684],[80.73827,7.555],[80.73916,7.552],[80.738,7.548],[80.74028,7.548],[80.742,7.55032],[80.751,7.55189],[80.754,7.55529],[80.76,7.551],[80.76107,7.547],[80.76052,7.546],[80.755,7.54271],[80.752,7.54311],[80.74831,7.538],[80.74921,7.534],[80.74819,7.53],[80.74888,7.526],[80.75126,7.523],[80.75186,7.518],[80.7511,7.515],[80.74893,7.512],[80.75216,7.511],[80.75023,7.505],[80.75139,7.501],[80.751,7.49856],[80.753,7.4995],[80.759,7.50897],[80.762,7.51007],[80.76541,7.522],[80.76918,7.525],[80.771,7.52805],[80.773,7.52837],[80.778,7.53166],[80.77891,7.53],[80.77871,7.526],[80.78228,7.523],[80.782,7.52045],[80.779,7.51981],[80.778,7.5179],[80.771,7.51681],[80.76722,7.512],[80.76366,7.51],[80.764,7.50664],[80.76609,7.503],[80.77311,7.501],[80.76854,7.499],[80.7674,7.494],[80.76436,7.491],[80.76175,7.486],[80.763,7.48542],[80.769,7.48668],[80.77019,7.484],[80.77381,7.481],[80.773,7.4799],[80.769,7.47979],[80.76461,7.475],[80.766,7.47402],[80.76897,7.474],[80.76898,7.473],[80.76348,7.468],[80.76398,7.462],[80.774,7.46886],[80.778,7.46859],[80.781,7.46519],[80.785,7.46416],[80.791,7.46465],[80.792,7.46122],[80.79735,7.465],[80.79648,7.469],[80.79309,7.474],[80.79351,7.477],[80.7949,7.479],[80.79905,7.48],[80.79675,7.485],[80.79887,7.49],[80.7993,7.494],[80.79571,7.499],[80.79546,7.501],[80.797,7.5019],[80.804,7.4998],[80.805,7.4986],[80.806,7.49868],[80.807,7.50136],[80.81065,7.5],[80.81153,7.495],[80.813,7.493],[80.8114,7.489],[80.81264,7.486],[80.815,7.48474],[80.822,7.48723],[80.823,7.49165],[80.82586,7.493],[80.82564,7.492],[80.82854,7.49],[80.82649,7.488],[80.82661,7.487],[80.83014,7.485],[80.83158,7.481],[80.83133,7.474],[80.82825,7.472],[80.83,7.46819],[80.831,7.46767],[80.83266,7.471],[80.834,7.4718],[80.83667,7.471],[80.837,7.47357],[80.83848,7.473],[80.83775,7.471],[80.839,7.4708],[80.843,7.47172],[80.845,7.47355],[80.84783,7.472],[80.84556,7.465],[80.847,7.46088],[80.84,7.45653],[80.836,7.45814],[80.834,7.46019],[80.83043,7.455],[80.828,7.44863],[80.822,7.4502],[80.82,7.44825],[80.81762,7.448],[80.821,7.44639],[80.826,7.442],[80.831,7.44135],[80.835,7.43846],[80.838,7.43762],[80.839,7.43505],[80.84148,7.433],[80.841,7.43158],[80.84,7.43073],[80.837,7.43186],[80.835,7.43107],[80.834,7.4273],[80.83,7.43408],[80.827,7.4319],[80.819,7.43219],[80.81096,7.43],[80.815,7.42826],[80.816,7.42566],[80.818,7.42719],[80.821,7.42529],[80.82391,7.425],[80.826,7.42327],[80.82597,7.422],[80.82335,7.42],[80.8213,7.414],[80.825,7.41406],[80.8293,7.416],[80.832,7.411],[80.834,7.41003],[80.835,7.4102],[80.836,7.4128],[80.837,7.41175],[80.837,7.40507],[80.835,7.4051],[80.83442,7.403],[80.83552,7.399],[80.83313,7.394],[80.83057,7.393],[80.83115,7.392],[80.833,7.39031],[80.83603,7.391],[80.83744,7.387],[80.839,7.38561],[80.84,7.38593],[80.84017,7.389],[80.843,7.38982],[80.84282,7.393],[80.845,7.39486],[80.849,7.39646],[80.855,7.39635],[80.85744,7.398],[80.85496,7.403],[80.857,7.40551],[80.864,7.40738],[80.866,7.40534],[80.868,7.40646],[80.87,7.40525],[80.87561,7.405],[80.87681,7.408],[80.87384,7.41],[80.87489,7.415],[80.87186,7.416],[80.87156,7.417],[80.8729,7.419],[80.87154,7.421],[80.87141,7.425],[80.876,7.42701],[80.878,7.42636],[80.87995,7.434],[80.8828,7.438],[80.88513,7.438],[80.887,7.43995],[80.888,7.4385],[80.89,7.44135],[80.891,7.44008],[80.892,7.44104],[80.89431,7.438],[80.89336,7.432],[80.89095,7.428],[80.89243,7.423],[80.894,7.42088],[80.897,7.42082],[80.899,7.42262],[80.901,7.42294],[80.90421,7.419],[80.90511,7.415],[80.91043,7.411],[80.914,7.4045],[80.918,7.40424],[80.91987,7.399],[80.92742,7.394],[80.92737,7.389],[80.924,7.38917],[80.922,7.3865],[80.92,7.38907],[80.918,7.38893],[80.91,7.39555],[80.907,7.39534],[80.904,7.39712],[80.896,7.39517],[80.893,7.39348],[80.89,7.39365],[80.888,7.3902],[80.886,7.39045],[80.88564,7.389],[80.887,7.38633],[80.89104,7.386],[80.889,7.38017],[80.886,7.38095],[80.8863,7.377],[80.885,7.37649],[80.881,7.38184],[80.878,7.37939],[80.87266,7.371],[80.87082,7.37],[80.871,7.36912],[80.87273,7.369],[80.871,7.36875],[80.86995,7.366],[80.86653,7.364],[80.865,7.35793],[80.862,7.35722],[80.86,7.35979],[80.857,7.35979],[80.853,7.3618],[80.85473,7.356],[80.85222,7.352],[80.85293,7.351],[80.856,7.35121],[80.85793,7.349],[80.862,7.34748],[80.865,7.34514],[80.869,7.34671],[80.87,7.3487],[80.873,7.34828],[80.875,7.34377],[80.876,7.34418],[80.87702,7.343],[80.87772,7.341],[80.87672,7.337],[80.8775,7.333],[80.876,7.33268],[80.874,7.33447],[80.87319,7.334],[80.87382,7.331],[80.8702,7.328],[80.8756,7.327],[80.876,7.3218],[80.878,7.32102],[80.87805,7.32],[80.876,7.31561],[80.874,7.3165],[80.87129,7.313],[80.87,7.3],[80.867,7.29841],[80.864,7.29408],[80.861,7.29492],[80.85819,7.293],[80.85916,7.29],[80.86245,7.287],[80.862,7.28604],[80.86,7.28767],[80.85878,7.287],[80.858,7.29055],[80.856,7.29016],[80.8516,7.287],[80.85412,7.284],[80.85432,7.282],[80.85126,7.279],[80.85074,7.271],[80.852,7.271],[80.856,7.27556],[80.85859,7.272],[80.856,7.26832],[80.85107,7.265],[80.85408,7.262],[80.85397,7.26],[80.85543,7.258],[80.855,7.25654],[80.854,7.25568],[80.85,7.25618],[80.849,7.25545],[80.84705,7.249],[80.84594,7.248],[80.847,7.244],[80.85163,7.242],[80.85054,7.239],[80.847,7.23808],[80.84043,7.233],[80.84176,7.227],[80.84571,7.224],[80.845,7.22238],[80.84,7.226],[80.83735,7.232],[80.835,7.23448],[80.836,7.24025],[80.83158,7.245],[80.831,7.24913],[80.827,7.24961],[80.82355,7.246],[80.825,7.24462],[80.82804,7.244],[80.82419,7.24],[80.821,7.23857],[80.81803,7.24],[80.82039,7.244],[80.81949,7.247],[80.81768,7.248],[80.81903,7.249],[80.81874,7.253],[80.822,7.25546],[80.825,7.25402],[80.82744,7.255],[80.82738,7.266],[80.8251,7.272],[80.82528,7.275],[80.82648,7.276],[80.82544,7.278],[80.829,7.27906],[80.8294,7.28],[80.82467,7.284],[80.82355,7.286],[80.8243,7.287],[80.82358,7.289],[80.829,7.29069],[80.83279,7.29],[80.838,7.29424],[80.84183,7.296],[80.8405,7.297],[80.84161,7.299],[80.839,7.29978],[80.836,7.29766],[80.831,7.298],[80.828,7.29643],[80.82535,7.298],[80.822,7.30183],[80.82,7.30208],[80.818,7.30672],[80.816,7.3074],[80.81338,7.311],[80.81907,7.319],[80.815,7.31914],[80.813,7.31722],[80.8096,7.32],[80.81172,7.323],[80.81147,7.325],[80.81361,7.327],[80.8129,7.328],[80.81383,7.331],[80.813,7.33247],[80.809,7.32858],[80.806,7.32717],[80.798,7.33369],[80.79621,7.337],[80.795,7.33718],[80.79433,7.339],[80.793,7.33964],[80.789,7.32829],[80.787,7.32846],[80.78,7.33244],[80.779,7.33017],[80.777,7.3314],[80.776,7.32968],[80.774,7.3301],[80.775,7.327],[80.77314,7.326],[80.77333,7.321],[80.775,7.31959],[80.775,7.31841],[80.774,7.31857],[80.77385,7.32],[80.76988,7.324],[80.769,7.32711],[80.765,7.33333],[80.76315,7.334],[80.76288,7.336],[80.7593,7.338],[80.761,7.33906],[80.76315,7.336],[80.768,7.33255],[80.77292,7.335],[80.768,7.33937],[80.76604,7.343],[80.771,7.3468],[80.771,7.349],[80.76843,7.35],[80.768,7.35135],[80.762,7.35],[80.761,7.351],[80.75783,7.351],[80.763,7.35976],[80.77,7.36009],[80.778,7.36239],[80.77846,7.364],[80.78313,7.368],[80.782,7.36959],[80.777,7.36786],[80.774,7.36884],[80.772,7.36731],[80.77,7.36822],[80.768,7.36651],[80.76177,7.371],[80.76079,7.378],[80.75954,7.38],[80.7604,7.383],[80.75897,7.384],[80.75952,7.391],[80.76173,7.393],[80.767,7.394],[80.76553,7.395],[80.766,7.3967],[80.77088,7.4],[80.764,7.39929],[80.75573,7.396],[80.75289,7.401],[80.74946,7.402],[80.749,7.40414],[80.745,7.40504],[80.743,7.40314],[80.74088,7.407],[80.741,7.41015],[80.739,7.40976],[80.738,7.40783],[80.735,7.41],[80.735,7.406],[80.736,7.40629],[80.73593,7.405],[80.73727,7.404],[80.74124,7.393],[80.74049,7.387],[80.739,7.38493],[80.736,7.38707],[80.735,7.38953],[80.73338,7.39],[80.73323,7.386],[80.73,7.38415],[80.72831,7.382],[80.72556,7.374],[80.72425,7.373],[80.724,7.3647],[80.722,7.36657],[80.72,7.36452],[80.71783,7.366],[80.716,7.36906],[80.715,7.369],[80.714,7.36637],[80.71289,7.367],[80.713,7.36953],[80.712,7.36985],[80.711,7.36877],[80.709,7.37155],[80.707,7.37211],[80.706,7.3712],[80.704,7.37259],[80.703,7.3714],[80.701,7.37181],[80.697,7.37405],[80.692,7.3708],[80.69,7.36711],[80.688,7.36683],[80.68636,7.369],[80.6884,7.374],[80.688,7.3748],[80.683,7.373],[80.68135,7.375],[80.68363,7.38],[80.68011,7.382],[80.67935,7.386],[80.68158,7.392],[80.68088,7.393],[80.68188,7.395],[80.68165,7.4],[80.683,7.40132],[80.687,7.40021],[80.68857,7.402],[80.685,7.40728],[80.68007,7.409],[80.68006,7.41],[80.681,7.41113],[80.683,7.41056],[80.685,7.41527],[80.687,7.41448],[80.68875,7.415],[80.6873,7.418],[80.688,7.42],[80.68683,7.425],[80.68742,7.427],[80.686,7.429],[80.68713,7.432],[80.685,7.43353],[80.684,7.43305],[80.684,7.436],[80.677,7.43809],[80.67576,7.441],[80.67591,7.443],[80.678,7.44595],[80.68,7.44426],[80.68074,7.445],[80.683,7.4522],[80.69169,7.456],[80.69217,7.461],[80.69071,7.463],[80.69072,7.466],[80.68944,7.468],[80.68723,7.477],[80.68733,7.479],[80.68966,7.482],[80.6911,7.486],[80.68947,7.49],[80.68984,7.494],[80.69131,7.493],[80.692,7.48756],[80.69464,7.486],[80.696,7.48242],[80.698,7.48307],[80.702,7.48173],[80.7037,7.483],[80.705,7.48621],[80.708,7.48379],[80.70886,7.484],[80.70855,7.488],[80.70588,7.492],[80.70811,7.495],[80.70761,7.498],[80.70955,7.501],[80.709,7.50325],[80.71,7.50407],[80.712,7.50352],[80.714,7.50579],[80.718,7.50754],[80.72,7.50714],[80.72213,7.508],[80.71961,7.51],[80.72045,7.512],[80.715,7.51187],[80.714,7.51264],[80.71134,7.519],[80.71,7.52],[80.71221,7.522],[80.71478,7.53],[80.716,7.5306],[80.718,7.52943],[80.719,7.534],[80.718,7.53523],[80.713,7.5339],[80.712,7.53655],[80.711,7.53676],[80.708,7.53572],[80.707,7.53869],[80.703,7.53702],[80.702,7.53738],[80.70079,7.543],[80.69708,7.547],[80.694,7.54683],[80.69356,7.548],[80.69517,7.553],[80.69425,7.557],[80.696,7.558],[80.69451,7.56],[80.69357,7.566],[80.695,7.56712],[80.699,7.56719],[80.702,7.56893],[80.70452,7.573],[80.70521,7.576],[80.703,7.57617],[80.7,7.57416],[80.69841,7.575],[80.69539,7.578],[80.693,7.58408],[80.692,7.58227],[80.69,7.58429],[80.689,7.58416],[80.688,7.57856],[80.687,7.5774],[80.686,7.57788],[80.68443,7.583],[80.68491,7.587],[80.686,7.59016],[80.689,7.5865],[80.693,7.59484],[80.698,7.59276],[80.70165,7.597],[80.704,7.59595],[80.70659,7.602],[80.705,7.60338],[80.701,7.602],[80.699,7.60335],[80.696,7.60241],[80.693,7.60398],[80.691,7.60378],[80.691,7.60765],[80.697,7.61022],[80.7,7.60993],[80.704,7.61156],[80.705,7.60705],[80.706,7.60695],[80.7095,7.612],[80.71182,7.613],[80.71181,7.615],[80.71275,7.616]]},"properties":{"ele":800,"index":0}},{"type":"Feature","geometry":{"type":"LineString","coordinates":[[80.60264,7.541],[80.608,7.54107],[80.60883,7.54],[80.60738,7.536],[80.609,7.533],[80.608,7.52988],[80.60636,7.53],[80.60522,7.532],[80.60537,7.535],[80.60236,7.539],[80.60264,7.541]]},"properties":{"ele":800,"index":0}},{"type":"Feature","geometry":{"type":"LineString","coordinates":[[80.57559,7.5],[80.577,7.50015],[80.58,7.49742],[80.581,7.49812],[80.583,7.49766],[80.585,7.49425],[80.5889,7.493],[80.59169,7.488],[80.58951,7.479],[80.589,7.47811],[80.58686,7.478],[80.58659,7.475],[80.585,7.47417],[80.58016,7.475],[80.57735,7.481],[80.578,7.48564],[80.57363,7.488],[80.57323,7.493],[80.57559,7.5]]},"properties":{"ele":800,"index":0}},{"type":"Feature","geometry":{"type":"LineString","coordinates":[[80.60469,7.499],[80.609,7.49742],[80.611,7.49777],[80.61195,7.496],[80.6118,7.492],[80.61444,7.487],[80.613,7.48465],[80.61153,7.484],[80.61245,7.481],[80.61,7.48013],[80.607,7.48126],[80.6049,7.481],[80.60336,7.478],[80.60359,7.474],[80.603,7.4723],[80.602,7.47204],[80.59979,7.473],[80.59928,7.478],[80.59802,7.48],[80.59833,7.484],[80.59941,7.485],[80.599,7.48656],[80.5975,7.488],[80.595,7.48711],[80.594,7.488],[80.59696,7.491],[80.599,7.49125],[80.60119,7.496],[80.60469,7.499]]},"properties":{"ele":800,"index":0}},{"type":"Feature","geometry":{"type":"LineString","coordinates":[[80.85089,7.477],[80.854,7.47704],[80.85713,7.474],[80.854,7.47181],[80.85147,7.472],[80.84927,7.475],[80.84927,7.476],[80.85089,7.477]]},"properties":{"ele":800,"index":0}},{"type":"Feature","geometry":{"type":"LineString","coordinates":[[80.57262,7.475],[80.57939,7.473],[80.57916,7.47],[80.577,7.4656],[80.57608,7.471],[80.57262,7.475]]},"properties":{"ele":800,"index":0}},{"type":"Feature","geometry":{"type":"LineString","coordinates":[[80.54686,7.446],[80.55,7.44666],[80.5532,7.446],[80.556,7.44419],[80.55776,7.442],[80.55746,7.441],[80.555,7.4412],[80.551,7.44511],[80.549,7.44324],[80.54621,7.445],[80.54686,7.446]]},"properties":{"ele":800,"index":0}},{"type":"Feature","geometry":{"type":"LineString","coordinates":[[80.72178,7.361],[80.723,7.3609],[80.72387,7.359],[80.722,7.35707],[80.7201,7.36],[80.72178,7.361]]},"properties":{"ele":800,"index":0}},{"type":"Feature","geometry":{"type":"LineString","coordinates":[[80.71408,7.36],[80.715,7.36041],[80.716,7.35941],[80.718,7.36067],[80.71992,7.36],[80.71977,7.359],[80.71686,7.357],[80.714,7.35637],[80.71255,7.359],[80.71408,7.36]]},"properties":{"ele":800,"index":0}},{"type":"Feature","geometry":{"type":"LineString","coordinates":[[80.90233,7.347],[80.90337,7.347],[80.90422,7.343],[80.90512,7.335],[80.90432,7.333],[80.908,7.33046],[80.909,7.32694],[80.912,7.32962],[80.913,7.33225],[80.914,7.33162],[80.91681,7.323],[80.92215,7.316],[80.92341,7.316],[80.925,7.323],[80.92872,7.327],[80.931,7.32748],[80.933,7.327],[80.93614,7.323],[80.934,7.31972],[80.94018,7.317],[80.9414,7.31],[80.939,7.30762],[80.93729,7.308],[80.937,7.31225],[80.932,7.30971],[80.931,7.31284],[80.926,7.31035],[80.924,7.31323],[80.923,7.313],[80.92104,7.309],[80.92083,7.303],[80.926,7.29825],[80.927,7.2996],[80.93021,7.3],[80.931,7.29138],[80.93344,7.296],[80.93459,7.301],[80.936,7.30217],[80.93842,7.302],[80.9386,7.297],[80.941,7.29774],[80.943,7.30104],[80.944,7.2986],[80.947,7.30032],[80.95062,7.296],[80.95069,7.292],[80.94952,7.289],[80.95013,7.287],[80.94925,7.285],[80.95016,7.274],[80.95169,7.271],[80.95326,7.27],[80.95434,7.264],[80.95388,7.261],[80.953,7.25972],[80.95147,7.26],[80.94728,7.272],[80.944,7.2785],[80.94,7.27982],[80.938,7.2783],[80.937,7.27881],[80.93486,7.278],[80.93776,7.274],[80.93765,7.271],[80.937,7.26974],[80.936,7.26989],[80.933,7.27189],[80.93359,7.268],[80.93153,7.266],[80.933,7.26554],[80.93506,7.263],[80.93749,7.258],[80.936,7.25598],[80.934,7.257],[80.92808,7.25],[80.93112,7.247],[80.929,7.24394],[80.9337,7.242],[80.93121,7.24],[80.92957,7.237],[80.93024,7.236],[80.92902,7.233],[80.92913,7.23],[80.926,7.22526],[80.92557,7.226],[80.9271,7.229],[80.92553,7.231],[80.92565,7.234],[80.92375,7.237],[80.92538,7.243],[80.92352,7.246],[80.92521,7.249],[80.92461,7.251],[80.92158,7.254],[80.92233,7.266],[80.92054,7.268],[80.921,7.27],[80.9235,7.273],[80.92035,7.276],[80.9185,7.29],[80.91721,7.292],[80.916,7.29856],[80.913,7.30456],[80.91191,7.305],[80.91023,7.312],[80.909,7.31371],[80.90839,7.31],[80.907,7.3092],[80.90553,7.305],[80.90685,7.302],[80.90864,7.301],[80.90883,7.296],[80.90591,7.291],[80.905,7.28367],[80.903,7.28292],[80.90118,7.278],[80.90031,7.274],[80.90145,7.271],[80.89968,7.269],[80.898,7.26398],[80.895,7.26245],[80.89466,7.268],[80.89192,7.27],[80.89313,7.273],[80.89093,7.277],[80.89064,7.28],[80.89224,7.283],[80.894,7.2842],[80.89988,7.286],[80.90236,7.291],[80.90223,7.293],[80.89803,7.296],[80.9003,7.299],[80.90195,7.307],[80.901,7.30935],[80.898,7.31028],[80.895,7.31451],[80.892,7.31155],[80.889,7.31061],[80.8884,7.308],[80.887,7.3065],[80.885,7.30634],[80.88282,7.308],[80.88196,7.312],[80.87904,7.318],[80.88044,7.319],[80.88359,7.319],[80.885,7.32447],[80.887,7.32489],[80.88831,7.327],[80.89382,7.33],[80.894,7.33136],[80.896,7.33108],[80.89554,7.334],[80.897,7.33557],[80.899,7.3352],[80.89942,7.336],[80.90233,7.347]]},"properties":{"ele":800,"index":0}},{"type":"Feature","geometry":{"type":"LineString","coordinates":[[80.70488,7.342],[80.715,7.34146],[80.71703,7.338],[80.71957,7.336],[80.71758,7.335],[80.7189,7.333],[80.722,7.3315],[80.722,7.33033],[80.721,7.32938],[80.716,7.3345],[80.714,7.33458],[80.709,7.33839],[80.705,7.33973],[80.70423,7.341],[80.70488,7.342]]},"properties":{"ele":800,"index":0}},{"type":"Feature","geometry":{"type":"LineString","coordinates":[[81.26269,7.312],[81.264,7.31275],[81.26492,7.312],[81.264,7.31],[81.2616,7.31],[81.26269,7.312]]},"properties":{"ele":800,"index":0}},{"type":"Feature","geometry":{"type":"LineString","coordinates":[[80.791,7.307],[80.794,7.30738],[80.79839,7.301],[80.792,7.29705],[80.79043,7.301],[80.792,7.30236],[80.79219,7.304],[80.78939,7.306],[80.791,7.307]]},"properties":{"ele":800,"index":0}},{"type":"Feature","geometry":{"type":"LineString","coordinates":[[80.45927,7.305],[80.463,7.30588],[80.469,7.30306],[80.47005,7.301],[80.47243,7.3],[80.474,7.29575],[80.472,7.29516],[80.46717,7.297],[80.4603,7.303],[80.45927,7.305]]},"properties":{"ele":800,"index":0}},{"type":"Feature","geometry":{"type":"LineString","coordinates":[[80.646,7.274],[80.649,7.27384],[80.65263,7.269],[80.65215,7.268],[80.65329,7.265],[80.655,7.2636],[80.656,7.26387],[80.65933,7.26],[80.658,7.25996],[80.651,7.26547],[80.648,7.26363],[80.645,7.25923],[80.6365,7.259],[80.63618,7.258],[80.63768,7.256],[80.63613,7.253],[80.6364,7.251],[80.63908,7.249],[80.639,7.24763],[80.64509,7.24],[80.652,7.23761],[80.656,7.23738],[80.665,7.24078],[80.667,7.238],[80.67,7.23692],[80.671,7.23747],[80.67231,7.232],[80.67556,7.231],[80.6783,7.227],[80.683,7.22883],[80.685,7.22733],[80.68744,7.228],[80.68234,7.226],[80.68197,7.225],[80.684,7.22356],[80.689,7.22266],[80.696,7.22305],[80.697,7.22061],[80.701,7.22055],[80.70541,7.218],[80.70676,7.213],[80.70557,7.209],[80.712,7.21266],[80.71422,7.212],[80.715,7.20886],[80.718,7.20966],[80.723,7.20788],[80.726,7.20802],[80.72871,7.204],[80.72335,7.199],[80.72341,7.198],[80.727,7.19736],[80.732,7.19942],[80.73388,7.199],[80.73117,7.191],[80.732,7.19039],[80.73946,7.193],[80.73717,7.185],[80.74209,7.185],[80.738,7.17653],[80.734,7.17455],[80.73147,7.175],[80.73132,7.173],[80.729,7.17173],[80.728,7.169],[80.725,7.16874],[80.724,7.17058],[80.724,7.16674],[80.722,7.16795],[80.719,7.16669],[80.717,7.16883],[80.71562,7.163],[80.717,7.16193],[80.71907,7.163],[80.72115,7.16],[80.71844,7.156],[80.72,7.152],[80.722,7.1534],[80.723,7.153],[80.723,7.15086],[80.725,7.15179],[80.728,7.15044],[80.73,7.15152],[80.73081,7.151],[80.72943,7.144],[80.735,7.14088],[80.736,7.13863],[80.74127,7.14],[80.73844,7.146],[80.74015,7.15],[80.743,7.15123],[80.74785,7.146],[80.74681,7.142],[80.74883,7.14],[80.754,7.13767],[80.7515,7.142],[80.752,7.14322],[80.76,7.137],[80.75819,7.143],[80.759,7.14462],[80.7614,7.146],[80.7608,7.147],[80.75329,7.151],[80.75277,7.153],[80.74825,7.156],[80.74769,7.159],[80.74544,7.161],[80.746,7.16205],[80.75,7.16154],[80.754,7.16566],[80.758,7.16684],[80.762,7.16567],[80.763,7.168],[80.765,7.16863],[80.76743,7.167],[80.769,7.16377],[80.771,7.16466],[80.773,7.16355],[80.774,7.166],[80.778,7.162],[80.7801,7.168],[80.77918,7.17],[80.78,7.17093],[80.782,7.17094],[80.7823,7.172],[80.7785,7.18],[80.78104,7.181],[80.778,7.19067],[80.784,7.18541],[80.792,7.18627],[80.79123,7.193],[80.792,7.19355],[80.796,7.19075],[80.798,7.19073],[80.79822,7.19],[80.79598,7.188],[80.796,7.185],[80.799,7.18046],[80.802,7.17988],[80.805,7.18094],[80.806,7.17869],[80.809,7.17808],[80.812,7.17907],[80.816,7.17726],[80.817,7.1778],[80.81723,7.18],[80.82123,7.181],[80.82603,7.171],[80.82459,7.17],[80.82476,7.164],[80.823,7.162],[80.82378,7.16],[80.822,7.15714],[80.82224,7.152],[80.81764,7.148],[80.81626,7.145],[80.81728,7.143],[80.814,7.13986],[80.812,7.136],[80.81,7.13469],[80.807,7.13456],[80.804,7.1364],[80.8,7.13625],[80.797,7.13753],[80.796,7.137],[80.795,7.138],[80.79375,7.137],[80.79348,7.135],[80.79144,7.134],[80.79422,7.131],[80.79518,7.129],[80.79453,7.128],[80.79803,7.126],[80.797,7.12374],[80.795,7.12324],[80.79287,7.124],[80.79168,7.12],[80.79166,7.118],[80.793,7.11577],[80.79655,7.116],[80.79736,7.103],[80.79496,7.096],[80.79542,7.092],[80.79195,7.086],[80.79248,7.084],[80.79127,7.081],[80.789,7.07844],[80.792,7.07857],[80.794,7.08063],[80.796,7.08081],[80.79528,7.082],[80.79986,7.085],[80.8,7.08667],[80.803,7.08624],[80.80359,7.087],[80.80252,7.09],[80.80444,7.093],[80.80408,7.096],[80.806,7.098],[80.808,7.09744],[80.8103,7.099],[80.80886,7.102],[80.80953,7.103],[80.81352,7.104],[80.81138,7.107],[80.81127,7.109],[80.813,7.10958],[80.816,7.1065],[80.817,7.10823],[80.82,7.10618],[80.819,7.11854],[80.821,7.11997],[80.826,7.11424],[80.828,7.11327],[80.82672,7.123],[80.833,7.12052],[80.835,7.1211],[80.83656,7.123],[80.83768,7.127],[80.83959,7.128],[80.841,7.13036],[80.84386,7.128],[80.8449,7.124],[80.846,7.12294],[80.848,7.12279],[80.851,7.12089],[80.852,7.12123],[80.855,7.11774],[80.86,7.11734],[80.86269,7.116],[80.8614,7.111],[80.86227,7.109],[80.8622,7.104],[80.861,7.09956],[80.864,7.09924],[80.86397,7.102],[80.867,7.10528],[80.86834,7.105],[80.868,7.10179],[80.871,7.10425],[80.87098,7.101],[80.86877,7.099],[80.869,7.09767],[80.86555,7.097],[80.86565,7.096],[80.86742,7.095],[80.86734,7.093],[80.87,7.09252],[80.873,7.09],[80.8752,7.092],[80.875,7.0951],[80.878,7.098],[80.88004,7.097],[80.87873,7.094],[80.88,7.09164],[80.885,7.0908],[80.88438,7.094],[80.88672,7.097],[80.887,7.09955],[80.888,7.09984],[80.891,7.09803],[80.89288,7.099],[80.892,7.10239],[80.8946,7.103],[80.89364,7.105],[80.89491,7.107],[80.89468,7.11],[80.89303,7.114],[80.89397,7.116],[80.88874,7.125],[80.88887,7.132],[80.88971,7.134],[80.893,7.13697],[80.896,7.13764],[80.897,7.14303],[80.9,7.14605],[80.90455,7.142],[80.906,7.13539],[80.911,7.13361],[80.914,7.134],[80.916,7.13204],[80.91678,7.13],[80.91624,7.127],[80.91853,7.126],[80.91871,7.125],[80.9177,7.12],[80.921,7.11933],[80.922,7.11688],[80.925,7.11622],[80.927,7.11737],[80.92963,7.117],[80.931,7.11496],[80.934,7.1131],[80.93472,7.111],[80.93352,7.109],[80.93391,7.107],[80.93257,7.102],[80.932,7.10134],[80.931,7.10259],[80.927,7.10302],[80.92543,7.102],[80.9253,7.097],[80.9283,7.09],[80.92732,7.087],[80.92597,7.086],[80.92586,7.084],[80.92278,7.081],[80.923,7.07876],[80.92553,7.074],[80.9221,7.072],[80.92,7.06778],[80.916,7.06959],[80.913,7.06931],[80.911,7.07405],[80.901,7.07071],[80.897,7.07182],[80.8955,7.069],[80.89644,7.068],[80.89558,7.066],[80.89604,7.064],[80.89419,7.06],[80.896,7.0589],[80.9,7.0622],[80.902,7.06015],[80.904,7.06083],[80.906,7.05968],[80.909,7.06012],[80.91,7.05803],[80.91342,7.057],[80.915,7.05217],[80.91637,7.051],[80.91312,7.046],[80.9126,7.043],[80.91468,7.037],[80.914,7.03527],[80.908,7.03963],[80.903,7.03871],[80.90112,7.037],[80.9005,7.035],[80.903,7.035],[80.905,7.0369],[80.908,7.03686],[80.9092,7.036],[80.90825,7.033],[80.91311,7.03],[80.91347,7.028],[80.91,7.02779],[80.9097,7.027],[80.9085,7.019],[80.91085,7.019],[80.917,7.02265],[80.91978,7.023],[80.91884,7.027],[80.92081,7.032],[80.925,7.0364],[80.92481,7.043],[80.929,7.04389],[80.92968,7.047],[80.932,7.04897],[80.933,7.04915],[80.935,7.04689],[80.936,7.04724],[80.937,7.04626],[80.93756,7.047],[80.9378,7.051],[80.93657,7.057],[80.93773,7.058],[80.93965,7.065],[80.94174,7.068],[80.94197,7.071],[80.944,7.0711],[80.9468,7.074],[80.94469,7.077],[80.94667,7.08],[80.94625,7.082],[80.947,7.08235],[80.94714,7.081],[80.95074,7.078],[80.94855,7.076],[80.94982,7.07],[80.94811,7.068],[80.94778,7.066],[80.95073,7.064],[80.95237,7.054],[80.95422,7.051],[80.951,7.0505],[80.95108,7.048],[80.94806,7.047],[80.94768,7.046],[80.948,7.04517],[80.95078,7.045],[80.95422,7.041],[80.95727,7.034],[80.95635,7.031],[80.95724,7.028],[80.956,7.02723],[80.954,7.03048],[80.949,7.03216],[80.941,7.03777],[80.94007,7.035],[80.9422,7.022],[80.93971,7.02],[80.941,7.01877],[80.943,7.01903],[80.945,7.0177],[80.94286,7.013],[80.944,7.0104],[80.947,7.01387],[80.948,7.01262],[80.952,7.013],[80.95179,7.016],[80.95481,7.016],[80.95628,7.014],[80.956,7.0127],[80.95932,7.011],[80.95909,7.008],[80.95795,7.007],[80.9586,7.006],[80.96238,7.006],[80.964,7.00294],[80.966,7.0029],[80.9687,7.001],[80.96929,6.996],[80.9674,6.992],[80.96817,6.99],[80.966,6.98978],[80.965,6.98663],[80.961,6.985],[80.965,6.98436],[80.96286,6.983],[80.966,6.98094],[80.969,6.98576],[80.97588,6.985],[80.97407,6.984],[80.9739,6.981],[80.975,6.9795],[80.976,6.97979],[80.97682,6.978],[80.971,6.97],[80.97182,6.968],[80.971,6.96576],[80.963,6.96685],[80.96217,6.966],[80.96425,6.963],[80.96031,6.957],[80.957,6.946],[80.95741,6.944],[80.95481,6.94],[80.95153,6.931],[80.94881,6.928],[80.956,6.92388],[80.95724,6.924],[80.95429,6.927],[80.95129,6.928],[80.95398,6.93],[80.95712,6.938],[80.96027,6.942],[80.96113,6.949],[80.96396,6.955],[80.965,6.95436],[80.9654,6.955],[80.96792,6.961],[80.976,6.96233],[80.976,6.95836],[80.98024,6.959],[80.98196,6.964],[80.98042,6.968],[80.97792,6.97],[80.979,6.9711],[80.981,6.96939],[80.98763,6.969],[80.98997,6.973],[80.991,6.97315],[80.99129,6.976],[80.99441,6.978],[80.992,6.97919],[80.989,6.9789],[80.98783,6.98],[80.98798,6.982],[80.991,6.981],[80.992,6.98219],[80.99488,6.982],[80.99593,6.985],[80.99843,6.986],[80.99807,6.989],[80.99964,6.991],[80.99914,6.995],[80.99406,6.997],[80.994,6.99985],[80.99225,7.001],[80.995,7.0029],[80.997,6.99937],[80.99921,7],[80.99819,7.002],[80.999,7.00324],[81.001,7.00151],[81.00185,7.002],[81.00229,7.004],[81.00024,7.01],[80.99717,7.011],[80.99718,7.014],[80.995,7.0147],[80.993,7.01713],[80.99095,7.014],[80.98943,7.009],[80.986,7.00682],[80.981,7.0086],[80.977,7.01257],[80.975,7.01338],[80.9738,7.015],[80.97381,7.017],[80.9712,7.02],[80.97046,7.023],[80.97106,7.032],[80.9685,7.039],[80.97,7.04126],[80.97279,7.043],[80.9738,7.048],[80.975,7.04706],[80.976,7.04355],[80.98088,7.04],[80.97954,7.029],[80.98,7.02633],[80.982,7.02917],[80.983,7.03376],[80.985,7.03357],[80.98496,7.036],[80.98742,7.038],[80.98588,7.04],[80.98562,7.043],[80.987,7.04554],[80.9886,7.046],[80.987,7.0465],[80.98562,7.05],[80.989,7.05081],[80.98985,7.054],[80.992,7.056],[80.99261,7.06],[80.991,7.06255],[80.99091,7.067],[80.993,7.06957],[80.999,7.06754],[81.003,7.0632],[81.005,7.06264],[81.00546,7.059],[81.009,7.05459],[81.014,7.0629],[81.016,7.06351],[81.02002,7.062],[81.026,7.05594],[81.027,7.05695],[81.03,7.05698],[81.02931,7.064],[81.031,7.06538],[81.035,7.06503],[81.03966,7.068],[81.04,7.06929],[81.04284,7.067],[81.03913,7.063],[81.03979,7.059],[81.041,7.05722],[81.043,7.05726],[81.044,7.05598],[81.04625,7.056],[81.047,7.05708],[81.04806,7.055],[81.04793,7.054],[81.04319,7.05],[81.048,7.04795],[81.04899,7.045],[81.04603,7.04],[81.046,7.03595],[81.043,7.03458],[81.04,7.03586],[81.038,7.03567],[81.038,7.03286],[81.035,7.03278],[81.034,7.03358],[81.0316,7.029],[81.0311,7.024],[81.02913,7.022],[81.03027,7.021],[81.03,7.0201],[81.02746,7.017],[81.029,7.01554],[81.031,7.01598],[81.033,7.01502],[81.036,7.01704],[81.0352,7.011],[81.036,7.01],[81.038,7.01073],[81.03921,7.009],[81.04,7.00145],[81.042,7.00357],[81.045,7.00488],[81.046,7.00762],[81.0477,7.009],[81.048,7.01554],[81.04944,7.015],[81.051,7.01107],[81.052,7.015],[81.053,7.0155],[81.05377,7.011],[81.05246,7.009],[81.05207,7.003],[81.04789,6.999],[81.04373,6.987],[81.04278,6.98],[81.04349,6.977],[81.04,6.97616],[81.03886,6.975],[81.03844,6.972],[81.03411,6.963],[81.032,6.96212],[81.029,6.964],[81.028,6.9605],[81.02692,6.961],[81.028,6.96629],[81.027,6.9668],[81.026,6.96274],[81.022,6.96356],[81.02132,6.969],[81.01755,6.972],[81.01835,6.97],[81.01788,6.968],[81.01975,6.967],[81.02046,6.963],[81.02298,6.959],[81.01768,6.952],[81.02,6.9518],[81.022,6.95368],[81.02356,6.953],[81.024,6.95155],[81.025,6.95357],[81.03,6.95379],[81.0303,6.95],[81.034,6.94724],[81.03539,6.943],[81.034,6.94221],[81.032,6.94369],[81.03142,6.943],[81.03629,6.935],[81.0355,6.934],[81.03725,6.931],[81.03621,6.93],[81.04,6.92776],[81.046,6.92824],[81.049,6.92477],[81.05,6.92424],[81.05094,6.925],[81.04717,6.93],[81.04254,6.931],[81.04084,6.935],[81.04136,6.936],[81.03883,6.938],[81.04,6.93911],[81.042,6.93881],[81.04264,6.942],[81.03836,6.944],[81.03576,6.949],[81.03512,6.953],[81.036,6.95376],[81.038,6.95342],[81.03994,6.959],[81.044,6.95785],[81.04658,6.96],[81.04516,6.963],[81.04571,6.969],[81.048,6.9695],[81.04722,6.974],[81.04779,6.976],[81.052,6.98008],[81.053,6.98037],[81.059,6.97194],[81.061,6.97093],[81.06226,6.967],[81.06381,6.966],[81.06531,6.963],[81.065,6.9615],[81.06351,6.962],[81.05983,6.968],[81.058,6.96938],[81.055,6.96956],[81.05138,6.968],[81.052,6.966],[81.055,6.9654],[81.05643,6.966],[81.05851,6.964],[81.05903,6.961],[81.062,6.958],[81.061,6.95558],[81.056,6.95563],[81.054,6.95693],[81.05248,6.956],[81.057,6.95164],[81.058,6.95215],[81.059,6.95058],[81.06104,6.951],[81.06121,6.95],[81.05983,6.949],[81.06,6.94629],[81.06125,6.948],[81.063,6.94843],[81.069,6.94426],[81.069,6.942],[81.07245,6.939],[81.07188,6.936],[81.074,6.93418],[81.07396,6.937],[81.076,6.93871],[81.078,6.93712],[81.07913,6.937],[81.07941,6.938],[81.077,6.94339],[81.075,6.94306],[81.07359,6.944],[81.07398,6.947],[81.07102,6.951],[81.06997,6.955],[81.072,6.95575],[81.079,6.9489],[81.08022,6.95],[81.07948,6.951],[81.07966,6.958],[81.07445,6.967],[81.07323,6.971],[81.07318,6.975],[81.075,6.9795],[81.077,6.98021],[81.086,6.978],[81.08824,6.971],[81.095,6.96758],[81.0975,6.97],[81.097,6.97336],[81.099,6.9734],[81.1,6.97216],[81.10438,6.974],[81.1,6.97578],[81.097,6.97852],[81.096,6.97713],[81.093,6.97697],[81.09238,6.979],[81.09633,6.981],[81.09538,6.984],[81.094,6.98432],[81.092,6.98275],[81.086,6.98576],[81.08344,6.99],[81.0816,6.991],[81.08106,6.993],[81.07963,6.993],[81.07874,6.996],[81.08,6.998],[81.076,6.9989],[81.075,7.00032],[81.07242,7],[81.073,6.99157],[81.07186,6.992],[81.07,6.99616],[81.069,6.99608],[81.06571,7.001],[81.068,7.00182],[81.06851,7.003],[81.06742,7.006],[81.06802,7.014],[81.06723,7.017],[81.069,7.02022],[81.07264,7.021],[81.074,7.0224],[81.078,7.022],[81.07753,7.025],[81.079,7.027],[81.084,7.02555],[81.086,7.02343],[81.091,7.02236],[81.09158,7.026],[81.095,7.03008],[81.09936,7.027],[81.10137,7.027],[81.09768,7.031],[81.096,7.03438],[81.093,7.035],[81.09228,7.04],[81.093,7.04218],[81.09,7.0435],[81.08727,7.041],[81.086,7.0409],[81.08381,7.045],[81.08819,7.047],[81.08524,7.05],[81.08994,7.057],[81.08988,7.06],[81.08494,7.064],[81.081,7.06961],[81.078,7.06921],[81.07703,7.07],[81.0779,7.072],[81.075,7.07614],[81.074,7.0755],[81.07632,7.079],[81.07486,7.08],[81.0737,7.089],[81.071,7.0915],[81.06831,7.1],[81.073,7.10387],[81.07547,7.102],[81.07485,7.1],[81.07792,7.089],[81.08,7.0879],[81.082,7.0888],[81.084,7.08822],[81.08718,7.082],[81.0865,7.08],[81.08928,7.075],[81.091,7.07357],[81.09339,7.074],[81.09412,7.07],[81.09622,7.066],[81.10093,7.063],[81.1,7.06014],[81.09775,7.058],[81.098,7.057],[81.104,7.04954],[81.10866,7.049],[81.11037,7.045],[81.10754,7.043],[81.107,7.04029],[81.109,7.03844],[81.11367,7.037],[81.121,7.02519],[81.124,7.0246],[81.125,7.02205],[81.12715,7.02],[81.12714,7.018],[81.12832,7.017],[81.12871,7.011],[81.12653,7.01],[81.12706,7.007],[81.129,7.0046],[81.13333,7.004],[81.13193,7.002],[81.13185,6.999],[81.13541,6.999],[81.13894,6.995],[81.14108,6.99],[81.139,6.98745],[81.1362,6.986],[81.14029,6.985],[81.14071,6.983],[81.148,6.97878],[81.14875,6.977],[81.14622,6.974],[81.14622,6.971],[81.14975,6.969],[81.15,6.96713],[81.152,6.96524],[81.154,6.96635],[81.15539,6.965],[81.15358,6.963],[81.1529,6.961],[81.15373,6.958],[81.152,6.95544],[81.1419,6.957],[81.14841,6.951],[81.14858,6.948],[81.151,6.9414],[81.158,6.94],[81.152,6.94629],[81.15158,6.953],[81.15267,6.954],[81.154,6.95365],[81.16,6.958],[81.162,6.95586],[81.163,6.95614],[81.16671,6.96],[81.16667,6.962],[81.16765,6.963],[81.16467,6.969],[81.163,6.96959],[81.16274,6.973],[81.16116,6.975],[81.16121,6.981],[81.16259,6.983],[81.15784,6.987],[81.15628,6.99],[81.15685,6.993],[81.1515,6.997],[81.15222,7.001],[81.14828,7.005],[81.14802,7.006],[81.15102,7.009],[81.14658,7.011],[81.14685,7.014],[81.14865,7.017],[81.14732,7.021],[81.149,7.02414],[81.14867,7.025],[81.1451,7.026],[81.14579,7.029],[81.14471,7.032],[81.143,7.03297],[81.141,7.03253],[81.13829,7.039],[81.141,7.04079],[81.14196,7.044],[81.14145,7.045],[81.13803,7.046],[81.136,7.0487],[81.132,7.04836],[81.12923,7.05],[81.12991,7.054],[81.12861,7.057],[81.13,7.05987],[81.135,7.0593],[81.138,7.06274],[81.14078,7.063],[81.14,7.066],[81.143,7.066],[81.145,7.0648],[81.147,7.06546],[81.152,7.06338],[81.15328,7.065],[81.15361,7.068],[81.15661,7.068],[81.1578,7.073],[81.155,7.07388],[81.153,7.078],[81.149,7.08109],[81.146,7.0825],[81.144,7.08233],[81.13828,7.086],[81.13986,7.089],[81.14079,7.095],[81.14,7.09545],[81.136,7.09358],[81.13305,7.095],[81.13215,7.096],[81.13437,7.098],[81.134,7.09903],[81.129,7.09648],[81.124,7.09863],[81.123,7.09382],[81.12,7.09553],[81.118,7.09476],[81.114,7.10075],[81.11219,7.105],[81.112,7.112],[81.10843,7.117],[81.11134,7.118],[81.11147,7.12],[81.10997,7.123],[81.11104,7.125],[81.10885,7.126],[81.10818,7.13],[81.10498,7.132],[81.10462,7.135],[81.10665,7.135],[81.10657,7.136],[81.10455,7.139],[81.10397,7.142],[81.10192,7.144],[81.105,7.14723],[81.10894,7.147],[81.10712,7.15],[81.1047,7.151],[81.10329,7.153],[81.10532,7.155],[81.1047,7.158],[81.10541,7.159],[81.11094,7.162],[81.11,7.16385],[81.107,7.16416],[81.10148,7.17],[81.103,7.17242],[81.10742,7.174],[81.106,7.1805],[81.10011,7.181],[81.10225,7.183],[81.10274,7.185],[81.108,7.18184],[81.11337,7.181],[81.117,7.17808],[81.119,7.17384],[81.123,7.17105],[81.12948,7.163],[81.128,7.15784],[81.13,7.15749],[81.132,7.1584],[81.134,7.15667],[81.13346,7.153],[81.13463,7.151],[81.134,7.14992],[81.137,7.14852],[81.14,7.14966],[81.14116,7.148],[81.1404,7.145],[81.14126,7.143],[81.146,7.14312],[81.14643,7.142],[81.14498,7.138],[81.1465,7.136],[81.14671,7.133],[81.149,7.13217],[81.154,7.1265],[81.156,7.12664],[81.15748,7.124],[81.16,7.12243],[81.161,7.12324],[81.16462,7.12],[81.16495,7.118],[81.16342,7.114],[81.16916,7.106],[81.171,7.09844],[81.173,7.09683],[81.176,7.09904],[81.178,7.09768],[81.18,7.0986],[81.181,7.09727],[81.18221,7.098],[81.18222,7.102],[81.17708,7.109],[81.177,7.11003],[81.18,7.11094],[81.187,7.10266],[81.19,7.10107],[81.193,7.10177],[81.19457,7.101],[81.19431,7.098],[81.19594,7.096],[81.19598,7.094],[81.19836,7.092],[81.19781,7.087],[81.20039,7.084],[81.19942,7.083],[81.20016,7.077],[81.19878,7.074],[81.20078,7.072],[81.20038,7.068],[81.202,7.0658],[81.2021,7.064],[81.199,7.06243],[81.198,7.06367],[81.195,7.061],[81.19529,7.058],[81.19713,7.056],[81.19664,7.053],[81.19867,7.05],[81.19682,7.05],[81.194,7.05322],[81.18794,7.056],[81.19033,7.051],[81.19,7.04812],[81.192,7.04659],[81.194,7.04763],[81.19541,7.047],[81.19597,7.039],[81.197,7.03767],[81.19817,7.039],[81.19839,7.038],[81.198,7.03683],[81.196,7.036],[81.19733,7.035],[81.197,7.03043],[81.19633,7.029],[81.194,7.028],[81.19497,7.021],[81.19736,7.016],[81.19645,7.014],[81.19439,7.013],[81.19507,7.012],[81.19412,7.007],[81.1968,7.007],[81.1954,7.005],[81.19317,7.004],[81.1948,7.003],[81.19635,6.996],[81.198,6.99544],[81.19775,6.993],[81.20216,6.993],[81.20195,6.99],[81.201,6.9896],[81.199,6.99126],[81.19794,6.991],[81.19917,6.988],[81.20224,6.987],[81.19906,6.985],[81.19925,6.984],[81.206,6.98229],[81.2092,6.976],[81.206,6.96885],[81.20533,6.971],[81.202,6.972],[81.20033,6.974],[81.199,6.9783],[81.194,6.97445],[81.18895,6.974],[81.19041,6.971],[81.18983,6.969],[81.19234,6.968],[81.19157,6.963],[81.19351,6.962],[81.19457,6.957],[81.199,6.95388],[81.20052,6.955],[81.201,6.95723],[81.205,6.955],[81.20391,6.95],[81.20512,6.948],[81.2042,6.945],[81.205,6.944],[81.20507,6.94],[81.20354,6.937],[81.20352,6.93],[81.202,6.92771],[81.2002,6.929],[81.193,6.94537],[81.192,6.94361],[81.187,6.94311],[81.186,6.94091],[81.183,6.94162],[81.18,6.93935],[81.18176,6.935],[81.181,6.933],[81.177,6.93628],[81.174,6.936],[81.173,6.93741],[81.169,6.93862],[81.167,6.93605],[81.164,6.9361],[81.16242,6.935],[81.163,6.933],[81.165,6.93243],[81.167,6.92938],[81.169,6.92871],[81.17154,6.923],[81.17241,6.917],[81.1715,6.915],[81.17366,6.911],[81.172,6.90943],[81.17,6.91139],[81.167,6.91044],[81.163,6.91457],[81.16254,6.912],[81.16425,6.907],[81.16275,6.903],[81.16388,6.902],[81.164,6.89996],[81.173,6.89665],[81.1744,6.894],[81.17385,6.888],[81.173,6.88715],[81.17,6.88851],[81.167,6.88854],[81.16439,6.893],[81.161,6.89578],[81.158,6.89463],[81.153,6.89866],[81.148,6.89915],[81.143,6.90203],[81.14009,6.901],[81.13914,6.899],[81.142,6.8986],[81.14697,6.894],[81.14649,6.891],[81.14774,6.888],[81.14681,6.887],[81.15488,6.882],[81.14881,6.877],[81.151,6.875],[81.14984,6.874],[81.15042,6.87],[81.14625,6.867],[81.147,6.86567],[81.152,6.86535],[81.15168,6.864],[81.15316,6.862],[81.15,6.8545],[81.149,6.85738],[81.14526,6.86],[81.14432,6.861],[81.14443,6.863],[81.143,6.86369],[81.14,6.86033],[81.136,6.85813],[81.13484,6.855],[81.14338,6.853],[81.14427,6.852],[81.14286,6.848],[81.139,6.84727],[81.136,6.84526],[81.133,6.84576],[81.126,6.84488],[81.12536,6.84],[81.133,6.83849],[81.13542,6.836],[81.13364,6.831],[81.13,6.82803],[81.126,6.82819],[81.12504,6.829],[81.1266,6.831],[81.12609,6.833],[81.12119,6.834],[81.119,6.83627],[81.11656,6.836],[81.115,6.83425],[81.111,6.83295],[81.1091,6.834],[81.11,6.83636],[81.106,6.83524],[81.10523,6.838],[81.10365,6.839],[81.103,6.84096],[81.10092,6.842],[81.10139,6.848],[81.1,6.85036],[81.096,6.84773],[81.09283,6.848],[81.09266,6.844],[81.091,6.8426],[81.09033,6.845],[81.087,6.84717],[81.08406,6.851],[81.08,6.85155],[81.0785,6.853],[81.078,6.86133],[81.074,6.8587],[81.072,6.86034],[81.07106,6.864],[81.07,6.86468],[81.06929,6.864],[81.06919,6.857],[81.068,6.85622],[81.064,6.85816],[81.061,6.86173],[81.058,6.86318],[81.05573,6.867],[81.054,6.86765],[81.05259,6.867],[81.05437,6.865],[81.05538,6.86],[81.05732,6.858],[81.05819,6.852],[81.05785,6.849],[81.055,6.84696],[81.05298,6.842],[81.05315,6.84],[81.057,6.83982],[81.059,6.83877],[81.063,6.83907],[81.066,6.83786],[81.06827,6.834],[81.0693,6.828],[81.068,6.82645],[81.06281,6.825],[81.065,6.82337],[81.07462,6.821],[81.07419,6.82],[81.07564,6.818],[81.07116,6.815],[81.07,6.81285],[81.07005,6.805],[81.071,6.80311],[81.072,6.803],[81.07106,6.801],[81.069,6.7992],[81.06683,6.799],[81.06168,6.789],[81.064,6.78773],[81.066,6.78792],[81.06576,6.79],[81.068,6.79135],[81.06968,6.79],[81.07226,6.784],[81.07107,6.781],[81.068,6.77983],[81.06552,6.777],[81.06764,6.773],[81.06603,6.77],[81.06627,6.768],[81.06505,6.765],[81.06724,6.763],[81.06548,6.759],[81.06668,6.754],[81.064,6.75242],[81.0624,6.75],[81.06118,6.747],[81.0618,6.745],[81.06114,6.741],[81.06018,6.74],[81.055,6.73853],[81.053,6.73585],[81.049,6.73556],[81.04577,6.737],[81.046,6.74038],[81.043,6.73659],[81.041,6.73698],[81.039,6.73608],[81.037,6.73755],[81.035,6.73534],[81.034,6.73644],[81.033,6.74142],[81.0321,6.737],[81.031,6.73567],[81.02755,6.741],[81.028,6.74751],[81.023,6.74547],[81.02011,6.746],[81.0217,6.75],[81.021,6.75288],[81.017,6.74864],[81.012,6.74767],[81.01,6.74585],[81.00788,6.747],[81.008,6.74875],[81.007,6.74971],[81.005,6.74909],[80.99526,6.756],[80.99433,6.758],[80.99669,6.761],[80.99411,6.762],[80.99389,6.764],[80.993,6.76434],[80.98834,6.758],[80.9855,6.757],[80.98004,6.753],[80.978,6.74928],[80.976,6.7493],[80.969,6.7464],[80.96719,6.747],[80.965,6.75037],[80.964,6.74689],[80.961,6.74595],[80.955,6.7477],[80.95403,6.746],[80.951,6.74445],[80.95,6.74835],[80.944,6.74783],[80.941,6.75073],[80.933,6.75085],[80.93065,6.752],[80.93,6.75337],[80.928,6.75172],[80.922,6.75227],[80.919,6.7536],[80.914,6.75336],[80.908,6.75791],[80.906,6.75635],[80.902,6.75712],[80.9,6.75596],[80.899,6.7573],[80.896,6.75836],[80.895,6.757],[80.893,6.75879],[80.889,6.75726],[80.888,6.7554],[80.885,6.75363],[80.883,6.75336],[80.88112,6.75],[80.87858,6.75],[80.877,6.747],[80.875,6.74819],[80.873,6.74678],[80.866,6.7454],[80.86456,6.746],[80.864,6.74757],[80.861,6.74638],[80.86044,6.748],[80.863,6.74869],[80.86579,6.752],[80.86776,6.757],[80.865,6.75961],[80.863,6.7579],[80.861,6.75944],[80.858,6.75822],[80.85686,6.759],[80.85677,6.762],[80.85424,6.763],[80.854,6.765],[80.847,6.76736],[80.846,6.7645],[80.84588,6.758],[80.849,6.75433],[80.851,6.75533],[80.85256,6.754],[80.846,6.74842],[80.845,6.74659],[80.843,6.74677],[80.84,6.74869],[80.839,6.74742],[80.838,6.74781],[80.83629,6.745],[80.83906,6.744],[80.834,6.73968],[80.83249,6.741],[80.83207,6.743],[80.83,6.744],[80.82889,6.741],[80.82606,6.738],[80.822,6.73615],[80.82,6.7334],[80.818,6.73464],[80.814,6.73191],[80.80791,6.73],[80.806,6.72817],[80.80233,6.73],[80.8,6.72937],[80.797,6.73003],[80.793,6.72806],[80.792,6.7303],[80.79,6.72859],[80.785,6.72746],[80.78,6.731],[80.781,6.73607],[80.77516,6.732],[80.772,6.7314],[80.768,6.73169],[80.767,6.73312],[80.761,6.73441],[80.759,6.73333],[80.758,6.73016],[80.752,6.733],[80.75329,6.735],[80.753,6.73613],[80.751,6.73547],[80.75036,6.735],[80.751,6.73251],[80.75673,6.727],[80.75744,6.722],[80.75991,6.721],[80.76266,6.717],[80.76075,6.715],[80.752,6.71164],[80.751,6.71213],[80.745,6.7093],[80.73925,6.711],[80.736,6.71308],[80.7365,6.711],[80.735,6.71195],[80.73286,6.711],[80.73,6.71474],[80.72732,6.716],[80.727,6.71916],[80.724,6.71961],[80.721,6.7164],[80.72,6.71664],[80.712,6.71926],[80.707,6.72367],[80.703,6.72363],[80.699,6.72667],[80.698,6.72546],[80.692,6.72338],[80.687,6.72385],[80.685,6.72305],[80.681,6.72486],[80.677,6.72262],[80.67615,6.723],[80.67785,6.725],[80.67618,6.727],[80.668,6.72914],[80.66727,6.725],[80.668,6.72376],[80.67,6.72417],[80.67076,6.723],[80.67,6.72113],[80.665,6.71926],[80.662,6.71929],[80.659,6.7208],[80.657,6.72016],[80.654,6.71659],[80.645,6.71963],[80.64,6.72325],[80.636,6.72186],[80.633,6.724],[80.633,6.72611],[80.632,6.72678],[80.628,6.72753],[80.626,6.7265],[80.619,6.72974],[80.617,6.73202],[80.612,6.73379],[80.607,6.7384],[80.605,6.73663],[80.60186,6.737],[80.599,6.73575],[80.597,6.73647],[80.597,6.735],[80.60018,6.733],[80.60075,6.732],[80.6,6.73142],[80.593,6.73278],[80.588,6.73513],[80.58736,6.734],[80.589,6.732],[80.599,6.72464],[80.61892,6.716],[80.62638,6.711],[80.626,6.71025],[80.623,6.71039],[80.62246,6.709],[80.61988,6.708],[80.618,6.70568],[80.615,6.704],[80.61,6.70405],[80.608,6.7027],[80.606,6.70468],[80.602,6.70629],[80.595,6.70817],[80.591,6.70747],[80.589,6.70884],[80.588,6.71235],[80.584,6.71425],[80.58,6.71325],[80.578,6.7138],[80.57759,6.716],[80.575,6.71863],[80.574,6.7169],[80.568,6.71428],[80.557,6.71632],[80.55609,6.718],[80.55813,6.721],[80.55704,6.723],[80.54817,6.728],[80.5415,6.73],[80.54093,6.733],[80.54221,6.734],[80.542,6.7356],[80.539,6.739],[80.539,6.74261],[80.535,6.746],[80.535,6.747],[80.528,6.74878],[80.526,6.74809],[80.52,6.74864],[80.513,6.75073],[80.508,6.7544],[80.50836,6.76],[80.505,6.76017],[80.50223,6.758],[80.5,6.75767],[80.49643,6.76],[80.49533,6.762],[80.49295,6.762],[80.492,6.76537],[80.487,6.7642],[80.482,6.76656],[80.47969,6.77],[80.47692,6.771],[80.47738,6.774],[80.47403,6.784],[80.472,6.78206],[80.471,6.7824],[80.46818,6.786],[80.46542,6.798],[80.46278,6.797],[80.461,6.802],[80.457,6.79932],[80.453,6.80094],[80.45116,6.803],[80.451,6.80516],[80.449,6.805],[80.442,6.80838],[80.43657,6.814],[80.43494,6.823],[80.439,6.82554],[80.44314,6.826],[80.4439,6.83],[80.4411,6.834],[80.43337,6.838],[80.43297,6.84],[80.431,6.84129],[80.425,6.83843],[80.421,6.83906],[80.419,6.84413],[80.41489,6.848],[80.417,6.85438],[80.418,6.85441],[80.42,6.85126],[80.422,6.85283],[80.426,6.85372],[80.428,6.85627],[80.43,6.85638],[80.429,6.846],[80.43,6.8467],[80.431,6.851],[80.432,6.85093],[80.43251,6.849],[80.43164,6.845],[80.433,6.84296],[80.435,6.84375],[80.43541,6.852],[80.43751,6.856],[80.439,6.85644],[80.443,6.85585],[80.445,6.85753],[80.453,6.85072],[80.45985,6.848],[80.45772,6.852],[80.45726,6.858],[80.45137,6.864],[80.456,6.868],[80.45608,6.871],[80.45479,6.872],[80.456,6.874],[80.464,6.87618],[80.46436,6.877],[80.46153,6.882],[80.47,6.88522],[80.47315,6.888],[80.471,6.89116],[80.466,6.89233],[80.463,6.89163],[80.45795,6.893],[80.45444,6.898],[80.457,6.90246],[80.464,6.90516],[80.473,6.90367],[80.477,6.90455],[80.48,6.90698],[80.489,6.89976],[80.493,6.89847],[80.497,6.89977],[80.498,6.89733],[80.5,6.89657],[80.502,6.89417],[80.50623,6.895],[80.504,6.89539],[80.50278,6.897],[80.50273,6.899],[80.50441,6.901],[80.5037,6.903],[80.50423,6.905],[80.50191,6.911],[80.50306,6.913],[80.50238,6.915],[80.50339,6.921],[80.50027,6.924],[80.50073,6.926],[80.499,6.92997],[80.49445,6.934],[80.492,6.93791],[80.489,6.93985],[80.487,6.93777],[80.48515,6.939],[80.48487,6.942],[80.48639,6.949],[80.48363,6.95],[80.485,6.95165],[80.487,6.95049],[80.48734,6.949],[80.49648,6.94],[80.506,6.92609],[80.514,6.92131],[80.5146,6.922],[80.50913,6.929],[80.50911,6.931],[80.50748,6.934],[80.50861,6.936],[80.5067,6.945],[80.51041,6.948],[80.50995,6.959],[80.511,6.96288],[80.508,6.96293],[80.50491,6.968],[80.501,6.9706],[80.49991,6.973],[80.501,6.97342],[80.504,6.97157],[80.50641,6.973],[80.50433,6.978],[80.505,6.97829],[80.512,6.97206],[80.51282,6.973],[80.507,6.98354],[80.504,6.986],[80.50458,6.988],[80.501,6.99],[80.49956,6.993],[80.498,6.994],[80.499,6.99465],[80.501,6.9936],[80.502,6.9952],[80.50578,6.994],[80.505,7.00288],[80.506,7.00345],[80.509,7.00075],[80.511,7.0008],[80.51166,7.005],[80.51381,7.008],[80.521,7.00405],[80.525,7.00829],[80.52642,7.007],[80.5216,6.999],[80.52116,6.997],[80.522,6.99433],[80.525,6.9914],[80.52729,6.991],[80.531,6.98479],[80.537,6.98455],[80.539,6.98361],[80.54117,6.985],[80.54056,6.989],[80.54281,6.994],[80.541,6.99513],[80.54017,6.999],[80.54252,7.006],[80.54253,7.01],[80.545,7.01124],[80.54756,7.015],[80.55,7.01517],[80.55515,7.019],[80.5544,7.023],[80.54793,7.027],[80.54594,7.034],[80.54634,7.04],[80.55,7.04093],[80.552,7.04412],[80.553,7.044],[80.557,7.04111],[80.559,7.0376],[80.56785,7.031],[80.568,7.0292],[80.57,7.02893],[80.573,7.026],[80.57347,7.027],[80.57678,7.028],[80.57775,7.03],[80.57143,7.031],[80.566,7.03594],[80.56493,7.038],[80.568,7.03886],[80.56783,7.042],[80.56574,7.047],[80.57,7.05082],[80.57023,7.052],[80.56253,7.057],[80.56096,7.062],[80.562,7.06508],[80.566,7.06206],[80.568,7.063],[80.56936,7.066],[80.569,7.07127],[80.572,7.06876],[80.57809,7.067],[80.5801,7.062],[80.57817,7.059],[80.578,7.05557],[80.582,7.05685],[80.585,7.05549],[80.589,7.05731],[80.595,7.05616],[80.598,7.05415],[80.602,7.05624],[80.611,7.0518],[80.621,7.05215],[80.623,7.05105],[80.627,7.05143],[80.634,7.04979],[80.63621,7.05],[80.643,7.05474],[80.65,7.05778],[80.653,7.05777],[80.65514,7.055],[80.65446,7.049],[80.65294,7.047],[80.65392,7.043],[80.652,7.04029],[80.64743,7.037],[80.65036,7.027],[80.64608,7.026],[80.653,7.02459],[80.655,7.0229],[80.6546,7.026],[80.65286,7.029],[80.65356,7.031],[80.65275,7.034],[80.655,7.03697],[80.657,7.03781],[80.663,7.04886],[80.667,7.05205],[80.672,7.05387],[80.679,7.05283],[80.682,7.05462],[80.686,7.05345],[80.68969,7.054],[80.687,7.05867],[80.68379,7.059],[80.681,7.06316],[80.679,7.06339],[80.676,7.06561],[80.675,7.06424],[80.673,7.06397],[80.67,7.06736],[80.668,7.06697],[80.668,7.07125],[80.664,7.06853],[80.659,7.06941],[80.658,7.07075],[80.655,7.07088],[80.65422,7.073],[80.651,7.07615],[80.651,7.07283],[80.646,7.07453],[80.64407,7.07],[80.64,7.07052],[80.635,7.06544],[80.628,7.06431],[80.624,7.06609],[80.619,7.0666],[80.617,7.06875],[80.613,7.06645],[80.606,7.06708],[80.602,7.06489],[80.6,7.06724],[80.59619,7.068],[80.596,7.06917],[80.59009,7.069],[80.589,7.07406],[80.588,7.07485],[80.585,7.07345],[80.58441,7.074],[80.58468,7.078],[80.582,7.07964],[80.58087,7.082],[80.58131,7.086],[80.583,7.08754],[80.584,7.09118],[80.58509,7.092],[80.58052,7.094],[80.57858,7.101],[80.58,7.10129],[80.582,7.09973],[80.584,7.10031],[80.585,7.10938],[80.589,7.1098],[80.597,7.10804],[80.59806,7.105],[80.598,7.10008],[80.603,7.10185],[80.60409,7.105],[80.60352,7.107],[80.605,7.11021],[80.60976,7.111],[80.607,7.1148],[80.605,7.11489],[80.60182,7.119],[80.60114,7.125],[80.59762,7.129],[80.601,7.13117],[80.606,7.12875],[80.61,7.12938],[80.61109,7.13],[80.61081,7.132],[80.61287,7.133],[80.61231,7.135],[80.617,7.14031],[80.62,7.14173],[80.625,7.13891],[80.629,7.14041],[80.63038,7.142],[80.63,7.145],[80.63242,7.147],[80.627,7.1491],[80.62,7.15507],[80.615,7.15317],[80.606,7.14329],[80.604,7.14288],[80.5993,7.147],[80.59978,7.149],[80.59833,7.151],[80.596,7.15137],[80.59609,7.155],[80.597,7.15569],[80.602,7.15659],[80.604,7.15644],[80.605,7.15505],[80.609,7.15544],[80.61471,7.158],[80.615,7.16],[80.619,7.15962],[80.62,7.1611],[80.623,7.1595],[80.623,7.1614],[80.626,7.16114],[80.629,7.15915],[80.62976,7.162],[80.62417,7.165],[80.625,7.1667],[80.627,7.1665],[80.62627,7.17],[80.628,7.17217],[80.62962,7.171],[80.628,7.169],[80.629,7.169],[80.631,7.16635],[80.634,7.16855],[80.635,7.16712],[80.638,7.16788],[80.639,7.16695],[80.63975,7.164],[80.63683,7.163],[80.639,7.159],[80.63992,7.161],[80.642,7.16174],[80.645,7.16137],[80.648,7.15959],[80.654,7.15872],[80.66,7.15038],[80.662,7.14947],[80.664,7.14988],[80.664,7.14627],[80.669,7.148],[80.66986,7.151],[80.66813,7.153],[80.66857,7.155],[80.668,7.15584],[80.665,7.15441],[80.66308,7.156],[80.66143,7.163],[80.665,7.16511],[80.667,7.16933],[80.666,7.17028],[80.663,7.17005],[80.662,7.1689],[80.65889,7.17],[80.658,7.174],[80.65579,7.175],[80.65882,7.179],[80.656,7.18152],[80.65417,7.185],[80.655,7.18571],[80.658,7.18496],[80.6588,7.188],[80.663,7.18793],[80.665,7.18881],[80.665,7.193],[80.66815,7.196],[80.66607,7.201],[80.665,7.20191],[80.66405,7.201],[80.66556,7.199],[80.665,7.19689],[80.659,7.19605],[80.657,7.19223],[80.656,7.19187],[80.654,7.19302],[80.651,7.19075],[80.647,7.1934],[80.645,7.19971],[80.642,7.19686],[80.63807,7.198],[80.6377,7.206],[80.637,7.20692],[80.635,7.20602],[80.633,7.20813],[80.63,7.20871],[80.62869,7.213],[80.62721,7.214],[80.62992,7.22],[80.62243,7.227],[80.621,7.231],[80.617,7.231],[80.616,7.22848],[80.61544,7.229],[80.61073,7.239],[80.61275,7.243],[80.612,7.245],[80.613,7.24585],[80.614,7.24526],[80.61514,7.247],[80.619,7.24725],[80.62088,7.249],[80.62133,7.251],[80.62008,7.253],[80.62229,7.258],[80.62126,7.26],[80.62487,7.264],[80.62992,7.266],[80.631,7.26792],[80.63291,7.268],[80.635,7.26945],[80.6383,7.269],[80.64,7.27129],[80.644,7.2697],[80.645,7.2739],[80.646,7.274]]},"properties":{"ele":800,"index":0}},{"type":"Feature","geometry":{"type":"LineString","coordinates":[[80.89314,7.256],[80.894,7.25628],[80.89431,7.255],[80.893,7.25304],[80.892,7.25297],[80.8911,7.254],[80.89314,7.256]]},"properties":{"ele":800,"index":0}},{"type":"Feature","geometry":{"type":"LineString","coordinates":[[80.65784,7.206],[80.659,7.20658],[80.664,7.20429],[80.669,7.20546],[80.672,7.20292],[80.673,7.2],[80.674,7.19924],[80.676,7.2],[80.67644,7.196],[80.672,7.19733],[80.67064,7.201],[80.667,7.20335],[80.665,7.20377],[80.664,7.20103],[80.66,7.2016],[80.65784,7.206]]},"properties":{"ele":800,"index":0}},{"type":"Feature","geometry":{"type":"LineString","coordinates":[[80.92854,7.178],[80.93,7.17832],[80.93093,7.176],[80.932,7.17618],[80.93496,7.171],[80.93398,7.167],[80.93547,7.164],[80.93406,7.161],[80.94,7.157],[80.938,7.15464],[80.935,7.15472],[80.93102,7.152],[80.93151,7.15],[80.92988,7.148],[80.93245,7.146],[80.93072,7.143],[80.934,7.13944],[80.935,7.13517],[80.93614,7.135],[80.934,7.13407],[80.93157,7.128],[80.928,7.12392],[80.9232,7.128],[80.9229,7.13],[80.9193,7.136],[80.91836,7.139],[80.92089,7.141],[80.918,7.14153],[80.91656,7.143],[80.91686,7.148],[80.92064,7.15],[80.91945,7.152],[80.91973,7.154],[80.917,7.15604],[80.91492,7.16],[80.92137,7.164],[80.923,7.1688],[80.92433,7.17],[80.9249,7.175],[80.92854,7.178]]},"properties":{"ele":800,"index":0}},{"type":"Feature","geometry":{"type":"LineString","coordinates":[[80.54216,7.176],[80.54355,7.176],[80.5476,7.173],[80.54661,7.171],[80.545,7.17053],[80.54193,7.173],[80.54216,7.176]]},"properties":{"ele":800,"index":0}},{"type":"Feature","geometry":{"type":"LineString","coordinates":[[80.54754,7.166],[80.549,7.16665],[80.54971,7.166],[80.55075,7.157],[80.544,7.15154],[80.542,7.15096],[80.54,7.15162],[80.54082,7.157],[80.54346,7.162],[80.54754,7.166]]},"properties":{"ele":800,"index":0}},{"type":"Feature","geometry":{"type":"LineString","coordinates":[[80.42676,7.158],[80.428,7.158],[80.434,7.15196],[80.435,7.152],[80.436,7.15409],[80.4376,7.153],[80.43836,7.151],[80.43763,7.148],[80.44049,7.142],[80.436,7.13767],[80.433,7.13764],[80.428,7.14079],[80.42463,7.14],[80.42652,7.146],[80.42676,7.158]]},"properties":{"ele":800,"index":0}},{"type":"Feature","geometry":{"type":"LineString","coordinates":[[80.53345,7.144],[80.534,7.14467],[80.53424,7.144],[80.534,7.1417],[80.53269,7.142],[80.53345,7.144]]},"properties":{"ele":800,"index":0}},{"type":"Feature","geometry":{"type":"LineString","coordinates":[[80.5512,7.143],[80.552,7.14374],[80.55535,7.141],[80.55188,7.13],[80.55314,7.124],[80.55245,7.12],[80.55508,7.115],[80.55194,7.106],[80.551,7.10472],[80.549,7.10425],[80.55,7.10762],[80.547,7.10648],[80.546,7.107],[80.54962,7.114],[80.549,7.11446],[80.54657,7.112],[80.54547,7.112],[80.54792,7.114],[80.54719,7.115],[80.55004,7.119],[80.547,7.11906],[80.54531,7.122],[80.54921,7.123],[80.54975,7.126],[80.54824,7.131],[80.54964,7.133],[80.547,7.13429],[80.546,7.13238],[80.544,7.13358],[80.541,7.13273],[80.54052,7.136],[80.541,7.13836],[80.544,7.13975],[80.547,7.13703],[80.5512,7.143]]},"properties":{"ele":800,"index":0}},{"type":"Feature","geometry":{"type":"LineString","coordinates":[[80.53562,7.138],[80.53806,7.135],[80.53619,7.129],[80.5346,7.128],[80.534,7.13091],[80.53312,7.129],[80.531,7.1285],[80.532,7.13218],[80.534,7.13213],[80.53459,7.133],[80.53486,7.134],[80.5335,7.135],[80.53562,7.138]]},"properties":{"ele":800,"index":0}},{"type":"Feature","geometry":{"type":"LineString","coordinates":[[80.51037,7.137],[80.51145,7.137],[80.51305,7.134],[80.512,7.13254],[80.51,7.13193],[80.50958,7.135],[80.51037,7.137]]},"properties":{"ele":800,"index":0}},{"type":"Feature","geometry":{"type":"LineString","coordinates":[[80.49679,7.135],[80.49907,7.135],[80.49755,7.134],[80.5,7.12869],[80.495,7.1275],[80.487,7.12714],[80.486,7.12786],[80.493,7.13346],[80.49679,7.135]]},"properties":{"ele":800,"index":0}},{"type":"Feature","geometry":{"type":"LineString","coordinates":[[80.4359,7.13],[80.443,7.12532],[80.447,7.12524],[80.45,7.12209],[80.45209,7.125],[80.45231,7.128],[80.455,7.12813],[80.458,7.12968],[80.46,7.12919],[80.45956,7.125],[80.456,7.12278],[80.4547,7.12],[80.458,7.1185],[80.462,7.12164],[80.46219,7.119],[80.466,7.11855],[80.4679,7.117],[80.46785,7.116],[80.472,7.11532],[80.47276,7.117],[80.47125,7.118],[80.471,7.12],[80.474,7.1196],[80.4751,7.118],[80.48023,7.116],[80.4823,7.113],[80.48948,7.109],[80.4895,7.108],[80.486,7.10648],[80.47933,7.107],[80.48274,7.106],[80.48335,7.104],[80.482,7.10306],[80.476,7.10074],[80.466,7.10112],[80.464,7.1],[80.464,7.09843],[80.468,7.09735],[80.47,7.09867],[80.472,7.09797],[80.473,7.09876],[80.477,7.09759],[80.478,7.09771],[80.479,7.09969],[80.489,7.10112],[80.485,7.09663],[80.48179,7.095],[80.48113,7.094],[80.482,7.09359],[80.49,7.09916],[80.495,7.09977],[80.496,7.10076],[80.49721,7.1],[80.49537,7.099],[80.495,7.09681],[80.498,7.09665],[80.5017,7.094],[80.499,7.09079],[80.508,7.09159],[80.51,7.09067],[80.51125,7.091],[80.511,7.09333],[80.513,7.09319],[80.515,7.0944],[80.518,7.09354],[80.52,7.09427],[80.52091,7.094],[80.519,7.09057],[80.5156,7.09],[80.517,7.08877],[80.5215,7.09],[80.52333,7.095],[80.5254,7.097],[80.52361,7.098],[80.52362,7.103],[80.52482,7.107],[80.52326,7.11],[80.52375,7.113],[80.52097,7.114],[80.52188,7.115],[80.5215,7.118],[80.524,7.12017],[80.525,7.1175],[80.526,7.11817],[80.5279,7.122],[80.53,7.124],[80.5314,7.12],[80.52876,7.115],[80.52859,7.111],[80.53003,7.11],[80.53143,7.103],[80.52797,7.098],[80.52859,7.094],[80.53033,7.092],[80.52881,7.088],[80.52949,7.086],[80.52843,7.083],[80.52918,7.082],[80.52659,7.077],[80.52727,7.074],[80.524,7.07369],[80.521,7.066],[80.52586,7.064],[80.52371,7.063],[80.521,7.05858],[80.519,7.06033],[80.518,7.05989],[80.51494,7.056],[80.516,7.05485],[80.51255,7.055],[80.51283,7.057],[80.512,7.058],[80.51,7.05581],[80.50414,7.053],[80.50342,7.051],[80.50037,7.05],[80.499,7.0469],[80.493,7.0495],[80.49248,7.049],[80.49195,7.045],[80.48817,7.043],[80.491,7.03979],[80.4977,7.039],[80.49785,7.038],[80.49499,7.036],[80.49,7.02914],[80.48992,7.025],[80.489,7.02429],[80.48183,7.03],[80.483,7.03547],[80.486,7.037],[80.48672,7.039],[80.486,7.03968],[80.485,7.03867],[80.484,7.03924],[80.483,7.04204],[80.481,7.04138],[80.479,7.04212],[80.47634,7.04],[80.476,7.03726],[80.472,7.04083],[80.472,7.03854],[80.47485,7.033],[80.47336,7.016],[80.473,7.01488],[80.471,7.01459],[80.468,7.01207],[80.464,7.00327],[80.46,7.00322],[80.45967,7.006],[80.458,7.00867],[80.456,7.00722],[80.45524,7.008],[80.45558,7.017],[80.45238,7.02],[80.45293,7.024],[80.451,7.02742],[80.447,7.02829],[80.445,7.02977],[80.44652,7.035],[80.444,7.03724],[80.44195,7.037],[80.43943,7.04],[80.43936,7.046],[80.4375,7.048],[80.43894,7.049],[80.43781,7.051],[80.44,7.05361],[80.44281,7.052],[80.443,7.05067],[80.45413,7.054],[80.45044,7.055],[80.4534,7.057],[80.44957,7.061],[80.44961,7.063],[80.44489,7.065],[80.44485,7.067],[80.442,7.0729],[80.452,7.07761],[80.4595,7.079],[80.46071,7.08],[80.448,7.07907],[80.439,7.08026],[80.432,7.08362],[80.43,7.08247],[80.429,7.083],[80.429,7.085],[80.424,7.08684],[80.422,7.08645],[80.421,7.08298],[80.419,7.08182],[80.408,7.08076],[80.40672,7.082],[80.418,7.09282],[80.42,7.09289],[80.422,7.09456],[80.426,7.09393],[80.43,7.09752],[80.43292,7.098],[80.428,7.1006],[80.422,7.09996],[80.419,7.10125],[80.415,7.10045],[80.411,7.10183],[80.40873,7.104],[80.40625,7.11],[80.40975,7.113],[80.41671,7.113],[80.413,7.115],[80.41,7.11465],[80.409,7.1166],[80.413,7.12073],[80.418,7.11825],[80.42218,7.118],[80.425,7.12337],[80.42651,7.123],[80.428,7.1207],[80.43,7.12039],[80.431,7.12278],[80.43324,7.123],[80.43607,7.127],[80.4359,7.13]]},"properties":{"ele":800,"index":0}},{"type":"Feature","geometry":{"type":"LineString","coordinates":[[80.48879,7.123],[80.49,7.124],[80.504,7.12202],[80.507,7.11904],[80.50718,7.117],[80.503,7.11486],[80.498,7.11433],[80.49638,7.116],[80.489,7.11922],[80.48792,7.121],[80.48879,7.123]]},"properties":{"ele":800,"index":0}},{"type":"Feature","geometry":{"type":"LineString","coordinates":[[80.39748,7.12],[80.399,7.12055],[80.4,7.11967],[80.40073,7.117],[80.39793,7.118],[80.39695,7.119],[80.39748,7.12]]},"properties":{"ele":800,"index":0}},{"type":"Feature","geometry":{"type":"LineString","coordinates":[[80.50951,7.114],[80.511,7.11495],[80.512,7.11446],[80.51315,7.113],[80.51327,7.11],[80.51532,7.109],[80.516,7.10669],[80.514,7.10733],[80.513,7.10963],[80.511,7.111],[80.50767,7.112],[80.50951,7.114]]},"properties":{"ele":800,"index":0}},{"type":"Feature","geometry":{"type":"LineString","coordinates":[[80.50287,7.109],[80.507,7.1069],[80.50752,7.104],[80.51246,7.1],[80.5135,7.098],[80.513,7.097],[80.51,7.0981],[80.50588,7.103],[80.50174,7.106],[80.501,7.10706],[80.50311,7.108],[80.50287,7.109]]},"properties":{"ele":800,"index":0}},{"type":"Feature","geometry":{"type":"LineString","coordinates":[[81.0317,7.107],[81.032,7.10785],[81.033,7.10721],[81.033,7.103],[81.03621,7.099],[81.035,7.09529],[81.03379,7.096],[81.03111,7.101],[81.0317,7.107]]},"properties":{"ele":800,"index":0}},{"type":"Feature","geometry":{"type":"LineString","coordinates":[[80.54349,7.096],[80.55178,7.095],[80.55149,7.09],[80.55008,7.088],[80.541,7.08631],[80.54089,7.089],[80.5426,7.091],[80.54204,7.093],[80.54349,7.096]]},"properties":{"ele":800,"index":0}},{"type":"Feature","geometry":{"type":"LineString","coordinates":[[80.37187,7.086],[80.375,7.08555],[80.377,7.08089],[80.375,7.07853],[80.368,7.07578],[80.367,7.07618],[80.3667,7.078],[80.37309,7.082],[80.37187,7.086]]},"properties":{"ele":800,"index":0}},{"type":"Feature","geometry":{"type":"LineString","coordinates":[[81.21459,7.071],[81.216,7.07191],[81.21849,7.071],[81.21855,7.067],[81.22,7.06523],[81.223,7.06472],[81.22502,7.061],[81.22268,7.057],[81.21897,7.042],[81.2196,7.035],[81.21591,7.019],[81.21672,7.011],[81.21564,7.002],[81.21746,6.998],[81.21802,6.993],[81.217,6.98846],[81.215,6.98675],[81.21271,6.988],[81.21217,6.997],[81.21056,7.002],[81.209,7.00288],[81.209,7.005],[81.20788,7.006],[81.2085,7.009],[81.2103,7.01],[81.21131,7.013],[81.21,7.01831],[81.20886,7.018],[81.20808,7.026],[81.21222,7.034],[81.212,7.03483],[81.20997,7.035],[81.21096,7.038],[81.21041,7.041],[81.21218,7.043],[81.21033,7.047],[81.21211,7.051],[81.20958,7.052],[81.208,7.058],[81.209,7.06086],[81.21353,7.064],[81.21118,7.066],[81.21459,7.071]]},"properties":{"ele":800,"index":0}},{"type":"Feature","geometry":{"type":"LineString","coordinates":[[80.41524,7.066],[80.417,7.06698],[80.419,7.06559],[80.422,7.06683],[80.423,7.06633],[80.421,7.064],[80.42212,7.062],[80.421,7.06084],[80.417,7.06053],[80.4167,7.059],[80.42,7.05575],[80.42311,7.055],[80.426,7.05242],[80.429,7.05294],[80.42961,7.052],[80.42511,7.042],[80.42551,7.041],[80.423,7.03788],[80.414,7.03642],[80.41,7.03779],[80.408,7.0399],[80.403,7.03727],[80.393,7.0386],[80.387,7.04137],[80.385,7.03998],[80.383,7.04051],[80.38,7.03922],[80.378,7.03356],[80.376,7.0346],[80.37492,7.041],[80.37735,7.045],[80.374,7.04696],[80.373,7.04657],[80.3724,7.048],[80.3752,7.053],[80.38,7.05617],[80.387,7.05855],[80.395,7.05881],[80.399,7.0563],[80.405,7.05482],[80.40719,7.061],[80.41524,7.066]]},"properties":{"ele":800,"index":0}},{"type":"Feature","geometry":{"type":"LineString","coordinates":[[80.65425,7.06],[80.655,7.06063],[80.6558,7.06],[80.65582,7.058],[80.6544,7.058],[80.65425,7.06]]},"properties":{"ele":800,"index":0}},{"type":"Feature","geometry":{"type":"LineString","coordinates":[[81.24077,7.052],[81.24226,7.051],[81.24352,7.048],[81.243,7.04286],[81.242,7.04274],[81.2415,7.044],[81.24024,7.051],[81.24077,7.052]]},"properties":{"ele":800,"index":0}},{"type":"Feature","geometry":{"type":"LineString","coordinates":[[80.46569,7.049],[80.46776,7.049],[80.472,7.0415],[80.471,7.04106],[80.47,7.04224],[80.46569,7.049]]},"properties":{"ele":800,"index":0}},{"type":"Feature","geometry":{"type":"LineString","coordinates":[[80.64459,7.025],[80.646,7.02588],[80.64624,7.025],[80.64505,7.024],[80.64332,7.024],[80.64459,7.025]]},"properties":{"ele":800,"index":0}},{"type":"Feature","geometry":{"type":"LineString","coordinates":[[81.057,7.018],[81.059,7.01842],[81.06178,7.014],[81.061,7.00808],[81.05745,7.013],[81.057,7.018]]},"properties":{"ele":800,"index":0}},{"type":"Feature","geometry":{"type":"LineString","coordinates":[[80.9794,6.992],[80.98119,6.992],[80.98086,6.986],[80.98,6.98474],[80.9762,6.985],[80.97744,6.988],[80.97954,6.989],[80.97981,6.99],[80.97787,6.991],[80.9794,6.992]]},"properties":{"ele":800,"index":0}},{"type":"Feature","geometry":{"type":"LineString","coordinates":[[80.37888,6.979],[80.37772,6.973],[80.37309,6.964],[80.371,6.96473],[80.369,6.96252],[80.367,6.96269],[80.36496,6.966],[80.36823,6.97],[80.36759,6.973],[80.369,6.9732],[80.37,6.97044],[80.371,6.97052],[80.37468,6.976],[80.37888,6.979]]},"properties":{"ele":800,"index":0}},{"type":"Feature","geometry":{"type":"LineString","coordinates":[[80.45413,6.942],[80.455,6.94255],[80.457,6.9402],[80.458,6.93639],[80.4535,6.941],[80.45413,6.942]]},"properties":{"ele":800,"index":0}},{"type":"Feature","geometry":{"type":"LineString","coordinates":[[80.45947,6.933],[80.462,6.93146],[80.46264,6.928],[80.46822,6.919],[80.466,6.91723],[80.463,6.91695],[80.46,6.91859],[80.459,6.91667],[80.4573,6.918],[80.458,6.9194],[80.46,6.9195],[80.46152,6.922],[80.458,6.92769],[80.457,6.92788],[80.455,6.92471],[80.45275,6.93],[80.455,6.93031],[80.457,6.92939],[80.45947,6.933]]},"properties":{"ele":800,"index":0}},{"type":"Feature","geometry":{"type":"LineString","coordinates":[[80.45838,6.915],[80.45923,6.915],[80.45907,6.913],[80.457,6.912],[80.45638,6.913],[80.45838,6.915]]},"properties":{"ele":800,"index":0}},{"type":"Feature","geometry":{"type":"LineString","coordinates":[[81.15308,6.855],[81.15458,6.855],[81.15452,6.853],[81.151,6.85133],[81.1501,6.853],[81.15308,6.855]]},"properties":{"ele":800,"index":0}},{"type":"Feature","geometry":{"type":"LineString","coordinates":[[80.40664,6.807],[80.409,6.80757],[80.41051,6.806],[80.41188,6.803],[80.4116,6.798],[80.409,6.79653],[80.406,6.7974],[80.403,6.79584],[80.40093,6.799],[80.40241,6.802],[80.40471,6.803],[80.40664,6.807]]},"properties":{"ele":800,"index":0}},{"type":"Feature","geometry":{"type":"LineString","coordinates":[[80.53392,6.738],[80.536,6.73874],[80.53711,6.738],[80.53698,6.737],[80.536,6.7357],[80.534,6.73555],[80.5333,6.736],[80.53392,6.738]]},"properties":{"ele":800,"index":0}},{"type":"Feature","geometry":{"type":"LineString","coordinates":[[80.6057,6.7],[80.612,6.69863],[80.61931,6.695],[80.61915,6.694],[80.621,6.69218],[80.62367,6.691],[80.6223,6.688],[80.62763,6.684],[80.62906,6.681],[80.631,6.68],[80.632,6.67983],[80.63255,6.681],[80.63176,6.684],[80.63457,6.685],[80.644,6.68113],[80.648,6.681],[80.65,6.68248],[80.64978,6.68],[80.651,6.679],[80.651,6.67742],[80.65223,6.677],[80.647,6.67663],[80.64627,6.676],[80.64745,6.675],[80.653,6.67143],[80.657,6.67118],[80.659,6.66918],[80.662,6.67065],[80.66557,6.67],[80.66496,6.667],[80.66927,6.666],[80.66777,6.664],[80.664,6.66183],[80.65448,6.659],[80.65788,6.657],[80.666,6.65475],[80.671,6.65057],[80.675,6.6511],[80.67685,6.65],[80.67709,6.646],[80.675,6.64249],[80.668,6.64008],[80.651,6.64019],[80.647,6.63886],[80.645,6.63916],[80.64,6.63726],[80.63772,6.634],[80.635,6.63329],[80.63346,6.634],[80.63404,6.637],[80.633,6.63773],[80.627,6.63517],[80.62738,6.64],[80.621,6.64378],[80.615,6.64214],[80.612,6.64493],[80.60775,6.645],[80.608,6.64804],[80.606,6.64866],[80.598,6.64788],[80.592,6.65161],[80.591,6.65435],[80.585,6.65845],[80.579,6.6606],[80.578,6.65467],[80.576,6.65521],[80.575,6.65413],[80.56653,6.66],[80.5685,6.661],[80.57,6.66552],[80.57557,6.666],[80.577,6.66833],[80.579,6.66718],[80.58,6.66853],[80.584,6.66981],[80.601,6.66731],[80.611,6.66788],[80.609,6.67132],[80.60278,6.675],[80.603,6.6766],[80.60675,6.679],[80.60638,6.683],[80.60255,6.685],[80.6014,6.687],[80.59638,6.691],[80.598,6.69423],[80.602,6.69392],[80.60785,6.696],[80.608,6.69708],[80.60461,6.699],[80.6057,6.7]]},"properties":{"ele":800,"index":0}},{"type":"Feature","geometry":{"type":"LineString","coordinates":[[80.54297,6.668],[80.544,6.6688],[80.546,6.66848],[80.552,6.66182],[80.543,6.66468],[80.54297,6.668]]},"properties":{"ele":800,"index":0}},{"type":"Feature","geometry":{"type":"LineString","coordinates":[[80.47198,6.641],[80.474,6.63994],[80.47527,6.637],[80.47748,6.635],[80.477,6.63459],[80.47198,6.641]]},"properties":{"ele":800,"index":0}},{"type":"Feature","geometry":{"type":"LineString","coordinates":[[80.33385,6.632],[80.335,6.63247],[80.33777,6.631],[80.33779,6.63],[80.33615,6.63],[80.33385,6.632]]},"properties":{"ele":800,"index":0}},{"type":"Feature","geometry":{"type":"LineString","coordinates":[[80.50975,6.618],[80.516,6.61583],[80.52,6.61084],[80.512,6.60984],[80.50619,6.613],[80.507,6.61361],[80.509,6.61265],[80.51073,6.613],[80.50975,6.618]]},"properties":{"ele":800,"index":0}},{"type":"Feature","geometry":{"type":"LineString","coordinates":[[80.68692,6.616],[80.694,6.61631],[80.698,6.61483],[80.70025,6.612],[80.69784,6.609],[80.69825,6.608],[80.704,6.60907],[80.70473,6.607],[80.701,6.60297],[80.698,6.60158],[80.695,6.60164],[80.693,6.60492],[80.691,6.60381],[80.69,6.60486],[80.688,6.60486],[80.68885,6.607],[80.687,6.61091],[80.68068,6.615],[80.68692,6.616]]},"properties":{"ele":800,"index":0}},{"type":"Feature","geometry":{"type":"LineString","coordinates":[[80.35778,6.605],[80.36024,6.605],[80.36389,6.602],[80.36441,6.601],[80.363,6.59771],[80.362,6.59727],[80.35985,6.599],[80.35778,6.605]]},"properties":{"ele":800,"index":0}},{"type":"Feature","geometry":{"type":"LineString","coordinates":[[80.5645,6.45],[80.56806,6.451],[80.56755,6.452],[80.5688,6.455],[80.564,6.46241],[80.555,6.46578],[80.553,6.4652],[80.551,6.46598],[80.54688,6.468],[80.543,6.47192],[80.537,6.473],[80.534,6.47498],[80.53,6.476],[80.526,6.47941],[80.518,6.48306],[80.512,6.48436],[80.509,6.48407],[80.507,6.48561],[80.505,6.48443],[80.495,6.48613],[80.487,6.48603],[80.477,6.49212],[80.473,6.49603],[80.47,6.49696],[80.467,6.49548],[80.46333,6.499],[80.464,6.5],[80.466,6.50014],[80.47,6.49835],[80.472,6.49961],[80.481,6.50158],[80.48668,6.498],[80.488,6.49603],[80.493,6.49564],[80.497,6.49376],[80.50095,6.496],[80.501,6.49865],[80.503,6.49883],[80.523,6.49222],[80.533,6.49104],[80.53572,6.489],[80.53675,6.486],[80.538,6.48525],[80.54,6.48575],[80.542,6.48468],[80.547,6.48548],[80.554,6.48402],[80.553,6.48194],[80.558,6.4781],[80.5652,6.477],[80.568,6.47463],[80.571,6.4737],[80.587,6.47357],[80.58866,6.472],[80.58948,6.468],[80.59248,6.465],[80.58917,6.462],[80.58683,6.458],[80.59,6.45695],[80.5985,6.457],[80.605,6.45868],[80.612,6.458],[80.624,6.46218],[80.626,6.46011],[80.63,6.4595],[80.634,6.46233],[80.64,6.46343],[80.646,6.46038],[80.649,6.46062],[80.65322,6.457],[80.658,6.45725],[80.674,6.45442],[80.6849,6.45]]},"properties":{"ele":800,"index":0}},{"type":"Feature","geometry":{"type":"LineString","coordinates":[[80.43585,6.484],[80.438,6.48424],[80.442,6.48256],[80.44153,6.48],[80.438,6.48243],[80.436,6.48273],[80.43585,6.484]]},"properties":{"ele":800,"index":0}},{"type":"Feature","geometry":{"type":"LineString","coordinates":[[80.44253,6.479],[80.444,6.47977],[80.44682,6.479],[80.44824,6.478],[80.44882,6.476],[80.446,6.47385],[80.44253,6.479]]},"properties":{"ele":800,"index":0}},{"type":"Feature","geometry":{"type":"LineString","coordinates":[[80.648,6.45],[80.654,6.45155],[80.658,6.45041],[80.663,6.45143],[80.668,6.45106],[80.669,6.45]]},"properties":{"ele":800,"index":0}},{"type":"Feature","geometry":{"type":"LineString","coordinates":[[80.57752,7.613],[80.57837,7.613],[80.5787,7.61],[80.5804,7.608],[80.579,7.60239],[80.577,7.60161],[80.57516,7.603],[80.57524,7.606],[80.57088,7.609],[80.57752,7.613]]},"properties":{"ele":1000,"index":1}},{"type":"Feature","geometry":{"type":"LineString","coordinates":[[80.712,7.608],[80.713,7.60884],[80.71428,7.608],[80.71455,7.605],[80.719,7.60295],[80.722,7.60498],[80.73007,7.602],[80.72978,7.6],[80.727,7.59806],[80.724,7.59786],[80.72,7.59264],[80.71836,7.586],[80.71674,7.584],[80.71768,7.582],[80.71702,7.58],[80.71363,7.575],[80.71505,7.57],[80.71257,7.568],[80.7115,7.562],[80.71398,7.553],[80.717,7.5485],[80.718,7.54843],[80.72186,7.552],[80.723,7.55578],[80.726,7.55434],[80.729,7.55966],[80.73088,7.558],[80.731,7.55566],[80.735,7.55521],[80.73571,7.554],[80.73608,7.552],[80.73388,7.546],[80.73465,7.544],[80.739,7.54244],[80.74171,7.543],[80.74181,7.54],[80.73976,7.535],[80.74208,7.533],[80.74261,7.527],[80.74481,7.526],[80.74388,7.523],[80.74437,7.521],[80.74692,7.519],[80.74592,7.514],[80.743,7.511],[80.74732,7.507],[80.7463,7.503],[80.74733,7.502],[80.74436,7.5],[80.74571,7.497],[80.74446,7.495],[80.74581,7.493],[80.74431,7.49],[80.744,7.48369],[80.748,7.48879],[80.75055,7.49],[80.75296,7.493],[80.7572,7.495],[80.76,7.5015],[80.762,7.50267],[80.76346,7.502],[80.76054,7.497],[80.758,7.4891],[80.76,7.48808],[80.76011,7.487],[80.75763,7.483],[80.758,7.48224],[80.762,7.48275],[80.76729,7.482],[80.76158,7.477],[80.76112,7.476],[80.76251,7.474],[80.76259,7.472],[80.75781,7.466],[80.75789,7.464],[80.76,7.46385],[80.7603,7.463],[80.75978,7.457],[80.76712,7.457],[80.76742,7.459],[80.77,7.46105],[80.77208,7.461],[80.774,7.46556],[80.775,7.46586],[80.77686,7.465],[80.778,7.4618],[80.782,7.46095],[80.78427,7.459],[80.78227,7.454],[80.77858,7.45],[80.786,7.45038],[80.789,7.44772],[80.792,7.45092],[80.79097,7.453],[80.79212,7.456],[80.795,7.45934],[80.8,7.45704],[80.80283,7.457],[80.80087,7.461],[80.80165,7.462],[80.80045,7.47],[80.79822,7.476],[80.805,7.47823],[80.80619,7.482],[80.80348,7.487],[80.80427,7.488],[80.8063,7.488],[80.808,7.48076],[80.812,7.48222],[80.814,7.48143],[80.817,7.48207],[80.821,7.48161],[80.82513,7.479],[80.824,7.47327],[80.82291,7.472],[80.82548,7.47],[80.826,7.46288],[80.83134,7.462],[80.828,7.45179],[80.82615,7.455],[80.824,7.45577],[80.82178,7.454],[80.82,7.45087],[80.818,7.45093],[80.81406,7.449],[80.82052,7.443],[80.82036,7.442],[80.818,7.43958],[80.815,7.43293],[80.807,7.4336],[80.80566,7.433],[80.808,7.42778],[80.8131,7.427],[80.81218,7.424],[80.814,7.42244],[80.818,7.42424],[80.819,7.42316],[80.82143,7.423],[80.82029,7.418],[80.81764,7.415],[80.81801,7.413],[80.81715,7.412],[80.826,7.41136],[80.828,7.41307],[80.83236,7.407],[80.8319,7.403],[80.83271,7.399],[80.83204,7.397],[80.828,7.3952],[80.825,7.3953],[80.82504,7.393],[80.823,7.39079],[80.827,7.39049],[80.83,7.38904],[80.832,7.38574],[80.834,7.38535],[80.835,7.38345],[80.837,7.38316],[80.837,7.37687],[80.8395,7.378],[80.84351,7.382],[80.84438,7.386],[80.84657,7.387],[80.84716,7.391],[80.84889,7.393],[80.852,7.39504],[80.856,7.39336],[80.86,7.39649],[80.86069,7.398],[80.85851,7.403],[80.86,7.40472],[80.861,7.40517],[80.86394,7.402],[80.87,7.4009],[80.872,7.39837],[80.873,7.399],[80.875,7.39794],[80.876,7.39839],[80.8789,7.402],[80.87975,7.406],[80.8827,7.411],[80.882,7.41217],[80.87834,7.412],[80.87967,7.414],[80.87989,7.417],[80.87568,7.419],[80.87508,7.422],[80.88046,7.424],[80.883,7.43165],[80.885,7.4307],[80.887,7.43148],[80.88878,7.43],[80.88665,7.427],[80.88732,7.421],[80.889,7.42061],[80.893,7.4147],[80.896,7.413],[80.89788,7.413],[80.8995,7.414],[80.901,7.41802],[80.90211,7.416],[80.90056,7.412],[80.90194,7.41],[80.904,7.40845],[80.907,7.41133],[80.90816,7.411],[80.9083,7.407],[80.90645,7.403],[80.90871,7.399],[80.908,7.39835],[80.904,7.40117],[80.896,7.40456],[80.892,7.40447],[80.888,7.40167],[80.885,7.39677],[80.882,7.39746],[80.88,7.39641],[80.87842,7.386],[80.87696,7.385],[80.876,7.38031],[80.874,7.37965],[80.871,7.37639],[80.867,7.37555],[80.863,7.37695],[80.86133,7.375],[80.86594,7.369],[80.86358,7.365],[80.86253,7.365],[80.861,7.36708],[80.858,7.36759],[80.856,7.36679],[80.854,7.36859],[80.849,7.36831],[80.848,7.37017],[80.846,7.37056],[80.844,7.3691],[80.845,7.36581],[80.84764,7.363],[80.848,7.36011],[80.84952,7.359],[80.84284,7.354],[80.84306,7.352],[80.84576,7.348],[80.848,7.3476],[80.851,7.34365],[80.856,7.34635],[80.859,7.3463],[80.863,7.33883],[80.866,7.33796],[80.868,7.33942],[80.869,7.33844],[80.86564,7.326],[80.867,7.32394],[80.871,7.32337],[80.8728,7.322],[80.86885,7.318],[80.869,7.3151],[80.867,7.3148],[80.8664,7.311],[80.86785,7.306],[80.864,7.29962],[80.861,7.30326],[80.859,7.30346],[80.857,7.30153],[80.852,7.30117],[80.85,7.29938],[80.849,7.3005],[80.847,7.29927],[80.8459,7.3],[80.84606,7.301],[80.84,7.30483],[80.836,7.30316],[80.83208,7.303],[80.829,7.30121],[80.82705,7.302],[80.82756,7.304],[80.82585,7.305],[80.82439,7.309],[80.825,7.31381],[80.82882,7.316],[80.828,7.31825],[80.826,7.31729],[80.82465,7.318],[80.82509,7.325],[80.82697,7.328],[80.826,7.33069],[80.82467,7.329],[80.82,7.32694],[80.81838,7.323],[80.81588,7.322],[80.81587,7.325],[80.81765,7.33],[80.81745,7.337],[80.8186,7.341],[80.818,7.3415],[80.817,7.34195],[80.81585,7.341],[80.814,7.33716],[80.807,7.3317],[80.80657,7.336],[80.805,7.33661],[80.803,7.336],[80.80213,7.337],[80.805,7.33751],[80.80594,7.339],[80.798,7.34281],[80.7954,7.345],[80.794,7.349],[80.79286,7.349],[80.791,7.35305],[80.7884,7.353],[80.79058,7.351],[80.79054,7.346],[80.78847,7.341],[80.788,7.33552],[80.787,7.33462],[80.78186,7.338],[80.779,7.34161],[80.77555,7.344],[80.77554,7.348],[80.77817,7.349],[80.77941,7.351],[80.78279,7.353],[80.78322,7.356],[80.782,7.35715],[80.78,7.35504],[80.777,7.35551],[80.775,7.35468],[80.773,7.35594],[80.772,7.3545],[80.77131,7.355],[80.77292,7.356],[80.77306,7.358],[80.778,7.35923],[80.781,7.35871],[80.782,7.36344],[80.788,7.36162],[80.78889,7.369],[80.794,7.37067],[80.79793,7.374],[80.794,7.3756],[80.788,7.37601],[80.784,7.37436],[80.781,7.37695],[80.779,7.37678],[80.77908,7.379],[80.778,7.38],[80.775,7.38008],[80.771,7.37135],[80.76875,7.371],[80.76672,7.373],[80.76944,7.378],[80.767,7.37911],[80.7657,7.381],[80.7681,7.385],[80.769,7.38571],[80.775,7.38267],[80.77538,7.385],[80.77823,7.389],[80.77585,7.393],[80.775,7.39773],[80.779,7.39725],[80.7795,7.401],[80.78484,7.403],[80.78646,7.406],[80.784,7.40754],[80.779,7.40785],[80.775,7.4062],[80.77234,7.409],[80.77183,7.411],[80.77,7.41045],[80.764,7.41307],[80.76285,7.41],[80.76458,7.407],[80.76424,7.406],[80.763,7.40581],[80.761,7.40726],[80.759,7.40638],[80.758,7.40238],[80.753,7.40935],[80.74926,7.411],[80.75014,7.415],[80.74976,7.418],[80.7484,7.42],[80.747,7.4182],[80.746,7.42071],[80.744,7.42071],[80.742,7.42276],[80.74052,7.423],[80.73962,7.425],[80.736,7.42628],[80.733,7.43081],[80.728,7.433],[80.724,7.4372],[80.723,7.437],[80.72325,7.436],[80.72667,7.429],[80.732,7.427],[80.73541,7.423],[80.73634,7.419],[80.73802,7.417],[80.738,7.416],[80.736,7.41677],[80.731,7.42667],[80.73,7.42671],[80.729,7.4248],[80.723,7.42867],[80.72269,7.428],[80.72383,7.418],[80.726,7.413],[80.726,7.406],[80.72865,7.401],[80.728,7.39928],[80.726,7.399],[80.72536,7.398],[80.72595,7.396],[80.72481,7.392],[80.72492,7.39],[80.727,7.38864],[80.72752,7.386],[80.72279,7.379],[80.717,7.37387],[80.71566,7.375],[80.714,7.37924],[80.708,7.37557],[80.70696,7.377],[80.707,7.38069],[80.706,7.38165],[80.701,7.37557],[80.693,7.37686],[80.69294,7.378],[80.69078,7.38],[80.691,7.38112],[80.689,7.38058],[80.688,7.38164],[80.68653,7.385],[80.68684,7.39],[80.6858,7.391],[80.68594,7.393],[80.689,7.39245],[80.695,7.3956],[80.69543,7.4],[80.69805,7.406],[80.69763,7.408],[80.69494,7.409],[80.69597,7.416],[80.69349,7.421],[80.69414,7.427],[80.69714,7.433],[80.69568,7.435],[80.6961,7.437],[80.694,7.43863],[80.692,7.436],[80.69143,7.437],[80.69217,7.44],[80.68702,7.447],[80.688,7.4487],[80.69682,7.449],[80.69773,7.452],[80.69926,7.453],[80.6982,7.461],[80.696,7.46329],[80.69475,7.468],[80.69257,7.471],[80.69446,7.474],[80.694,7.475],[80.695,7.47667],[80.696,7.47668],[80.698,7.47518],[80.7,7.47544],[80.703,7.47333],[80.704,7.47745],[80.706,7.47638],[80.708,7.47782],[80.711,7.47571],[80.71321,7.476],[80.71718,7.48],[80.718,7.482],[80.71118,7.492],[80.71275,7.495],[80.71646,7.497],[80.718,7.50205],[80.72,7.50285],[80.722,7.5014],[80.725,7.50332],[80.729,7.50135],[80.73062,7.504],[80.73022,7.506],[80.733,7.50675],[80.73364,7.508],[80.73312,7.51],[80.731,7.51214],[80.73,7.51242],[80.729,7.511],[80.72738,7.513],[80.72756,7.516],[80.725,7.5223],[80.724,7.52233],[80.721,7.51921],[80.717,7.51917],[80.71612,7.52],[80.718,7.52514],[80.721,7.52442],[80.724,7.52506],[80.72423,7.529],[80.72607,7.531],[80.72738,7.536],[80.72294,7.536],[80.721,7.54123],[80.719,7.54286],[80.718,7.54277],[80.716,7.5397],[80.714,7.54039],[80.71,7.54435],[80.705,7.54313],[80.70322,7.548],[80.69968,7.551],[80.69954,7.554],[80.70296,7.555],[80.70423,7.558],[80.703,7.56047],[80.701,7.56009],[80.70067,7.562],[80.705,7.56363],[80.70602,7.565],[80.70555,7.568],[80.7105,7.568],[80.70992,7.573],[80.71181,7.575],[80.711,7.58134],[80.70784,7.583],[80.703,7.58276],[80.701,7.58076],[80.7,7.58084],[80.69984,7.585],[80.6983,7.589],[80.703,7.59285],[80.707,7.5913],[80.70795,7.592],[80.71,7.596],[80.7087,7.599],[80.71128,7.601],[80.71157,7.603],[80.71021,7.605],[80.712,7.608]]},"properties":{"ele":1000,"index":1}},{"type":"Feature","geometry":{"type":"LineString","coordinates":[[80.773,7.525],[80.776,7.52525],[80.77617,7.523],[80.774,7.522],[80.772,7.52269],[80.76958,7.522],[80.773,7.525]]},"properties":{"ele":1000,"index":1}},{"type":"Feature","geometry":{"type":"LineString","coordinates":[[80.60334,7.495],[80.607,7.4946],[80.60903,7.493],[80.60792,7.488],[80.60855,7.486],[80.605,7.48394],[80.60152,7.49],[80.60334,7.495]]},"properties":{"ele":1000,"index":1}},{"type":"Feature","geometry":{"type":"LineString","coordinates":[[80.57802,7.494],[80.579,7.49458],[80.582,7.49381],[80.58321,7.492],[80.586,7.49172],[80.5884,7.49],[80.587,7.48281],[80.582,7.47958],[80.58082,7.483],[80.581,7.48673],[80.57737,7.49],[80.57802,7.494]]},"properties":{"ele":1000,"index":1}},{"type":"Feature","geometry":{"type":"LineString","coordinates":[[80.83871,7.469],[80.84383,7.466],[80.84358,7.461],[80.842,7.45899],[80.83924,7.459],[80.838,7.46177],[80.83576,7.463],[80.83604,7.466],[80.835,7.46823],[80.83871,7.469]]},"properties":{"ele":1000,"index":1}},{"type":"Feature","geometry":{"type":"LineString","coordinates":[[80.8229,7.441],[80.827,7.43942],[80.831,7.43928],[80.83208,7.438],[80.825,7.4362],[80.82375,7.437],[80.8229,7.441]]},"properties":{"ele":1000,"index":1}},{"type":"Feature","geometry":{"type":"LineString","coordinates":[[80.90141,7.327],[80.902,7.32771],[80.90564,7.322],[80.905,7.31741],[80.903,7.316],[80.901,7.31646],[80.897,7.32033],[80.88782,7.314],[80.88744,7.32],[80.891,7.32023],[80.893,7.32198],[80.897,7.32145],[80.899,7.32332],[80.901,7.32206],[80.90177,7.324],[80.90141,7.327]]},"properties":{"ele":1000,"index":1}},{"type":"Feature","geometry":{"type":"LineString","coordinates":[[80.91464,7.321],[80.917,7.32047],[80.91811,7.318],[80.91868,7.314],[80.917,7.31117],[80.9146,7.316],[80.91464,7.321]]},"properties":{"ele":1000,"index":1}},{"type":"Feature","geometry":{"type":"LineString","coordinates":[[80.92091,7.297],[80.92427,7.29],[80.924,7.28633],[80.922,7.2877],[80.9225,7.289],[80.92077,7.293],[80.92091,7.297]]},"properties":{"ele":1000,"index":1}},{"type":"Feature","geometry":{"type":"LineString","coordinates":[[80.94798,7.295],[80.94858,7.291],[80.94718,7.289],[80.94751,7.286],[80.94605,7.284],[80.947,7.2819],[80.946,7.28286],[80.94485,7.288],[80.94798,7.295]]},"properties":{"ele":1000,"index":1}},{"type":"Feature","geometry":{"type":"LineString","coordinates":[[80.84376,7.293],[80.848,7.29345],[80.84913,7.293],[80.84916,7.292],[80.84803,7.289],[80.84712,7.28],[80.84538,7.275],[80.84587,7.271],[80.84493,7.269],[80.84685,7.261],[80.844,7.25046],[80.841,7.25361],[80.84,7.25106],[80.839,7.25167],[80.838,7.25376],[80.8352,7.256],[80.83413,7.26],[80.83244,7.26],[80.833,7.269],[80.831,7.26883],[80.83053,7.271],[80.831,7.27254],[80.835,7.27355],[80.839,7.273],[80.84091,7.276],[80.84217,7.281],[80.839,7.28323],[80.833,7.28365],[80.83013,7.286],[80.83645,7.286],[80.84376,7.293]]},"properties":{"ele":1000,"index":1}},{"type":"Feature","geometry":{"type":"LineString","coordinates":[[80.9395,7.289],[80.94,7.28938],[80.94012,7.288],[80.93904,7.286],[80.935,7.28286],[80.93455,7.284],[80.936,7.28681],[80.9395,7.289]]},"properties":{"ele":1000,"index":1}},{"type":"Feature","geometry":{"type":"LineString","coordinates":[[80.629,7.26],[80.63,7.26012],[80.63037,7.259],[80.62986,7.253],[80.62776,7.249],[80.62904,7.244],[80.6305,7.242],[80.634,7.2406],[80.639,7.23624],[80.64397,7.234],[80.64611,7.228],[80.64946,7.226],[80.654,7.22429],[80.657,7.22493],[80.661,7.22876],[80.662,7.23232],[80.665,7.22676],[80.66778,7.224],[80.66747,7.222],[80.666,7.22053],[80.66259,7.22],[80.656,7.2169],[80.65,7.22022],[80.647,7.225],[80.64656,7.22],[80.64774,7.218],[80.64939,7.209],[80.6552,7.2],[80.65524,7.198],[80.654,7.19672],[80.653,7.19638],[80.651,7.19763],[80.65119,7.2],[80.64885,7.203],[80.648,7.20781],[80.645,7.2052],[80.64374,7.206],[80.64308,7.213],[80.642,7.21554],[80.64,7.2165],[80.638,7.2156],[80.636,7.21224],[80.633,7.2126],[80.6326,7.215],[80.63507,7.216],[80.6366,7.219],[80.636,7.22046],[80.63087,7.227],[80.62656,7.23],[80.62263,7.237],[80.6196,7.239],[80.621,7.24091],[80.62333,7.241],[80.62423,7.246],[80.62651,7.25],[80.62523,7.253],[80.6275,7.259],[80.629,7.26]]},"properties":{"ele":1000,"index":1}},{"type":"Feature","geometry":{"type":"LineString","coordinates":[[80.92728,7.259],[80.928,7.25965],[80.92916,7.259],[80.92709,7.255],[80.926,7.25493],[80.92593,7.257],[80.92728,7.259]]},"properties":{"ele":1000,"index":1}},{"type":"Feature","geometry":{"type":"LineString","coordinates":[[80.84371,7.244],[80.844,7.24488],[80.84793,7.241],[80.84751,7.24],[80.845,7.23917],[80.84371,7.244]]},"properties":{"ele":1000,"index":1}},{"type":"Feature","geometry":{"type":"LineString","coordinates":[[80.67071,7.224],[80.672,7.22359],[80.675,7.2247],[80.6775,7.218],[80.676,7.217],[80.673,7.21761],[80.67226,7.22],[80.67,7.22133],[80.67071,7.224]]},"properties":{"ele":1000,"index":1}},{"type":"Feature","geometry":{"type":"LineString","coordinates":[[80.68214,7.219],[80.684,7.21953],[80.687,7.21777],[80.691,7.21865],[80.69188,7.217],[80.694,7.21744],[80.695,7.21568],[80.699,7.21671],[80.70107,7.215],[80.70078,7.21],[80.702,7.20464],[80.705,7.20451],[80.71,7.20691],[80.714,7.2047],[80.716,7.20538],[80.718,7.20321],[80.722,7.2045],[80.72259,7.202],[80.71972,7.201],[80.71676,7.197],[80.723,7.19404],[80.72775,7.194],[80.72754,7.192],[80.723,7.187],[80.72826,7.186],[80.72808,7.183],[80.726,7.1808],[80.724,7.18014],[80.72031,7.185],[80.72129,7.187],[80.719,7.1875],[80.7142,7.185],[80.714,7.18],[80.712,7.17788],[80.71,7.1772],[80.706,7.17775],[80.705,7.17908],[80.70175,7.178],[80.70148,7.176],[80.70493,7.174],[80.70492,7.173],[80.7,7.17292],[80.69817,7.171],[80.69954,7.167],[80.702,7.166],[80.70317,7.161],[80.706,7.15578],[80.71071,7.151],[80.717,7.14169],[80.71622,7.136],[80.722,7.13597],[80.725,7.13788],[80.729,7.13788],[80.73493,7.132],[80.737,7.13197],[80.738,7.13413],[80.745,7.12872],[80.747,7.12815],[80.74768,7.129],[80.74517,7.136],[80.746,7.13732],[80.748,7.13612],[80.75194,7.131],[80.751,7.12723],[80.748,7.12783],[80.74781,7.127],[80.75,7.12307],[80.753,7.12032],[80.75383,7.121],[80.75248,7.124],[80.753,7.125],[80.756,7.12537],[80.75718,7.129],[80.759,7.13116],[80.764,7.12567],[80.766,7.12517],[80.76648,7.127],[80.765,7.13867],[80.771,7.13606],[80.775,7.13728],[80.77714,7.136],[80.77743,7.134],[80.7766,7.133],[80.77958,7.128],[80.782,7.1274],[80.78448,7.124],[80.78684,7.123],[80.78763,7.115],[80.78668,7.111],[80.789,7.10942],[80.794,7.10924],[80.79377,7.103],[80.7947,7.1],[80.79242,7.097],[80.79363,7.094],[80.7905,7.091],[80.79054,7.088],[80.784,7.08338],[80.7839,7.081],[80.7809,7.079],[80.7816,7.076],[80.78083,7.074],[80.77719,7.068],[80.77576,7.063],[80.77286,7.061],[80.77189,7.058],[80.775,7.05785],[80.777,7.05556],[80.778,7.05875],[80.78036,7.059],[80.78088,7.065],[80.783,7.06751],[80.785,7.0677],[80.786,7.06941],[80.79,7.06933],[80.795,7.07398],[80.798,7.0739],[80.80345,7.072],[80.80439,7.078],[80.807,7.07989],[80.81078,7.081],[80.80806,7.093],[80.809,7.09367],[80.811,7.09211],[80.813,7.09215],[80.814,7.09426],[80.819,7.09612],[80.82,7.09794],[80.822,7.09548],[80.824,7.10906],[80.826,7.10854],[80.82822,7.105],[80.834,7.10157],[80.83384,7.107],[80.83495,7.11],[80.83349,7.111],[80.8341,7.114],[80.83286,7.115],[80.835,7.11675],[80.838,7.11682],[80.84,7.11858],[80.84072,7.123],[80.84,7.125],[80.841,7.12548],[80.844,7.1197],[80.84725,7.119],[80.84852,7.115],[80.848,7.11262],[80.85457,7.106],[80.85347,7.103],[80.85317,7.096],[80.85044,7.091],[80.852,7.09128],[80.854,7.09347],[80.858,7.09323],[80.86168,7.091],[80.8654,7.087],[80.866,7.085],[80.87,7.08611],[80.875,7.08164],[80.8758,7.082],[80.87464,7.085],[80.878,7.08707],[80.887,7.08358],[80.89,7.086],[80.891,7.08567],[80.892,7.091],[80.89076,7.093],[80.891,7.09456],[80.895,7.09544],[80.89757,7.097],[80.899,7.09927],[80.9,7.09893],[80.90154,7.1],[80.90067,7.103],[80.90191,7.105],[80.90171,7.107],[80.89884,7.112],[80.90107,7.116],[80.8984,7.12],[80.897,7.12009],[80.89576,7.124],[80.89345,7.126],[80.89392,7.132],[80.89553,7.134],[80.898,7.13363],[80.9,7.13565],[80.904,7.12928],[80.909,7.13029],[80.911,7.12885],[80.91014,7.125],[80.9113,7.124],[80.91209,7.117],[80.915,7.11211],[80.917,7.11221],[80.919,7.10997],[80.922,7.10922],[80.924,7.11094],[80.92714,7.11],[80.91954,7.103],[80.9178,7.099],[80.91773,7.096],[80.92346,7.088],[80.9195,7.083],[80.91945,7.078],[80.918,7.07643],[80.917,7.078],[80.915,7.07742],[80.913,7.08133],[80.912,7.08137],[80.91,7.07758],[80.907,7.07839],[80.901,7.07676],[80.897,7.07733],[80.89337,7.076],[80.89108,7.073],[80.889,7.07269],[80.88851,7.07],[80.89126,7.068],[80.89177,7.065],[80.88858,7.061],[80.88699,7.053],[80.89,7.05263],[80.893,7.05419],[80.89747,7.048],[80.89672,7.042],[80.89728,7.04],[80.89463,7.037],[80.89497,7.034],[80.892,7.02986],[80.9,7.03186],[80.905,7.02872],[80.90621,7.027],[80.906,7.02312],[80.903,7.01833],[80.90181,7.013],[80.9,7.01],[80.90067,7.009],[80.911,7.01377],[80.912,7.01594],[80.919,7.01429],[80.922,7.01674],[80.925,7.01725],[80.928,7.021],[80.92334,7.028],[80.92484,7.032],[80.92782,7.036],[80.92843,7.039],[80.93,7.03967],[80.933,7.03913],[80.93371,7.036],[80.93901,7.028],[80.939,7.02653],[80.937,7.0238],[80.932,7.024],[80.93056,7.022],[80.93117,7.017],[80.936,7.00379],[80.941,7.00278],[80.943,7.00138],[80.947,7.00611],[80.954,7.00709],[80.95546,7.006],[80.956,7.00306],[80.958,7.00343],[80.96023,7.002],[80.96163,6.997],[80.96128,6.995],[80.959,6.99063],[80.953,6.98874],[80.952,6.98722],[80.95065,6.987],[80.95231,6.983],[80.95094,6.981],[80.95263,6.98],[80.954,6.97736],[80.956,6.97884],[80.959,6.9756],[80.961,6.9765],[80.96051,6.975],[80.9617,6.973],[80.956,6.97044],[80.952,6.97216],[80.94863,6.969],[80.94816,6.967],[80.94887,6.966],[80.945,6.96585],[80.943,6.96379],[80.941,6.96378],[80.937,6.96667],[80.935,6.96685],[80.93459,6.966],[80.9365,6.964],[80.937,6.96183],[80.932,6.96519],[80.92969,6.963],[80.93,6.96168],[80.932,6.96377],[80.93521,6.961],[80.93558,6.958],[80.93405,6.954],[80.935,6.95317],[80.93778,6.959],[80.939,6.95947],[80.94011,6.959],[80.9411,6.956],[80.944,6.9545],[80.946,6.95457],[80.948,6.952],[80.95,6.95321],[80.95025,6.949],[80.95192,6.948],[80.94633,6.943],[80.947,6.94173],[80.949,6.94331],[80.95241,6.943],[80.95104,6.94],[80.95107,6.936],[80.94533,6.928],[80.94678,6.924],[80.95,6.92356],[80.95095,6.922],[80.95055,6.918],[80.947,6.915],[80.946,6.91621],[80.943,6.91517],[80.94312,6.919],[80.941,6.91958],[80.933,6.91446],[80.93037,6.914],[80.92786,6.912],[80.92781,6.911],[80.928,6.91014],[80.932,6.913],[80.939,6.91506],[80.93946,6.912],[80.94139,6.911],[80.942,6.90904],[80.943,6.91116],[80.945,6.91069],[80.951,6.91257],[80.95561,6.911],[80.95664,6.906],[80.95333,6.897],[80.954,6.89443],[80.95565,6.894],[80.95671,6.889],[80.95356,6.884],[80.954,6.8815],[80.95574,6.885],[80.95911,6.888],[80.95836,6.893],[80.959,6.89371],[80.961,6.89264],[80.96267,6.893],[80.959,6.8959],[80.958,6.89858],[80.961,6.9025],[80.9665,6.905],[80.96757,6.908],[80.965,6.90829],[80.9618,6.911],[80.96304,6.915],[80.96252,6.919],[80.96566,6.921],[80.96481,6.923],[80.96555,6.926],[80.965,6.92809],[80.964,6.92831],[80.963,6.92691],[80.96,6.926],[80.95814,6.929],[80.96036,6.933],[80.9609,6.938],[80.963,6.93887],[80.96365,6.938],[80.96395,6.933],[80.965,6.93127],[80.966,6.93196],[80.968,6.93143],[80.96891,6.934],[80.96788,6.935],[80.969,6.93507],[80.97033,6.937],[80.97,6.93821],[80.96712,6.939],[80.96843,6.947],[80.972,6.95012],[80.974,6.95034],[80.975,6.94878],[80.98,6.9522],[80.98233,6.952],[80.986,6.95456],[80.989,6.95112],[80.991,6.95115],[80.99121,6.955],[80.99008,6.956],[80.98969,6.959],[80.995,6.96986],[80.998,6.97058],[81.004,6.965],[81.00446,6.966],[81.00351,6.968],[81.00561,6.97],[81.00475,6.974],[81.007,6.97643],[81.00732,6.974],[81.01,6.973],[81.01207,6.965],[81.01561,6.962],[81.01508,6.961],[81.01687,6.956],[81.01378,6.953],[81.01265,6.95],[81.01352,6.948],[81.01233,6.945],[81.00825,6.941],[81.012,6.93907],[81.013,6.93694],[81.01245,6.931],[81.01117,6.929],[81.017,6.92928],[81.01744,6.93],[81.01702,6.933],[81.0186,6.936],[81.01831,6.942],[81.01945,6.945],[81.022,6.94719],[81.02397,6.945],[81.02379,6.941],[81.02514,6.941],[81.02823,6.936],[81.02811,6.931],[81.029,6.93017],[81.031,6.93105],[81.03178,6.93],[81.0313,6.927],[81.03259,6.926],[81.033,6.92164],[81.034,6.92094],[81.036,6.92229],[81.038,6.92223],[81.03895,6.92],[81.041,6.91924],[81.043,6.92108],[81.046,6.92079],[81.04608,6.916],[81.04992,6.916],[81.05,6.90981],[81.053,6.9125],[81.054,6.91477],[81.055,6.91467],[81.05814,6.91],[81.05704,6.908],[81.05722,6.905],[81.05353,6.899],[81.05361,6.897],[81.047,6.89353],[81.038,6.89237],[81.037,6.88952],[81.035,6.88757],[81.033,6.89068],[81.031,6.889],[81.026,6.8903],[81.019,6.89367],[81.014,6.89241],[81.017,6.8892],[81.019,6.89032],[81.022,6.88722],[81.024,6.88766],[81.025,6.88625],[81.028,6.88594],[81.029,6.88448],[81.032,6.884],[81.03273,6.881],[81.03,6.87448],[81.028,6.87338],[81.02386,6.873],[81.02479,6.869],[81.0235,6.859],[81.02854,6.864],[81.02836,6.869],[81.031,6.87079],[81.032,6.86954],[81.03277,6.87],[81.033,6.8745],[81.036,6.87572],[81.038,6.87821],[81.039,6.8768],[81.043,6.8755],[81.04467,6.879],[81.047,6.87864],[81.04773,6.882],[81.052,6.88324],[81.05307,6.883],[81.055,6.87979],[81.05989,6.878],[81.06,6.87511],[81.062,6.87621],[81.066,6.88247],[81.067,6.8825],[81.06647,6.885],[81.06394,6.887],[81.064,6.888],[81.066,6.88732],[81.06824,6.889],[81.06733,6.892],[81.068,6.89378],[81.06619,6.895],[81.06597,6.899],[81.067,6.89938],[81.069,6.89714],[81.072,6.89837],[81.0737,6.894],[81.076,6.89236],[81.079,6.88805],[81.08223,6.881],[81.08155,6.874],[81.085,6.87254],[81.086,6.87322],[81.087,6.878],[81.089,6.87695],[81.09342,6.871],[81.09504,6.881],[81.09307,6.886],[81.09,6.88393],[81.086,6.88515],[81.08543,6.886],[81.08658,6.889],[81.08456,6.89],[81.08421,6.896],[81.082,6.89771],[81.07825,6.906],[81.07385,6.91],[81.06875,6.919],[81.06915,6.921],[81.0683,6.923],[81.07,6.92661],[81.071,6.92674],[81.07253,6.925],[81.074,6.91877],[81.076,6.91878],[81.078,6.91928],[81.081,6.92381],[81.081,6.92971],[81.085,6.93007],[81.086,6.92721],[81.088,6.9286],[81.089,6.92677],[81.09,6.9267],[81.093,6.9295],[81.094,6.9288],[81.09447,6.931],[81.0931,6.934],[81.0935,6.937],[81.09,6.93827],[81.08695,6.942],[81.08988,6.942],[81.09103,6.944],[81.08874,6.95],[81.08958,6.952],[81.088,6.95406],[81.086,6.9539],[81.084,6.95551],[81.08286,6.958],[81.08253,6.963],[81.07825,6.967],[81.07668,6.973],[81.077,6.97403],[81.081,6.97337],[81.08549,6.965],[81.089,6.962],[81.095,6.96242],[81.104,6.95919],[81.105,6.96024],[81.107,6.95968],[81.109,6.9628],[81.11536,6.963],[81.116,6.966],[81.11359,6.971],[81.116,6.97221],[81.1172,6.971],[81.11712,6.976],[81.112,6.97681],[81.108,6.98308],[81.107,6.9801],[81.105,6.98018],[81.1023,6.99],[81.1,6.99116],[81.09562,6.997],[81.097,7.00106],[81.102,7.00131],[81.102,6.99692],[81.104,6.995],[81.104,6.99362],[81.106,6.99244],[81.10632,6.994],[81.10462,6.997],[81.10838,7],[81.108,7.00086],[81.106,7.00012],[81.10348,7.002],[81.105,7.00542],[81.102,7.00597],[81.102,7.00723],[81.098,7.00836],[81.09717,7.008],[81.0975,7.006],[81.095,7.00521],[81.09419,7.006],[81.09459,7.008],[81.088,7.01511],[81.08783,7.012],[81.086,7.01133],[81.08356,7.004],[81.081,7.00347],[81.079,7.00427],[81.07648,7.007],[81.07196,7.008],[81.07117,7.017],[81.078,7.01902],[81.08,7.01728],[81.083,7.0169],[81.08386,7.018],[81.0832,7.021],[81.084,7.0216],[81.089,7.01653],[81.094,7.01433],[81.09611,7.016],[81.09643,7.02],[81.098,7.02271],[81.099,7.0229],[81.107,7.01986],[81.113,7.01379],[81.117,7.01297],[81.11764,7.014],[81.11664,7.022],[81.12,7.02132],[81.12168,7.02],[81.1226,7.016],[81.11993,7.015],[81.1185,7.013],[81.11863,7.011],[81.122,7.00965],[81.12341,7.008],[81.124,7.006],[81.12736,7.002],[81.12751,6.998],[81.12999,6.995],[81.13715,6.992],[81.137,6.99096],[81.13,6.98841],[81.12755,6.986],[81.131,6.98423],[81.13258,6.981],[81.138,6.97997],[81.14171,6.977],[81.139,6.96965],[81.135,6.969],[81.13056,6.964],[81.12909,6.961],[81.12796,6.951],[81.13116,6.95],[81.12953,6.948],[81.1294,6.946],[81.132,6.94722],[81.14,6.94763],[81.145,6.94441],[81.14553,6.943],[81.144,6.94205],[81.137,6.94322],[81.136,6.94211],[81.13227,6.943],[81.13582,6.939],[81.13477,6.936],[81.13794,6.932],[81.13871,6.928],[81.1411,6.927],[81.14207,6.924],[81.145,6.92088],[81.14857,6.926],[81.15,6.93108],[81.156,6.92957],[81.1575,6.928],[81.15776,6.925],[81.1538,6.915],[81.1548,6.91],[81.15662,6.909],[81.15797,6.906],[81.15827,6.904],[81.15709,6.902],[81.15888,6.9],[81.158,6.89815],[81.156,6.90293],[81.149,6.9036],[81.14,6.91116],[81.136,6.91111],[81.135,6.91],[81.132,6.91048],[81.13119,6.909],[81.12783,6.908],[81.13162,6.904],[81.133,6.90362],[81.13437,6.901],[81.13377,6.9],[81.12717,6.898],[81.12979,6.895],[81.13,6.89091],[81.135,6.89343],[81.137,6.88986],[81.142,6.8903],[81.1422,6.886],[81.147,6.882],[81.14312,6.879],[81.14285,6.875],[81.14113,6.873],[81.14184,6.871],[81.139,6.86743],[81.136,6.86556],[81.134,6.86188],[81.132,6.86189],[81.131,6.86577],[81.128,6.86664],[81.12621,6.866],[81.12807,6.863],[81.1273,6.859],[81.12791,6.854],[81.1355,6.849],[81.131,6.84852],[81.127,6.84969],[81.124,6.8483],[81.122,6.84887],[81.118,6.84748],[81.118,6.844],[81.12011,6.843],[81.116,6.84014],[81.113,6.84085],[81.109,6.83997],[81.10696,6.841],[81.10486,6.845],[81.10763,6.846],[81.1073,6.848],[81.105,6.84919],[81.10383,6.853],[81.102,6.85441],[81.098,6.85577],[81.095,6.85226],[81.09238,6.854],[81.091,6.85672],[81.087,6.85533],[81.085,6.85652],[81.083,6.85568],[81.08171,6.857],[81.08445,6.86],[81.08188,6.869],[81.078,6.86919],[81.07708,6.866],[81.075,6.86495],[81.07184,6.87],[81.07215,6.872],[81.07,6.87414],[81.069,6.87129],[81.066,6.87133],[81.066,6.86929],[81.06433,6.868],[81.06665,6.864],[81.06686,6.861],[81.066,6.86047],[81.059,6.86622],[81.055,6.87112],[81.052,6.87034],[81.05,6.87152],[81.047,6.87148],[81.044,6.86771],[81.04175,6.867],[81.042,6.86529],[81.044,6.86452],[81.046,6.86606],[81.048,6.86595],[81.05209,6.862],[81.056,6.855],[81.05602,6.852],[81.05218,6.847],[81.05136,6.841],[81.04994,6.838],[81.05129,6.836],[81.04714,6.833],[81.049,6.83129],[81.05222,6.835],[81.05269,6.838],[81.054,6.83893],[81.05639,6.838],[81.06518,6.83],[81.059,6.82601],[81.05543,6.825],[81.05583,6.82],[81.059,6.82088],[81.065,6.82056],[81.068,6.82],[81.06932,6.818],[81.06651,6.815],[81.06527,6.809],[81.065,6.806],[81.0666,6.805],[81.06659,6.804],[81.061,6.79524],[81.05912,6.794],[81.059,6.7907],[81.05741,6.788],[81.058,6.78677],[81.05629,6.784],[81.057,6.78288],[81.061,6.78447],[81.06215,6.784],[81.06292,6.782],[81.06055,6.779],[81.06083,6.775],[81.06453,6.773],[81.06279,6.77],[81.06365,6.768],[81.06239,6.763],[81.06367,6.761],[81.06352,6.756],[81.058,6.74902],[81.0563,6.743],[81.04973,6.739],[81.05145,6.742],[81.051,6.75124],[81.048,6.74991],[81.042,6.74305],[81.041,6.74368],[81.04016,6.745],[81.0422,6.749],[81.04293,6.755],[81.04283,6.757],[81.042,6.75738],[81.038,6.75527],[81.032,6.74749],[81.03141,6.749],[81.03243,6.755],[81.031,6.75505],[81.027,6.75236],[81.02617,6.754],[81.02846,6.763],[81.028,6.76539],[81.02,6.76135],[81.0175,6.758],[81.01719,6.755],[81.016,6.75425],[81.011,6.75522],[81.009,6.75781],[81.008,6.75788],[81.005,6.75478],[81.00352,6.756],[81.00329,6.758],[81.0009,6.76],[81.00329,6.763],[80.998,6.76303],[80.997,6.76391],[80.997,6.77262],[80.995,6.77204],[80.99318,6.77],[80.9924,6.767],[80.99,6.76385],[80.971,6.75103],[80.96987,6.752],[80.97104,6.754],[80.969,6.75603],[80.963,6.75431],[80.96,6.75218],[80.958,6.75229],[80.955,6.75527],[80.949,6.75367],[80.941,6.75695],[80.936,6.75681],[80.928,6.75976],[80.921,6.76088],[80.917,6.76307],[80.911,6.763],[80.906,6.76475],[80.901,6.76336],[80.897,6.76553],[80.89,6.76485],[80.889,6.7628],[80.88,6.75778],[80.878,6.75458],[80.87427,6.758],[80.874,6.759],[80.877,6.76],[80.873,6.76422],[80.866,6.76592],[80.863,6.76396],[80.86257,6.767],[80.86418,6.77],[80.864,6.77219],[80.86,6.77243],[80.858,6.76967],[80.854,6.76898],[80.852,6.772],[80.85309,6.775],[80.848,6.77879],[80.847,6.7769],[80.841,6.77372],[80.839,6.77022],[80.83168,6.769],[80.833,6.76731],[80.842,6.764],[80.84193,6.76],[80.84006,6.758],[80.84075,6.757],[80.839,6.75648],[80.837,6.75397],[80.833,6.75402],[80.831,6.75297],[80.82936,6.748],[80.827,6.74934],[80.82394,6.749],[80.82565,6.746],[80.825,6.745],[80.822,6.74384],[80.82,6.74094],[80.819,6.74179],[80.814,6.7369],[80.812,6.73777],[80.81,6.73644],[80.808,6.73721],[80.807,6.73642],[80.804,6.73736],[80.8,6.73371],[80.796,6.73566],[80.794,6.73443],[80.79,6.73433],[80.78821,6.733],[80.788,6.73159],[80.78653,6.732],[80.78688,6.734],[80.78533,6.737],[80.78662,6.744],[80.78873,6.746],[80.78806,6.747],[80.7902,6.751],[80.79,6.75308],[80.785,6.74716],[80.78297,6.746],[80.782,6.74384],[80.77904,6.742],[80.77664,6.738],[80.773,6.73804],[80.771,6.73566],[80.769,6.73933],[80.766,6.73728],[80.76507,6.738],[80.762,6.74338],[80.76,6.74336],[80.758,6.74191],[80.75567,6.743],[80.75513,6.744],[80.757,6.74817],[80.751,6.74635],[80.747,6.74294],[80.743,6.74463],[80.741,6.74354],[80.739,6.74392],[80.73941,6.741],[80.737,6.737],[80.73524,6.736],[80.737,6.73452],[80.74444,6.732],[80.74552,6.73],[80.7509,6.727],[80.75418,6.722],[80.754,6.71818],[80.757,6.71706],[80.756,6.71595],[80.751,6.71489],[80.746,6.71241],[80.741,6.71744],[80.738,6.71728],[80.734,6.7191],[80.7312,6.719],[80.73217,6.72],[80.73,6.72448],[80.725,6.72451],[80.72,6.72331],[80.712,6.7257],[80.709,6.72863],[80.705,6.72882],[80.70263,6.73],[80.70195,6.734],[80.7,6.73533],[80.696,6.73495],[80.695,6.73383],[80.692,6.73445],[80.68929,6.733],[80.689,6.731],[80.688,6.73429],[80.684,6.73314],[80.68,6.73556],[80.676,6.73537],[80.671,6.73269],[80.669,6.73416],[80.667,6.73352],[80.666,6.73503],[80.664,6.73415],[80.661,6.73694],[80.66,6.73684],[80.65819,6.731],[80.66037,6.728],[80.65858,6.726],[80.653,6.7242],[80.65245,6.722],[80.651,6.72093],[80.64679,6.723],[80.64594,6.724],[80.6482,6.725],[80.643,6.72935],[80.638,6.73024],[80.636,6.73188],[80.633,6.73195],[80.631,6.7339],[80.622,6.7341],[80.617,6.73697],[80.61,6.74337],[80.605,6.74505],[80.594,6.74429],[80.59,6.74525],[80.587,6.744],[80.58794,6.739],[80.587,6.73821],[80.584,6.73923],[80.582,6.74144],[80.579,6.74098],[80.578,6.74275],[80.574,6.74464],[80.572,6.74295],[80.569,6.74429],[80.56618,6.742],[80.566,6.73881],[80.572,6.73804],[80.57614,6.734],[80.58394,6.731],[80.591,6.72343],[80.594,6.72265],[80.596,6.72322],[80.601,6.71993],[80.605,6.7193],[80.612,6.71615],[80.61822,6.712],[80.61695,6.71],[80.613,6.70884],[80.606,6.70873],[80.604,6.71073],[80.6,6.71073],[80.598,6.71285],[80.594,6.71171],[80.59305,6.716],[80.59,6.71735],[80.588,6.71697],[80.583,6.71838],[80.58216,6.719],[80.58229,6.722],[80.58,6.72209],[80.579,6.72408],[80.572,6.72566],[80.567,6.72558],[80.56504,6.731],[80.562,6.73385],[80.559,6.72968],[80.555,6.73075],[80.5547,6.732],[80.5557,6.733],[80.55077,6.737],[80.54838,6.742],[80.5437,6.747],[80.544,6.749],[80.54107,6.752],[80.54153,6.754],[80.54,6.75764],[80.538,6.75759],[80.534,6.75961],[80.531,6.75962],[80.526,6.75627],[80.52388,6.757],[80.519,6.75321],[80.51389,6.756],[80.5125,6.762],[80.505,6.76222],[80.503,6.76477],[80.499,6.76373],[80.495,6.76542],[80.495,6.76859],[80.494,6.76969],[80.492,6.76761],[80.489,6.76704],[80.486,6.76756],[80.483,6.76937],[80.48196,6.771],[80.48241,6.773],[80.48134,6.778],[80.47877,6.783],[80.478,6.789],[80.477,6.79026],[80.472,6.78692],[80.47111,6.788],[80.46874,6.792],[80.46844,6.802],[80.46661,6.803],[80.466,6.80555],[80.461,6.80568],[80.458,6.80345],[80.454,6.80327],[80.45313,6.804],[80.453,6.80889],[80.44959,6.807],[80.444,6.81011],[80.439,6.81558],[80.43795,6.82],[80.439,6.82165],[80.442,6.8227],[80.447,6.82212],[80.44962,6.824],[80.446,6.83359],[80.43965,6.838],[80.44058,6.854],[80.442,6.85458],[80.446,6.85378],[80.453,6.84568],[80.455,6.84637],[80.465,6.84041],[80.4711,6.842],[80.47106,6.845],[80.46833,6.849],[80.466,6.84994],[80.46115,6.861],[80.46108,6.862],[80.464,6.86179],[80.46524,6.863],[80.46491,6.866],[80.46258,6.871],[80.465,6.87355],[80.468,6.873],[80.47094,6.874],[80.46616,6.88],[80.46653,6.881],[80.47,6.88229],[80.474,6.88083],[80.48514,6.882],[80.48766,6.886],[80.482,6.88835],[80.48,6.89038],[80.475,6.89087],[80.47675,6.893],[80.474,6.89367],[80.473,6.89536],[80.47,6.89422],[80.46078,6.895],[80.45872,6.898],[80.462,6.90119],[80.465,6.9021],[80.467,6.90028],[80.472,6.89889],[80.474,6.89742],[80.47611,6.899],[80.47581,6.901],[80.482,6.90342],[80.48647,6.897],[80.492,6.89499],[80.498,6.89],[80.506,6.88636],[80.506,6.87948],[80.509,6.87855],[80.512,6.87595],[80.5135,6.876],[80.518,6.87919],[80.52,6.87774],[80.52348,6.877],[80.52484,6.873],[80.52352,6.869],[80.52643,6.866],[80.52611,6.863],[80.529,6.86089],[80.52876,6.865],[80.52718,6.867],[80.52956,6.87],[80.52693,6.873],[80.52772,6.875],[80.52633,6.88],[80.524,6.88129],[80.51702,6.891],[80.516,6.8971],[80.51167,6.898],[80.508,6.903],[80.50638,6.91],[80.50763,6.914],[80.50922,6.915],[80.508,6.92068],[80.51654,6.914],[80.51929,6.91],[80.52,6.90455],[80.522,6.90423],[80.523,6.90303],[80.52892,6.902],[80.534,6.89633],[80.54,6.89348],[80.543,6.89041],[80.547,6.88982],[80.543,6.893],[80.53858,6.9],[80.53408,6.903],[80.53044,6.908],[80.53,6.91],[80.526,6.91342],[80.52544,6.915],[80.52694,6.916],[80.52667,6.918],[80.524,6.91923],[80.523,6.91746],[80.5187,6.923],[80.51819,6.925],[80.51605,6.926],[80.51645,6.928],[80.511,6.93957],[80.51006,6.943],[80.512,6.94372],[80.514,6.94642],[80.51794,6.947],[80.516,6.95196],[80.51377,6.954],[80.51636,6.958],[80.516,6.96165],[80.524,6.9574],[80.528,6.9573],[80.52872,6.955],[80.531,6.95418],[80.533,6.95192],[80.53397,6.954],[80.53247,6.957],[80.52537,6.963],[80.525,6.967],[80.52292,6.97],[80.52005,6.972],[80.51816,6.977],[80.51364,6.983],[80.512,6.993],[80.516,6.99],[80.51582,6.986],[80.519,6.98097],[80.529,6.97817],[80.532,6.97843],[80.536,6.97376],[80.542,6.97353],[80.546,6.978],[80.55016,6.979],[80.549,6.98459],[80.54607,6.987],[80.54793,6.989],[80.54894,6.994],[80.54872,6.999],[80.54753,7.001],[80.548,7.0025],[80.552,7.00441],[80.556,7.00418],[80.556,7.01059],[80.558,7.01141],[80.563,7.01015],[80.56419,7.011],[80.56408,7.016],[80.5593,7.022],[80.55933,7.027],[80.55386,7.029],[80.55689,7.031],[80.558,7.03371],[80.559,7.03422],[80.561,7.03339],[80.56275,7.031],[80.56059,7.028],[80.562,7.02342],[80.569,7.02384],[80.57,7.02297],[80.57265,7.018],[80.57075,7.016],[80.571,7.01333],[80.58043,7.017],[80.583,7.01574],[80.58454,7.013],[80.58421,7.012],[80.586,7.01174],[80.587,7.0105],[80.5875,7.011],[80.58812,7.014],[80.5865,7.018],[80.58279,7.023],[80.585,7.02311],[80.589,7.02088],[80.59045,7.021],[80.58863,7.026],[80.58856,7.029],[80.58939,7.03],[80.588,7.034],[80.58867,7.037],[80.586,7.04135],[80.584,7.03912],[80.581,7.03766],[80.576,7.03763],[80.574,7.03628],[80.573,7.037],[80.57113,7.046],[80.574,7.04839],[80.577,7.049],[80.58,7.04788],[80.582,7.05008],[80.586,7.05125],[80.593,7.04633],[80.595,7.047],[80.5963,7.05],[80.598,7.05033],[80.603,7.04873],[80.605,7.05058],[80.608,7.04953],[80.61775,7.049],[80.623,7.04603],[80.632,7.04647],[80.635,7.04569],[80.64,7.04741],[80.64257,7.051],[80.64511,7.052],[80.64565,7.05],[80.64467,7.046],[80.64126,7.04],[80.64263,7.031],[80.641,7.02796],[80.633,7.027],[80.62664,7.022],[80.62854,7.013],[80.62589,7.01],[80.62524,7.006],[80.62097,7.003],[80.624,6.99812],[80.632,6.99569],[80.62797,6.988],[80.62948,6.985],[80.62815,6.982],[80.62853,6.98],[80.626,6.97694],[80.62104,6.974],[80.62545,6.972],[80.62511,6.97],[80.62769,6.964],[80.62742,6.962],[80.631,6.96085],[80.635,6.95671],[80.63717,6.958],[80.63404,6.96],[80.63347,6.962],[80.631,6.96368],[80.62924,6.969],[80.63339,6.978],[80.63331,6.981],[80.63465,6.984],[80.63407,6.987],[80.637,6.99053],[80.64155,6.99],[80.641,6.99227],[80.638,6.994],[80.6378,6.995],[80.64383,7.005],[80.64419,7.011],[80.64229,7.015],[80.6429,7.017],[80.646,7.0194],[80.65,7.01786],[80.654,7.01836],[80.657,7.01639],[80.665,7.01915],[80.66786,7.018],[80.67,7.01527],[80.6708,7.016],[80.6667,7.022],[80.665,7.02393],[80.663,7.0243],[80.661,7.02683],[80.66138,7.029],[80.65946,7.03],[80.65831,7.033],[80.663,7.04094],[80.6664,7.044],[80.66696,7.046],[80.678,7.04718],[80.684,7.04588],[80.686,7.04909],[80.692,7.04952],[80.696,7.04751],[80.69912,7.049],[80.69885,7.053],[80.70093,7.055],[80.698,7.05811],[80.696,7.05738],[80.69331,7.06],[80.69294,7.063],[80.69065,7.064],[80.69,7.06895],[80.688,7.06795],[80.679,7.07278],[80.677,7.07511],[80.67436,7.075],[80.67514,7.078],[80.672,7.08008],[80.666,7.08058],[80.6655,7.079],[80.663,7.07782],[80.66025,7.079],[80.65985,7.085],[80.656,7.08606],[80.65457,7.089],[80.655,7.09011],[80.65088,7.089],[80.65122,7.093],[80.645,7.09538],[80.6415,7.1],[80.6434,7.103],[80.643,7.10375],[80.639,7.10307],[80.63838,7.104],[80.63908,7.107],[80.63573,7.11],[80.63626,7.114],[80.635,7.11786],[80.634,7.1184],[80.633,7.11715],[80.632,7.11943],[80.631,7.11962],[80.63094,7.118],[80.628,7.11683],[80.62782,7.118],[80.625,7.1199],[80.62315,7.12],[80.621,7.12377],[80.619,7.12446],[80.617,7.1234],[80.61476,7.127],[80.61617,7.129],[80.61559,7.13],[80.618,7.13078],[80.61739,7.133],[80.619,7.13411],[80.622,7.13181],[80.627,7.13246],[80.631,7.13128],[80.64,7.13068],[80.642,7.13191],[80.64377,7.131],[80.64343,7.129],[80.645,7.12767],[80.648,7.12929],[80.6498,7.129],[80.64975,7.127],[80.65195,7.126],[80.651,7.123],[80.653,7.12269],[80.655,7.12427],[80.656,7.12217],[80.65769,7.122],[80.658,7.11989],[80.66,7.12175],[80.662,7.11919],[80.664,7.12127],[80.66587,7.12],[80.666,7.11589],[80.668,7.11509],[80.66977,7.116],[80.6704,7.119],[80.669,7.121],[80.66912,7.123],[80.66502,7.127],[80.667,7.13144],[80.664,7.13069],[80.661,7.13267],[80.659,7.13543],[80.656,7.13727],[80.6535,7.141],[80.64169,7.151],[80.64081,7.153],[80.645,7.15487],[80.65,7.15236],[80.6504,7.151],[80.652,7.15096],[80.653,7.15],[80.65406,7.145],[80.65775,7.143],[80.65816,7.139],[80.659,7.13858],[80.669,7.13825],[80.673,7.14015],[80.677,7.13996],[80.67865,7.142],[80.67923,7.144],[80.67779,7.146],[80.67767,7.151],[80.67578,7.153],[80.6785,7.156],[80.676,7.1616],[80.6735,7.162],[80.67261,7.169],[80.674,7.16993],[80.67764,7.17],[80.67627,7.174],[80.673,7.17715],[80.671,7.17627],[80.67,7.17384],[80.667,7.17546],[80.663,7.1739],[80.66225,7.175],[80.66246,7.176],[80.66592,7.178],[80.666,7.18073],[80.672,7.17912],[80.67239,7.184],[80.674,7.18568],[80.678,7.18513],[80.684,7.17871],[80.691,7.17812],[80.693,7.17617],[80.6948,7.176],[80.69484,7.184],[80.696,7.18477],[80.69738,7.184],[80.69717,7.186],[80.694,7.18617],[80.6934,7.187],[80.69265,7.189],[80.693,7.193],[80.691,7.194],[80.69139,7.197],[80.689,7.19741],[80.68538,7.204],[80.68605,7.206],[80.68405,7.208],[80.68279,7.215],[80.68,7.21497],[80.67932,7.216],[80.67945,7.218],[80.68214,7.219]]},"properties":{"ele":1000,"index":1}},{"type":"Feature","geometry":{"type":"LineString","coordinates":[[80.79247,7.179],[80.794,7.17858],[80.797,7.17462],[80.807,7.17586],[80.81088,7.174],[80.81474,7.171],[80.8185,7.163],[80.81908,7.161],[80.81809,7.159],[80.81525,7.159],[80.8159,7.152],[80.81073,7.146],[80.811,7.144],[80.808,7.13869],[80.805,7.14068],[80.798,7.14313],[80.792,7.14736],[80.791,7.146],[80.78686,7.148],[80.787,7.14939],[80.79,7.14943],[80.79073,7.152],[80.78935,7.153],[80.79,7.156],[80.78825,7.158],[80.79079,7.162],[80.7895,7.164],[80.78803,7.174],[80.78912,7.177],[80.79247,7.179]]},"properties":{"ele":1000,"index":1}},{"type":"Feature","geometry":{"type":"LineString","coordinates":[[81.11168,7.179],[81.113,7.17925],[81.11504,7.178],[81.11609,7.174],[81.122,7.17006],[81.12317,7.166],[81.12657,7.163],[81.125,7.15554],[81.131,7.15457],[81.1311,7.152],[81.12996,7.15],[81.13048,7.149],[81.12921,7.146],[81.13068,7.142],[81.132,7.14111],[81.13441,7.143],[81.137,7.14348],[81.13664,7.141],[81.138,7.13976],[81.14173,7.139],[81.144,7.13108],[81.147,7.13018],[81.14933,7.128],[81.15263,7.121],[81.157,7.119],[81.159,7.11609],[81.161,7.11646],[81.16057,7.113],[81.16578,7.105],[81.16704,7.1],[81.16604,7.096],[81.1697,7.093],[81.172,7.08819],[81.175,7.09272],[81.17673,7.092],[81.17792,7.088],[81.179,7.0875],[81.18018,7.088],[81.181,7.09234],[81.186,7.09111],[81.189,7.09384],[81.192,7.09323],[81.19304,7.092],[81.19422,7.084],[81.19254,7.082],[81.1942,7.079],[81.18823,7.064],[81.187,7.06432],[81.18461,7.071],[81.18295,7.073],[81.18326,7.075],[81.181,7.07921],[81.18,7.07914],[81.17618,7.063],[81.17643,7.06],[81.17862,7.055],[81.18189,7.052],[81.18277,7.044],[81.185,7.04488],[81.18528,7.043],[81.18388,7.04],[81.18907,7.032],[81.188,7.029],[81.18941,7.029],[81.18943,7.025],[81.19118,7.021],[81.191,7.01917],[81.189,7.0183],[81.18756,7.016],[81.19038,7.01],[81.19,7.00858],[81.187,7.00758],[81.184,7.00815],[81.18311,7.006],[81.186,7.002],[81.1884,7.001],[81.18903,6.996],[81.19214,6.994],[81.19107,6.991],[81.1931,6.99],[81.19143,6.98],[81.189,6.9779],[81.187,6.97909],[81.18335,6.977],[81.1862,6.974],[81.186,6.97144],[81.184,6.96988],[81.1842,6.967],[81.185,6.96563],[81.188,6.965],[81.18675,6.964],[81.18695,6.959],[81.19,6.95865],[81.191,6.95758],[81.19161,6.951],[81.191,6.94935],[81.184,6.94477],[81.182,6.94837],[81.18,6.94741],[81.178,6.94808],[81.174,6.94267],[81.169,6.94255],[81.163,6.94706],[81.162,6.947],[81.161,6.94497],[81.15921,6.947],[81.1595,6.95],[81.163,6.94918],[81.16497,6.953],[81.173,6.95588],[81.17488,6.958],[81.17526,6.966],[81.17296,6.969],[81.17336,6.971],[81.168,6.98583],[81.163,6.98907],[81.16295,6.993],[81.15838,6.996],[81.15592,6.999],[81.157,7.00311],[81.15332,7.006],[81.1557,7.009],[81.15538,7.01],[81.154,7.0117],[81.15048,7.013],[81.15142,7.017],[81.1509,7.021],[81.15435,7.025],[81.15418,7.026],[81.14876,7.029],[81.14726,7.031],[81.147,7.03422],[81.143,7.03696],[81.1411,7.037],[81.14563,7.043],[81.14554,7.045],[81.142,7.04845],[81.14,7.04809],[81.137,7.05186],[81.13355,7.051],[81.13188,7.055],[81.134,7.0559],[81.136,7.05511],[81.138,7.05887],[81.145,7.05279],[81.14621,7.056],[81.14523,7.06],[81.148,7.06281],[81.152,7.06013],[81.154,7.06118],[81.158,7.05909],[81.159,7.0605],[81.15888,7.063],[81.16,7.0635],[81.163,7.06234],[81.16357,7.063],[81.16181,7.067],[81.1653,7.073],[81.16,7.08264],[81.154,7.08252],[81.149,7.08473],[81.143,7.08568],[81.14124,7.087],[81.14316,7.093],[81.14237,7.097],[81.14042,7.098],[81.13957,7.103],[81.138,7.10438],[81.135,7.10381],[81.13253,7.107],[81.13076,7.114],[81.13162,7.119],[81.13,7.12211],[81.12867,7.122],[81.1296,7.12],[81.12767,7.118],[81.1297,7.112],[81.1299,7.108],[81.13237,7.102],[81.129,7.10039],[81.121,7.10413],[81.119,7.10061],[81.118,7.10036],[81.116,7.10279],[81.11529,7.107],[81.11891,7.108],[81.115,7.118],[81.11603,7.119],[81.11464,7.127],[81.11154,7.133],[81.11263,7.136],[81.11,7.13889],[81.108,7.13927],[81.10703,7.142],[81.112,7.14344],[81.11278,7.146],[81.11467,7.148],[81.10815,7.153],[81.11089,7.156],[81.11081,7.158],[81.11516,7.162],[81.1161,7.165],[81.113,7.16739],[81.109,7.16771],[81.10561,7.17],[81.111,7.17004],[81.11382,7.171],[81.11168,7.179]]},"properties":{"ele":1000,"index":1}},{"type":"Feature","geometry":{"type":"LineString","coordinates":[[80.92768,7.168],[80.929,7.16686],[80.931,7.16736],[80.93097,7.165],[80.92909,7.161],[80.93191,7.157],[80.927,7.15145],[80.92442,7.154],[80.925,7.15856],[80.9182,7.159],[80.92386,7.163],[80.92456,7.165],[80.92768,7.168]]},"properties":{"ele":1000,"index":1}},{"type":"Feature","geometry":{"type":"LineString","coordinates":[[80.75775,7.162],[80.75955,7.162],[80.771,7.15632],[80.77258,7.155],[80.775,7.15012],[80.779,7.14978],[80.78155,7.145],[80.778,7.13958],[80.7747,7.142],[80.76288,7.158],[80.75775,7.162]]},"properties":{"ele":1000,"index":1}},{"type":"Feature","geometry":{"type":"LineString","coordinates":[[80.42977,7.151],[80.43384,7.149],[80.43385,7.146],[80.43611,7.144],[80.435,7.14123],[80.42979,7.147],[80.42977,7.151]]},"properties":{"ele":1000,"index":1}},{"type":"Feature","geometry":{"type":"LineString","coordinates":[[80.92543,7.149],[80.927,7.14945],[80.928,7.143],[80.92216,7.145],[80.924,7.1483],[80.92543,7.149]]},"properties":{"ele":1000,"index":1}},{"type":"Feature","geometry":{"type":"LineString","coordinates":[[80.927,7.141],[80.928,7.14176],[80.93162,7.138],[80.929,7.13071],[80.92785,7.132],[80.928,7.1341],[80.92381,7.137],[80.92365,7.138],[80.927,7.141]]},"properties":{"ele":1000,"index":1}},{"type":"Feature","geometry":{"type":"LineString","coordinates":[[80.43863,7.124],[80.44733,7.118],[80.44883,7.116],[80.44797,7.113],[80.44908,7.112],[80.449,7.11],[80.455,7.1065],[80.457,7.10634],[80.46,7.1094],[80.463,7.10828],[80.464,7.11173],[80.465,7.11223],[80.47044,7.108],[80.471,7.10445],[80.464,7.1066],[80.462,7.10323],[80.45897,7.102],[80.457,7.09789],[80.455,7.09624],[80.45267,7.096],[80.459,7.09481],[80.46639,7.092],[80.46307,7.088],[80.46384,7.087],[80.458,7.0857],[80.454,7.0864],[80.447,7.08241],[80.443,7.08176],[80.439,7.08199],[80.43613,7.084],[80.43733,7.086],[80.43426,7.088],[80.43546,7.09],[80.43272,7.092],[80.43274,7.093],[80.435,7.09386],[80.441,7.09333],[80.446,7.0945],[80.449,7.09126],[80.44974,7.094],[80.45225,7.095],[80.452,7.09556],[80.448,7.09802],[80.445,7.09828],[80.44136,7.1],[80.44234,7.101],[80.44137,7.102],[80.44217,7.103],[80.44,7.10464],[80.439,7.10352],[80.43773,7.104],[80.439,7.1055],[80.439,7.10738],[80.438,7.10623],[80.434,7.10621],[80.432,7.10457],[80.43,7.10514],[80.427,7.10368],[80.42483,7.104],[80.4212,7.108],[80.424,7.10991],[80.438,7.11033],[80.43886,7.111],[80.437,7.11243],[80.436,7.11156],[80.43209,7.113],[80.436,7.11381],[80.437,7.11325],[80.43843,7.115],[80.43894,7.116],[80.43762,7.119],[80.43863,7.124]]},"properties":{"ele":1000,"index":1}},{"type":"Feature","geometry":{"type":"LineString","coordinates":[[80.6074,7.124],[80.61283,7.123],[80.613,7.11853],[80.611,7.11984],[80.609,7.12331],[80.608,7.123],[80.6074,7.124]]},"properties":{"ele":1000,"index":1}},{"type":"Feature","geometry":{"type":"LineString","coordinates":[[80.4138,7.109],[80.416,7.10765],[80.419,7.10948],[80.42094,7.108],[80.42079,7.107],[80.416,7.10496],[80.4138,7.109]]},"properties":{"ele":1000,"index":1}},{"type":"Feature","geometry":{"type":"LineString","coordinates":[[80.61823,7.108],[80.619,7.10885],[80.621,7.1079],[80.624,7.10859],[80.625,7.1071],[80.62765,7.106],[80.62806,7.103],[80.63253,7.1],[80.636,7.096],[80.638,7.09482],[80.641,7.0965],[80.64161,7.096],[80.642,7.0928],[80.63994,7.092],[80.641,7.0845],[80.638,7.08043],[80.637,7.07417],[80.632,7.06971],[80.627,7.06964],[80.622,7.07125],[80.619,7.07411],[80.612,7.07007],[80.608,7.07091],[80.606,7.07003],[80.60435,7.072],[80.60426,7.074],[80.601,7.07713],[80.599,7.07496],[80.594,7.07458],[80.59133,7.078],[80.59055,7.083],[80.58731,7.085],[80.591,7.08851],[80.59257,7.092],[80.595,7.09448],[80.598,7.09275],[80.608,7.09611],[80.611,7.09541],[80.613,7.09815],[80.616,7.09662],[80.61481,7.104],[80.61667,7.105],[80.61823,7.108]]},"properties":{"ele":1000,"index":1}},{"type":"Feature","geometry":{"type":"LineString","coordinates":[[80.41559,7.085],[80.41656,7.085],[80.41643,7.084],[80.415,7.08322],[80.41388,7.084],[80.41559,7.085]]},"properties":{"ele":1000,"index":1}},{"type":"Feature","geometry":{"type":"LineString","coordinates":[[80.4893,7.085],[80.494,7.08431],[80.497,7.08096],[80.49927,7.082],[80.501,7.08453],[80.50276,7.083],[80.50185,7.082],[80.50243,7.081],[80.508,7.08026],[80.514,7.07797],[80.515,7.0787],[80.518,7.07803],[80.5186,7.077],[80.51816,7.074],[80.51347,7.069],[80.513,7.06455],[80.512,7.06508],[80.51024,7.062],[80.50753,7.061],[80.506,7.05803],[80.497,7.05337],[80.494,7.05377],[80.49208,7.056],[80.49,7.05618],[80.48687,7.054],[80.48622,7.05],[80.487,7.04686],[80.485,7.04994],[80.48189,7.048],[80.47962,7.048],[80.47507,7.052],[80.475,7.05427],[80.472,7.05534],[80.47,7.05743],[80.46709,7.057],[80.463,7.06183],[80.458,7.0627],[80.455,7.06685],[80.452,7.06756],[80.44998,7.067],[80.45,7.06841],[80.454,7.06975],[80.45538,7.072],[80.459,7.07369],[80.46088,7.07],[80.463,7.06887],[80.465,7.0661],[80.46471,7.071],[80.46563,7.075],[80.46715,7.076],[80.468,7.07871],[80.47,7.07914],[80.475,7.077],[80.47735,7.073],[80.48,7.07136],[80.48078,7.072],[80.47983,7.074],[80.48,7.08115],[80.484,7.08497],[80.4893,7.085]]},"properties":{"ele":1000,"index":1}},{"type":"Feature","geometry":{"type":"LineString","coordinates":[[81.08537,7.07],[81.086,7.07092],[81.09,7.06862],[81.092,7.07012],[81.09396,7.068],[81.094,7.06536],[81.097,7.06271],[81.09921,7.062],[81.094,7.0574],[81.09256,7.063],[81.087,7.06659],[81.08537,7.07]]},"properties":{"ele":1000,"index":1}},{"type":"Feature","geometry":{"type":"LineString","coordinates":[[80.99698,7.062],[80.999,7.06205],[81.003,7.05931],[81.00311,7.051],[81.004,7.04915],[81.015,7.04769],[81.01602,7.051],[81.01456,7.057],[81.015,7.05841],[81.01948,7.056],[81.02263,7.05],[81.025,7.04873],[81.026,7.04919],[81.028,7.0482],[81.03,7.0491],[81.0324,7.055],[81.03297,7.059],[81.034,7.0595],[81.037,7.06023],[81.03768,7.057],[81.04092,7.053],[81.03816,7.05],[81.03865,7.048],[81.0377,7.046],[81.037,7.04505],[81.036,7.04578],[81.03473,7.045],[81.0343,7.043],[81.03188,7.04],[81.03,7.03229],[81.0264,7.031],[81.02761,7.028],[81.02668,7.025],[81.025,7.02433],[81.023,7.02552],[81.02213,7.025],[81.01981,7.021],[81.014,7.01732],[81.01,7.01661],[81.001,7.02057],[80.999,7.02026],[80.99779,7.021],[80.997,7.02409],[80.993,7.02363],[80.988,7.01724],[80.987,7.0171],[80.985,7.01929],[80.983,7.01897],[80.98112,7.021],[80.982,7.02295],[80.988,7.02235],[80.989,7.0258],[80.99121,7.027],[80.99211,7.029],[80.996,7.03036],[80.9978,7.032],[80.99472,7.037],[80.997,7.03923],[80.998,7.0438],[80.99953,7.044],[80.99995,7.045],[80.999,7.048],[80.995,7.0483],[80.99395,7.05],[80.99535,7.052],[80.99469,7.057],[80.99664,7.059],[80.99698,7.062]]},"properties":{"ele":1000,"index":1}},{"type":"Feature","geometry":{"type":"LineString","coordinates":[[80.40935,7.056],[80.41,7.05665],[80.412,7.0555],[80.413,7.05652],[80.416,7.05535],[80.41811,7.053],[80.41867,7.049],[80.417,7.047],[80.4185,7.046],[80.417,7.044],[80.41874,7.043],[80.41643,7.041],[80.421,7.04054],[80.42,7.03871],[80.416,7.03784],[80.41343,7.039],[80.41386,7.041],[80.409,7.04197],[80.404,7.04028],[80.398,7.04151],[80.39473,7.046],[80.39402,7.049],[80.396,7.051],[80.39454,7.053],[80.39544,7.054],[80.397,7.05457],[80.407,7.05112],[80.40935,7.056]]},"properties":{"ele":1000,"index":1}},{"type":"Feature","geometry":{"type":"LineString","coordinates":[[80.9061,7.056],[80.907,7.05677],[80.911,7.05498],[80.91207,7.049],[80.911,7.04749],[80.906,7.0469],[80.90438,7.049],[80.90424,7.05],[80.90659,7.053],[80.9061,7.056]]},"properties":{"ele":1000,"index":1}},{"type":"Feature","geometry":{"type":"LineString","coordinates":[[81.09368,7.056],[81.094,7.05682],[81.0984,7.053],[81.09934,7.048],[81.10442,7.043],[81.10296,7.041],[81.10448,7.037],[81.112,7.03056],[81.114,7.02644],[81.11,7.02715],[81.10967,7.026],[81.108,7.02594],[81.096,7.03979],[81.09815,7.045],[81.093,7.05267],[81.09368,7.056]]},"properties":{"ele":1000,"index":1}},{"type":"Feature","geometry":{"type":"LineString","coordinates":[[80.37612,7.051],[80.378,7.05179],[80.37902,7.051],[80.377,7.04815],[80.37445,7.05],[80.37612,7.051]]},"properties":{"ele":1000,"index":1}},{"type":"Feature","geometry":{"type":"LineString","coordinates":[[80.454,7.042],[80.459,7.04286],[80.462,7.04065],[80.465,7.04007],[80.47044,7.033],[80.4692,7.022],[80.46978,7.018],[80.46636,7.015],[80.463,7.0065],[80.46131,7.012],[80.45845,7.014],[80.45852,7.026],[80.452,7.03183],[80.44926,7.032],[80.44951,7.037],[80.44673,7.039],[80.448,7.0405],[80.454,7.042]]},"properties":{"ele":1000,"index":1}},{"type":"Feature","geometry":{"type":"LineString","coordinates":[[80.94517,7.04],[80.94694,7.04],[80.948,7.03833],[80.952,7.03788],[80.95169,7.035],[80.951,7.03439],[80.949,7.03568],[80.94517,7.04]]},"properties":{"ele":1000,"index":1}},{"type":"Feature","geometry":{"type":"LineString","coordinates":[[81.11522,7.026],[81.116,7.02622],[81.11667,7.025],[81.116,7.0238],[81.11495,7.024],[81.11522,7.026]]},"properties":{"ele":1000,"index":1}},{"type":"Feature","geometry":{"type":"LineString","coordinates":[[81.02088,7.012],[81.02528,7.007],[81.025,7.005],[81.02645,7.002],[81.02291,6.997],[81.022,6.99212],[81.021,6.99325],[81.02059,6.997],[81.01669,6.997],[81.01544,7.004],[81.01588,7.006],[81.01494,7.007],[81.016,7.00667],[81.017,7.00869],[81.019,7.00893],[81.01948,7.011],[81.02088,7.012]]},"properties":{"ele":1000,"index":1}},{"type":"Feature","geometry":{"type":"LineString","coordinates":[[81.02743,7.002],[81.028,7.00267],[81.03011,7.001],[81.02917,6.998],[81.03014,6.997],[81.03008,6.995],[81.03323,6.994],[81.03253,6.989],[81.03,6.987],[81.03112,6.986],[81.0306,6.981],[81.03182,6.979],[81.031,6.97777],[81.02855,6.979],[81.02584,6.987],[81.027,6.98787],[81.029,6.98744],[81.0296,6.989],[81.029,6.99011],[81.027,6.9896],[81.02599,6.991],[81.026,6.997],[81.02743,7.002]]},"properties":{"ele":1000,"index":1}},{"type":"Feature","geometry":{"type":"LineString","coordinates":[[81.08689,6.995],[81.088,6.996],[81.08943,6.994],[81.089,6.99331],[81.088,6.99489],[81.08689,6.995]]},"properties":{"ele":1000,"index":1}},{"type":"Feature","geometry":{"type":"LineString","coordinates":[[81.03865,6.986],[81.039,6.9866],[81.04001,6.984],[81.03892,6.98],[81.036,6.98033],[81.034,6.97561],[81.033,6.97512],[81.03257,6.979],[81.034,6.98079],[81.03681,6.982],[81.03865,6.986]]},"properties":{"ele":1000,"index":1}},{"type":"Feature","geometry":{"type":"LineString","coordinates":[[80.93278,6.953],[80.934,6.95396],[80.935,6.95181],[80.93357,6.95],[80.93383,6.949],[80.93,6.94546],[80.92936,6.946],[80.93278,6.953]]},"properties":{"ele":1000,"index":1}},{"type":"Feature","geometry":{"type":"LineString","coordinates":[[81.05047,6.947],[81.056,6.94604],[81.05657,6.941],[81.061,6.93743],[81.063,6.94123],[81.06848,6.932],[81.06909,6.928],[81.06839,6.927],[81.066,6.92684],[81.063,6.9239],[81.05388,6.928],[81.05112,6.932],[81.0535,6.934],[81.05347,6.937],[81.05089,6.939],[81.05168,6.94],[81.05047,6.947]]},"properties":{"ele":1000,"index":1}},{"type":"Feature","geometry":{"type":"LineString","coordinates":[[80.56308,6.718],[80.568,6.71881],[80.56886,6.718],[80.566,6.71671],[80.56359,6.717],[80.56308,6.718]]},"properties":{"ele":1000,"index":1}},{"type":"Feature","geometry":{"type":"LineString","coordinates":[[80.60347,6.691],[80.609,6.6906],[80.614,6.69198],[80.61534,6.691],[80.6147,6.689],[80.61657,6.685],[80.6165,6.683],[80.61459,6.683],[80.61,6.68931],[80.607,6.68852],[80.60347,6.691]]},"properties":{"ele":1000,"index":1}},{"type":"Feature","geometry":{"type":"LineString","coordinates":[[80.61379,6.679],[80.615,6.67847],[80.61537,6.675],[80.612,6.67443],[80.6115,6.675],[80.61395,6.677],[80.61379,6.679]]},"properties":{"ele":1000,"index":1}},{"type":"Feature","geometry":{"type":"LineString","coordinates":[[80.623,6.673],[80.625,6.67297],[80.63,6.66841],[80.63426,6.666],[80.64616,6.662],[80.64515,6.661],[80.64583,6.66],[80.653,6.65591],[80.65577,6.652],[80.66237,6.647],[80.662,6.64462],[80.665,6.644],[80.66658,6.642],[80.662,6.64156],[80.654,6.64317],[80.65,6.64194],[80.645,6.64178],[80.637,6.63796],[80.636,6.64066],[80.632,6.6403],[80.63,6.64114],[80.627,6.64631],[80.624,6.6462],[80.622,6.64754],[80.618,6.64432],[80.616,6.64406],[80.615,6.64462],[80.615,6.64707],[80.61064,6.647],[80.6123,6.649],[80.612,6.65023],[80.607,6.65083],[80.604,6.6495],[80.599,6.65095],[80.59679,6.654],[80.594,6.65558],[80.595,6.658],[80.591,6.65805],[80.58683,6.662],[80.58612,6.663],[80.58767,6.666],[80.592,6.6662],[80.612,6.66158],[80.62757,6.661],[80.62438,6.664],[80.62542,6.666],[80.6291,6.667],[80.62411,6.671],[80.623,6.673]]},"properties":{"ele":1000,"index":1}},{"type":"Feature","geometry":{"type":"LineString","coordinates":[[80.63683,6.673],[80.642,6.67337],[80.64446,6.672],[80.64569,6.67],[80.644,6.66897],[80.64125,6.67],[80.642,6.67116],[80.639,6.67129],[80.63683,6.673]]},"properties":{"ele":1000,"index":1}},{"type":"Feature","geometry":{"type":"LineString","coordinates":[[80.51963,6.489],[80.532,6.48742],[80.5325,6.487],[80.52967,6.484],[80.531,6.483],[80.541,6.48146],[80.547,6.47881],[80.555,6.47736],[80.557,6.47447],[80.564,6.47273],[80.564,6.46927],[80.561,6.47074],[80.551,6.47137],[80.544,6.4748],[80.539,6.47535],[80.536,6.4783],[80.532,6.48023],[80.53,6.47945],[80.52903,6.48],[80.5271,6.483],[80.51963,6.489]]},"properties":{"ele":1000,"index":1}},{"type":"Feature","geometry":{"type":"LineString","coordinates":[[80.57247,6.469],[80.583,6.46841],[80.58633,6.465],[80.584,6.46283],[80.578,6.46186],[80.56935,6.467],[80.57247,6.469]]},"properties":{"ele":1000,"index":1}},{"type":"Feature","geometry":{"type":"LineString","coordinates":[[80.63696,6.46],[80.64,6.46087],[80.643,6.4576],[80.64,6.45739],[80.638,6.4558],[80.63864,6.457],[80.63663,6.459],[80.63696,6.46]]},"properties":{"ele":1000,"index":1}},{"type":"Feature","geometry":{"type":"LineString","coordinates":[[80.64406,6.457],[80.648,6.45764],[80.651,6.45537],[80.65858,6.455],[80.65714,6.454],[80.655,6.45455],[80.646,6.45254],[80.644,6.45375],[80.641,6.45262],[80.642,6.4545],[80.644,6.45406],[80.64562,6.455],[80.64406,6.457]]},"properties":{"ele":1000,"index":1}},{"type":"Feature","geometry":{"type":"LineString","coordinates":[[80.58869,6.45],[80.59547,6.453],[80.596,6.45516],[80.604,6.45446],[80.607,6.4554],[80.612,6.45477],[80.616,6.4555],[80.618,6.45455],[80.61772,6.452],[80.61982,6.451],[80.61926,6.45]]},"properties":{"ele":1000,"index":1}},{"type":"Feature","geometry":{"type":"LineString","coordinates":[[80.71495,7.6],[80.71643,7.594],[80.714,7.58595],[80.71152,7.587],[80.71357,7.598],[80.71495,7.6]]},"properties":{"ele":1200,"index":0}},{"type":"Feature","geometry":{"type":"LineString","coordinates":[[80.70845,7.555],[80.711,7.55462],[80.713,7.54967],[80.71428,7.549],[80.714,7.54685],[80.71,7.54778],[80.70696,7.55],[80.70845,7.555]]},"properties":{"ele":1200,"index":0}},{"type":"Feature","geometry":{"type":"LineString","coordinates":[[80.72891,7.554],[80.733,7.55371],[80.73411,7.552],[80.733,7.54791],[80.73089,7.545],[80.731,7.54075],[80.726,7.5386],[80.72174,7.546],[80.725,7.55072],[80.72891,7.554]]},"properties":{"ele":1200,"index":0}},{"type":"Feature","geometry":{"type":"LineString","coordinates":[[80.73145,7.538],[80.732,7.53892],[80.734,7.53706],[80.73737,7.537],[80.73676,7.535],[80.73781,7.532],[80.73774,7.525],[80.74,7.523],[80.74,7.51895],[80.74095,7.518],[80.74318,7.518],[80.744,7.51664],[80.7439,7.515],[80.739,7.5098],[80.738,7.50977],[80.73838,7.511],[80.73622,7.513],[80.73517,7.519],[80.732,7.51916],[80.73,7.52049],[80.72903,7.525],[80.72775,7.526],[80.72953,7.529],[80.729,7.532],[80.73145,7.538]]},"properties":{"ele":1200,"index":0}},{"type":"Feature","geometry":{"type":"LineString","coordinates":[[80.73871,7.508],[80.739,7.50875],[80.74432,7.506],[80.744,7.50451],[80.741,7.50189],[80.74084,7.499],[80.74204,7.497],[80.74106,7.494],[80.7425,7.493],[80.74148,7.489],[80.73897,7.487],[80.73952,7.48],[80.7375,7.479],[80.73733,7.478],[80.73867,7.473],[80.74,7.47242],[80.743,7.47888],[80.746,7.47824],[80.74678,7.479],[80.74644,7.481],[80.74919,7.485],[80.752,7.48659],[80.755,7.48662],[80.756,7.48573],[80.75666,7.485],[80.75446,7.481],[80.757,7.47956],[80.759,7.47975],[80.75907,7.479],[80.75755,7.477],[80.75897,7.473],[80.756,7.46873],[80.75481,7.463],[80.75476,7.462],[80.75776,7.461],[80.75639,7.455],[80.757,7.45413],[80.76,7.45518],[80.769,7.45276],[80.77,7.45436],[80.77298,7.456],[80.775,7.45936],[80.77856,7.458],[80.77867,7.456],[80.775,7.45386],[80.771,7.44948],[80.77,7.44585],[80.776,7.44425],[80.784,7.44626],[80.78438,7.444],[80.78859,7.441],[80.79,7.44093],[80.793,7.44574],[80.79694,7.447],[80.79718,7.449],[80.79945,7.449],[80.801,7.44718],[80.803,7.4468],[80.80513,7.449],[80.808,7.4495],[80.809,7.44939],[80.81196,7.445],[80.81651,7.443],[80.81576,7.438],[80.814,7.43547],[80.811,7.43475],[80.808,7.43666],[80.80329,7.434],[80.80282,7.432],[80.807,7.42512],[80.809,7.42458],[80.81206,7.421],[80.811,7.4159],[80.813,7.41611],[80.818,7.42054],[80.81803,7.418],[80.81522,7.415],[80.81584,7.41],[80.827,7.40974],[80.83068,7.406],[80.83,7.39857],[80.821,7.39782],[80.82148,7.394],[80.81996,7.393],[80.823,7.38818],[80.826,7.38698],[80.828,7.38825],[80.83006,7.386],[80.831,7.38317],[80.833,7.38335],[80.83433,7.381],[80.8328,7.379],[80.83368,7.375],[80.835,7.37359],[80.837,7.37306],[80.843,7.3745],[80.84551,7.38],[80.853,7.38968],[80.856,7.38839],[80.858,7.38867],[80.86066,7.395],[80.86293,7.397],[80.862,7.40032],[80.868,7.39904],[80.869,7.39572],[80.875,7.3949],[80.877,7.39555],[80.87718,7.394],[80.87449,7.389],[80.87441,7.383],[80.871,7.378],[80.867,7.37763],[80.864,7.38085],[80.863,7.38089],[80.862,7.37936],[80.859,7.37953],[80.857,7.37586],[80.85552,7.375],[80.846,7.37463],[80.84135,7.372],[80.84276,7.366],[80.84223,7.361],[80.84,7.36091],[80.83905,7.359],[80.83956,7.351],[80.8422,7.347],[80.847,7.34341],[80.85,7.33909],[80.856,7.3352],[80.859,7.33209],[80.86045,7.328],[80.86015,7.324],[80.86102,7.321],[80.85953,7.316],[80.86131,7.31],[80.859,7.30833],[80.857,7.3087],[80.855,7.30541],[80.853,7.30478],[80.848,7.3054],[80.846,7.30367],[80.843,7.30728],[80.837,7.30627],[80.833,7.30803],[80.83,7.3079],[80.82892,7.309],[80.82869,7.31],[80.83,7.31103],[80.833,7.30993],[80.83502,7.312],[80.83784,7.32],[80.83405,7.323],[80.83938,7.326],[80.84067,7.33],[80.837,7.33014],[80.83594,7.331],[80.836,7.33329],[80.835,7.33372],[80.82976,7.334],[80.828,7.33993],[80.82479,7.337],[80.82202,7.332],[80.821,7.33138],[80.82063,7.332],[80.82011,7.335],[80.82216,7.337],[80.8223,7.339],[80.82674,7.342],[80.82403,7.345],[80.824,7.34765],[80.823,7.348],[80.82331,7.351],[80.825,7.35227],[80.827,7.35091],[80.83041,7.352],[80.82957,7.355],[80.828,7.35637],[80.826,7.3564],[80.82081,7.354],[80.82148,7.353],[80.8171,7.347],[80.815,7.34688],[80.81,7.34207],[80.809,7.34211],[80.8071,7.346],[80.807,7.34888],[80.806,7.3475],[80.804,7.34742],[80.80208,7.35],[80.80394,7.351],[80.80367,7.352],[80.798,7.35287],[80.79613,7.354],[80.79354,7.363],[80.79424,7.366],[80.8,7.37005],[80.802,7.36999],[80.805,7.37334],[80.808,7.37292],[80.808,7.375],[80.80914,7.376],[80.805,7.38222],[80.803,7.381],[80.8,7.3829],[80.7989,7.381],[80.79905,7.379],[80.798,7.37806],[80.796,7.37897],[80.791,7.37832],[80.786,7.3798],[80.78255,7.384],[80.7822,7.387],[80.78372,7.39],[80.78201,7.393],[80.788,7.39435],[80.79006,7.396],[80.79093,7.401],[80.79613,7.41],[80.786,7.41568],[80.782,7.41068],[80.776,7.41059],[80.77518,7.412],[80.776,7.4172],[80.772,7.41572],[80.76821,7.423],[80.766,7.42467],[80.76467,7.423],[80.763,7.42367],[80.76069,7.421],[80.759,7.416],[80.756,7.41236],[80.75359,7.416],[80.75513,7.42],[80.758,7.42264],[80.757,7.4251],[80.756,7.42583],[80.753,7.42492],[80.751,7.42797],[80.747,7.4263],[80.745,7.42839],[80.743,7.4287],[80.742,7.43247],[80.737,7.43423],[80.73585,7.437],[80.733,7.43709],[80.73459,7.442],[80.73071,7.443],[80.729,7.45046],[80.726,7.44879],[80.723,7.45771],[80.71983,7.457],[80.71742,7.461],[80.717,7.46588],[80.715,7.46448],[80.71179,7.464],[80.71074,7.469],[80.712,7.46963],[80.715,7.46821],[80.717,7.46832],[80.71668,7.473],[80.72265,7.48],[80.722,7.48403],[80.71843,7.488],[80.71748,7.492],[80.71967,7.493],[80.721,7.49528],[80.722,7.49561],[80.724,7.49438],[80.72483,7.495],[80.72496,7.498],[80.726,7.49917],[80.729,7.49482],[80.73256,7.496],[80.733,7.49735],[80.736,7.49852],[80.73545,7.501],[80.73625,7.505],[80.73871,7.508]]},"properties":{"ele":1200,"index":0}},{"type":"Feature","geometry":{"type":"LineString","coordinates":[[80.8195,7.479],[80.82,7.48],[80.82166,7.478],[80.8216,7.475],[80.81995,7.473],[80.82278,7.469],[80.82359,7.465],[80.82276,7.46],[80.82408,7.459],[80.811,7.45078],[80.81036,7.452],[80.81267,7.456],[80.81192,7.459],[80.80965,7.462],[80.80862,7.468],[80.803,7.47345],[80.80288,7.475],[80.806,7.47676],[80.80887,7.476],[80.80992,7.474],[80.813,7.47421],[80.8195,7.479]]},"properties":{"ele":1200,"index":0}},{"type":"Feature","geometry":{"type":"LineString","coordinates":[[80.70391,7.456],[80.70674,7.453],[80.70747,7.449],[80.70695,7.446],[80.7103,7.442],[80.71035,7.44],[80.71666,7.433],[80.71674,7.418],[80.72182,7.41],[80.721,7.40667],[80.714,7.41116],[80.7133,7.41],[80.71329,7.409],[80.71552,7.407],[80.71667,7.402],[80.71574,7.398],[80.7165,7.39],[80.71753,7.389],[80.71669,7.387],[80.713,7.38433],[80.71178,7.385],[80.71044,7.388],[80.707,7.38882],[80.702,7.385],[80.70223,7.381],[80.7,7.37798],[80.6958,7.38],[80.69688,7.381],[80.6963,7.383],[80.691,7.389],[80.69565,7.391],[80.69666,7.395],[80.701,7.39869],[80.70281,7.403],[80.70348,7.411],[80.703,7.41271],[80.70189,7.413],[80.7029,7.415],[80.69903,7.424],[80.702,7.42696],[80.704,7.4259],[80.704,7.42822],[80.70663,7.429],[80.70562,7.434],[80.70646,7.436],[80.704,7.4375],[80.70267,7.445],[80.70358,7.447],[80.70391,7.456]]},"properties":{"ele":1200,"index":0}},{"type":"Feature","geometry":{"type":"LineString","coordinates":[[80.88225,7.423],[80.883,7.42395],[80.88398,7.423],[80.88409,7.419],[80.886,7.41684],[80.889,7.41551],[80.89391,7.41],[80.897,7.40914],[80.89827,7.407],[80.8899,7.408],[80.88522,7.404],[80.884,7.40044],[80.882,7.40021],[80.88058,7.401],[80.882,7.40227],[80.88225,7.405],[80.88501,7.408],[80.8853,7.411],[80.88451,7.414],[80.88285,7.416],[80.88269,7.419],[80.87979,7.421],[80.88225,7.423]]},"properties":{"ele":1200,"index":0}},{"type":"Feature","geometry":{"type":"LineString","coordinates":[[80.78219,7.349],[80.784,7.34961],[80.786,7.349],[80.78663,7.346],[80.786,7.34322],[80.78227,7.347],[80.78219,7.349]]},"properties":{"ele":1200,"index":0}},{"type":"Feature","geometry":{"type":"LineString","coordinates":[[80.84394,7.289],[80.846,7.28942],[80.84568,7.287],[80.844,7.28521],[80.84141,7.286],[80.84394,7.289]]},"properties":{"ele":1200,"index":0}},{"type":"Feature","geometry":{"type":"LineString","coordinates":[[80.62863,7.238],[80.63713,7.231],[80.642,7.22356],[80.642,7.2213],[80.64,7.22245],[80.635,7.22863],[80.63438,7.231],[80.63082,7.234],[80.62863,7.238]]},"properties":{"ele":1200,"index":0}},{"type":"Feature","geometry":{"type":"LineString","coordinates":[[80.69359,7.209],[80.696,7.20915],[80.69848,7.207],[80.698,7.20466],[80.695,7.2024],[80.68979,7.205],[80.69,7.20831],[80.69359,7.209]]},"properties":{"ele":1200,"index":0}},{"type":"Feature","geometry":{"type":"LineString","coordinates":[[80.709,7.203],[80.71192,7.202],[80.712,7.19793],[80.711,7.19679],[80.705,7.195],[80.70312,7.192],[80.704,7.19125],[80.707,7.19154],[80.709,7.19311],[80.71031,7.191],[80.707,7.18666],[80.703,7.18683],[80.703,7.19],[80.7,7.19137],[80.69858,7.191],[80.69761,7.192],[80.69666,7.196],[80.698,7.199],[80.69675,7.2],[80.709,7.203]]},"properties":{"ele":1200,"index":0}},{"type":"Feature","geometry":{"type":"LineString","coordinates":[[80.79208,7.174],[80.793,7.17445],[80.795,7.17255],[80.8,7.17089],[80.806,7.1717],[80.80763,7.17],[80.80839,7.159],[80.80685,7.155],[80.80863,7.149],[80.808,7.1479],[80.807,7.1477],[80.805,7.14956],[80.802,7.14786],[80.799,7.15016],[80.79664,7.162],[80.79278,7.167],[80.79208,7.174]]},"properties":{"ele":1200,"index":0}},{"type":"Feature","geometry":{"type":"LineString","coordinates":[[80.68268,7.173],[80.684,7.1734],[80.69016,7.17],[80.693,7.16453],[80.699,7.15864],[80.701,7.15319],[80.713,7.141],[80.711,7.13979],[80.70896,7.136],[80.70903,7.134],[80.71002,7.133],[80.70971,7.126],[80.718,7.126],[80.722,7.12961],[80.724,7.13282],[80.72688,7.13],[80.73609,7.127],[80.737,7.126],[80.73692,7.124],[80.7396,7.123],[80.74103,7.121],[80.74578,7.118],[80.746,7.11552],[80.751,7.11438],[80.756,7.11132],[80.758,7.10841],[80.763,7.10724],[80.768,7.10783],[80.76488,7.11],[80.76557,7.111],[80.773,7.11483],[80.776,7.11477],[80.77848,7.114],[80.78053,7.112],[80.77984,7.11],[80.787,7.10484],[80.791,7.10437],[80.79159,7.102],[80.78848,7.097],[80.78861,7.095],[80.786,7.09365],[80.782,7.08925],[80.78292,7.086],[80.77613,7.081],[80.77446,7.075],[80.775,7.0734],[80.77767,7.073],[80.777,7.0711],[80.771,7.06371],[80.767,7.06584],[80.764,7.06514],[80.7664,7.063],[80.76636,7.061],[80.76138,7.054],[80.762,7.05098],[80.766,7.0523],[80.771,7.0525],[80.77291,7.051],[80.771,7.046],[80.77159,7.044],[80.773,7.04395],[80.776,7.04138],[80.78,7.036],[80.7825,7.037],[80.78231,7.039],[80.78345,7.041],[80.78047,7.05],[80.78093,7.054],[80.78543,7.056],[80.78468,7.058],[80.785,7.06335],[80.789,7.06597],[80.792,7.06546],[80.795,7.06309],[80.797,7.06322],[80.79759,7.064],[80.79641,7.067],[80.79662,7.068],[80.798,7.06829],[80.804,7.06282],[80.80957,7.07],[80.80968,7.073],[80.813,7.07455],[80.81762,7.08],[80.81484,7.083],[80.81337,7.087],[80.819,7.08672],[80.82,7.08869],[80.822,7.08973],[80.826,7.08695],[80.8262,7.096],[80.828,7.09816],[80.832,7.09644],[80.83223,7.095],[80.835,7.0931],[80.839,7.09285],[80.83936,7.099],[80.84036,7.101],[80.83849,7.103],[80.83844,7.105],[80.84041,7.106],[80.84016,7.111],[80.843,7.11206],[80.84364,7.107],[80.847,7.10668],[80.848,7.10929],[80.85135,7.103],[80.851,7.0992],[80.85,7.09974],[80.84875,7.099],[80.84883,7.094],[80.84583,7.089],[80.84575,7.088],[80.849,7.08439],[80.85,7.08431],[80.84974,7.086],[80.851,7.08761],[80.857,7.08681],[80.859,7.08743],[80.86154,7.084],[80.862,7.08034],[80.864,7.07673],[80.866,7.07489],[80.87,7.074],[80.876,7.06791],[80.87767,7.073],[80.88163,7.075],[80.88238,7.077],[80.882,7.08024],[80.888,7.07864],[80.887,7.0736],[80.88474,7.071],[80.88486,7.068],[80.88872,7.067],[80.88935,7.065],[80.887,7.06338],[80.88611,7.059],[80.88217,7.053],[80.88088,7.046],[80.882,7.04462],[80.885,7.04571],[80.89,7.05007],[80.89354,7.048],[80.8948,7.046],[80.89346,7.041],[80.889,7.035],[80.88998,7.032],[80.88842,7.03],[80.88854,7.027],[80.889,7.02633],[80.894,7.02691],[80.9,7.029],[80.901,7.02629],[80.90367,7.026],[80.902,7.02107],[80.89943,7.019],[80.89483,7.011],[80.89457,7.008],[80.88916,7],[80.889,6.9966],[80.89,6.99617],[80.89116,6.999],[80.895,7.00259],[80.898,7.00195],[80.9,6.99955],[80.9013,7.004],[80.90489,7.008],[80.91,7.01007],[80.913,7.00939],[80.916,7.01166],[80.92,7.01123],[80.923,7.01247],[80.926,7.01211],[80.92693,7.011],[80.92731,7.009],[80.93096,7.004],[80.92988,7.001],[80.933,6.997],[80.93476,7],[80.936,7.00036],[80.94007,6.999],[80.944,6.99441],[80.94747,6.998],[80.948,7.00276],[80.951,7.00422],[80.95209,7.004],[80.95183,7.002],[80.954,6.99824],[80.955,6.998],[80.958,7.00062],[80.959,6.9995],[80.95855,6.994],[80.957,6.99225],[80.947,6.993],[80.94505,6.992],[80.94161,6.979],[80.94257,6.977],[80.94,6.97422],[80.936,6.97516],[80.93411,6.977],[80.932,6.97714],[80.929,6.97927],[80.923,6.97703],[80.92167,6.975],[80.9225,6.973],[80.922,6.97192],[80.921,6.972],[80.921,6.97373],[80.915,6.9748],[80.91012,6.972],[80.91219,6.97],[80.91112,6.969],[80.91186,6.964],[80.906,6.9592],[80.903,6.95917],[80.901,6.95787],[80.9,6.959],[80.896,6.95958],[80.895,6.96432],[80.893,6.96174],[80.889,6.9606],[80.887,6.96534],[80.885,6.96232],[80.881,6.96107],[80.878,6.9618],[80.877,6.9633],[80.876,6.96171],[80.871,6.95984],[80.864,6.96095],[80.86,6.95993],[80.858,6.95832],[80.855,6.95915],[80.85513,6.948],[80.856,6.94741],[80.86,6.94974],[80.86193,6.944],[80.865,6.94665],[80.86649,6.944],[80.86667,6.942],[80.8645,6.937],[80.862,6.93746],[80.86087,6.936],[80.86,6.93037],[80.856,6.93031],[80.85203,6.933],[80.85052,6.937],[80.851,6.94179],[80.848,6.9391],[80.84533,6.941],[80.84788,6.943],[80.847,6.94354],[80.83867,6.943],[80.84658,6.936],[80.84643,6.93],[80.85024,6.928],[80.85111,6.927],[80.85042,6.926],[80.8548,6.924],[80.85845,6.92],[80.859,6.918],[80.858,6.91723],[80.856,6.9174],[80.853,6.91966],[80.8523,6.919],[80.85314,6.917],[80.85,6.915],[80.85133,6.914],[80.85,6.91042],[80.855,6.91329],[80.858,6.91195],[80.85895,6.909],[80.8608,6.908],[80.866,6.89975],[80.86636,6.899],[80.86497,6.897],[80.866,6.89537],[80.871,6.89782],[80.871,6.90211],[80.872,6.90263],[80.874,6.90175],[80.87552,6.906],[80.875,6.90927],[80.87646,6.909],[80.87664,6.907],[80.87821,6.905],[80.8785,6.901],[80.88021,6.9],[80.87884,6.899],[80.87869,6.897],[80.87586,6.896],[80.87671,6.892],[80.875,6.89],[80.871,6.88923],[80.87,6.89256],[80.86582,6.892],[80.86595,6.89],[80.865,6.88858],[80.864,6.889],[80.86384,6.888],[80.86444,6.885],[80.86596,6.884],[80.866,6.88288],[80.863,6.88324],[80.861,6.88174],[80.859,6.88181],[80.857,6.88435],[80.856,6.88336],[80.852,6.88427],[80.85217,6.882],[80.851,6.88094],[80.849,6.8807],[80.84538,6.882],[80.848,6.87769],[80.855,6.87807],[80.86,6.87675],[80.863,6.87838],[80.864,6.87691],[80.868,6.876],[80.86639,6.872],[80.869,6.871],[80.871,6.87176],[80.872,6.87123],[80.871,6.8697],[80.86929,6.87],[80.869,6.871],[80.86747,6.869],[80.869,6.86686],[80.871,6.86647],[80.872,6.86665],[80.87194,6.868],[80.873,6.86871],[80.87614,6.868],[80.87534,6.871],[80.877,6.87295],[80.88,6.87438],[80.88256,6.874],[80.883,6.87547],[80.8875,6.878],[80.88793,6.879],[80.887,6.87981],[80.885,6.87927],[80.88338,6.88],[80.8827,6.881],[80.884,6.88222],[80.887,6.8803],[80.89,6.88082],[80.89493,6.878],[80.89389,6.876],[80.89045,6.875],[80.89088,6.869],[80.889,6.86067],[80.891,6.86184],[80.895,6.86796],[80.898,6.8675],[80.901,6.8681],[80.902,6.86935],[80.90337,6.869],[80.90294,6.871],[80.90423,6.874],[80.906,6.8762],[80.91053,6.878],[80.91,6.87942],[80.911,6.8799],[80.91206,6.878],[80.91231,6.881],[80.91044,6.882],[80.90982,6.884],[80.912,6.88743],[80.91508,6.884],[80.917,6.87885],[80.918,6.87843],[80.92,6.88132],[80.922,6.88206],[80.92467,6.88],[80.92524,6.879],[80.924,6.87657],[80.926,6.87563],[80.9269,6.873],[80.929,6.87262],[80.93,6.87094],[80.93279,6.873],[80.93193,6.875],[80.933,6.87564],[80.936,6.87292],[80.9364,6.867],[80.9355,6.866],[80.933,6.86783],[80.931,6.86675],[80.93,6.868],[80.928,6.86767],[80.9305,6.862],[80.932,6.86178],[80.93339,6.86],[80.93261,6.859],[80.93294,6.857],[80.93453,6.854],[80.93355,6.852],[80.936,6.85176],[80.938,6.8488],[80.939,6.84865],[80.94,6.85176],[80.94271,6.852],[80.94492,6.856],[80.947,6.85767],[80.94904,6.853],[80.94679,6.845],[80.94094,6.842],[80.942,6.8404],[80.944,6.84054],[80.94429,6.839],[80.943,6.83675],[80.94046,6.835],[80.937,6.82751],[80.93441,6.826],[80.93335,6.822],[80.928,6.81826],[80.925,6.82032],[80.924,6.8195],[80.92109,6.82],[80.921,6.81883],[80.92,6.81862],[80.918,6.81862],[80.917,6.81982],[80.9112,6.819],[80.915,6.81541],[80.917,6.81439],[80.919,6.81478],[80.92116,6.811],[80.919,6.80852],[80.917,6.80948],[80.916,6.81175],[80.914,6.81207],[80.91462,6.809],[80.91312,6.807],[80.9144,6.806],[80.914,6.80422],[80.911,6.80517],[80.90577,6.809],[80.90447,6.806],[80.906,6.80437],[80.908,6.80409],[80.90839,6.803],[80.90792,6.8],[80.90568,6.799],[80.907,6.797],[80.90597,6.796],[80.906,6.79436],[80.916,6.79705],[80.917,6.79571],[80.925,6.79206],[80.92711,6.794],[80.921,6.79615],[80.91733,6.8],[80.92,6.80363],[80.9284,6.804],[80.929,6.8074],[80.931,6.80492],[80.936,6.80374],[80.94,6.80075],[80.94083,6.8],[80.93957,6.799],[80.94,6.79818],[80.943,6.79925],[80.948,6.79694],[80.95,6.79769],[80.952,6.79646],[80.95282,6.797],[80.95106,6.8],[80.9508,6.803],[80.94976,6.803],[80.94961,6.8],[80.948,6.79947],[80.94569,6.801],[80.945,6.803],[80.939,6.80471],[80.93817,6.806],[80.93916,6.807],[80.93512,6.809],[80.93356,6.812],[80.93451,6.814],[80.93244,6.815],[80.934,6.81774],[80.93788,6.82],[80.93839,6.823],[80.943,6.82794],[80.94436,6.828],[80.945,6.82509],[80.94547,6.828],[80.94927,6.832],[80.95056,6.835],[80.94897,6.837],[80.95152,6.841],[80.95043,6.844],[80.953,6.85226],[80.954,6.85058],[80.958,6.84945],[80.95965,6.851],[80.95472,6.856],[80.95406,6.858],[80.955,6.86222],[80.958,6.86092],[80.961,6.85762],[80.9627,6.857],[80.96108,6.855],[80.96053,6.849],[80.95819,6.848],[80.96,6.84648],[80.963,6.84716],[80.96445,6.845],[80.96463,6.843],[80.96636,6.841],[80.963,6.83891],[80.96935,6.837],[80.96611,6.833],[80.967,6.83243],[80.971,6.834],[80.96905,6.83],[80.97,6.82946],[80.973,6.83086],[80.975,6.83004],[80.97629,6.827],[80.97382,6.825],[80.974,6.82133],[80.97092,6.822],[80.97056,6.821],[80.973,6.821],[80.97403,6.82],[80.96989,6.816],[80.968,6.81483],[80.967,6.81692],[80.966,6.81539],[80.962,6.815],[80.96075,6.814],[80.964,6.81232],[80.966,6.81325],[80.967,6.81214],[80.973,6.81255],[80.97153,6.811],[80.973,6.80905],[80.97643,6.811],[80.981,6.818],[80.98614,6.821],[80.98439,6.826],[80.98564,6.83],[80.985,6.8311],[80.98283,6.829],[80.98232,6.833],[80.98333,6.834],[80.98236,6.836],[80.981,6.83564],[80.98,6.8375],[80.97706,6.838],[80.97406,6.842],[80.97214,6.848],[80.97581,6.85],[80.978,6.8535],[80.97956,6.853],[80.979,6.85094],[80.98216,6.85],[80.981,6.84633],[80.98,6.84744],[80.97936,6.847],[80.98042,6.845],[80.97829,6.845],[80.981,6.83894],[80.984,6.8384],[80.985,6.84064],[80.987,6.83948],[80.98876,6.841],[80.989,6.84283],[80.99011,6.842],[80.989,6.84],[80.99019,6.839],[80.99,6.83794],[80.991,6.83781],[80.994,6.84233],[80.99646,6.841],[80.996,6.83978],[80.998,6.83833],[81,6.83842],[81.00111,6.837],[81.00093,6.836],[80.996,6.834],[80.998,6.83209],[81.00185,6.834],[81.005,6.841],[81.00581,6.838],[81.00447,6.837],[81.00657,6.836],[81.0063,6.834],[81.008,6.83133],[81.009,6.8325],[81.012,6.83274],[81.015,6.83146],[81.018,6.83455],[81.023,6.83286],[81.02479,6.834],[81.025,6.83764],[81.027,6.83593],[81.028,6.83867],[81.029,6.8371],[81.031,6.83757],[81.03157,6.837],[81.03089,6.836],[81.032,6.83487],[81.03447,6.835],[81.031,6.832],[81.031,6.831],[81.03483,6.828],[81.03431,6.827],[81.036,6.8265],[81.03745,6.831],[81.037,6.839],[81.03843,6.843],[81.04183,6.847],[81.043,6.84643],[81.04509,6.848],[81.04673,6.854],[81.049,6.85742],[81.054,6.85663],[81.05364,6.852],[81.04129,6.832],[81.04163,6.83],[81.03959,6.826],[81.03909,6.821],[81.037,6.81641],[81.03341,6.814],[81.03197,6.811],[81.03437,6.808],[81.035,6.80541],[81.038,6.80385],[81.03965,6.805],[81.0405,6.808],[81.04263,6.808],[81.043,6.81027],[81.04562,6.811],[81.05,6.82014],[81.05139,6.819],[81.052,6.81538],[81.054,6.81292],[81.056,6.81388],[81.058,6.81704],[81.06,6.81721],[81.061,6.81616],[81.06507,6.818],[81.064,6.8175],[81.06268,6.814],[81.064,6.812],[81.06117,6.805],[81.06241,6.803],[81.05974,6.798],[81.05737,6.796],[81.0548,6.789],[81.05071,6.782],[81.05229,6.779],[81.05142,6.777],[81.058,6.77524],[81.06033,6.771],[81.06062,6.768],[81.05848,6.762],[81.06151,6.758],[81.05629,6.752],[81.05622,6.756],[81.055,6.75836],[81.051,6.75771],[81.047,6.75418],[81.04677,6.755],[81.0469,6.757],[81.04989,6.763],[81.05003,6.768],[81.05155,6.773],[81.051,6.77424],[81.04527,6.769],[81.043,6.76541],[81.041,6.76528],[81.04,6.76817],[81.03823,6.765],[81.0337,6.761],[81.03236,6.762],[81.03434,6.774],[81.033,6.77507],[81.02982,6.775],[81.02235,6.766],[81.02,6.76492],[81.01638,6.765],[81.012,6.76218],[81.00788,6.763],[81.009,6.766],[81.008,6.76883],[81.001,6.76568],[80.99964,6.766],[81.00006,6.768],[80.9989,6.771],[80.9995,6.777],[80.998,6.77767],[80.99163,6.774],[80.99027,6.771],[80.9904,6.767],[80.98908,6.765],[80.984,6.76177],[80.978,6.76109],[80.974,6.75728],[80.972,6.75765],[80.971,6.7597],[80.965,6.75808],[80.961,6.75815],[80.959,6.76029],[80.956,6.76152],[80.954,6.75865],[80.946,6.75811],[80.938,6.76003],[80.927,6.76443],[80.911,6.7667],[80.906,6.76894],[80.906,6.7712],[80.902,6.7723],[80.896,6.77138],[80.889,6.7677],[80.887,6.768],[80.88515,6.765],[80.883,6.76432],[80.88406,6.769],[80.882,6.77011],[80.879,6.76955],[80.875,6.77029],[80.87257,6.774],[80.869,6.77622],[80.869,6.779],[80.858,6.77735],[80.856,6.77929],[80.851,6.77977],[80.849,6.78383],[80.845,6.78419],[80.84487,6.783],[80.8465,6.781],[80.845,6.7776],[80.843,6.77759],[80.838,6.77393],[80.834,6.77487],[80.83,6.77202],[80.826,6.7738],[80.82404,6.772],[80.82592,6.77],[80.82564,6.768],[80.828,6.76781],[80.833,6.76395],[80.837,6.76296],[80.83751,6.762],[80.83609,6.76],[80.828,6.755],[80.823,6.75482],[80.81995,6.751],[80.82,6.74757],[80.818,6.74711],[80.813,6.74282],[80.806,6.74033],[80.805,6.74155],[80.803,6.7406],[80.799,6.73692],[80.796,6.73877],[80.792,6.73792],[80.791,6.73883],[80.78983,6.738],[80.79093,6.739],[80.78978,6.742],[80.79415,6.746],[80.79238,6.748],[80.79337,6.75],[80.79251,6.753],[80.79658,6.763],[80.796,6.76607],[80.79131,6.76],[80.78898,6.759],[80.78777,6.757],[80.78818,6.756],[80.785,6.75098],[80.78,6.74839],[80.778,6.74546],[80.772,6.74158],[80.77,6.7431],[80.767,6.74233],[80.765,6.74622],[80.7635,6.746],[80.761,6.74771],[80.762,6.75811],[80.756,6.75133],[80.753,6.75188],[80.747,6.74879],[80.7452,6.749],[80.744,6.75072],[80.741,6.74885],[80.74,6.752],[80.737,6.74892],[80.734,6.75091],[80.733,6.74857],[80.73,6.74841],[80.729,6.74583],[80.722,6.74376],[80.72,6.74167],[80.72015,6.74],[80.719,6.73845],[80.71607,6.74],[80.71621,6.742],[80.714,6.74477],[80.705,6.74117],[80.7,6.74651],[80.698,6.74638],[80.696,6.7477],[80.69,6.74803],[80.69065,6.743],[80.69,6.74181],[80.686,6.74221],[80.681,6.73843],[80.676,6.73798],[80.672,6.73598],[80.66917,6.737],[80.665,6.74242],[80.662,6.74364],[80.66,6.74138],[80.656,6.74139],[80.654,6.74021],[80.6552,6.735],[80.654,6.72979],[80.65165,6.731],[80.65018,6.734],[80.649,6.73449],[80.641,6.73356],[80.641,6.737],[80.625,6.73694],[80.617,6.741],[80.611,6.74542],[80.606,6.74728],[80.594,6.74751],[80.591,6.74952],[80.585,6.75089],[80.582,6.75268],[80.581,6.75127],[80.578,6.75152],[80.575,6.75391],[80.565,6.75042],[80.56227,6.751],[80.561,6.75271],[80.56,6.7522],[80.55774,6.75],[80.55576,6.745],[80.55618,6.74],[80.555,6.73907],[80.55358,6.74],[80.55194,6.745],[80.54686,6.75],[80.54938,6.753],[80.5479,6.761],[80.542,6.76541],[80.535,6.7651],[80.529,6.761],[80.522,6.76169],[80.52,6.76079],[80.51817,6.764],[80.515,6.76571],[80.509,6.76468],[80.50563,6.766],[80.504,6.76849],[80.497,6.767],[80.497,6.77429],[80.4936,6.773],[80.492,6.77042],[80.488,6.77043],[80.48448,6.776],[80.48288,6.788],[80.481,6.79212],[80.478,6.79379],[80.47362,6.791],[80.47302,6.798],[80.47,6.80593],[80.468,6.808],[80.467,6.80867],[80.465,6.808],[80.463,6.81074],[80.458,6.80659],[80.455,6.81432],[80.45,6.80965],[80.448,6.80955],[80.44493,6.811],[80.442,6.81657],[80.452,6.81859],[80.453,6.82035],[80.455,6.81902],[80.456,6.81516],[80.459,6.81555],[80.461,6.8177],[80.468,6.818],[80.465,6.821],[80.46121,6.823],[80.46953,6.824],[80.464,6.82532],[80.4618,6.827],[80.464,6.829],[80.462,6.83271],[80.46,6.83134],[80.458,6.83215],[80.453,6.82831],[80.44927,6.834],[80.4442,6.837],[80.44377,6.839],[80.44523,6.842],[80.44352,6.845],[80.44583,6.849],[80.44478,6.851],[80.446,6.85212],[80.447,6.85133],[80.44789,6.848],[80.45203,6.842],[80.456,6.83945],[80.458,6.84174],[80.45956,6.838],[80.46165,6.837],[80.463,6.835],[80.47,6.83757],[80.476,6.8362],[80.47676,6.837],[80.47754,6.839],[80.472,6.85241],[80.471,6.85391],[80.468,6.85488],[80.46655,6.857],[80.46776,6.863],[80.46691,6.868],[80.468,6.86975],[80.475,6.87071],[80.487,6.86814],[80.48792,6.869],[80.483,6.87166],[80.478,6.87218],[80.474,6.87457],[80.47,6.88],[80.4773,6.88],[80.485,6.87708],[80.49115,6.88],[80.49115,6.882],[80.49343,6.885],[80.49,6.88949],[80.48414,6.893],[80.486,6.89611],[80.49,6.89519],[80.49557,6.89],[80.503,6.88617],[80.50063,6.88],[80.501,6.87645],[80.505,6.87465],[80.50718,6.875],[80.51,6.87167],[80.513,6.87033],[80.516,6.87098],[80.517,6.87236],[80.519,6.87259],[80.52,6.87131],[80.52101,6.869],[80.52023,6.865],[80.51267,6.859],[80.526,6.85558],[80.53,6.8534],[80.532,6.85331],[80.534,6.85146],[80.539,6.85244],[80.54,6.85426],[80.542,6.85358],[80.543,6.85154],[80.5452,6.85],[80.544,6.84881],[80.54,6.85129],[80.53867,6.85],[80.54,6.84582],[80.54483,6.841],[80.54729,6.836],[80.5473,6.833],[80.544,6.83081],[80.539,6.82988],[80.537,6.82526],[80.534,6.82566],[80.5333,6.825],[80.536,6.82387],[80.539,6.82411],[80.5422,6.822],[80.54835,6.815],[80.548,6.811],[80.54691,6.81],[80.54712,6.807],[80.545,6.80408],[80.544,6.79944],[80.55,6.79992],[80.553,6.80396],[80.556,6.80448],[80.561,6.80791],[80.567,6.80876],[80.57157,6.808],[80.57194,6.81],[80.56884,6.814],[80.56957,6.815],[80.56627,6.816],[80.56241,6.821],[80.569,6.82],[80.57056,6.822],[80.566,6.829],[80.56575,6.831],[80.572,6.82823],[80.57277,6.829],[80.57,6.83054],[80.56967,6.832],[80.57086,6.834],[80.57043,6.836],[80.572,6.83627],[80.574,6.835],[80.57367,6.838],[80.573,6.83905],[80.568,6.8393],[80.566,6.8365],[80.564,6.83543],[80.56,6.83653],[80.55915,6.839],[80.55975,6.84],[80.55834,6.843],[80.55369,6.846],[80.55,6.8507],[80.5476,6.858],[80.544,6.86065],[80.54023,6.866],[80.54107,6.868],[80.53932,6.87],[80.53935,6.873],[80.536,6.87484],[80.53357,6.875],[80.53245,6.878],[80.53263,6.882],[80.531,6.885],[80.52474,6.889],[80.52626,6.893],[80.52193,6.894],[80.525,6.89832],[80.52842,6.895],[80.531,6.89459],[80.53829,6.89],[80.54209,6.886],[80.54197,6.883],[80.543,6.88218],[80.549,6.88038],[80.559,6.87062],[80.5634,6.869],[80.565,6.86359],[80.571,6.8614],[80.581,6.85177],[80.591,6.84492],[80.59595,6.842],[80.6029,6.84],[80.612,6.83204],[80.61224,6.83],[80.615,6.82662],[80.619,6.82587],[80.621,6.82387],[80.6264,6.825],[80.629,6.82338],[80.63,6.82144],[80.638,6.81955],[80.63655,6.823],[80.63382,6.824],[80.631,6.828],[80.62894,6.829],[80.63209,6.831],[80.63205,6.832],[80.62353,6.837],[80.62136,6.841],[80.618,6.84329],[80.616,6.84358],[80.615,6.84257],[80.614,6.8443],[80.612,6.845],[80.61057,6.849],[80.603,6.85518],[80.59722,6.862],[80.59763,6.864],[80.60068,6.865],[80.60052,6.869],[80.602,6.86957],[80.604,6.86889],[80.60379,6.87],[80.6,6.87066],[80.598,6.86758],[80.595,6.86729],[80.592,6.86555],[80.58544,6.868],[80.58,6.87155],[80.578,6.87143],[80.573,6.87597],[80.569,6.876],[80.56844,6.878],[80.56219,6.88],[80.562,6.882],[80.559,6.88329],[80.55276,6.892],[80.547,6.89682],[80.54531,6.897],[80.54216,6.903],[80.542,6.9042],[80.5435,6.905],[80.542,6.90782],[80.54,6.90811],[80.53968,6.906],[80.53754,6.906],[80.53092,6.917],[80.532,6.921],[80.533,6.92137],[80.536,6.92053],[80.537,6.92155],[80.539,6.92107],[80.543,6.91767],[80.54488,6.919],[80.54571,6.92],[80.54336,6.922],[80.54463,6.924],[80.542,6.92629],[80.54085,6.93],[80.546,6.92765],[80.544,6.93206],[80.55059,6.928],[80.55175,6.925],[80.558,6.917],[80.559,6.91729],[80.561,6.91631],[80.562,6.91442],[80.56656,6.913],[80.56673,6.91],[80.568,6.90883],[80.578,6.90539],[80.587,6.89978],[80.58818,6.898],[80.58914,6.901],[80.586,6.903],[80.58516,6.906],[80.58253,6.907],[80.578,6.91169],[80.57023,6.921],[80.56941,6.926],[80.567,6.92582],[80.562,6.93243],[80.562,6.93373],[80.56378,6.935],[80.55967,6.936],[80.55785,6.942],[80.56026,6.95],[80.56175,6.952],[80.561,6.95282],[80.557,6.95128],[80.556,6.95175],[80.55537,6.953],[80.556,6.955],[80.56014,6.957],[80.56,6.958],[80.557,6.95812],[80.5554,6.96],[80.56212,6.967],[80.562,6.96831],[80.55831,6.968],[80.55783,6.97],[80.56044,6.979],[80.564,6.98262],[80.56474,6.987],[80.56617,6.988],[80.57,6.99613],[80.574,6.99683],[80.576,6.99541],[80.57811,6.997],[80.5787,6.999],[80.57733,7.002],[80.578,7.00291],[80.58,7.00159],[80.585,7.00364],[80.587,7.00336],[80.58843,7.001],[80.59354,6.998],[80.6,6.9961],[80.602,6.99318],[80.60368,6.995],[80.60089,7],[80.60111,7.005],[80.60383,7.006],[80.60298,7.01],[80.60346,7.013],[80.60522,7.015],[80.6025,7.018],[80.59895,7.019],[80.59814,7.023],[80.59538,7.027],[80.59574,7.029],[80.59653,7.031],[80.606,7.03682],[80.607,7.039],[80.609,7.04017],[80.61362,7.04],[80.613,7.043],[80.614,7.0418],[80.618,7.04336],[80.628,7.04223],[80.632,7.0391],[80.635,7.03862],[80.63697,7.034],[80.636,7.02971],[80.632,7.03018],[80.628,7.02767],[80.627,7.02438],[80.62269,7.021],[80.62218,7.016],[80.62019,7.012],[80.61459,7.008],[80.61417,7.003],[80.61546,7.002],[80.61678,6.998],[80.6195,6.996],[80.62185,6.992],[80.62274,6.986],[80.62,6.9816],[80.618,6.98017],[80.615,6.98013],[80.613,6.97906],[80.61243,6.972],[80.616,6.9675],[80.61694,6.969],[80.61546,6.97],[80.61557,6.971],[80.617,6.97121],[80.617,6.97],[80.62,6.967],[80.6206,6.964],[80.622,6.96396],[80.62336,6.961],[80.623,6.95967],[80.622,6.96167],[80.62,6.96191],[80.62,6.9634],[80.619,6.96338],[80.61464,6.959],[80.615,6.95844],[80.619,6.96039],[80.61969,6.96],[80.61915,6.959],[80.621,6.95837],[80.623,6.95604],[80.626,6.9575],[80.63013,6.956],[80.63,6.95385],[80.627,6.95467],[80.62567,6.953],[80.62568,6.951],[80.62384,6.949],[80.624,6.94793],[80.629,6.95107],[80.6292,6.949],[80.631,6.94863],[80.63424,6.95],[80.636,6.95252],[80.64,6.94603],[80.643,6.946],[80.645,6.94744],[80.653,6.94808],[80.65388,6.945],[80.655,6.94417],[80.656,6.94403],[80.659,6.94659],[80.66,6.94536],[80.66,6.947],[80.659,6.9474],[80.65554,6.946],[80.65584,6.95],[80.65234,6.953],[80.65281,6.958],[80.652,6.95891],[80.649,6.9576],[80.648,6.959],[80.645,6.95914],[80.638,6.96458],[80.63567,6.971],[80.637,6.97535],[80.63991,6.976],[80.64133,6.978],[80.644,6.9783],[80.6447,6.979],[80.643,6.98208],[80.646,6.98257],[80.64643,6.984],[80.6496,6.986],[80.65088,6.989],[80.64568,7.006],[80.646,7.01226],[80.64865,7.013],[80.654,7.01039],[80.66,7.00591],[80.665,7.00532],[80.667,7.00621],[80.669,7.00471],[80.671,7.00626],[80.678,7.00646],[80.681,7.00563],[80.68894,7.007],[80.69,7.008],[80.685,7.00987],[80.67931,7.014],[80.676,7.01966],[80.67262,7.02],[80.671,7.02436],[80.668,7.02403],[80.66719,7.025],[80.66648,7.027],[80.66967,7.032],[80.666,7.03345],[80.662,7.03342],[80.66181,7.035],[80.66314,7.037],[80.66892,7.041],[80.66994,7.043],[80.673,7.04455],[80.683,7.04322],[80.686,7.0444],[80.689,7.04389],[80.696,7.0384],[80.70195,7.037],[80.69976,7.041],[80.7,7.04273],[80.70321,7.045],[80.70426,7.048],[80.70369,7.053],[80.706,7.05381],[80.70651,7.055],[80.70225,7.058],[80.702,7.06218],[80.697,7.06305],[80.69623,7.064],[80.69584,7.068],[80.693,7.07301],[80.69,7.07436],[80.683,7.07509],[80.682,7.076],[80.68,7.08287],[80.677,7.08393],[80.673,7.0886],[80.67,7.08876],[80.66842,7.09],[80.66667,7.092],[80.66719,7.095],[80.666,7.098],[80.66267,7.1],[80.66216,7.104],[80.66,7.10663],[80.655,7.1058],[80.65491,7.107],[80.6532,7.108],[80.65481,7.113],[80.657,7.11575],[80.661,7.11354],[80.662,7.10927],[80.666,7.10936],[80.67,7.10481],[80.672,7.10707],[80.679,7.10572],[80.67946,7.108],[80.67824,7.11],[80.68308,7.111],[80.6826,7.114],[80.68096,7.116],[80.676,7.1196],[80.67157,7.125],[80.672,7.12628],[80.682,7.1295],[80.68271,7.134],[80.68555,7.14],[80.68504,7.144],[80.68678,7.146],[80.68577,7.148],[80.68547,7.155],[80.69,7.1578],[80.689,7.15912],[80.682,7.16074],[80.68,7.16269],[80.68,7.16404],[80.684,7.16268],[80.68561,7.163],[80.68238,7.171],[80.68268,7.173]]},"properties":{"ele":1200,"index":0}},{"type":"Feature","geometry":{"type":"LineString","coordinates":[[81.1206,7.165],[81.1237,7.162],[81.12254,7.155],[81.12623,7.152],[81.12674,7.149],[81.12589,7.146],[81.13,7.13858],[81.134,7.136],[81.137,7.1378],[81.141,7.1371],[81.14173,7.136],[81.14174,7.13],[81.148,7.12668],[81.14996,7.121],[81.15358,7.118],[81.15515,7.115],[81.15875,7.114],[81.16424,7.103],[81.16464,7.099],[81.163,7.09479],[81.169,7.08802],[81.171,7.08386],[81.17352,7.084],[81.173,7.08267],[81.17474,7.08],[81.173,7.075],[81.17,7.07971],[81.165,7.08055],[81.162,7.08417],[81.158,7.08569],[81.15876,7.089],[81.158,7.08955],[81.154,7.08978],[81.151,7.0863],[81.14407,7.089],[81.1455,7.091],[81.1455,7.095],[81.14957,7.104],[81.149,7.10446],[81.146,7.10203],[81.144,7.1036],[81.13889,7.115],[81.13937,7.118],[81.138,7.123],[81.13905,7.124],[81.1371,7.126],[81.13613,7.129],[81.13674,7.13],[81.132,7.13386],[81.13,7.13754],[81.126,7.13717],[81.124,7.13806],[81.12336,7.137],[81.12413,7.13],[81.12275,7.125],[81.12249,7.119],[81.12166,7.118],[81.12256,7.116],[81.122,7.113],[81.12017,7.114],[81.119,7.119],[81.12026,7.121],[81.11891,7.124],[81.12008,7.125],[81.12036,7.127],[81.11597,7.131],[81.11568,7.132],[81.11708,7.134],[81.11681,7.137],[81.11389,7.141],[81.11605,7.142],[81.11548,7.144],[81.11733,7.146],[81.11798,7.149],[81.11453,7.152],[81.11553,7.155],[81.11408,7.158],[81.11839,7.161],[81.1206,7.165]]},"properties":{"ele":1200,"index":0}},{"type":"Feature","geometry":{"type":"LineString","coordinates":[[80.44253,7.117],[80.443,7.11744],[80.44589,7.115],[80.4456,7.114],[80.444,7.11333],[80.44327,7.114],[80.44253,7.117]]},"properties":{"ele":1200,"index":0}},{"type":"Feature","geometry":{"type":"LineString","coordinates":[[80.45171,7.103],[80.452,7.1038],[80.454,7.1037],[80.455,7.10338],[80.45521,7.102],[80.454,7.10127],[80.45171,7.103]]},"properties":{"ele":1200,"index":0}},{"type":"Feature","geometry":{"type":"LineString","coordinates":[[80.91067,7.103],[80.912,7.10392],[80.91396,7.102],[80.91273,7.1],[80.91294,7.094],[80.91691,7.087],[80.917,7.08446],[80.916,7.08373],[80.913,7.08627],[80.912,7.08615],[80.909,7.08268],[80.906,7.08376],[80.902,7.08057],[80.899,7.08052],[80.89804,7.091],[80.89717,7.092],[80.906,7.09774],[80.91067,7.103]]},"properties":{"ele":1200,"index":0}},{"type":"Feature","geometry":{"type":"LineString","coordinates":[[80.62371,7.1],[80.624,7.10092],[80.625,7.10058],[80.62953,7.097],[80.63228,7.094],[80.633,7.09028],[80.63514,7.089],[80.63448,7.082],[80.636,7.077],[80.632,7.07405],[80.63,7.0746],[80.629,7.07716],[80.625,7.07656],[80.62,7.0796],[80.61775,7.079],[80.61416,7.076],[80.6137,7.074],[80.612,7.07374],[80.61127,7.077],[80.60968,7.079],[80.609,7.0795],[80.607,7.07814],[80.60492,7.079],[80.60471,7.081],[80.607,7.08206],[80.609,7.08446],[80.6142,7.084],[80.6164,7.086],[80.617,7.08825],[80.62128,7.09],[80.62234,7.092],[80.62084,7.098],[80.623,7.09816],[80.62371,7.1]]},"properties":{"ele":1200,"index":0}},{"type":"Feature","geometry":{"type":"LineString","coordinates":[[81.1834,7.087],[81.184,7.08796],[81.187,7.08709],[81.189,7.08763],[81.19012,7.086],[81.18889,7.085],[81.18865,7.083],[81.18991,7.08],[81.188,7.07447],[81.18415,7.082],[81.18213,7.084],[81.1834,7.087]]},"properties":{"ele":1200,"index":0}},{"type":"Feature","geometry":{"type":"LineString","coordinates":[[80.48888,7.079],[80.491,7.07891],[80.498,7.07333],[80.5,7.07338],[80.505,7.07659],[80.51378,7.073],[80.511,7.07236],[80.508,7.07006],[80.507,7.06786],[80.501,7.06254],[80.498,7.05855],[80.494,7.05789],[80.49207,7.059],[80.494,7.06425],[80.492,7.06542],[80.489,7.06559],[80.48396,7.072],[80.485,7.07688],[80.48888,7.079]]},"properties":{"ele":1200,"index":0}},{"type":"Feature","geometry":{"type":"LineString","coordinates":[[81.17189,7.073],[81.17303,7.073],[81.17216,7.063],[81.174,7.0607],[81.17413,7.058],[81.17611,7.057],[81.17652,7.053],[81.175,7.05063],[81.17916,7.046],[81.17583,7.041],[81.179,7.04029],[81.18045,7.039],[81.18026,7.035],[81.18213,7.033],[81.1839,7.028],[81.18332,7.025],[81.185,7.02412],[81.186,7.02547],[81.187,7.02507],[81.18747,7.023],[81.18744,7.022],[81.18292,7.018],[81.187,7.01064],[81.186,7.01058],[81.183,7.01461],[81.176,7.01426],[81.17247,7.011],[81.18,7.00811],[81.17944,7.005],[81.182,7.00316],[81.18192,7.001],[81.185,6.99844],[81.18584,6.995],[81.18745,6.993],[81.18688,6.99],[81.18869,6.986],[81.188,6.98244],[81.18482,6.985],[81.18252,6.991],[81.181,6.99245],[81.17785,6.991],[81.17739,6.985],[81.176,6.98386],[81.17306,6.989],[81.169,6.991],[81.16825,6.993],[81.169,6.99528],[81.16139,6.998],[81.15972,7],[81.15978,7.003],[81.16148,7.004],[81.16154,7.005],[81.16,7.0067],[81.158,7.00698],[81.15916,7.012],[81.157,7.01267],[81.15454,7.018],[81.15486,7.021],[81.157,7.02262],[81.15874,7.027],[81.156,7.02965],[81.154,7.02957],[81.15114,7.031],[81.15106,7.034],[81.14542,7.039],[81.14784,7.043],[81.148,7.04628],[81.15115,7.047],[81.149,7.04905],[81.1478,7.052],[81.148,7.05331],[81.15,7.05377],[81.151,7.05595],[81.155,7.04932],[81.15613,7.051],[81.156,7.05544],[81.157,7.05542],[81.16,7.05203],[81.162,7.05326],[81.16304,7.057],[81.164,7.05754],[81.17,7.05618],[81.171,7.06121],[81.16809,7.065],[81.16611,7.066],[81.16925,7.068],[81.16837,7.07],[81.17189,7.073]]},"properties":{"ele":1200,"index":0}},{"type":"Feature","geometry":{"type":"LineString","coordinates":[[80.40166,7.049],[80.402,7.04959],[80.403,7.04892],[80.40483,7.046],[80.404,7.04283],[80.401,7.04378],[80.39896,7.046],[80.40067,7.047],[80.40166,7.049]]},"properties":{"ele":1200,"index":0}},{"type":"Feature","geometry":{"type":"LineString","coordinates":[[81.00796,7.047],[81.01417,7.045],[81.017,7.04188],[81.02189,7.046],[81.02077,7.047],[81.022,7.047],[81.023,7.04547],[81.02738,7.045],[81.02948,7.041],[81.02762,7.04],[81.02636,7.037],[81.024,7.0363],[81.023,7.0327],[81.019,7.0348],[81.01714,7.031],[81.0171,7.026],[81.015,7.02679],[81.014,7.02623],[81.01389,7.025],[81.01,7.02091],[81.005,7.02206],[81.002,7.025],[81.0014,7.029],[81.00421,7.032],[80.99891,7.036],[81,7.04021],[81.001,7.04043],[81.00265,7.038],[81.004,7.03812],[81.00796,7.047]]},"properties":{"ele":1200,"index":0}},{"type":"Feature","geometry":{"type":"LineString","coordinates":[[80.46117,7.034],[80.463,7.034],[80.46747,7.03],[80.46809,7.027],[80.466,7.02267],[80.463,7.02353],[80.4609,7.029],[80.45786,7.031],[80.45815,7.033],[80.46117,7.034]]},"properties":{"ele":1200,"index":0}},{"type":"Feature","geometry":{"type":"LineString","coordinates":[[81.07547,7.016],[81.078,7.016],[81.081,7.01396],[81.08192,7.012],[81.081,7.01087],[81.077,7.01224],[81.07547,7.016]]},"properties":{"ele":1200,"index":0}},{"type":"Feature","geometry":{"type":"LineString","coordinates":[[81.11875,7.004],[81.12324,7.001],[81.12663,6.995],[81.1305,6.992],[81.13015,6.991],[81.125,6.98883],[81.122,6.9926],[81.117,6.99387],[81.11678,6.997],[81.1192,6.998],[81.118,7],[81.11875,7.004]]},"properties":{"ele":1200,"index":0}},{"type":"Feature","geometry":{"type":"LineString","coordinates":[[81.11939,6.984],[81.123,6.98453],[81.129,6.98072],[81.13416,6.974],[81.12884,6.968],[81.126,6.96307],[81.12506,6.971],[81.12339,6.972],[81.12081,6.979],[81.1186,6.982],[81.11939,6.984]]},"properties":{"ele":1200,"index":0}},{"type":"Feature","geometry":{"type":"LineString","coordinates":[[81.17787,6.977],[81.18106,6.974],[81.182,6.972],[81.181,6.97125],[81.179,6.97256],[81.17787,6.977]]},"properties":{"ele":1200,"index":0}},{"type":"Feature","geometry":{"type":"LineString","coordinates":[[80.53485,6.969],[80.536,6.96954],[80.538,6.96817],[80.54392,6.961],[80.54515,6.958],[80.545,6.95426],[80.5438,6.954],[80.54021,6.956],[80.538,6.96082],[80.53534,6.963],[80.5343,6.966],[80.53485,6.969]]},"properties":{"ele":1200,"index":0}},{"type":"Feature","geometry":{"type":"LineString","coordinates":[[81.18064,6.967],[81.182,6.96678],[81.18174,6.963],[81.18414,6.96],[81.18259,6.955],[81.18341,6.952],[81.18,6.95081],[81.17929,6.952],[81.18064,6.967]]},"properties":{"ele":1200,"index":0}},{"type":"Feature","geometry":{"type":"LineString","coordinates":[[81.12485,6.962],[81.1256,6.962],[81.12544,6.96],[81.124,6.95783],[81.1232,6.96],[81.12485,6.962]]},"properties":{"ele":1200,"index":0}},{"type":"Feature","geometry":{"type":"LineString","coordinates":[[81.09043,6.958],[81.095,6.95847],[81.103,6.95419],[81.106,6.9537],[81.108,6.95513],[81.11308,6.956],[81.114,6.9576],[81.1165,6.956],[81.11987,6.952],[81.12148,6.946],[81.12068,6.944],[81.123,6.94116],[81.123,6.93945],[81.126,6.93927],[81.128,6.93754],[81.12986,6.932],[81.13185,6.93],[81.13165,6.929],[81.13339,6.928],[81.13865,6.918],[81.13844,6.916],[81.136,6.91381],[81.131,6.91595],[81.12663,6.916],[81.1262,6.915],[81.12774,6.912],[81.126,6.91129],[81.123,6.9119],[81.12171,6.911],[81.12155,6.909],[81.11963,6.908],[81.11966,6.907],[81.1233,6.904],[81.12,6.90095],[81.11753,6.9],[81.11728,6.895],[81.119,6.8948],[81.121,6.89596],[81.1237,6.894],[81.12318,6.892],[81.12456,6.89],[81.12389,6.886],[81.125,6.88528],[81.131,6.88494],[81.133,6.88641],[81.135,6.88493],[81.138,6.88633],[81.13954,6.886],[81.1411,6.884],[81.1411,6.881],[81.13452,6.878],[81.13549,6.876],[81.13527,6.873],[81.13765,6.871],[81.135,6.86886],[81.132,6.8704],[81.13,6.87007],[81.128,6.8718],[81.126,6.87032],[81.123,6.87306],[81.12173,6.873],[81.1223,6.871],[81.119,6.86928],[81.11895,6.866],[81.12,6.864],[81.11916,6.863],[81.11962,6.861],[81.1225,6.859],[81.121,6.85725],[81.11994,6.852],[81.118,6.85108],[81.115,6.85241],[81.113,6.84791],[81.107,6.85258],[81.1063,6.855],[81.101,6.85795],[81.0977,6.861],[81.09726,6.866],[81.10156,6.868],[81.09784,6.873],[81.09792,6.876],[81.09962,6.879],[81.10038,6.883],[81.09831,6.888],[81.09892,6.892],[81.09829,6.893],[81.10047,6.898],[81.098,6.89948],[81.097,6.89797],[81.094,6.89774],[81.091,6.89391],[81.091,6.89758],[81.08971,6.898],[81.08852,6.9],[81.09111,6.903],[81.08822,6.904],[81.08632,6.906],[81.085,6.9105],[81.083,6.90906],[81.08169,6.911],[81.08254,6.912],[81.08263,6.92],[81.085,6.91903],[81.086,6.91569],[81.089,6.92058],[81.092,6.92164],[81.095,6.92422],[81.097,6.92184],[81.099,6.92382],[81.101,6.9228],[81.102,6.924],[81.10611,6.925],[81.101,6.92973],[81.09707,6.932],[81.10108,6.938],[81.09644,6.94],[81.09769,6.943],[81.09673,6.945],[81.094,6.947],[81.09418,6.951],[81.09026,6.957],[81.09043,6.958]]},"properties":{"ele":1200,"index":0}},{"type":"Feature","geometry":{"type":"LineString","coordinates":[[81.00171,6.953],[81.002,6.95377],[81.003,6.95314],[81.00517,6.95],[81.00456,6.944],[81.002,6.94354],[81.001,6.9448],[81,6.94435],[80.99574,6.94],[80.99573,6.939],[80.997,6.93738],[80.998,6.93858],[81,6.93835],[81.00035,6.937],[80.99935,6.936],[81,6.93367],[81.003,6.93335],[81.00367,6.936],[81.005,6.9372],[81.00463,6.932],[81.002,6.93016],[80.999,6.93127],[80.9986,6.929],[80.997,6.9285],[80.997,6.92485],[80.996,6.92627],[80.994,6.92517],[80.99313,6.926],[80.99328,6.928],[80.995,6.92958],[80.996,6.929],[80.997,6.93183],[80.98885,6.93],[80.98921,6.928],[80.98764,6.926],[80.988,6.92514],[80.989,6.92569],[80.99,6.923],[80.991,6.92452],[80.99176,6.924],[80.99125,6.918],[80.9931,6.916],[80.992,6.91388],[80.98647,6.91],[80.98633,6.904],[80.988,6.90329],[80.991,6.9047],[80.992,6.904],[80.991,6.90186],[80.989,6.901],[80.98839,6.899],[80.98656,6.898],[80.987,6.89743],[80.99,6.89772],[80.9955,6.902],[80.997,6.90173],[81,6.90531],[81.002,6.9035],[81.006,6.9035],[81.006,6.9045],[81.00409,6.905],[81.00327,6.907],[81.00425,6.911],[81.00817,6.915],[81.0044,6.916],[81.00464,6.917],[81.006,6.91806],[81.008,6.917],[81.009,6.9179],[81.00975,6.917],[81.00833,6.916],[81.00942,6.915],[81.0085,6.914],[81.00889,6.912],[81.0115,6.912],[81.00989,6.913],[81.01125,6.917],[81.00997,6.92],[81.011,6.92233],[81.01289,6.921],[81.01387,6.918],[81.013,6.9156],[81.017,6.91775],[81.019,6.91611],[81.02122,6.92],[81.021,6.9215],[81.02259,6.922],[81.02046,6.933],[81.021,6.93656],[81.022,6.93687],[81.0267,6.926],[81.027,6.9222],[81.02921,6.921],[81.02885,6.919],[81.03,6.91567],[81.032,6.91548],[81.034,6.91718],[81.03826,6.914],[81.038,6.9116],[81.03622,6.911],[81.038,6.91036],[81.041,6.91144],[81.04573,6.91],[81.04586,6.909],[81.0458,6.908],[81.04393,6.907],[81.044,6.9035],[81.042,6.90439],[81.03874,6.903],[81.039,6.90154],[81.04167,6.9],[81.04,6.89571],[81.036,6.89482],[81.03452,6.896],[81.03467,6.899],[81.031,6.8995],[81.029,6.89867],[81.027,6.89622],[81.024,6.89749],[81.022,6.89978],[81.017,6.9006],[81.014,6.90067],[81.009,6.89688],[81.00654,6.898],[81.005,6.90214],[81.0027,6.901],[81.00406,6.898],[81.00356,6.897],[81.00184,6.897],[81.00245,6.899],[81.001,6.89954],[80.9962,6.894],[80.99767,6.892],[80.998,6.88945],[80.9992,6.89],[81,6.89222],[81.002,6.89265],[81.00457,6.892],[81.00519,6.888],[81.00794,6.887],[81.009,6.8855],[81.00983,6.888],[81.011,6.88842],[81.01189,6.887],[81.011,6.87947],[81.017,6.88353],[81.019,6.88346],[81.022,6.87993],[81.023,6.88033],[81.025,6.87927],[81.026,6.8807],[81.02829,6.88],[81.027,6.87797],[81.025,6.87884],[81.022,6.87543],[81.01708,6.874],[81.019,6.87345],[81.0215,6.871],[81.01994,6.859],[81.019,6.85769],[81.015,6.8565],[81.013,6.85244],[81.011,6.85556],[81.01038,6.855],[81.01036,6.847],[81.009,6.84533],[81.008,6.846],[81.005,6.84432],[81.002,6.8405],[80.99687,6.844],[80.997,6.84533],[80.998,6.845],[80.999,6.84676],[81.00025,6.847],[80.996,6.85124],[80.994,6.85067],[80.99435,6.852],[80.99282,6.855],[80.994,6.856],[80.992,6.85673],[80.99,6.85618],[80.98975,6.859],[80.985,6.85885],[80.98432,6.86],[80.986,6.86338],[80.98283,6.863],[80.982,6.86143],[80.976,6.8643],[80.973,6.867],[80.971,6.8706],[80.96963,6.871],[80.971,6.87205],[80.973,6.86983],[80.977,6.86962],[80.9774,6.868],[80.97588,6.867],[80.977,6.866],[80.979,6.86694],[80.981,6.86622],[80.9815,6.867],[80.979,6.87075],[80.97563,6.872],[80.97539,6.873],[80.97712,6.875],[80.9755,6.879],[80.976,6.8795],[80.979,6.87522],[80.983,6.87434],[80.98486,6.876],[80.98483,6.877],[80.98269,6.878],[80.98078,6.881],[80.982,6.88347],[80.979,6.88488],[80.9787,6.886],[80.98,6.88734],[80.981,6.88705],[80.98252,6.89],[80.9825,6.891],[80.98079,6.892],[80.98188,6.894],[80.98,6.89395],[80.9799,6.895],[80.982,6.89671],[80.98431,6.897],[80.98,6.89792],[80.977,6.89581],[80.97582,6.896],[80.976,6.90263],[80.97356,6.904],[80.973,6.906],[80.98,6.916],[80.977,6.91556],[80.97495,6.918],[80.97712,6.92],[80.9768,6.923],[80.97836,6.925],[80.971,6.92322],[80.96967,6.924],[80.972,6.92632],[80.973,6.92556],[80.974,6.92618],[80.977,6.92993],[80.97864,6.929],[80.979,6.92588],[80.98264,6.929],[80.9855,6.93],[80.987,6.93408],[80.98308,6.934],[80.98413,6.935],[80.9835,6.936],[80.98462,6.938],[80.986,6.93767],[80.988,6.94095],[80.989,6.93982],[80.992,6.93913],[80.996,6.94457],[80.998,6.94445],[81,6.94587],[81.001,6.94507],[81.0022,6.947],[81.00171,6.953]]},"properties":{"ele":1200,"index":0}},{"type":"Feature","geometry":{"type":"LineString","coordinates":[[81.18624,6.953],[81.188,6.95345],[81.1883,6.951],[81.185,6.95035],[81.18442,6.951],[81.18624,6.953]]},"properties":{"ele":1200,"index":0}},{"type":"Feature","geometry":{"type":"LineString","coordinates":[[81.17273,6.95],[81.174,6.9505],[81.17466,6.949],[81.17274,6.946],[81.171,6.94555],[81.16865,6.947],[81.16883,6.949],[81.17273,6.95]]},"properties":{"ele":1200,"index":0}},{"type":"Feature","geometry":{"type":"LineString","coordinates":[[80.549,6.947],[80.55012,6.947],[80.55513,6.94],[80.555,6.93871],[80.554,6.93882],[80.548,6.94593],[80.549,6.947]]},"properties":{"ele":1200,"index":0}},{"type":"Feature","geometry":{"type":"LineString","coordinates":[[80.9845,6.946],[80.9865,6.942],[80.985,6.9415],[80.98314,6.942],[80.983,6.94412],[80.9845,6.946]]},"properties":{"ele":1200,"index":0}},{"type":"Feature","geometry":{"type":"LineString","coordinates":[[80.51795,6.937],[80.522,6.93442],[80.52495,6.93],[80.527,6.92859],[80.527,6.92768],[80.525,6.92764],[80.524,6.92532],[80.51737,6.932],[80.51694,6.934],[80.51817,6.935],[80.51795,6.937]]},"properties":{"ele":1200,"index":0}},{"type":"Feature","geometry":{"type":"LineString","coordinates":[[80.91581,6.937],[80.916,6.93775],[80.917,6.93748],[80.919,6.9361],[80.91908,6.932],[80.918,6.93032],[80.916,6.9315],[80.913,6.92994],[80.91144,6.932],[80.913,6.93396],[80.916,6.93496],[80.91581,6.937]]},"properties":{"ele":1200,"index":0}},{"type":"Feature","geometry":{"type":"LineString","coordinates":[[81.15159,6.925],[81.152,6.9259],[81.15412,6.921],[81.153,6.91906],[81.15,6.9182],[81.1491,6.919],[81.15159,6.925]]},"properties":{"ele":1200,"index":0}},{"type":"Feature","geometry":{"type":"LineString","coordinates":[[80.9695,6.916],[80.971,6.91677],[80.9715,6.914],[80.97092,6.913],[80.968,6.91281],[80.96774,6.915],[80.9695,6.916]]},"properties":{"ele":1200,"index":0}},{"type":"Feature","geometry":{"type":"LineString","coordinates":[[81.14876,6.915],[81.15,6.91546],[81.15198,6.913],[81.152,6.90995],[81.151,6.90937],[81.14844,6.91],[81.14876,6.915]]},"properties":{"ele":1200,"index":0}},{"type":"Feature","geometry":{"type":"LineString","coordinates":[[80.51147,6.911],[80.512,6.91173],[80.515,6.91048],[80.51673,6.909],[80.51689,6.907],[80.513,6.9045],[80.51113,6.906],[80.51147,6.911]]},"properties":{"ele":1200,"index":0}},{"type":"Feature","geometry":{"type":"LineString","coordinates":[[80.95037,6.909],[80.952,6.90972],[80.95329,6.908],[80.95349,6.907],[80.9518,6.905],[80.95088,6.905],[80.95037,6.909]]},"properties":{"ele":1200,"index":0}},{"type":"Feature","geometry":{"type":"LineString","coordinates":[[80.86731,6.906],[80.868,6.907],[80.87,6.90667],[80.87025,6.905],[80.868,6.90468],[80.86731,6.906]]},"properties":{"ele":1200,"index":0}},{"type":"Feature","geometry":{"type":"LineString","coordinates":[[81.04917,6.904],[81.052,6.90465],[81.05271,6.904],[81.048,6.8997],[81.047,6.89986],[81.0493,6.902],[81.04917,6.904]]},"properties":{"ele":1200,"index":0}},{"type":"Feature","geometry":{"type":"LineString","coordinates":[[80.9333,6.898],[80.935,6.89865],[80.938,6.898],[80.939,6.89504],[80.94,6.89424],[80.942,6.89539],[80.944,6.89431],[80.94529,6.893],[80.94531,6.891],[80.94881,6.889],[80.94914,6.886],[80.94693,6.884],[80.9474,6.882],[80.94671,6.881],[80.946,6.88063],[80.944,6.88226],[80.943,6.8805],[80.942,6.88045],[80.93627,6.883],[80.93677,6.885],[80.936,6.88665],[80.93456,6.887],[80.93135,6.895],[80.9333,6.898]]},"properties":{"ele":1200,"index":0}},{"type":"Feature","geometry":{"type":"LineString","coordinates":[[80.90022,6.886],[80.903,6.88691],[80.9035,6.886],[80.90138,6.885],[80.901,6.8827],[80.90022,6.886]]},"properties":{"ele":1200,"index":0}},{"type":"Feature","geometry":{"type":"LineString","coordinates":[[80.95982,6.881],[80.96692,6.877],[80.96671,6.876],[80.96904,6.874],[80.96844,6.871],[80.964,6.8708],[80.959,6.87397],[80.95724,6.878],[80.95982,6.881]]},"properties":{"ele":1200,"index":0}},{"type":"Feature","geometry":{"type":"LineString","coordinates":[[80.89418,6.872],[80.895,6.8728],[80.89587,6.872],[80.895,6.87055],[80.89389,6.871],[80.89418,6.872]]},"properties":{"ele":1200,"index":0}},{"type":"Feature","geometry":{"type":"LineString","coordinates":[[80.99815,6.83],[80.999,6.83092],[80.99985,6.83],[80.998,6.82871],[80.99733,6.829],[80.99815,6.83]]},"properties":{"ele":1200,"index":0}},{"type":"Feature","geometry":{"type":"LineString","coordinates":[[80.54825,6.823],[80.55243,6.82],[80.551,6.81779],[80.55,6.8176],[80.54771,6.82],[80.54825,6.823]]},"properties":{"ele":1200,"index":0}},{"type":"Feature","geometry":{"type":"LineString","coordinates":[[80.94075,6.797],[80.941,6.7978],[80.94143,6.796],[80.94,6.79507],[80.93955,6.796],[80.94075,6.797]]},"properties":{"ele":1200,"index":0}},{"type":"Feature","geometry":{"type":"LineString","coordinates":[[80.93871,6.795],[80.9398,6.795],[80.93875,6.793],[80.939,6.79071],[80.93736,6.794],[80.93871,6.795]]},"properties":{"ele":1200,"index":0}},{"type":"Feature","geometry":{"type":"LineString","coordinates":[[80.87244,6.769],[80.875,6.769],[80.87644,6.768],[80.87639,6.767],[80.873,6.76731],[80.8721,6.768],[80.87244,6.769]]},"properties":{"ele":1200,"index":0}},{"type":"Feature","geometry":{"type":"LineString","coordinates":[[80.71727,6.737],[80.719,6.73758],[80.721,6.73637],[80.725,6.73626],[80.731,6.7327],[80.738,6.73071],[80.747,6.72544],[80.74916,6.723],[80.75131,6.718],[80.748,6.71612],[80.744,6.71938],[80.73848,6.721],[80.735,6.72452],[80.733,6.72836],[80.726,6.72833],[80.72446,6.729],[80.723,6.73137],[80.716,6.73186],[80.71387,6.735],[80.71417,6.736],[80.71727,6.737]]},"properties":{"ele":1200,"index":0}},{"type":"Feature","geometry":{"type":"LineString","coordinates":[[80.59777,6.718],[80.6,6.71807],[80.60477,6.715],[80.602,6.71414],[80.59836,6.716],[80.59777,6.718]]},"properties":{"ele":1200,"index":0}},{"type":"Feature","geometry":{"type":"LineString","coordinates":[[80.603,6.661],[80.607,6.66079],[80.611,6.65871],[80.614,6.6592],[80.634,6.65661],[80.64113,6.657],[80.642,6.65803],[80.649,6.65121],[80.65325,6.65],[80.65542,6.647],[80.652,6.64548],[80.647,6.64483],[80.642,6.64243],[80.64,6.64226],[80.638,6.64387],[80.635,6.64298],[80.632,6.64529],[80.63095,6.65],[80.628,6.65022],[80.626,6.64883],[80.623,6.64961],[80.62,6.64786],[80.616,6.65037],[80.615,6.65204],[80.608,6.65425],[80.606,6.65348],[80.60388,6.654],[80.602,6.65584],[80.60141,6.658],[80.60139,6.66],[80.603,6.661]]},"properties":{"ele":1200,"index":0}},{"type":"Feature","geometry":{"type":"LineString","coordinates":[[80.72883,7.552],[80.73214,7.552],[80.72871,7.546],[80.72902,7.543],[80.728,7.54179],[80.725,7.545],[80.72883,7.552]]},"properties":{"ele":1400,"index":0}},{"type":"Feature","geometry":{"type":"LineString","coordinates":[[80.73347,7.535],[80.73517,7.533],[80.73444,7.531],[80.73529,7.526],[80.734,7.52475],[80.73217,7.528],[80.73347,7.535]]},"properties":{"ele":1400,"index":0}},{"type":"Feature","geometry":{"type":"LineString","coordinates":[[80.72753,7.492],[80.729,7.49219],[80.733,7.48994],[80.73274,7.476],[80.73505,7.473],[80.73504,7.47],[80.738,7.46755],[80.742,7.46581],[80.744,7.4659],[80.745,7.47514],[80.749,7.47462],[80.75085,7.476],[80.74965,7.478],[80.75,7.48109],[80.751,7.48157],[80.756,7.47768],[80.75572,7.474],[80.75712,7.472],[80.753,7.4706],[80.75206,7.462],[80.753,7.46039],[80.75566,7.459],[80.75474,7.451],[80.759,7.45368],[80.762,7.45339],[80.76541,7.451],[80.76617,7.448],[80.76749,7.447],[80.76524,7.444],[80.766,7.4432],[80.771,7.44393],[80.777,7.44066],[80.77842,7.442],[80.782,7.44302],[80.785,7.441],[80.786,7.43777],[80.791,7.4361],[80.794,7.4375],[80.795,7.43704],[80.79675,7.435],[80.79992,7.426],[80.803,7.42564],[80.805,7.42432],[80.807,7.42037],[80.808,7.42193],[80.81057,7.421],[80.811,7.41866],[80.8083,7.415],[80.809,7.4129],[80.81,7.41233],[80.813,7.41422],[80.8143,7.409],[80.816,7.40768],[80.828,7.40678],[80.829,7.40165],[80.828,7.40083],[80.819,7.39973],[80.81615,7.394],[80.82,7.3847],[80.823,7.38281],[80.827,7.38244],[80.83,7.38037],[80.83188,7.377],[80.83128,7.374],[80.832,7.37123],[80.835,7.36936],[80.838,7.36998],[80.83882,7.369],[80.838,7.36603],[80.836,7.36471],[80.834,7.36825],[80.832,7.36785],[80.83,7.36494],[80.827,7.36292],[80.818,7.36547],[80.81588,7.364],[80.8141,7.36],[80.811,7.35809],[80.807,7.35789],[80.801,7.3552],[80.79942,7.356],[80.79741,7.362],[80.79856,7.364],[80.80274,7.365],[80.80361,7.367],[80.807,7.36976],[80.809,7.36864],[80.811,7.3689],[80.81162,7.371],[80.81315,7.372],[80.81072,7.378],[80.81209,7.383],[80.802,7.38682],[80.798,7.38609],[80.79554,7.382],[80.7932,7.382],[80.793,7.38418],[80.78886,7.389],[80.791,7.3907],[80.795,7.3901],[80.79793,7.395],[80.79757,7.397],[80.801,7.39978],[80.80105,7.404],[80.80153,7.405],[80.80308,7.405],[80.80373,7.407],[80.80252,7.412],[80.80007,7.414],[80.79,7.41823],[80.788,7.42019],[80.783,7.4175],[80.78262,7.415],[80.78,7.41324],[80.7789,7.416],[80.77957,7.425],[80.778,7.42552],[80.77261,7.423],[80.77187,7.424],[80.77293,7.429],[80.772,7.4322],[80.769,7.42941],[80.766,7.43274],[80.762,7.42982],[80.76,7.43203],[80.758,7.43275],[80.75621,7.438],[80.755,7.43889],[80.751,7.43741],[80.74953,7.434],[80.748,7.43288],[80.744,7.43926],[80.743,7.43955],[80.74062,7.438],[80.74125,7.441],[80.739,7.44309],[80.738,7.44615],[80.737,7.44713],[80.73466,7.447],[80.73246,7.458],[80.732,7.45917],[80.73007,7.46],[80.7291,7.466],[80.725,7.46629],[80.72235,7.468],[80.72211,7.473],[80.72502,7.476],[80.7263,7.479],[80.72386,7.49],[80.72753,7.492]]},"properties":{"ele":1400,"index":0}},{"type":"Feature","geometry":{"type":"LineString","coordinates":[[80.81732,7.472],[80.819,7.47151],[80.82167,7.467],[80.82074,7.46],[80.818,7.45879],[80.81429,7.47],[80.81732,7.472]]},"properties":{"ele":1400,"index":0}},{"type":"Feature","geometry":{"type":"LineString","coordinates":[[80.80742,7.443],[80.809,7.4433],[80.81235,7.44],[80.81,7.43823],[80.80489,7.441],[80.80742,7.443]]},"properties":{"ele":1400,"index":0}},{"type":"Feature","geometry":{"type":"LineString","coordinates":[[80.71184,7.432],[80.712,7.433],[80.71433,7.431],[80.714,7.42246],[80.71268,7.424],[80.71347,7.427],[80.71184,7.432]]},"properties":{"ele":1400,"index":0}},{"type":"Feature","geometry":{"type":"LineString","coordinates":[[80.70788,7.4],[80.71,7.39817],[80.71178,7.398],[80.713,7.39637],[80.713,7.394],[80.712,7.39306],[80.71,7.39348],[80.709,7.39525],[80.706,7.392],[80.705,7.393],[80.705,7.39],[80.699,7.38647],[80.69764,7.388],[80.69826,7.389],[80.70147,7.393],[80.704,7.39406],[80.70788,7.4]]},"properties":{"ele":1400,"index":0}},{"type":"Feature","geometry":{"type":"LineString","coordinates":[[80.86582,7.396],[80.869,7.3936],[80.87343,7.393],[80.87253,7.392],[80.87223,7.385],[80.869,7.3856],[80.867,7.38265],[80.86583,7.383],[80.864,7.38706],[80.862,7.38608],[80.86148,7.387],[80.86245,7.395],[80.86582,7.396]]},"properties":{"ele":1400,"index":0}},{"type":"Feature","geometry":{"type":"LineString","coordinates":[[80.8553,7.386],[80.86094,7.385],[80.856,7.37967],[80.853,7.38025],[80.85,7.37813],[80.84951,7.382],[80.852,7.38452],[80.8553,7.386]]},"properties":{"ele":1400,"index":0}},{"type":"Feature","geometry":{"type":"LineString","coordinates":[[80.83458,7.357],[80.836,7.35685],[80.83745,7.354],[80.837,7.35139],[80.834,7.35249],[80.83305,7.354],[80.83458,7.357]]},"properties":{"ele":1400,"index":0}},{"type":"Feature","geometry":{"type":"LineString","coordinates":[[80.83763,7.346],[80.839,7.34616],[80.843,7.34398],[80.84407,7.343],[80.84307,7.34],[80.84372,7.339],[80.847,7.33791],[80.85457,7.332],[80.85471,7.328],[80.85727,7.324],[80.85765,7.319],[80.85685,7.317],[80.85473,7.317],[80.854,7.31875],[80.8551,7.32],[80.852,7.32175],[80.851,7.31845],[80.846,7.31688],[80.84652,7.318],[80.84492,7.323],[80.84581,7.326],[80.84933,7.328],[80.84784,7.331],[80.84247,7.334],[80.842,7.33922],[80.838,7.34025],[80.837,7.34177],[80.834,7.33914],[80.83317,7.342],[80.835,7.34432],[80.837,7.34447],[80.83763,7.346]]},"properties":{"ele":1400,"index":0}},{"type":"Feature","geometry":{"type":"LineString","coordinates":[[80.842,7.315],[80.84323,7.315],[80.84137,7.311],[80.83935,7.31],[80.84,7.3134],[80.842,7.315]]},"properties":{"ele":1400,"index":0}},{"type":"Feature","geometry":{"type":"LineString","coordinates":[[80.85558,7.314],[80.857,7.31439],[80.858,7.3136],[80.858,7.31119],[80.856,7.31183],[80.854,7.30933],[80.852,7.31057],[80.85,7.31043],[80.85,7.31121],[80.853,7.3128],[80.855,7.31222],[80.85558,7.314]]},"properties":{"ele":1400,"index":0}},{"type":"Feature","geometry":{"type":"LineString","coordinates":[[80.80181,7.169],[80.80322,7.169],[80.80444,7.166],[80.801,7.16],[80.79806,7.166],[80.80068,7.167],[80.80181,7.169]]},"properties":{"ele":1400,"index":0}},{"type":"Feature","geometry":{"type":"LineString","coordinates":[[81.11857,7.154],[81.119,7.15459],[81.12311,7.152],[81.12,7.14885],[81.11772,7.152],[81.11857,7.154]]},"properties":{"ele":1400,"index":0}},{"type":"Feature","geometry":{"type":"LineString","coordinates":[[80.69138,7.152],[80.693,7.15221],[80.701,7.14817],[80.70485,7.142],[80.70367,7.132],[80.705,7.13],[80.70274,7.125],[80.703,7.123],[80.70418,7.122],[80.70329,7.119],[80.704,7.11811],[80.708,7.1176],[80.709,7.11907],[80.711,7.11945],[80.71133,7.118],[80.714,7.11792],[80.72,7.11964],[80.722,7.12189],[80.7229,7.126],[80.724,7.12707],[80.733,7.11856],[80.737,7.11689],[80.741,7.11117],[80.746,7.10964],[80.749,7.10974],[80.75053,7.108],[80.7495,7.107],[80.75,7.09993],[80.756,7.09879],[80.75727,7.1],[80.75689,7.102],[80.758,7.10245],[80.76,7.10231],[80.763,7.10003],[80.766,7.10149],[80.769,7.10124],[80.781,7.10455],[80.78779,7.101],[80.785,7.096],[80.78526,7.095],[80.7787,7.089],[80.77804,7.085],[80.776,7.0847],[80.772,7.08164],[80.77,7.0752],[80.766,7.07306],[80.763,7.07266],[80.7579,7.069],[80.75658,7.065],[80.75817,7.063],[80.75866,7.059],[80.75988,7.058],[80.75668,7.055],[80.75379,7.054],[80.75811,7.051],[80.757,7.04507],[80.765,7.04707],[80.767,7.04668],[80.769,7.03907],[80.774,7.03887],[80.77482,7.038],[80.77822,7.032],[80.77618,7.025],[80.777,7.02428],[80.7803,7.025],[80.78193,7.029],[80.785,7.03053],[80.78653,7.03],[80.789,7.02685],[80.79111,7.027],[80.79252,7.03],[80.79284,7.034],[80.79018,7.036],[80.79,7.03948],[80.78789,7.04],[80.78805,7.046],[80.78497,7.048],[80.79062,7.055],[80.79095,7.058],[80.78985,7.061],[80.79124,7.061],[80.79171,7.059],[80.797,7.05668],[80.798,7.05938],[80.801,7.05892],[80.803,7.05971],[80.807,7.05794],[80.811,7.0586],[80.812,7.06273],[80.81373,7.063],[80.815,7.06553],[80.817,7.06615],[80.819,7.06852],[80.822,7.06962],[80.82246,7.072],[80.82417,7.074],[80.82252,7.083],[80.824,7.08321],[80.826,7.07983],[80.829,7.0785],[80.82946,7.086],[80.832,7.08854],[80.835,7.08672],[80.84,7.086],[80.843,7.08694],[80.847,7.08408],[80.84752,7.081],[80.85,7.07912],[80.853,7.0809],[80.854,7.08345],[80.85471,7.083],[80.8578,7.079],[80.85932,7.072],[80.862,7.06844],[80.865,7.07154],[80.873,7.06394],[80.87569,7.054],[80.87422,7.045],[80.87512,7.041],[80.8738,7.039],[80.876,7.03943],[80.8763,7.038],[80.874,7.036],[80.874,7.034],[80.876,7.03405],[80.88,7.03961],[80.889,7.04364],[80.88988,7.043],[80.89,7.04189],[80.887,7.03983],[80.88427,7.035],[80.88518,7.03],[80.884,7.02804],[80.87917,7.026],[80.87271,7.019],[80.873,7.01794],[80.87804,7.019],[80.878,7.01768],[80.87564,7.015],[80.878,7.01447],[80.881,7.01746],[80.88325,7.016],[80.889,7.02205],[80.891,7.01996],[80.893,7.02152],[80.89546,7.02],[80.892,7.01737],[80.89,7.017],[80.88211,7.008],[80.882,7.00362],[80.88429,7.001],[80.88282,6.999],[80.88139,6.993],[80.87526,6.985],[80.876,6.98027],[80.879,6.98005],[80.88385,6.984],[80.88656,6.985],[80.89267,6.99],[80.894,6.99316],[80.89538,6.992],[80.896,6.987],[80.901,6.99134],[80.902,6.98867],[80.905,6.98954],[80.90904,6.995],[80.913,6.99786],[80.91489,6.998],[80.916,7.00046],[80.918,7.00063],[80.919,7.00284],[80.92173,7.005],[80.91983,7.007],[80.921,7.00842],[80.924,7.00923],[80.925,7.00928],[80.92719,7.005],[80.92415,7.001],[80.92927,6.997],[80.92846,6.994],[80.93,6.99006],[80.932,6.99029],[80.9368,6.996],[80.939,6.99645],[80.94023,6.995],[80.94015,6.992],[80.94201,6.99],[80.94,6.98674],[80.931,6.98431],[80.926,6.98566],[80.921,6.983],[80.918,6.9835],[80.914,6.98142],[80.912,6.98175],[80.907,6.97814],[80.905,6.9745],[80.902,6.9724],[80.896,6.97167],[80.89,6.97471],[80.8843,6.97],[80.883,6.96668],[80.88157,6.97],[80.873,6.97233],[80.864,6.96807],[80.864,6.96656],[80.862,6.96575],[80.858,6.96673],[80.854,6.96323],[80.854,6.965],[80.851,6.96678],[80.849,6.96365],[80.8464,6.963],[80.84769,6.962],[80.84844,6.959],[80.84862,6.951],[80.844,6.94926],[80.843,6.9505],[80.84,6.95057],[80.83989,6.949],[80.837,6.94696],[80.832,6.94822],[80.82971,6.946],[80.83619,6.941],[80.83597,6.938],[80.83859,6.936],[80.839,6.9343],[80.84143,6.934],[80.842,6.92824],[80.845,6.92435],[80.84824,6.922],[80.844,6.92114],[80.84,6.92418],[80.83675,6.924],[80.83811,6.922],[80.83589,6.918],[80.83644,6.915],[80.83811,6.914],[80.83753,6.913],[80.83863,6.912],[80.83911,6.909],[80.851,6.89775],[80.85383,6.899],[80.8537,6.901],[80.857,6.90515],[80.858,6.90515],[80.861,6.901],[80.86098,6.898],[80.85949,6.895],[80.86155,6.893],[80.85546,6.889],[80.852,6.88983],[80.85,6.89205],[80.846,6.891],[80.843,6.88779],[80.836,6.89191],[80.8353,6.891],[80.83609,6.89],[80.83569,6.888],[80.83362,6.887],[80.8386,6.883],[80.83772,6.881],[80.83882,6.879],[80.83794,6.875],[80.84,6.87389],[80.84022,6.872],[80.841,6.87135],[80.845,6.87189],[80.84707,6.871],[80.84741,6.869],[80.85208,6.867],[80.85105,6.866],[80.85157,6.865],[80.85613,6.862],[80.855,6.86064],[80.85181,6.86],[80.85388,6.855],[80.856,6.8546],[80.85675,6.853],[80.85877,6.852],[80.8588,6.849],[80.863,6.84773],[80.864,6.84527],[80.866,6.84621],[80.86706,6.845],[80.86717,6.844],[80.86473,6.843],[80.864,6.83953],[80.8576,6.836],[80.85838,6.835],[80.863,6.83263],[80.869,6.83289],[80.871,6.83054],[80.874,6.8311],[80.8775,6.828],[80.87959,6.824],[80.88655,6.821],[80.88547,6.813],[80.8892,6.812],[80.89,6.80982],[80.885,6.80928],[80.878,6.81112],[80.87367,6.81],[80.878,6.80934],[80.87893,6.808],[80.878,6.80678],[80.88125,6.806],[80.883,6.80329],[80.89,6.8],[80.89047,6.799],[80.88843,6.797],[80.89447,6.797],[80.8998,6.789],[80.89731,6.786],[80.898,6.7845],[80.909,6.78219],[80.914,6.78242],[80.918,6.78095],[80.921,6.78109],[80.928,6.77829],[80.931,6.77859],[80.932,6.77655],[80.939,6.77376],[80.941,6.771],[80.943,6.77183],[80.94612,6.769],[80.953,6.76733],[80.95926,6.77],[80.96189,6.774],[80.96108,6.776],[80.96214,6.781],[80.96169,6.784],[80.96396,6.786],[80.96479,6.791],[80.96667,6.791],[80.96665,6.793],[80.962,6.79433],[80.96177,6.796],[80.95777,6.798],[80.959,6.80071],[80.968,6.80459],[80.97057,6.796],[80.972,6.7934],[80.973,6.79354],[80.97367,6.796],[80.975,6.79607],[80.9774,6.799],[80.97729,6.803],[80.98,6.80207],[80.981,6.80057],[80.987,6.80055],[80.991,6.80463],[80.994,6.8046],[80.996,6.807],[81.0026,6.809],[81.002,6.81332],[81.004,6.81236],[81.013,6.8164],[81.016,6.81933],[81.024,6.82159],[81.02573,6.813],[81.02572,6.807],[81.02839,6.804],[81.031,6.80267],[81.02924,6.798],[81.035,6.79861],[81.037,6.79542],[81.03945,6.796],[81.041,6.79757],[81.043,6.79505],[81.049,6.80058],[81.0503,6.806],[81.053,6.80746],[81.05592,6.811],[81.059,6.81124],[81.06028,6.81],[81.05801,6.806],[81.058,6.80348],[81.05534,6.802],[81.05382,6.799],[81.04873,6.796],[81.0467,6.788],[81.043,6.78256],[81.04319,6.778],[81.04223,6.777],[81.04,6.77636],[81.03891,6.779],[81.03995,6.784],[81.0394,6.788],[81.037,6.78752],[81.03548,6.784],[81.031,6.78176],[81.029,6.77969],[81.02058,6.768],[81.017,6.76824],[81.014,6.76611],[81.01272,6.769],[81.01393,6.773],[81.01,6.77375],[81.002,6.769],[81.00044,6.771],[81.00346,6.779],[81,6.77921],[80.99831,6.783],[80.993,6.78275],[80.991,6.78096],[80.98778,6.78],[80.98116,6.769],[80.98074,6.767],[80.98272,6.764],[80.981,6.76276],[80.978,6.76342],[80.974,6.76067],[80.973,6.7632],[80.966,6.76153],[80.96357,6.766],[80.96,6.76739],[80.953,6.76523],[80.951,6.76283],[80.949,6.76333],[80.947,6.76247],[80.944,6.76478],[80.94,6.7629],[80.937,6.76303],[80.935,6.76488],[80.927,6.76757],[80.91,6.76926],[80.90898,6.77],[80.90928,6.774],[80.905,6.776],[80.897,6.77657],[80.891,6.77348],[80.884,6.77616],[80.878,6.77502],[80.875,6.77746],[80.873,6.7769],[80.872,6.77755],[80.87204,6.782],[80.871,6.78355],[80.867,6.781],[80.86,6.78032],[80.858,6.78213],[80.853,6.78213],[80.85198,6.783],[80.85116,6.787],[80.848,6.78602],[80.846,6.78825],[80.84207,6.787],[80.84185,6.784],[80.84322,6.781],[80.841,6.77909],[80.837,6.77874],[80.833,6.77662],[80.831,6.77853],[80.83,6.77621],[80.826,6.77902],[80.82177,6.775],[80.81748,6.774],[80.82076,6.77],[80.81942,6.768],[80.82112,6.765],[80.823,6.76405],[80.826,6.76486],[80.83,6.76345],[80.83133,6.762],[80.828,6.75969],[80.821,6.75692],[80.81749,6.751],[80.81792,6.749],[80.816,6.74681],[80.813,6.74736],[80.809,6.74421],[80.80223,6.743],[80.798,6.74018],[80.79504,6.742],[80.79844,6.746],[80.796,6.74869],[80.79623,6.754],[80.79969,6.761],[80.80185,6.763],[80.80028,6.768],[80.80171,6.774],[80.801,6.77541],[80.797,6.77189],[80.79178,6.765],[80.78563,6.761],[80.78348,6.758],[80.78439,6.755],[80.783,6.75179],[80.779,6.75026],[80.773,6.745],[80.768,6.745],[80.76887,6.748],[80.76805,6.749],[80.76456,6.749],[80.76522,6.751],[80.764,6.754],[80.76591,6.756],[80.76581,6.761],[80.764,6.76216],[80.756,6.7551],[80.752,6.75606],[80.748,6.75356],[80.743,6.75554],[80.74,6.75536],[80.737,6.7535],[80.734,6.75669],[80.732,6.75607],[80.728,6.75253],[80.725,6.75384],[80.722,6.74968],[80.718,6.74767],[80.715,6.75022],[80.712,6.74977],[80.707,6.74647],[80.705,6.74642],[80.703,6.74922],[80.698,6.75102],[80.696,6.75082],[80.695,6.75189],[80.692,6.75079],[80.6886,6.752],[80.688,6.75353],[80.683,6.75372],[80.68222,6.753],[80.68444,6.749],[80.68417,6.745],[80.68286,6.743],[80.678,6.74007],[80.675,6.74118],[80.672,6.74081],[80.667,6.74521],[80.661,6.74783],[80.658,6.74663],[80.655,6.74326],[80.64975,6.743],[80.64912,6.74],[80.64983,6.738],[80.649,6.73786],[80.64777,6.738],[80.647,6.74023],[80.64,6.74241],[80.634,6.73912],[80.63,6.73854],[80.627,6.73918],[80.62377,6.741],[80.622,6.7454],[80.6194,6.745],[80.62,6.74944],[80.616,6.75137],[80.613,6.75482],[80.61,6.75445],[80.605,6.75556],[80.6,6.75376],[80.594,6.75436],[80.576,6.76006],[80.569,6.75948],[80.566,6.75731],[80.557,6.75783],[80.555,6.75514],[80.553,6.75506],[80.552,6.76],[80.5501,6.763],[80.54695,6.765],[80.544,6.76894],[80.534,6.76938],[80.529,6.76362],[80.517,6.76829],[80.51191,6.767],[80.51,6.76913],[80.507,6.77053],[80.506,6.7729],[80.5,6.77091],[80.4998,6.775],[80.497,6.77745],[80.495,6.77711],[80.49013,6.773],[80.489,6.77348],[80.48728,6.777],[80.48806,6.781],[80.48745,6.785],[80.48428,6.792],[80.481,6.7965],[80.479,6.79689],[80.477,6.79602],[80.47342,6.804],[80.47351,6.81],[80.478,6.8128],[80.47673,6.815],[80.47772,6.818],[80.4848,6.825],[80.4817,6.829],[80.48254,6.834],[80.48111,6.836],[80.4813,6.839],[80.478,6.84697],[80.47484,6.85],[80.47232,6.857],[80.472,6.86556],[80.482,6.86394],[80.4864,6.86],[80.487,6.85637],[80.488,6.85534],[80.49486,6.858],[80.49354,6.861],[80.495,6.86271],[80.501,6.86179],[80.50151,6.86],[80.49887,6.854],[80.499,6.8515],[80.50263,6.857],[80.505,6.85807],[80.50614,6.857],[80.50488,6.854],[80.506,6.85262],[80.511,6.8557],[80.515,6.85547],[80.517,6.85276],[80.522,6.85436],[80.52966,6.85],[80.5327,6.847],[80.5346,6.842],[80.532,6.83871],[80.528,6.83674],[80.527,6.83326],[80.52425,6.832],[80.52481,6.831],[80.52364,6.829],[80.521,6.82805],[80.517,6.82865],[80.513,6.82671],[80.506,6.82631],[80.5045,6.825],[80.50527,6.824],[80.50421,6.823],[80.507,6.82167],[80.511,6.82248],[80.515,6.82088],[80.518,6.82103],[80.527,6.81714],[80.528,6.81768],[80.533,6.81346],[80.533,6.8176],[80.536,6.81548],[80.538,6.81629],[80.54,6.81496],[80.541,6.81563],[80.54194,6.815],[80.543,6.81256],[80.54072,6.812],[80.54367,6.808],[80.543,6.80698],[80.53987,6.808],[80.53831,6.802],[80.53941,6.799],[80.53781,6.796],[80.536,6.79472],[80.532,6.79792],[80.52813,6.797],[80.53205,6.796],[80.53424,6.793],[80.535,6.78963],[80.541,6.79032],[80.546,6.79609],[80.548,6.7946],[80.55207,6.794],[80.554,6.79217],[80.55516,6.793],[80.556,6.79719],[80.559,6.79935],[80.565,6.80085],[80.567,6.80108],[80.573,6.79927],[80.58,6.79587],[80.584,6.79559],[80.586,6.79437],[80.58723,6.795],[80.58525,6.798],[80.586,6.79843],[80.594,6.79682],[80.59567,6.798],[80.59392,6.799],[80.595,6.79911],[80.59725,6.795],[80.6,6.7943],[80.60252,6.792],[80.60092,6.789],[80.5983,6.788],[80.598,6.7855],[80.596,6.78771],[80.594,6.78656],[80.592,6.78756],[80.59059,6.787],[80.58979,6.783],[80.59141,6.777],[80.591,6.7743],[80.598,6.7755],[80.602,6.77446],[80.603,6.77633],[80.6065,6.774],[80.607,6.77531],[80.60361,6.781],[80.605,6.78324],[80.608,6.78468],[80.6152,6.783],[80.61611,6.781],[80.619,6.77891],[80.622,6.77291],[80.626,6.77328],[80.63311,6.77],[80.63152,6.775],[80.63,6.77555],[80.629,6.77765],[80.62508,6.781],[80.62525,6.782],[80.624,6.78197],[80.62214,6.784],[80.623,6.78724],[80.625,6.78524],[80.62745,6.785],[80.6246,6.792],[80.62243,6.793],[80.62221,6.794],[80.6252,6.798],[80.62504,6.8],[80.623,6.7999],[80.62105,6.803],[80.617,6.80479],[80.60839,6.817],[80.60738,6.823],[80.602,6.82108],[80.60129,6.822],[80.602,6.82483],[80.601,6.82517],[80.598,6.82235],[80.59576,6.824],[80.596,6.8259],[80.6,6.82663],[80.602,6.8252],[80.604,6.82618],[80.606,6.82587],[80.611,6.82052],[80.613,6.82021],[80.623,6.8131],[80.631,6.80967],[80.633,6.80778],[80.638,6.80635],[80.641,6.80841],[80.644,6.80768],[80.645,6.80584],[80.646,6.806],[80.649,6.80353],[80.652,6.80406],[80.654,6.80294],[80.65533,6.804],[80.6545,6.806],[80.655,6.807],[80.65845,6.804],[80.66025,6.801],[80.65937,6.799],[80.661,6.79562],[80.662,6.79496],[80.665,6.79633],[80.667,6.79542],[80.672,6.78827],[80.674,6.78847],[80.675,6.78695],[80.677,6.788],[80.681,6.78523],[80.683,6.787],[80.684,6.78556],[80.68529,6.788],[80.688,6.78914],[80.68824,6.788],[80.693,6.78437],[80.693,6.78836],[80.696,6.7903],[80.69822,6.789],[80.7,6.78408],[80.70058,6.785],[80.69938,6.791],[80.696,6.79407],[80.69359,6.793],[80.693,6.797],[80.69133,6.798],[80.68891,6.803],[80.68744,6.804],[80.685,6.80437],[80.684,6.80364],[80.683,6.80447],[80.68062,6.807],[80.678,6.8122],[80.67,6.815],[80.667,6.81706],[80.662,6.81768],[80.65989,6.824],[80.656,6.826],[80.65473,6.83],[80.651,6.83292],[80.64931,6.835],[80.649,6.837],[80.64722,6.839],[80.64314,6.841],[80.638,6.84758],[80.641,6.84768],[80.642,6.84971],[80.64567,6.85],[80.64314,6.852],[80.64256,6.859],[80.642,6.86023],[80.64,6.861],[80.641,6.862],[80.639,6.86209],[80.63593,6.864],[80.634,6.867],[80.634,6.87079],[80.636,6.87039],[80.64233,6.873],[80.641,6.87508],[80.639,6.87459],[80.635,6.87589],[80.63179,6.881],[80.63352,6.884],[80.63243,6.885],[80.6325,6.887],[80.63464,6.889],[80.63302,6.891],[80.633,6.8942],[80.628,6.894],[80.62635,6.893],[80.62511,6.89],[80.623,6.889],[80.619,6.88445],[80.61424,6.887],[80.6092,6.894],[80.612,6.89889],[80.6185,6.902],[80.623,6.90155],[80.62456,6.903],[80.62343,6.906],[80.624,6.90636],[80.629,6.90577],[80.632,6.90808],[80.63338,6.908],[80.63609,6.914],[80.631,6.918],[80.63036,6.919],[80.63142,6.921],[80.62695,6.925],[80.62762,6.927],[80.63,6.92857],[80.631,6.92725],[80.633,6.93017],[80.63325,6.929],[80.63143,6.926],[80.63186,6.925],[80.636,6.92709],[80.638,6.92637],[80.644,6.92735],[80.64443,6.926],[80.64312,6.923],[80.64394,6.921],[80.646,6.9209],[80.648,6.91811],[80.652,6.91912],[80.653,6.91817],[80.655,6.91914],[80.655,6.91696],[80.659,6.91988],[80.66244,6.919],[80.66178,6.917],[80.663,6.9168],[80.66633,6.918],[80.667,6.9195],[80.67075,6.919],[80.67057,6.918],[80.669,6.91787],[80.66723,6.916],[80.667,6.91336],[80.664,6.91122],[80.66,6.9138],[80.655,6.91344],[80.65161,6.912],[80.649,6.90758],[80.648,6.908],[80.644,6.906],[80.64388,6.904],[80.6469,6.903],[80.647,6.90165],[80.649,6.90283],[80.65,6.90215],[80.653,6.90429],[80.6543,6.904],[80.652,6.90112],[80.64775,6.899],[80.64777,6.898],[80.65,6.89842],[80.652,6.90025],[80.654,6.89971],[80.656,6.902],[80.659,6.90283],[80.659,6.899],[80.66033,6.898],[80.66069,6.9],[80.662,6.9],[80.665,6.89583],[80.6695,6.899],[80.672,6.89791],[80.673,6.89846],[80.67475,6.9],[80.674,6.90167],[80.675,6.90011],[80.677,6.9],[80.678,6.90204],[80.68,6.899],[80.682,6.90043],[80.68272,6.899],[80.68264,6.896],[80.67773,6.892],[80.6779,6.891],[80.679,6.89112],[80.684,6.88738],[80.68369,6.889],[80.68551,6.894],[80.688,6.89656],[80.6894,6.894],[80.693,6.89375],[80.694,6.89195],[80.696,6.8948],[80.698,6.89294],[80.701,6.89289],[80.705,6.8955],[80.705,6.8975],[80.70885,6.897],[80.70625,6.893],[80.709,6.89324],[80.71176,6.89],[80.706,6.88624],[80.703,6.88538],[80.7,6.88626],[80.689,6.886],[80.69072,6.884],[80.69067,6.883],[80.689,6.8827],[80.688,6.883],[80.687,6.88535],[80.686,6.885],[80.68512,6.886],[80.685,6.88761],[80.683,6.88387],[80.6818,6.884],[80.682,6.88194],[80.68,6.88111],[80.679,6.88211],[80.678,6.88153],[80.679,6.87895],[80.68308,6.878],[80.685,6.8748],[80.688,6.87269],[80.69343,6.872],[80.693,6.87021],[80.69062,6.87],[80.691,6.86889],[80.68725,6.87],[80.686,6.87172],[80.684,6.87189],[80.683,6.86983],[80.6812,6.87],[80.68027,6.873],[80.679,6.87348],[80.67686,6.873],[80.678,6.86985],[80.674,6.86967],[80.671,6.87117],[80.669,6.86993],[80.667,6.87054],[80.665,6.869],[80.675,6.8682],[80.677,6.86693],[80.679,6.86763],[80.68,6.8667],[80.681,6.86784],[80.684,6.86674],[80.688,6.86312],[80.689,6.86418],[80.692,6.86377],[80.693,6.865],[80.696,6.865],[80.69925,6.864],[80.701,6.86225],[80.703,6.86279],[80.708,6.85996],[80.708,6.86209],[80.71,6.86269],[80.7112,6.861],[80.71313,6.861],[80.713,6.8632],[80.71588,6.861],[80.717,6.8618],[80.72,6.8595],[80.725,6.85846],[80.724,6.856],[80.725,6.854],[80.727,6.85822],[80.74,6.85612],[80.74614,6.857],[80.74,6.85869],[80.736,6.85789],[80.734,6.85915],[80.727,6.8596],[80.722,6.86231],[80.719,6.86271],[80.71588,6.865],[80.7178,6.867],[80.71767,6.869],[80.717,6.86972],[80.716,6.86853],[80.715,6.86913],[80.714,6.86838],[80.709,6.8735],[80.70825,6.872],[80.71009,6.87],[80.70945,6.869],[80.712,6.86645],[80.712,6.865],[80.71063,6.865],[80.71,6.86762],[80.707,6.86561],[80.70444,6.866],[80.703,6.86935],[80.702,6.86727],[80.7,6.86687],[80.69418,6.868],[80.69664,6.871],[80.69435,6.876],[80.69507,6.878],[80.698,6.87921],[80.701,6.87917],[80.70024,6.878],[80.701,6.87675],[80.705,6.87619],[80.705,6.87483],[80.707,6.87361],[80.7076,6.876],[80.70538,6.883],[80.706,6.88367],[80.7088,6.883],[80.70913,6.885],[80.714,6.88567],[80.719,6.89145],[80.72,6.88988],[80.722,6.89058],[80.7236,6.892],[80.72293,6.893],[80.724,6.89396],[80.728,6.89489],[80.73,6.89396],[80.734,6.89467],[80.748,6.89317],[80.74821,6.894],[80.745,6.89464],[80.741,6.897],[80.74,6.90024],[80.738,6.89856],[80.7368,6.899],[80.736,6.902],[80.735,6.90067],[80.734,6.90082],[80.734,6.90488],[80.7291,6.906],[80.728,6.90925],[80.72676,6.91],[80.728,6.91118],[80.726,6.91208],[80.72379,6.906],[80.7217,6.903],[80.718,6.90189],[80.717,6.90058],[80.71542,6.901],[80.7162,6.903],[80.71,6.9045],[80.70683,6.907],[80.707,6.90829],[80.71017,6.91],[80.70831,6.911],[80.70893,6.913],[80.706,6.91383],[80.7051,6.915],[80.71,6.91615],[80.71121,6.92],[80.71,6.92],[80.70933,6.921],[80.71,6.922],[80.709,6.923],[80.708,6.92218],[80.703,6.92605],[80.70138,6.923],[80.70223,6.921],[80.7,6.91959],[80.699,6.92015],[80.69893,6.923],[80.69752,6.924],[80.69886,6.926],[80.698,6.92726],[80.696,6.92742],[80.695,6.92943],[80.69638,6.932],[80.69492,6.933],[80.69552,6.936],[80.697,6.93774],[80.7,6.93894],[80.702,6.93781],[80.704,6.93804],[80.706,6.9358],[80.71025,6.934],[80.715,6.92928],[80.717,6.92938],[80.71876,6.928],[80.71949,6.926],[80.7178,6.925],[80.719,6.92427],[80.71953,6.922],[80.72,6.92142],[80.72071,6.923],[80.7224,6.923],[80.72133,6.922],[80.72224,6.92],[80.7214,6.918],[80.722,6.9175],[80.723,6.9172],[80.724,6.91933],[80.729,6.91944],[80.731,6.91733],[80.7318,6.918],[80.72893,6.925],[80.727,6.92622],[80.72591,6.924],[80.727,6.92384],[80.72854,6.927],[80.72533,6.93],[80.7263,6.931],[80.72591,6.933],[80.72834,6.935],[80.729,6.93683],[80.723,6.93529],[80.718,6.93788],[80.715,6.94065],[80.706,6.94476],[80.70286,6.949],[80.694,6.95025],[80.691,6.95225],[80.689,6.95233],[80.682,6.95556],[80.679,6.9577],[80.67805,6.962],[80.675,6.96453],[80.671,6.96337],[80.668,6.96417],[80.66371,6.967],[80.66329,6.97],[80.6608,6.974],[80.66055,6.98],[80.65797,6.987],[80.65058,6.996],[80.64892,7.001],[80.649,7.00317],[80.659,6.99636],[80.662,6.99563],[80.669,6.99845],[80.673,6.99756],[80.677,6.99783],[80.679,6.99946],[80.683,6.99832],[80.685,6.99927],[80.686,6.99514],[80.68747,6.996],[80.69,7.00159],[80.693,7.00436],[80.695,7.00395],[80.697,7.00482],[80.70023,7.004],[80.6989,7.006],[80.69539,7.008],[80.69733,7.01],[80.693,7.01056],[80.691,7.01274],[80.688,7.012],[80.678,7.01996],[80.677,7.02331],[80.674,7.02337],[80.67115,7.027],[80.672,7.032],[80.66968,7.037],[80.673,7.04155],[80.68,7.04139],[80.682,7.03963],[80.686,7.04213],[80.688,7.04106],[80.69,7.03755],[80.6956,7.036],[80.698,7.03372],[80.708,7.03238],[80.70862,7.033],[80.706,7.04],[80.70873,7.042],[80.7101,7.045],[80.70932,7.046],[80.711,7.04718],[80.7171,7.047],[80.71615,7.051],[80.71223,7.056],[80.71272,7.059],[80.711,7.06055],[80.71,7.064],[80.707,7.06345],[80.704,7.06591],[80.7,7.06631],[80.69857,7.068],[80.698,7.07215],[80.695,7.07258],[80.692,7.07671],[80.686,7.0768],[80.682,7.08821],[80.67707,7.09],[80.67616,7.092],[80.674,7.09188],[80.67233,7.094],[80.672,7.09717],[80.677,7.0987],[80.681,7.09814],[80.68509,7.099],[80.688,7.10275],[80.69,7.10336],[80.6936,7.11],[80.693,7.11247],[80.68374,7.118],[80.68336,7.12],[80.68109,7.121],[80.68084,7.122],[80.683,7.12404],[80.692,7.124],[80.69015,7.135],[80.691,7.13687],[80.698,7.142],[80.698,7.143],[80.69469,7.149],[80.691,7.15069],[80.69138,7.152]]},"properties":{"ele":1400,"index":0}},{"type":"Feature","geometry":{"type":"LineString","coordinates":[[81.15893,7.109],[81.161,7.1081],[81.16245,7.103],[81.16259,7.098],[81.161,7.09631],[81.15917,7.1],[81.15893,7.109]]},"properties":{"ele":1400,"index":0}},{"type":"Feature","geometry":{"type":"LineString","coordinates":[[80.84444,7.102],[80.845,7.10279],[80.8469,7.101],[80.84624,7.099],[80.84696,7.094],[80.844,7.08979],[80.84219,7.097],[80.84393,7.099],[80.84444,7.102]]},"properties":{"ele":1400,"index":0}},{"type":"Feature","geometry":{"type":"LineString","coordinates":[[80.62753,7.091],[80.628,7.09194],[80.629,7.09165],[80.629,7.08947],[80.628,7.08956],[80.62753,7.091]]},"properties":{"ele":1400,"index":0}},{"type":"Feature","geometry":{"type":"LineString","coordinates":[[80.62914,7.087],[80.631,7.0877],[80.63284,7.086],[80.632,7.08128],[80.63,7.0823],[80.629,7.081],[80.62643,7.081],[80.62914,7.087]]},"properties":{"ele":1400,"index":0}},{"type":"Feature","geometry":{"type":"LineString","coordinates":[[80.50227,7.072],[80.504,7.07292],[80.50638,7.072],[80.503,7.06854],[80.50067,7.07],[80.50227,7.072]]},"properties":{"ele":1400,"index":0}},{"type":"Feature","geometry":{"type":"LineString","coordinates":[[81.16485,7.054],[81.166,7.05405],[81.16877,7.05],[81.16882,7.049],[81.16708,7.048],[81.16725,7.045],[81.166,7.04344],[81.16366,7.045],[81.16242,7.05],[81.16485,7.054]]},"properties":{"ele":1400,"index":0}},{"type":"Feature","geometry":{"type":"LineString","coordinates":[[81.17021,7.05],[81.172,7.05089],[81.17413,7.046],[81.173,7.04194],[81.172,7.04169],[81.17091,7.043],[81.17166,7.046],[81.17021,7.05]]},"properties":{"ele":1400,"index":0}},{"type":"Feature","geometry":{"type":"LineString","coordinates":[[81.0106,7.042],[81.013,7.0428],[81.01371,7.042],[81.016,7.03843],[81.01568,7.035],[81.014,7.03286],[81.008,7.03111],[81.00639,7.035],[81.008,7.04034],[81.0106,7.042]]},"properties":{"ele":1400,"index":0}},{"type":"Feature","geometry":{"type":"LineString","coordinates":[[81.02123,7.041],[81.023,7.04109],[81.02335,7.04],[81.022,7.03718],[81.02008,7.04],[81.02123,7.041]]},"properties":{"ele":1400,"index":0}},{"type":"Feature","geometry":{"type":"LineString","coordinates":[[81.17294,7.039],[81.1767,7.037],[81.17535,7.036],[81.175,7.03244],[81.173,7.03247],[81.171,7.0364],[81.171,7.03719],[81.173,7.03711],[81.17294,7.039]]},"properties":{"ele":1400,"index":0}},{"type":"Feature","geometry":{"type":"LineString","coordinates":[[81.17575,7.031],[81.177,7.0303],[81.17707,7.029],[81.17486,7.026],[81.17487,7.023],[81.176,7.0215],[81.179,7.021],[81.17979,7.019],[81.178,7.01755],[81.175,7.0188],[81.172,7.0171],[81.171,7.01888],[81.17,7.01895],[81.168,7.01759],[81.16675,7.02],[81.16818,7.023],[81.1669,7.025],[81.169,7.02569],[81.17,7.02857],[81.173,7.02782],[81.17575,7.031]]},"properties":{"ele":1400,"index":0}},{"type":"Feature","geometry":{"type":"LineString","coordinates":[[80.62074,7.029],[80.62262,7.029],[80.62223,7.027],[80.61997,7.023],[80.617,7.02131],[80.61583,7.019],[80.61867,7.017],[80.61907,7.015],[80.618,7.01293],[80.61492,7.011],[80.61372,7.016],[80.61429,7.019],[80.605,7.02174],[80.604,7.02367],[80.608,7.02777],[80.613,7.02744],[80.616,7.0287],[80.619,7.02706],[80.62074,7.029]]},"properties":{"ele":1400,"index":0}},{"type":"Feature","geometry":{"type":"LineString","coordinates":[[80.585,6.997],[80.587,6.99751],[80.592,6.99624],[80.59646,6.994],[80.59121,6.991],[80.59179,6.989],[80.59012,6.986],[80.591,6.97993],[80.595,6.98133],[80.599,6.98539],[80.603,6.98566],[80.60355,6.985],[80.60206,6.982],[80.6023,6.978],[80.60523,6.974],[80.60504,6.971],[80.60605,6.97],[80.605,6.96852],[80.602,6.96947],[80.601,6.96843],[80.601,6.96612],[80.59953,6.965],[80.60091,6.962],[80.599,6.95595],[80.593,6.95098],[80.59075,6.951],[80.589,6.95348],[80.58544,6.95],[80.588,6.94816],[80.595,6.948],[80.597,6.947],[80.599,6.948],[80.59969,6.947],[80.597,6.947],[80.59,6.94244],[80.58795,6.944],[80.587,6.94643],[80.584,6.94736],[80.583,6.94433],[80.581,6.94567],[80.579,6.93942],[80.5769,6.942],[80.57618,6.949],[80.575,6.95018],[80.571,6.94784],[80.56782,6.951],[80.56784,6.953],[80.57019,6.956],[80.56842,6.962],[80.57,6.964],[80.568,6.966],[80.56778,6.972],[80.5667,6.975],[80.56815,6.979],[80.57164,6.982],[80.57329,6.986],[80.57272,6.988],[80.58654,6.991],[80.585,6.997]]},"properties":{"ele":1400,"index":0}},{"type":"Feature","geometry":{"type":"LineString","coordinates":[[80.60938,6.997],[80.612,6.996],[80.614,6.99753],[80.61785,6.995],[80.62021,6.992],[80.62074,6.986],[80.619,6.98306],[80.617,6.9827],[80.60667,6.986],[80.607,6.98848],[80.61039,6.989],[80.60972,6.992],[80.61052,6.994],[80.60938,6.997]]},"properties":{"ele":1400,"index":0}},{"type":"Feature","geometry":{"type":"LineString","coordinates":[[81.12371,6.981],[81.12772,6.979],[81.12924,6.977],[81.1304,6.974],[81.129,6.97238],[81.1278,6.975],[81.12555,6.976],[81.12371,6.981]]},"properties":{"ele":1400,"index":0}},{"type":"Feature","geometry":{"type":"LineString","coordinates":[[80.64664,6.971],[80.64819,6.971],[80.65019,6.969],[80.645,6.96682],[80.645,6.97],[80.64664,6.971]]},"properties":{"ele":1400,"index":0}},{"type":"Feature","geometry":{"type":"LineString","coordinates":[[80.90378,6.967],[80.905,6.96737],[80.90648,6.966],[80.90372,6.964],[80.902,6.96332],[80.89892,6.964],[80.90378,6.967]]},"properties":{"ele":1400,"index":0}},{"type":"Feature","geometry":{"type":"LineString","coordinates":[[81.09715,6.954],[81.099,6.95408],[81.102,6.9514],[81.106,6.94997],[81.11,6.95044],[81.111,6.95244],[81.113,6.95267],[81.114,6.9539],[81.115,6.95352],[81.11756,6.948],[81.11713,6.944],[81.12007,6.94],[81.11978,6.937],[81.124,6.93271],[81.126,6.93389],[81.12683,6.933],[81.129,6.92942],[81.12894,6.927],[81.13012,6.926],[81.13118,6.922],[81.13517,6.918],[81.135,6.91725],[81.126,6.91959],[81.122,6.91861],[81.122,6.91545],[81.118,6.913],[81.11737,6.911],[81.11411,6.908],[81.11626,6.905],[81.11373,6.903],[81.113,6.8975],[81.11425,6.896],[81.11282,6.893],[81.11296,6.891],[81.114,6.8894],[81.116,6.88866],[81.12,6.89031],[81.12062,6.883],[81.12,6.88132],[81.11462,6.88],[81.113,6.8778],[81.109,6.87574],[81.1077,6.876],[81.10722,6.878],[81.105,6.87937],[81.10439,6.881],[81.10555,6.883],[81.1048,6.886],[81.106,6.887],[81.10618,6.889],[81.10574,6.89],[81.103,6.891],[81.10362,6.893],[81.10641,6.895],[81.105,6.90527],[81.098,6.90637],[81.095,6.90142],[81.093,6.90849],[81.091,6.90792],[81.0901,6.909],[81.09114,6.914],[81.09047,6.917],[81.092,6.91875],[81.094,6.91837],[81.095,6.91593],[81.1,6.91908],[81.103,6.91676],[81.104,6.91872],[81.105,6.91878],[81.109,6.91688],[81.112,6.91664],[81.113,6.917],[81.113,6.91894],[81.1158,6.921],[81.114,6.92321],[81.10961,6.925],[81.101,6.93314],[81.101,6.93479],[81.104,6.9368],[81.105,6.9395],[81.104,6.94078],[81.103,6.94022],[81.10076,6.941],[81.10162,6.943],[81.09882,6.947],[81.09715,6.954]]},"properties":{"ele":1400,"index":0}},{"type":"Feature","geometry":{"type":"LineString","coordinates":[[80.68144,6.944],[80.683,6.94424],[80.684,6.94223],[80.69037,6.939],[80.689,6.93827],[80.68729,6.939],[80.686,6.94055],[80.684,6.941],[80.68144,6.944]]},"properties":{"ele":1400,"index":0}},{"type":"Feature","geometry":{"type":"LineString","coordinates":[[80.60691,6.943],[80.609,6.94332],[80.61033,6.941],[80.607,6.9401],[80.6061,6.942],[80.60691,6.943]]},"properties":{"ele":1400,"index":0}},{"type":"Feature","geometry":{"type":"LineString","coordinates":[[80.68181,6.925],[80.683,6.926],[80.68395,6.925],[80.683,6.92229],[80.68156,6.923],[80.68181,6.925]]},"properties":{"ele":1400,"index":0}},{"type":"Feature","geometry":{"type":"LineString","coordinates":[[80.69068,6.918],[80.692,6.91887],[80.694,6.91767],[80.695,6.91808],[80.696,6.91507],[80.69817,6.916],[80.699,6.91771],[80.7,6.9167],[80.70132,6.917],[80.70113,6.916],[80.69807,6.914],[80.699,6.913],[80.696,6.91283],[80.695,6.91142],[80.694,6.91248],[80.6918,6.912],[80.69068,6.918]]},"properties":{"ele":1400,"index":0}},{"type":"Feature","geometry":{"type":"LineString","coordinates":[[80.6995,6.911],[80.7,6.91187],[80.702,6.91177],[80.70375,6.91],[80.701,6.90886],[80.6995,6.911]]},"properties":{"ele":1400,"index":0}},{"type":"Feature","geometry":{"type":"LineString","coordinates":[[80.62005,6.91],[80.622,6.91078],[80.62281,6.909],[80.62241,6.906],[80.62,6.90568],[80.61816,6.907],[80.61869,6.909],[80.62005,6.91]]},"properties":{"ele":1400,"index":0}},{"type":"Feature","geometry":{"type":"LineString","coordinates":[[80.72483,6.906],[80.7265,6.906],[80.72841,6.903],[80.727,6.90094],[80.723,6.89978],[80.72205,6.901],[80.72479,6.904],[80.72483,6.906]]},"properties":{"ele":1400,"index":0}},{"type":"Feature","geometry":{"type":"LineString","coordinates":[[80.4964,6.886],[80.497,6.88697],[80.50136,6.885],[80.497,6.87778],[80.496,6.87807],[80.49498,6.882],[80.4964,6.886]]},"properties":{"ele":1400,"index":0}},{"type":"Feature","geometry":{"type":"LineString","coordinates":[[80.99971,6.883],[81.001,6.88376],[81.003,6.88333],[81.006,6.88],[81.0065,6.879],[81.00529,6.876],[81.00623,6.874],[81.005,6.87276],[81.003,6.87655],[80.998,6.8774],[80.998,6.879],[81.00014,6.881],[80.99971,6.883]]},"properties":{"ele":1400,"index":0}},{"type":"Feature","geometry":{"type":"LineString","coordinates":[[81.11347,6.874],[81.11489,6.874],[81.11538,6.873],[81.11409,6.869],[81.11479,6.867],[81.1133,6.863],[81.116,6.85924],[81.11645,6.857],[81.116,6.85525],[81.11,6.85388],[81.1098,6.857],[81.10506,6.859],[81.10672,6.864],[81.10631,6.868],[81.1099,6.871],[81.111,6.87089],[81.11347,6.874]]},"properties":{"ele":1400,"index":0}},{"type":"Feature","geometry":{"type":"LineString","coordinates":[[80.50156,6.871],[80.506,6.87173],[80.508,6.86817],[80.5165,6.866],[80.51742,6.865],[80.515,6.86309],[80.512,6.86332],[80.511,6.86424],[80.509,6.864],[80.507,6.86734],[80.503,6.8651],[80.49854,6.869],[80.499,6.87009],[80.50156,6.871]]},"properties":{"ele":1400,"index":0}},{"type":"Feature","geometry":{"type":"LineString","coordinates":[[81.00673,6.87],[81.008,6.87052],[81.01031,6.867],[81.008,6.86256],[81.006,6.86113],[81.00509,6.862],[81.00673,6.87]]},"properties":{"ele":1400,"index":0}},{"type":"Feature","geometry":{"type":"LineString","coordinates":[[80.55133,6.868],[80.553,6.86895],[80.55407,6.866],[80.551,6.8637],[80.54833,6.866],[80.55133,6.868]]},"properties":{"ele":1400,"index":0}},{"type":"Feature","geometry":{"type":"LineString","coordinates":[[81.01342,6.867],[81.0145,6.867],[81.0147,6.866],[81.014,6.86403],[81.013,6.8638],[81.01104,6.866],[81.01342,6.867]]},"properties":{"ele":1400,"index":0}},{"type":"Feature","geometry":{"type":"LineString","coordinates":[[80.55773,6.866],[80.55983,6.866],[80.55951,6.865],[80.56102,6.864],[80.562,6.86082],[80.56807,6.858],[80.57558,6.852],[80.57475,6.85],[80.57569,6.846],[80.575,6.84518],[80.57274,6.845],[80.56958,6.848],[80.568,6.8513],[80.562,6.85083],[80.555,6.85595],[80.55319,6.86],[80.555,6.86108],[80.557,6.8608],[80.55648,6.862],[80.55755,6.863],[80.55461,6.863],[80.555,6.8643],[80.55773,6.866]]},"properties":{"ele":1400,"index":0}},{"type":"Feature","geometry":{"type":"LineString","coordinates":[[80.68571,6.863],[80.687,6.86393],[80.68788,6.863],[80.687,6.85965],[80.6847,6.861],[80.68571,6.863]]},"properties":{"ele":1400,"index":0}},{"type":"Feature","geometry":{"type":"LineString","coordinates":[[80.8728,6.853],[80.874,6.85346],[80.878,6.8521],[80.8837,6.849],[80.88,6.84836],[80.876,6.84928],[80.8728,6.853]]},"properties":{"ele":1400,"index":0}},{"type":"Feature","geometry":{"type":"LineString","coordinates":[[80.8969,6.85],[80.898,6.85002],[80.89933,6.848],[80.897,6.84465],[80.88871,6.846],[80.896,6.84791],[80.8969,6.85]]},"properties":{"ele":1400,"index":0}},{"type":"Feature","geometry":{"type":"LineString","coordinates":[[80.58277,6.841],[80.586,6.84151],[80.595,6.83784],[80.596,6.83665],[80.598,6.83656],[80.60109,6.832],[80.6,6.82806],[80.586,6.83615],[80.58297,6.839],[80.58277,6.841]]},"properties":{"ele":1400,"index":0}},{"type":"Feature","geometry":{"type":"LineString","coordinates":[[80.4482,6.84],[80.45,6.84077],[80.454,6.8381],[80.45496,6.836],[80.452,6.83409],[80.4477,6.836],[80.44762,6.837],[80.449,6.838],[80.4482,6.84]]},"properties":{"ele":1400,"index":0}},{"type":"Feature","geometry":{"type":"LineString","coordinates":[[80.44527,6.814],[80.449,6.8148],[80.45194,6.814],[80.449,6.81054],[80.445,6.81296],[80.44527,6.814]]},"properties":{"ele":1400,"index":0}},{"type":"Feature","geometry":{"type":"LineString","coordinates":[[80.95888,6.791],[80.96132,6.79],[80.96159,6.789],[80.96,6.78774],[80.95667,6.789],[80.95888,6.791]]},"properties":{"ele":1400,"index":0}},{"type":"Feature","geometry":{"type":"LineString","coordinates":[[81.05387,6.767],[81.055,6.76795],[81.05637,6.764],[81.056,6.76178],[81.055,6.76125],[81.054,6.76167],[81.05332,6.764],[81.05387,6.767]]},"properties":{"ele":1400,"index":0}},{"type":"Feature","geometry":{"type":"LineString","coordinates":[[80.61644,6.656],[80.621,6.65636],[80.631,6.65347],[80.63692,6.653],[80.64,6.65064],[80.642,6.65155],[80.643,6.65102],[80.64458,6.648],[80.642,6.64571],[80.633,6.65145],[80.63,6.65207],[80.626,6.65048],[80.622,6.65056],[80.61996,6.654],[80.61667,6.655],[80.61644,6.656]]},"properties":{"ele":1400,"index":0}},{"type":"Feature","geometry":{"type":"LineString","coordinates":[[80.73683,7.464],[80.737,7.4648],[80.739,7.46485],[80.745,7.46216],[80.749,7.46233],[80.751,7.46382],[80.7505,7.461],[80.75273,7.459],[80.75355,7.455],[80.753,7.44924],[80.756,7.44956],[80.76,7.45267],[80.76169,7.452],[80.7635,7.449],[80.76396,7.446],[80.76275,7.442],[80.76593,7.441],[80.763,7.43529],[80.758,7.44364],[80.755,7.44448],[80.752,7.44393],[80.749,7.44009],[80.74705,7.442],[80.74606,7.447],[80.745,7.44775],[80.742,7.44661],[80.74233,7.45],[80.74145,7.453],[80.738,7.45344],[80.73695,7.455],[80.73649,7.457],[80.73777,7.46],[80.73663,7.462],[80.73683,7.464]]},"properties":{"ele":1600,"index":0}},{"type":"Feature","geometry":{"type":"LineString","coordinates":[[80.78733,7.429],[80.788,7.42967],[80.79,7.42804],[80.792,7.42477],[80.788,7.427],[80.78733,7.429]]},"properties":{"ele":1600,"index":0}},{"type":"Feature","geometry":{"type":"LineString","coordinates":[[80.80596,7.41],[80.807,7.41083],[80.81,7.40819],[80.814,7.4072],[80.816,7.40553],[80.818,7.40687],[80.82,7.40632],[80.82399,7.404],[80.82419,7.403],[80.822,7.40155],[80.817,7.40172],[80.812,7.39507],[80.81104,7.392],[80.808,7.3914],[80.80636,7.393],[80.80717,7.395],[80.80563,7.401],[80.80663,7.402],[80.80596,7.41]]},"properties":{"ele":1600,"index":0}},{"type":"Feature","geometry":{"type":"LineString","coordinates":[[80.82181,7.376],[80.823,7.3763],[80.82414,7.375],[80.829,7.37387],[80.83,7.37214],[80.82816,7.367],[80.827,7.366],[80.826,7.37006],[80.821,7.36886],[80.81806,7.371],[80.81793,7.373],[80.821,7.3738],[80.82181,7.376]]},"properties":{"ele":1600,"index":0}},{"type":"Feature","geometry":{"type":"LineString","coordinates":[[80.80712,7.363],[80.81,7.36303],[80.81012,7.362],[80.809,7.36107],[80.807,7.36139],[80.80712,7.363]]},"properties":{"ele":1600,"index":0}},{"type":"Feature","geometry":{"type":"LineString","coordinates":[[80.69563,7.134],[80.698,7.135],[80.70067,7.134],[80.70015,7.13],[80.70241,7.129],[80.70253,7.128],[80.69932,7.124],[80.698,7.11933],[80.697,7.119],[80.69642,7.123],[80.69887,7.129],[80.69561,7.132],[80.69563,7.134]]},"properties":{"ele":1600,"index":0}},{"type":"Feature","geometry":{"type":"LineString","coordinates":[[80.69183,7.118],[80.697,7.119],[80.69886,7.117],[80.696,7.11342],[80.69124,7.117],[80.69183,7.118]]},"properties":{"ele":1600,"index":0}},{"type":"Feature","geometry":{"type":"LineString","coordinates":[[80.72233,7.114],[80.727,7.11406],[80.731,7.1122],[80.733,7.10883],[80.735,7.10891],[80.73565,7.107],[80.74,7.10485],[80.74055,7.104],[80.73758,7.098],[80.74179,7.093],[80.73898,7.091],[80.739,7.08869],[80.749,7.08627],[80.757,7.08938],[80.75891,7.094],[80.761,7.09467],[80.768,7.095],[80.773,7.09693],[80.776,7.09622],[80.77871,7.094],[80.77894,7.093],[80.778,7.09272],[80.77153,7.092],[80.77024,7.09],[80.77131,7.089],[80.77104,7.088],[80.768,7.08647],[80.765,7.08644],[80.765,7.08542],[80.767,7.08392],[80.76765,7.081],[80.76513,7.078],[80.76531,7.076],[80.763,7.07559],[80.758,7.07205],[80.755,7.07302],[80.75157,7.072],[80.75302,7.07],[80.75222,7.065],[80.7481,7.058],[80.74753,7.054],[80.75042,7.049],[80.75146,7.044],[80.75422,7.04],[80.754,7.03719],[80.761,7.03694],[80.76442,7.039],[80.765,7.04146],[80.7669,7.038],[80.77033,7.036],[80.773,7.03193],[80.775,7.0307],[80.77352,7.024],[80.76991,7.018],[80.771,7.01711],[80.779,7.0216],[80.783,7.02247],[80.785,7.02459],[80.787,7.02478],[80.789,7.02293],[80.793,7.02422],[80.79573,7.029],[80.79687,7.035],[80.79651,7.038],[80.793,7.038],[80.793,7.04186],[80.79026,7.044],[80.793,7.0517],[80.794,7.05243],[80.801,7.051],[80.804,7.05203],[80.805,7.05093],[80.8068,7.053],[80.808,7.05288],[80.81,7.05448],[80.815,7.05358],[80.81869,7.056],[80.82459,7.063],[80.826,7.06728],[80.828,7.06633],[80.831,7.06924],[80.832,7.06782],[80.836,7.06937],[80.83646,7.067],[80.839,7.06513],[80.835,7.0647],[80.834,7.06246],[80.838,7.06111],[80.841,7.06267],[80.846,7.05755],[80.855,7.05436],[80.86,7.05429],[80.862,7.056],[80.862,7.05838],[80.85347,7.058],[80.853,7.06111],[80.849,7.06014],[80.84446,7.065],[80.846,7.06772],[80.84725,7.067],[80.84613,7.065],[80.848,7.0654],[80.849,7.06411],[80.85,7.06474],[80.852,7.063],[80.85188,7.066],[80.85291,7.068],[80.85214,7.07],[80.856,7.0737],[80.858,7.07147],[80.85873,7.067],[80.862,7.06012],[80.863,7.05964],[80.86455,7.061],[80.866,7.0651],[80.86943,7.061],[80.87171,7.054],[80.87187,7.052],[80.86985,7.047],[80.866,7.04432],[80.86341,7.039],[80.85882,7.035],[80.85977,7.03],[80.856,7.02729],[80.853,7.02331],[80.8512,7.023],[80.85155,7.02],[80.85303,7.018],[80.852,7.01688],[80.84876,7.017],[80.85003,7.013],[80.846,7.01268],[80.8428,7.011],[80.84967,7.008],[80.84915,6.999],[80.85,6.99815],[80.854,7.00167],[80.856,7.0016],[80.85653,6.999],[80.85822,6.998],[80.86,6.99443],[80.861,6.99503],[80.863,6.99425],[80.864,6.99805],[80.872,6.99764],[80.875,7.00025],[80.87778,6.999],[80.8793,6.995],[80.87733,6.991],[80.87326,6.987],[80.86669,6.985],[80.868,6.982],[80.8715,6.98],[80.87,6.97621],[80.867,6.97507],[80.86216,6.975],[80.86137,6.974],[80.86194,6.973],[80.86,6.97111],[80.858,6.97246],[80.854,6.9714],[80.848,6.97412],[80.847,6.97298],[80.845,6.97327],[80.843,6.97214],[80.842,6.96998],[80.83848,6.968],[80.83671,6.965],[80.83668,6.963],[80.84241,6.958],[80.84195,6.956],[80.838,6.95361],[80.83685,6.95],[80.834,6.94946],[80.828,6.95326],[80.82475,6.952],[80.827,6.94976],[80.82769,6.945],[80.82982,6.941],[80.83216,6.939],[80.8322,6.937],[80.836,6.93448],[80.83651,6.932],[80.83818,6.93],[80.838,6.92877],[80.833,6.93015],[80.83,6.92942],[80.827,6.93026],[80.82552,6.929],[80.82771,6.928],[80.82735,6.926],[80.82904,6.918],[80.83039,6.916],[80.8305,6.912],[80.83289,6.907],[80.83329,6.904],[80.834,6.90294],[80.839,6.90218],[80.842,6.899],[80.845,6.89807],[80.84604,6.896],[80.842,6.89243],[80.84,6.89251],[80.828,6.90362],[80.82804,6.901],[80.82691,6.9],[80.82771,6.899],[80.82596,6.894],[80.829,6.89392],[80.83171,6.891],[80.82811,6.886],[80.82807,6.883],[80.82833,6.882],[80.831,6.8813],[80.83446,6.882],[80.83332,6.879],[80.83427,6.875],[80.83367,6.873],[80.83515,6.872],[80.83642,6.869],[80.8418,6.868],[80.84643,6.863],[80.844,6.86314],[80.84313,6.862],[80.843,6.85662],[80.848,6.85526],[80.849,6.85366],[80.85218,6.852],[80.84741,6.849],[80.85,6.84728],[80.851,6.84409],[80.853,6.8449],[80.85616,6.842],[80.854,6.84078],[80.847,6.83959],[80.84568,6.838],[80.85571,6.832],[80.859,6.82691],[80.861,6.8273],[80.864,6.82517],[80.868,6.82748],[80.88027,6.817],[80.88034,6.815],[80.879,6.81378],[80.87,6.81427],[80.868,6.81338],[80.861,6.81597],[80.858,6.81528],[80.854,6.81637],[80.854,6.81554],[80.857,6.81309],[80.862,6.81171],[80.86223,6.809],[80.864,6.8086],[80.866,6.80661],[80.87,6.80574],[80.87103,6.805],[80.871,6.803],[80.87336,6.803],[80.875,6.80179],[80.878,6.80197],[80.87981,6.799],[80.88243,6.798],[80.88411,6.795],[80.88325,6.794],[80.884,6.79348],[80.89172,6.792],[80.892,6.79033],[80.888,6.78995],[80.88693,6.789],[80.89027,6.784],[80.89523,6.78],[80.891,6.77734],[80.885,6.77873],[80.879,6.77715],[80.876,6.7798],[80.87388,6.779],[80.87463,6.782],[80.87364,6.784],[80.874,6.78809],[80.872,6.78834],[80.87,6.78575],[80.86546,6.783],[80.861,6.78242],[80.859,6.78406],[80.85491,6.784],[80.8534,6.789],[80.85,6.78933],[80.849,6.79197],[80.845,6.79049],[80.843,6.79273],[80.84044,6.793],[80.839,6.78232],[80.835,6.78046],[80.833,6.78449],[80.831,6.78264],[80.828,6.78167],[80.825,6.78214],[80.817,6.77607],[80.81148,6.774],[80.812,6.7725],[80.8174,6.77],[80.81588,6.766],[80.81806,6.765],[80.818,6.76273],[80.8225,6.76],[80.818,6.75576],[80.817,6.75603],[80.815,6.75151],[80.811,6.75033],[80.808,6.74711],[80.804,6.74489],[80.8025,6.745],[80.80152,6.75],[80.79975,6.752],[80.80567,6.762],[80.80553,6.764],[80.8024,6.767],[80.80447,6.77],[80.804,6.7728],[80.80492,6.774],[80.803,6.78065],[80.8,6.77809],[80.79702,6.777],[80.79,6.76705],[80.787,6.76571],[80.783,6.76218],[80.78233,6.76],[80.77891,6.757],[80.78109,6.755],[80.781,6.75326],[80.777,6.75105],[80.774,6.74789],[80.77161,6.748],[80.771,6.75258],[80.76773,6.752],[80.77105,6.755],[80.76956,6.759],[80.77047,6.761],[80.76777,6.763],[80.766,6.76654],[80.758,6.75967],[80.756,6.75856],[80.753,6.75951],[80.749,6.75662],[80.748,6.7583],[80.746,6.75775],[80.744,6.75946],[80.742,6.75812],[80.738,6.75779],[80.735,6.76055],[80.724,6.75824],[80.719,6.75381],[80.715,6.75639],[80.713,6.75661],[80.71076,6.754],[80.706,6.75109],[80.703,6.754],[80.701,6.75341],[80.697,6.75441],[80.69451,6.758],[80.695,6.75985],[80.704,6.75776],[80.70444,6.76],[80.706,6.75957],[80.70647,6.761],[80.701,6.76625],[80.7,6.76596],[80.69638,6.768],[80.697,6.77004],[80.699,6.77073],[80.7,6.76991],[80.702,6.77014],[80.711,6.76588],[80.712,6.767],[80.714,6.76625],[80.7152,6.769],[80.714,6.77233],[80.71733,6.772],[80.723,6.776],[80.724,6.77377],[80.726,6.77486],[80.7301,6.773],[80.73047,6.776],[80.72746,6.778],[80.72745,6.78],[80.72549,6.781],[80.724,6.78479],[80.716,6.78834],[80.715,6.788],[80.715,6.78587],[80.71369,6.787],[80.71414,6.79],[80.711,6.79121],[80.709,6.79042],[80.706,6.79224],[80.70463,6.794],[80.70522,6.795],[80.70074,6.8],[80.70012,6.803],[80.697,6.80528],[80.6957,6.808],[80.694,6.80853],[80.688,6.81428],[80.686,6.81433],[80.685,6.81285],[80.68387,6.817],[80.682,6.81797],[80.68087,6.82],[80.677,6.8215],[80.667,6.83025],[80.66538,6.836],[80.66237,6.836],[80.65991,6.839],[80.657,6.84033],[80.65472,6.845],[80.654,6.85],[80.6505,6.853],[80.64825,6.857],[80.64876,6.859],[80.653,6.86047],[80.659,6.85956],[80.66281,6.856],[80.667,6.85458],[80.67306,6.85],[80.67405,6.848],[80.67649,6.847],[80.67904,6.843],[80.686,6.83974],[80.687,6.8405],[80.68714,6.843],[80.68524,6.845],[80.68495,6.848],[80.686,6.84776],[80.688,6.85096],[80.69323,6.848],[80.695,6.84492],[80.701,6.843],[80.69546,6.853],[80.69588,6.855],[80.695,6.85783],[80.69308,6.859],[80.695,6.8595],[80.69744,6.855],[80.6968,6.854],[80.7,6.85244],[80.703,6.85469],[80.707,6.85489],[80.709,6.85677],[80.717,6.8564],[80.718,6.85478],[80.716,6.85468],[80.715,6.85562],[80.711,6.85289],[80.706,6.852],[80.70773,6.849],[80.71356,6.847],[80.71126,6.844],[80.71203,6.842],[80.716,6.83679],[80.717,6.83672],[80.718,6.83814],[80.72,6.837],[80.72137,6.833],[80.72,6.832],[80.718,6.8261],[80.71389,6.828],[80.71431,6.824],[80.713,6.8237],[80.71284,6.822],[80.71629,6.822],[80.713,6.81945],[80.709,6.82],[80.70912,6.823],[80.70755,6.824],[80.708,6.826],[80.70622,6.825],[80.705,6.8228],[80.70196,6.825],[80.702,6.826],[80.701,6.8266],[80.7,6.826],[80.69983,6.824],[80.70357,6.816],[80.69912,6.817],[80.69942,6.815],[80.69583,6.809],[80.7,6.80973],[80.703,6.81243],[80.704,6.81075],[80.706,6.81],[80.707,6.81122],[80.708,6.8087],[80.71,6.80942],[80.715,6.80711],[80.71542,6.806],[80.721,6.80404],[80.72238,6.805],[80.72075,6.806],[80.721,6.807],[80.723,6.80687],[80.72322,6.808],[80.719,6.80835],[80.71877,6.81],[80.71619,6.812],[80.71715,6.813],[80.71419,6.817],[80.717,6.816],[80.718,6.8165],[80.72,6.82],[80.723,6.81862],[80.72172,6.822],[80.71853,6.825],[80.722,6.82849],[80.725,6.82962],[80.72683,6.829],[80.72661,6.827],[80.729,6.82703],[80.733,6.8188],[80.737,6.81522],[80.74,6.81445],[80.741,6.81273],[80.74212,6.814],[80.73773,6.821],[80.73913,6.822],[80.73893,6.824],[80.73525,6.828],[80.73479,6.831],[80.73562,6.834],[80.73434,6.838],[80.736,6.83994],[80.741,6.83914],[80.74442,6.841],[80.73411,6.843],[80.73538,6.844],[80.73516,6.845],[80.731,6.8461],[80.7286,6.845],[80.729,6.84378],[80.7275,6.843],[80.727,6.84635],[80.731,6.85167],[80.745,6.85006],[80.74937,6.847],[80.75,6.84418],[80.75167,6.846],[80.753,6.84604],[80.758,6.84258],[80.764,6.84135],[80.772,6.83776],[80.77417,6.839],[80.77563,6.844],[80.778,6.84476],[80.781,6.84425],[80.78126,6.845],[80.7806,6.847],[80.77676,6.85],[80.7765,6.852],[80.772,6.85179],[80.769,6.854],[80.7715,6.86],[80.768,6.85881],[80.767,6.86],[80.762,6.86052],[80.761,6.86159],[80.757,6.86044],[80.755,6.86311],[80.751,6.86364],[80.749,6.86619],[80.745,6.86346],[80.74389,6.864],[80.74459,6.866],[80.744,6.86752],[80.742,6.86618],[80.741,6.86714],[80.7395,6.865],[80.737,6.86461],[80.736,6.8685],[80.73492,6.868],[80.734,6.87294],[80.7321,6.873],[80.72835,6.876],[80.72814,6.877],[80.7304,6.879],[80.72933,6.88],[80.73011,6.882],[80.736,6.88237],[80.737,6.884],[80.739,6.88445],[80.73979,6.887],[80.73895,6.888],[80.742,6.89027],[80.745,6.89033],[80.751,6.88822],[80.753,6.88897],[80.758,6.88648],[80.764,6.88605],[80.7699,6.888],[80.768,6.88934],[80.76365,6.89],[80.761,6.892],[80.75158,6.896],[80.74867,6.899],[80.75015,6.901],[80.749,6.90304],[80.745,6.9045],[80.74379,6.906],[80.744,6.90708],[80.749,6.90545],[80.749,6.909],[80.7558,6.907],[80.753,6.90975],[80.749,6.91678],[80.748,6.91643],[80.74592,6.918],[80.74515,6.92],[80.742,6.92206],[80.73912,6.927],[80.73644,6.929],[80.739,6.93018],[80.74159,6.934],[80.73845,6.937],[80.74243,6.942],[80.74214,6.944],[80.738,6.94542],[80.735,6.94133],[80.733,6.94094],[80.731,6.94182],[80.728,6.94517],[80.72,6.947],[80.719,6.94654],[80.715,6.94843],[80.711,6.94792],[80.70607,6.95],[80.70586,6.955],[80.704,6.95676],[80.701,6.95376],[80.695,6.95488],[80.685,6.96456],[80.683,6.9641],[80.68153,6.965],[80.68,6.968],[80.67554,6.969],[80.666,6.97412],[80.66304,6.979],[80.6614,6.985],[80.65896,6.988],[80.667,6.98652],[80.66832,6.988],[80.66782,6.991],[80.669,6.99298],[80.672,6.99294],[80.678,6.99508],[80.67961,6.994],[80.67874,6.99],[80.6819,6.987],[80.683,6.98421],[80.685,6.98469],[80.686,6.98397],[80.68887,6.987],[80.68856,6.989],[80.692,6.99404],[80.694,6.99358],[80.698,6.99484],[80.701,6.99416],[80.703,6.99071],[80.706,6.99297],[80.71,6.99286],[80.711,6.99388],[80.714,6.99411],[80.71311,6.999],[80.708,7.00558],[80.7072,7.008],[80.70543,7.009],[80.706,7.011],[80.709,7.01238],[80.71162,7.015],[80.711,7.01579],[80.706,7.01544],[80.704,7.01657],[80.702,7.01516],[80.6965,7.018],[80.693,7.02254],[80.69,7.02229],[80.687,7.02646],[80.686,7.02617],[80.68282,7.028],[80.68337,7.03],[80.68197,7.032],[80.68348,7.034],[80.683,7.0345],[80.681,7.03633],[80.678,7.03515],[80.676,7.03546],[80.67409,7.039],[80.679,7.03909],[80.681,7.03718],[80.685,7.03866],[80.688,7.03514],[80.695,7.02978],[80.7,7.03128],[80.70664,7.029],[80.706,7.02185],[80.7075,7.022],[80.7078,7.025],[80.71,7.02752],[80.712,7.02606],[80.712,7.02261],[80.714,7.0235],[80.72,7.02039],[80.721,7.01882],[80.72343,7.019],[80.721,7.026],[80.717,7.03158],[80.71332,7.034],[80.71066,7.039],[80.711,7.04028],[80.71603,7.042],[80.7155,7.044],[80.722,7.04156],[80.72529,7.042],[80.72491,7.045],[80.72286,7.047],[80.721,7.05231],[80.71835,7.056],[80.72023,7.058],[80.721,7.06137],[80.71849,7.066],[80.717,7.07145],[80.712,7.06936],[80.71,7.07864],[80.707,7.07906],[80.706,7.07674],[80.703,7.07527],[80.70331,7.079],[80.70489,7.081],[80.70463,7.082],[80.702,7.08278],[80.70116,7.086],[80.69947,7.088],[80.70047,7.099],[80.69948,7.101],[80.69922,7.109],[80.69821,7.111],[80.701,7.11158],[80.708,7.10915],[80.71027,7.111],[80.717,7.11345],[80.72233,7.114]]},"properties":{"ele":1600,"index":0}},{"type":"Feature","geometry":{"type":"LineString","coordinates":[[80.83729,7.083],[80.838,7.08365],[80.84132,7.081],[80.841,7.07945],[80.83958,7.079],[80.839,7.076],[80.83495,7.079],[80.83554,7.082],[80.83729,7.083]]},"properties":{"ele":1600,"index":0}},{"type":"Feature","geometry":{"type":"LineString","coordinates":[[80.91934,6.993],[80.921,6.994],[80.92228,6.993],[80.921,6.98729],[80.91395,6.988],[80.91587,6.992],[80.91934,6.993]]},"properties":{"ele":1600,"index":0}},{"type":"Feature","geometry":{"type":"LineString","coordinates":[[80.57745,6.983],[80.58278,6.982],[80.58175,6.98],[80.58494,6.978],[80.587,6.97444],[80.59,6.97382],[80.592,6.9746],[80.59514,6.972],[80.59535,6.971],[80.59291,6.969],[80.59433,6.966],[80.593,6.96061],[80.585,6.95986],[80.58029,6.962],[80.58339,6.965],[80.58356,6.969],[80.579,6.96787],[80.577,6.96819],[80.5758,6.97],[80.57739,6.973],[80.57745,6.976],[80.57894,6.978],[80.57745,6.983]]},"properties":{"ele":1600,"index":0}},{"type":"Feature","geometry":{"type":"LineString","coordinates":[[80.88481,6.98],[80.886,6.98069],[80.88813,6.98],[80.88715,6.977],[80.883,6.97397],[80.87898,6.974],[80.87855,6.975],[80.88372,6.978],[80.88481,6.98]]},"properties":{"ele":1600,"index":0}},{"type":"Feature","geometry":{"type":"LineString","coordinates":[[81.11291,6.948],[81.11535,6.945],[81.11474,6.943],[81.11639,6.942],[81.11627,6.94],[81.11785,6.939],[81.11809,6.935],[81.12246,6.93],[81.125,6.92992],[81.12592,6.929],[81.128,6.92165],[81.12318,6.922],[81.121,6.92381],[81.12,6.92268],[81.112,6.92624],[81.11079,6.927],[81.11049,6.929],[81.10434,6.933],[81.10449,6.935],[81.10985,6.939],[81.10712,6.943],[81.10384,6.944],[81.10303,6.945],[81.10329,6.947],[81.11291,6.948]]},"properties":{"ele":1600,"index":0}},{"type":"Feature","geometry":{"type":"LineString","coordinates":[[81.09987,6.914],[81.102,6.91179],[81.106,6.91373],[81.11169,6.913],[81.11235,6.911],[81.108,6.90813],[81.102,6.91036],[81.096,6.91],[81.097,6.91271],[81.09987,6.914]]},"properties":{"ele":1600,"index":0}},{"type":"Feature","geometry":{"type":"LineString","coordinates":[[80.63869,6.902],[80.641,6.901],[80.64091,6.899],[80.639,6.89886],[80.63812,6.9],[80.63767,6.901],[80.63869,6.902]]},"properties":{"ele":1600,"index":0}},{"type":"Feature","geometry":{"type":"LineString","coordinates":[[80.62853,6.901],[80.631,6.90072],[80.631,6.89848],[80.63,6.898],[80.62883,6.899],[80.62853,6.901]]},"properties":{"ele":1600,"index":0}},{"type":"Feature","geometry":{"type":"LineString","coordinates":[[80.61886,6.897],[80.622,6.897],[80.619,6.8903],[80.61719,6.891],[80.61351,6.895],[80.61886,6.897]]},"properties":{"ele":1600,"index":0}},{"type":"Feature","geometry":{"type":"LineString","coordinates":[[80.63789,6.893],[80.645,6.89092],[80.648,6.89295],[80.651,6.89303],[80.65223,6.89],[80.65417,6.889],[80.65463,6.887],[80.657,6.88661],[80.658,6.88456],[80.661,6.88419],[80.666,6.8854],[80.667,6.88943],[80.67,6.88967],[80.6722,6.887],[80.671,6.88517],[80.66867,6.885],[80.67068,6.882],[80.66962,6.88],[80.67105,6.876],[80.669,6.87588],[80.66719,6.878],[80.66715,6.88],[80.663,6.8818],[80.658,6.87548],[80.651,6.87481],[80.649,6.87904],[80.647,6.87853],[80.643,6.88189],[80.63966,6.882],[80.64,6.88292],[80.642,6.8823],[80.64252,6.883],[80.63789,6.893]]},"properties":{"ele":1600,"index":0}},{"type":"Feature","geometry":{"type":"LineString","coordinates":[[80.64893,6.871],[80.655,6.87043],[80.65829,6.866],[80.657,6.8634],[80.655,6.86272],[80.652,6.86476],[80.65,6.86487],[80.6481,6.868],[80.64893,6.871]]},"properties":{"ele":1600,"index":0}},{"type":"Feature","geometry":{"type":"LineString","coordinates":[[80.47862,6.861],[80.48,6.86145],[80.484,6.85804],[80.48544,6.853],[80.487,6.85148],[80.4935,6.855],[80.495,6.85481],[80.49543,6.853],[80.49348,6.849],[80.49388,6.843],[80.495,6.84159],[80.5,6.84687],[80.51,6.84925],[80.51169,6.847],[80.51097,6.841],[80.513,6.84189],[80.516,6.84125],[80.521,6.85018],[80.526,6.8498],[80.53079,6.844],[80.53086,6.842],[80.528,6.83985],[80.524,6.83868],[80.519,6.83991],[80.51772,6.838],[80.51719,6.833],[80.515,6.83046],[80.513,6.82971],[80.509,6.83137],[80.503,6.82712],[80.498,6.82532],[80.49661,6.822],[80.497,6.81956],[80.5,6.81852],[80.501,6.81956],[80.507,6.81582],[80.512,6.8156],[80.514,6.8139],[80.5145,6.816],[80.517,6.81687],[80.522,6.81174],[80.527,6.80958],[80.53,6.81062],[80.53452,6.808],[80.534,6.80367],[80.533,6.80338],[80.531,6.80597],[80.528,6.80734],[80.52736,6.804],[80.52244,6.803],[80.52076,6.801],[80.517,6.80035],[80.514,6.80117],[80.512,6.79958],[80.51065,6.8],[80.51525,6.795],[80.513,6.79091],[80.51029,6.79],[80.511,6.78914],[80.514,6.78832],[80.516,6.79108],[80.519,6.79241],[80.52098,6.79],[80.522,6.783],[80.52062,6.783],[80.52036,6.782],[80.523,6.777],[80.52509,6.778],[80.52312,6.774],[80.5236,6.773],[80.525,6.77261],[80.528,6.77392],[80.529,6.7732],[80.53023,6.775],[80.52862,6.776],[80.529,6.77656],[80.533,6.7754],[80.53223,6.779],[80.534,6.78369],[80.538,6.78453],[80.54,6.784],[80.545,6.78793],[80.55,6.78814],[80.552,6.7871],[80.557,6.78044],[80.56,6.78037],[80.56092,6.781],[80.56301,6.792],[80.56184,6.798],[80.565,6.79883],[80.573,6.7972],[80.583,6.79125],[80.5851,6.789],[80.58604,6.786],[80.58384,6.783],[80.58573,6.776],[80.584,6.76964],[80.591,6.76822],[80.596,6.77076],[80.6,6.7702],[80.60446,6.766],[80.60414,6.764],[80.609,6.76179],[80.61,6.759],[80.608,6.75789],[80.599,6.75861],[80.592,6.76029],[80.586,6.75958],[80.583,6.76119],[80.573,6.76283],[80.568,6.76076],[80.565,6.76154],[80.555,6.76032],[80.546,6.77144],[80.541,6.77111],[80.539,6.77258],[80.534,6.77347],[80.53212,6.772],[80.531,6.76844],[80.527,6.76751],[80.522,6.76883],[80.52,6.77047],[80.5143,6.771],[80.512,6.77364],[80.509,6.77438],[80.507,6.77616],[80.503,6.77377],[80.497,6.77993],[80.494,6.78024],[80.491,6.77921],[80.489,6.78265],[80.49112,6.784],[80.489,6.79022],[80.485,6.79404],[80.482,6.79872],[80.478,6.80087],[80.47751,6.802],[80.48276,6.808],[80.485,6.8085],[80.48366,6.811],[80.48581,6.813],[80.48692,6.822],[80.48959,6.824],[80.48644,6.831],[80.48633,6.842],[80.486,6.84286],[80.485,6.84262],[80.48296,6.841],[80.48236,6.843],[80.48306,6.849],[80.479,6.85756],[80.47862,6.861]]},"properties":{"ele":1600,"index":0}},{"type":"Feature","geometry":{"type":"LineString","coordinates":[[81.0175,6.814],[81.023,6.81411],[81.02407,6.808],[81.0216,6.805],[81.024,6.80378],[81.02649,6.8],[81.02566,6.797],[81.028,6.79607],[81.03119,6.793],[81.03181,6.791],[81.031,6.787],[81.028,6.78422],[81.026,6.77891],[81.022,6.77581],[81.018,6.77736],[81.014,6.77623],[81.011,6.77703],[81.009,6.7754],[81.004,6.7738],[81.00882,6.783],[81.008,6.78575],[81.003,6.7851],[81.001,6.78743],[80.996,6.7898],[80.992,6.79031],[80.987,6.78856],[80.97715,6.781],[80.975,6.77513],[80.97525,6.769],[80.9737,6.767],[80.972,6.76659],[80.97103,6.769],[80.96575,6.774],[80.96785,6.781],[80.98,6.7915],[80.986,6.795],[80.989,6.79546],[80.994,6.80003],[81.002,6.80005],[81.005,6.80135],[81.00878,6.808],[81.011,6.809],[81.012,6.81059],[81.016,6.81111],[81.0175,6.814]]},"properties":{"ele":1600,"index":0}},{"type":"Feature","geometry":{"type":"LineString","coordinates":[[80.63179,6.802],[80.635,6.80274],[80.636,6.797],[80.637,6.79657],[80.644,6.79809],[80.64437,6.796],[80.64922,6.792],[80.65209,6.791],[80.657,6.78605],[80.667,6.77993],[80.67,6.77982],[80.677,6.77697],[80.682,6.77747],[80.6895,6.776],[80.688,6.77009],[80.682,6.77095],[80.678,6.77287],[80.6745,6.77],[80.679,6.76818],[80.68016,6.766],[80.68858,6.761],[80.688,6.75969],[80.68,6.75889],[80.67597,6.754],[80.68072,6.749],[80.68123,6.745],[80.68,6.74351],[80.671,6.74559],[80.667,6.75028],[80.664,6.7511],[80.659,6.75008],[80.653,6.74515],[80.645,6.74429],[80.64,6.74503],[80.63779,6.743],[80.6328,6.742],[80.63248,6.746],[80.62978,6.748],[80.63223,6.75],[80.63152,6.752],[80.62729,6.754],[80.62517,6.758],[80.626,6.75879],[80.63071,6.758],[80.62988,6.76],[80.631,6.76062],[80.638,6.76089],[80.638,6.76167],[80.637,6.76127],[80.634,6.76253],[80.631,6.7652],[80.633,6.76597],[80.63968,6.764],[80.63726,6.774],[80.641,6.77481],[80.64218,6.777],[80.64067,6.781],[80.63915,6.782],[80.63989,6.784],[80.63345,6.789],[80.63191,6.793],[80.63364,6.799],[80.63179,6.802]]},"properties":{"ele":1600,"index":0}},{"type":"Feature","geometry":{"type":"LineString","coordinates":[[80.50968,6.789],[80.51,6.78975],[80.51088,6.789],[80.51,6.78748],[80.50625,6.788],[80.507,6.78867],[80.509,6.78803],[80.50968,6.789]]},"properties":{"ele":1600,"index":0}},{"type":"Feature","geometry":{"type":"LineString","coordinates":[[80.9122,6.777],[80.918,6.77726],[80.92,6.77549],[80.924,6.77484],[80.928,6.77214],[80.931,6.7715],[80.93412,6.768],[80.933,6.76737],[80.929,6.76982],[80.917,6.77059],[80.915,6.77204],[80.912,6.77118],[80.9122,6.777]]},"properties":{"ele":1600,"index":0}},{"type":"Feature","geometry":{"type":"LineString","coordinates":[[80.71682,7.109],[80.723,7.10771],[80.72487,7.106],[80.72345,7.103],[80.7239,7.102],[80.727,7.09995],[80.728,7.09812],[80.73264,7.097],[80.73365,7.094],[80.7333,7.092],[80.73,7.08771],[80.744,7.0805],[80.748,7.08011],[80.755,7.08132],[80.758,7.08029],[80.76,7.08119],[80.76,7.07925],[80.76128,7.079],[80.76141,7.077],[80.76,7.07522],[80.756,7.07655],[80.751,7.07606],[80.746,7.073],[80.7451,7.07],[80.75009,7.067],[80.746,7.06118],[80.74502,7.057],[80.74309,7.054],[80.74744,7.05],[80.74885,7.047],[80.74892,7.044],[80.75111,7.042],[80.75,7.04115],[80.748,7.03573],[80.74643,7.035],[80.74644,7.032],[80.748,7.03084],[80.752,7.03067],[80.75253,7.033],[80.755,7.03401],[80.761,7.02968],[80.767,7.02977],[80.77,7.02757],[80.76994,7.023],[80.76721,7.013],[80.768,7.01242],[80.7733,7.015],[80.77692,7.019],[80.78,7.0204],[80.78131,7.02],[80.781,7.0162],[80.791,7.02013],[80.79256,7.022],[80.795,7.02274],[80.79887,7.03],[80.79836,7.037],[80.8,7.04052],[80.803,7.04277],[80.806,7.04291],[80.807,7.042],[80.81,7.04267],[80.811,7.04091],[80.814,7.0422],[80.81479,7.041],[80.81405,7.04],[80.817,7.03967],[80.819,7.03769],[80.82009,7.038],[80.81844,7.033],[80.82,7.03105],[80.822,7.03167],[80.82565,7.029],[80.826,7.02783],[80.82643,7.033],[80.8255,7.036],[80.827,7.03856],[80.828,7.03872],[80.829,7.03662],[80.831,7.03655],[80.832,7.03346],[80.834,7.03425],[80.837,7.03319],[80.83878,7.034],[80.835,7.038],[80.83874,7.042],[80.84078,7.052],[80.846,7.05213],[80.851,7.05028],[80.85114,7.049],[80.85344,7.047],[80.85188,7.044],[80.853,7.04341],[80.856,7.04536],[80.862,7.04632],[80.863,7.047],[80.86276,7.049],[80.86378,7.05],[80.865,7.05064],[80.86661,7.05],[80.866,7.04719],[80.862,7.04245],[80.857,7.04154],[80.85449,7.04],[80.85219,7.036],[80.852,7.03263],[80.847,7.03424],[80.84129,7.033],[80.843,7.02878],[80.84,7.03],[80.84013,7.026],[80.83662,7.024],[80.83737,7.02],[80.8335,7.019],[80.83453,7.018],[80.833,7.01626],[80.83043,7.017],[80.829,7.01967],[80.82485,7.018],[80.826,7.016],[80.8254,7.015],[80.82958,7.009],[80.82906,7.005],[80.83279,7.005],[80.833,7.00245],[80.839,7.00558],[80.84,7.00823],[80.843,7.00404],[80.844,7.00387],[80.8431,6.996],[80.8408,6.994],[80.842,6.99009],[80.847,6.99065],[80.849,6.9933],[80.852,6.99357],[80.855,6.99117],[80.86275,6.98],[80.862,6.979],[80.857,6.97748],[80.853,6.97821],[80.851,6.98028],[80.847,6.97859],[80.84362,6.979],[80.83908,6.972],[80.835,6.97097],[80.832,6.96881],[80.8307,6.966],[80.83089,6.964],[80.832,6.95857],[80.83498,6.955],[80.835,6.95242],[80.826,6.95765],[80.822,6.95533],[80.815,6.95831],[80.81418,6.958],[80.814,6.95553],[80.811,6.95652],[80.809,6.95893],[80.80807,6.958],[80.809,6.956],[80.81278,6.953],[80.818,6.95257],[80.81925,6.949],[80.822,6.947],[80.82335,6.944],[80.827,6.93993],[80.82717,6.937],[80.82911,6.935],[80.82825,6.934],[80.824,6.93594],[80.8192,6.933],[80.81989,6.932],[80.813,6.93251],[80.804,6.93939],[80.80183,6.939],[80.80147,6.938],[80.803,6.93667],[80.798,6.93688],[80.79722,6.936],[80.80062,6.935],[80.79967,6.933],[80.79759,6.932],[80.798,6.93112],[80.803,6.93171],[80.804,6.93325],[80.805,6.93133],[80.808,6.93194],[80.81,6.92997],[80.816,6.92864],[80.82235,6.92],[80.82429,6.919],[80.82343,6.917],[80.82613,6.909],[80.823,6.90933],[80.82,6.90619],[80.812,6.90791],[80.81119,6.906],[80.813,6.90557],[80.81713,6.902],[80.81711,6.9],[80.81542,6.898],[80.816,6.89718],[80.817,6.89668],[80.819,6.89885],[80.821,6.89608],[80.821,6.891],[80.818,6.88746],[80.81717,6.883],[80.82,6.88168],[80.824,6.88135],[80.82478,6.879],[80.828,6.87685],[80.82872,6.876],[80.82777,6.873],[80.829,6.87039],[80.831,6.87072],[80.83622,6.866],[80.836,6.86493],[80.8381,6.864],[80.83778,6.861],[80.83941,6.857],[80.83818,6.855],[80.84379,6.853],[80.8454,6.851],[80.84318,6.849],[80.8458,6.844],[80.84071,6.841],[80.84142,6.839],[80.83988,6.836],[80.843,6.83418],[80.848,6.8331],[80.85,6.83007],[80.85748,6.824],[80.863,6.82219],[80.868,6.8233],[80.87654,6.818],[80.875,6.81752],[80.86878,6.819],[80.866,6.82106],[80.86,6.82238],[80.855,6.82093],[80.85121,6.826],[80.85,6.82626],[80.842,6.82618],[80.84,6.82362],[80.837,6.82505],[80.83476,6.824],[80.836,6.82125],[80.841,6.81973],[80.845,6.81694],[80.846,6.81475],[80.849,6.8151],[80.851,6.81077],[80.859,6.80532],[80.861,6.803],[80.866,6.80251],[80.87,6.79881],[80.877,6.79852],[80.8785,6.797],[80.87379,6.794],[80.87417,6.793],[80.877,6.7902],[80.882,6.788],[80.88298,6.785],[80.885,6.78417],[80.88771,6.781],[80.879,6.78018],[80.87626,6.785],[80.87738,6.786],[80.8774,6.789],[80.875,6.79133],[80.872,6.79048],[80.86772,6.791],[80.86702,6.79],[80.868,6.788],[80.867,6.78633],[80.864,6.78449],[80.861,6.78493],[80.86007,6.787],[80.85871,6.787],[80.85861,6.793],[80.85976,6.794],[80.85369,6.799],[80.85152,6.799],[80.849,6.79491],[80.847,6.79392],[80.844,6.79803],[80.841,6.79762],[80.84,6.79921],[80.83702,6.795],[80.837,6.78983],[80.83389,6.79],[80.83,6.78647],[80.823,6.78326],[80.821,6.78101],[80.814,6.77669],[80.808,6.77657],[80.80624,6.779],[80.80642,6.783],[80.80504,6.784],[80.799,6.78134],[80.796,6.779],[80.78955,6.769],[80.783,6.76484],[80.77579,6.758],[80.77632,6.754],[80.775,6.75162],[80.77591,6.755],[80.77571,6.757],[80.77448,6.758],[80.7759,6.76],[80.7735,6.763],[80.76898,6.764],[80.76963,6.767],[80.768,6.76925],[80.76411,6.768],[80.75962,6.763],[80.757,6.76183],[80.754,6.76207],[80.751,6.76047],[80.745,6.76202],[80.74,6.76093],[80.738,6.76207],[80.73761,6.764],[80.739,6.76406],[80.74,6.76279],[80.7434,6.764],[80.74284,6.766],[80.74475,6.768],[80.7445,6.771],[80.744,6.7715],[80.74079,6.77],[80.74008,6.772],[80.73764,6.774],[80.73882,6.777],[80.73663,6.778],[80.738,6.78111],[80.734,6.78024],[80.73278,6.781],[80.73223,6.786],[80.73312,6.788],[80.73157,6.789],[80.732,6.79029],[80.729,6.79126],[80.723,6.79073],[80.72276,6.792],[80.71968,6.794],[80.723,6.79669],[80.729,6.79353],[80.73276,6.795],[80.73339,6.802],[80.73233,6.806],[80.733,6.80661],[80.738,6.80425],[80.742,6.80508],[80.749,6.80383],[80.74989,6.806],[80.74697,6.811],[80.748,6.8115],[80.7474,6.813],[80.748,6.81371],[80.749,6.81272],[80.754,6.813],[80.75526,6.814],[80.75371,6.817],[80.75975,6.819],[80.75648,6.82],[80.75376,6.824],[80.75427,6.825],[80.761,6.826],[80.76538,6.828],[80.767,6.83036],[80.76917,6.831],[80.76879,6.833],[80.77,6.83482],[80.778,6.83307],[80.78,6.82974],[80.782,6.8305],[80.785,6.83271],[80.786,6.83567],[80.788,6.83667],[80.78956,6.836],[80.79026,6.838],[80.789,6.839],[80.78938,6.84],[80.7934,6.842],[80.79379,6.843],[80.79194,6.845],[80.79153,6.848],[80.79,6.8502],[80.786,6.84876],[80.78233,6.851],[80.78294,6.853],[80.782,6.85646],[80.77767,6.857],[80.77721,6.858],[80.77689,6.864],[80.765,6.86446],[80.76367,6.867],[80.761,6.86686],[80.753,6.87228],[80.75316,6.877],[80.752,6.8787],[80.749,6.88022],[80.748,6.8795],[80.74833,6.878],[80.75121,6.876],[80.75,6.87485],[80.749,6.8749],[80.748,6.87675],[80.747,6.87593],[80.746,6.877],[80.74583,6.882],[80.747,6.8842],[80.75,6.88608],[80.755,6.88569],[80.765,6.8807],[80.77,6.88414],[80.779,6.8844],[80.782,6.88108],[80.78292,6.882],[80.78129,6.883],[80.783,6.8864],[80.78436,6.887],[80.784,6.89053],[80.78285,6.889],[80.78,6.88862],[80.77375,6.891],[80.77255,6.895],[80.773,6.89608],[80.778,6.89503],[80.77445,6.898],[80.774,6.90032],[80.77,6.9005],[80.76635,6.908],[80.75791,6.913],[80.76175,6.915],[80.75908,6.919],[80.7585,6.924],[80.757,6.92427],[80.754,6.9228],[80.75027,6.926],[80.75245,6.932],[80.75043,6.936],[80.75527,6.945],[80.758,6.9466],[80.762,6.94656],[80.766,6.94962],[80.769,6.94811],[80.77,6.94845],[80.77148,6.95],[80.771,6.95062],[80.759,6.95049],[80.753,6.9526],[80.751,6.952],[80.749,6.94977],[80.745,6.95002],[80.74285,6.952],[80.74415,6.956],[80.743,6.95738],[80.739,6.95035],[80.73444,6.951],[80.733,6.94923],[80.731,6.94895],[80.727,6.95054],[80.722,6.95633],[80.718,6.95866],[80.71,6.95881],[80.706,6.9601],[80.705,6.96156],[80.702,6.95832],[80.696,6.95676],[80.68997,6.963],[80.68886,6.968],[80.687,6.96833],[80.684,6.96704],[80.681,6.97143],[80.68,6.97194],[80.677,6.97073],[80.665,6.97816],[80.665,6.98171],[80.668,6.98058],[80.672,6.98937],[80.675,6.99029],[80.67746,6.986],[80.67765,6.983],[80.67674,6.981],[80.682,6.97739],[80.684,6.97746],[80.69264,6.983],[80.695,6.98839],[80.70133,6.983],[80.703,6.98254],[80.705,6.98347],[80.70562,6.982],[80.705,6.98083],[80.708,6.97919],[80.711,6.979],[80.71321,6.981],[80.71322,6.985],[80.715,6.98644],[80.716,6.9868],[80.719,6.98481],[80.72618,6.986],[80.72895,6.991],[80.72712,6.995],[80.72895,7],[80.72839,7.001],[80.73,7.00162],[80.73227,7],[80.73229,7.002],[80.73112,7.003],[80.73538,7.006],[80.73629,7.013],[80.726,7.02562],[80.7225,7.032],[80.72207,7.035],[80.72005,7.036],[80.721,7.03763],[80.729,7.03829],[80.735,7.03773],[80.7381,7.039],[80.738,7.04018],[80.734,7.04354],[80.73125,7.048],[80.731,7.049],[80.73379,7.05],[80.73267,7.053],[80.73313,7.057],[80.7285,7.06],[80.7263,7.072],[80.72421,7.076],[80.72157,7.077],[80.72091,7.081],[80.717,7.08394],[80.714,7.08867],[80.7093,7.09],[80.70943,7.092],[80.71126,7.095],[80.71,7.097],[80.708,7.09749],[80.706,7.09991],[80.70465,7.104],[80.707,7.10503],[80.711,7.10355],[80.712,7.10634],[80.71682,7.109]]},"properties":{"ele":1800,"index":0}},{"type":"Feature","geometry":{"type":"LineString","coordinates":[[80.82166,7.052],[80.82259,7.052],[80.82203,7.05],[80.82,7.04804],[80.818,7.04755],[80.81473,7.049],[80.815,7.04982],[80.82,7.05058],[80.82166,7.052]]},"properties":{"ele":1800,"index":0}},{"type":"Feature","geometry":{"type":"LineString","coordinates":[[80.71942,7.008],[80.721,7.009],[80.72172,7.008],[80.72122,7.007],[80.725,7.00285],[80.726,7.00492],[80.727,7.0049],[80.7276,7.003],[80.726,6.99939],[80.722,6.9999],[80.71569,7.007],[80.71942,7.008]]},"properties":{"ele":1800,"index":0}},{"type":"Feature","geometry":{"type":"LineString","coordinates":[[81.11237,6.942],[81.113,6.94263],[81.11538,6.939],[81.11559,6.936],[81.117,6.93326],[81.1191,6.932],[81.1202,6.929],[81.11973,6.928],[81.117,6.92909],[81.114,6.9274],[81.11229,6.93],[81.10898,6.932],[81.11,6.93531],[81.11442,6.939],[81.11237,6.942]]},"properties":{"ele":1800,"index":0}},{"type":"Feature","geometry":{"type":"LineString","coordinates":[[80.64191,6.889],[80.647,6.88802],[80.65,6.88521],[80.654,6.88383],[80.65764,6.879],[80.655,6.87851],[80.651,6.88049],[80.645,6.88518],[80.64191,6.889]]},"properties":{"ele":1800,"index":0}},{"type":"Feature","geometry":{"type":"LineString","coordinates":[[80.78757,6.882],[80.792,6.88286],[80.79286,6.882],[80.792,6.88097],[80.791,6.88152],[80.788,6.8807],[80.787,6.881],[80.78757,6.882]]},"properties":{"ele":1800,"index":0}},{"type":"Feature","geometry":{"type":"LineString","coordinates":[[80.65378,6.856],[80.655,6.85683],[80.657,6.85656],[80.662,6.85315],[80.667,6.84908],[80.669,6.84536],[80.67634,6.84],[80.684,6.8359],[80.689,6.83438],[80.693,6.83452],[80.69342,6.833],[80.6912,6.825],[80.685,6.82337],[80.683,6.82538],[80.68,6.826],[80.673,6.83231],[80.671,6.83294],[80.66895,6.839],[80.666,6.83985],[80.664,6.8437],[80.661,6.84427],[80.65906,6.846],[80.65991,6.849],[80.656,6.85238],[80.65378,6.856]]},"properties":{"ele":1800,"index":0}},{"type":"Feature","geometry":{"type":"LineString","coordinates":[[80.50061,6.842],[80.501,6.84288],[80.502,6.84252],[80.507,6.839],[80.50833,6.836],[80.508,6.83443],[80.505,6.83072],[80.504,6.83217],[80.502,6.8314],[80.5,6.83282],[80.495,6.82551],[80.493,6.82437],[80.49139,6.826],[80.49316,6.833],[80.49207,6.836],[80.491,6.83586],[80.4904,6.837],[80.491,6.84089],[80.49252,6.837],[80.494,6.83641],[80.5,6.83983],[80.50061,6.842]]},"properties":{"ele":1800,"index":0}},{"type":"Feature","geometry":{"type":"LineString","coordinates":[[80.69467,6.84],[80.696,6.84047],[80.70048,6.837],[80.694,6.837],[80.69373,6.839],[80.69467,6.84]]},"properties":{"ele":1800,"index":0}},{"type":"Feature","geometry":{"type":"LineString","coordinates":[[80.69106,6.823],[80.693,6.82362],[80.695,6.82223],[80.69364,6.819],[80.694,6.81455],[80.68826,6.82],[80.68806,6.821],[80.69106,6.823]]},"properties":{"ele":1800,"index":0}},{"type":"Feature","geometry":{"type":"LineString","coordinates":[[80.49042,6.82],[80.491,6.82067],[80.495,6.81419],[80.499,6.81498],[80.505,6.81294],[80.508,6.80975],[80.511,6.80836],[80.514,6.80823],[80.51478,6.807],[80.512,6.80581],[80.504,6.80587],[80.49994,6.804],[80.49931,6.803],[80.50055,6.8],[80.498,6.79717],[80.497,6.79786],[80.495,6.79702],[80.492,6.79733],[80.49,6.79387],[80.486,6.79525],[80.48515,6.8],[80.483,6.80104],[80.483,6.80329],[80.486,6.80449],[80.491,6.80185],[80.49361,6.804],[80.49407,6.806],[80.49073,6.812],[80.49042,6.82]]},"properties":{"ele":1800,"index":0}},{"type":"Feature","geometry":{"type":"LineString","coordinates":[[80.52017,6.809],[80.521,6.80937],[80.52168,6.808],[80.521,6.8062],[80.52,6.8062],[80.52017,6.809]]},"properties":{"ele":1800,"index":0}},{"type":"Feature","geometry":{"type":"LineString","coordinates":[[81.01392,6.806],[81.019,6.80688],[81.02005,6.806],[81.0191,6.804],[81.02289,6.8],[81.02319,6.799],[81.02188,6.798],[81.022,6.796],[81.021,6.79456],[81.019,6.79356],[81.01738,6.794],[81.017,6.792],[81.02045,6.79],[81.02033,6.788],[81.021,6.7874],[81.02312,6.789],[81.024,6.79233],[81.026,6.79475],[81.0293,6.79],[81.029,6.78792],[81.023,6.78575],[81.02168,6.783],[81.01939,6.781],[81.014,6.77872],[81.012,6.7795],[81.0117,6.781],[81.01548,6.791],[81.009,6.7926],[81.004,6.78792],[81.001,6.79463],[80.9976,6.797],[81,6.79765],[81.003,6.79608],[81.007,6.79683],[81.01168,6.805],[81.01392,6.806]]},"properties":{"ele":1800,"index":0}},{"type":"Feature","geometry":{"type":"LineString","coordinates":[[80.7053,6.802],[80.711,6.80272],[80.715,6.79845],[80.719,6.79902],[80.72048,6.798],[80.7204,6.797],[80.713,6.79619],[80.70653,6.8],[80.7053,6.802]]},"properties":{"ele":1800,"index":0}},{"type":"Feature","geometry":{"type":"LineString","coordinates":[[80.5653,6.797],[80.57,6.7945],[80.575,6.79326],[80.576,6.79069],[80.58,6.79005],[80.58331,6.788],[80.57996,6.783],[80.57965,6.781],[80.58059,6.78],[80.57787,6.779],[80.5786,6.778],[80.58227,6.777],[80.58356,6.775],[80.58196,6.773],[80.58043,6.768],[80.594,6.76559],[80.597,6.7663],[80.599,6.7679],[80.60129,6.766],[80.602,6.76188],[80.604,6.761],[80.599,6.76028],[80.592,6.76158],[80.587,6.76091],[80.584,6.76283],[80.5745,6.764],[80.574,6.76533],[80.57,6.76356],[80.566,6.7651],[80.562,6.76275],[80.56,6.76281],[80.559,6.76446],[80.557,6.76446],[80.55633,6.767],[80.55814,6.769],[80.555,6.77167],[80.554,6.769],[80.551,6.76882],[80.547,6.77372],[80.544,6.77348],[80.5405,6.775],[80.53842,6.779],[80.539,6.77983],[80.54518,6.78],[80.547,6.78114],[80.548,6.7845],[80.549,6.78463],[80.55,6.78396],[80.55109,6.78],[80.548,6.777],[80.55,6.77731],[80.552,6.77627],[80.552,6.7755],[80.55033,6.775],[80.55183,6.773],[80.553,6.7725],[80.554,6.77515],[80.557,6.77671],[80.564,6.77167],[80.566,6.77146],[80.567,6.77033],[80.5678,6.771],[80.56199,6.778],[80.5653,6.797]]},"properties":{"ele":1800,"index":0}},{"type":"Feature","geometry":{"type":"LineString","coordinates":[[80.6465,6.784],[80.647,6.78462],[80.649,6.782],[80.653,6.78089],[80.66,6.77493],[80.664,6.77455],[80.66675,6.773],[80.67013,6.768],[80.67589,6.763],[80.67596,6.761],[80.67762,6.76],[80.674,6.75668],[80.6729,6.754],[80.67387,6.75],[80.67667,6.747],[80.67357,6.748],[80.67,6.75257],[80.664,6.75393],[80.66,6.7528],[80.657,6.75042],[80.65,6.74736],[80.64608,6.748],[80.64731,6.749],[80.64514,6.751],[80.645,6.7532],[80.647,6.75609],[80.65,6.75758],[80.651,6.75719],[80.654,6.76073],[80.65468,6.763],[80.652,6.76749],[80.64785,6.771],[80.64904,6.779],[80.64572,6.783],[80.6465,6.784]]},"properties":{"ele":1800,"index":0}},{"type":"Feature","geometry":{"type":"LineString","coordinates":[[80.51174,6.778],[80.513,6.77833],[80.514,6.77675],[80.517,6.77634],[80.51923,6.774],[80.515,6.7745],[80.51174,6.778]]},"properties":{"ele":1800,"index":0}},{"type":"Feature","geometry":{"type":"LineString","coordinates":[[80.80879,6.773],[80.81037,6.769],[80.814,6.76863],[80.81329,6.764],[80.81558,6.763],[80.813,6.754],[80.806,6.74802],[80.80428,6.751],[80.80961,6.761],[80.80604,6.767],[80.80879,6.773]]},"properties":{"ele":1800,"index":0}},{"type":"Feature","geometry":{"type":"LineString","coordinates":[[80.72928,6.768],[80.73,6.76878],[80.73222,6.766],[80.73629,6.766],[80.73652,6.764],[80.734,6.76263],[80.732,6.7631],[80.727,6.76155],[80.724,6.7616],[80.72377,6.763],[80.725,6.76429],[80.73029,6.765],[80.73071,6.766],[80.72928,6.768]]},"properties":{"ele":1800,"index":0}},{"type":"Feature","geometry":{"type":"LineString","coordinates":[[80.71621,7.103],[80.71744,7.103],[80.718,7.09833],[80.722,7.09615],[80.72289,7.093],[80.72654,7.092],[80.72637,7.09],[80.724,7.08717],[80.716,7.09745],[80.7124,7.099],[80.714,7.10168],[80.71621,7.103]]},"properties":{"ele":2000,"index":1}},{"type":"Feature","geometry":{"type":"LineString","coordinates":[[80.72569,7.083],[80.727,7.08327],[80.73777,7.079],[80.739,7.07713],[80.74215,7.076],[80.74138,7.074],[80.737,7.07252],[80.734,7.07368],[80.73,7.07847],[80.72793,7.078],[80.72569,7.083]]},"properties":{"ele":2000,"index":1}},{"type":"Feature","geometry":{"type":"LineString","coordinates":[[80.74264,7.048],[80.744,7.04874],[80.74716,7.045],[80.747,7.04374],[80.743,7.04606],[80.74264,7.048]]},"properties":{"ele":2000,"index":1}},{"type":"Feature","geometry":{"type":"LineString","coordinates":[[80.84379,7.046],[80.84695,7.045],[80.84719,7.044],[80.844,7.04105],[80.84266,7.042],[80.84379,7.046]]},"properties":{"ele":2000,"index":1}},{"type":"Feature","geometry":{"type":"LineString","coordinates":[[80.72841,7.032],[80.729,7.03271],[80.739,7.02997],[80.744,7.0252],[80.74607,7.025],[80.74804,7.027],[80.751,7.02772],[80.753,7.02559],[80.757,7.02518],[80.759,7.02356],[80.764,7.02292],[80.768,7.0237],[80.768,7.02242],[80.767,7.02233],[80.76643,7.021],[80.7671,7.018],[80.76444,7.011],[80.765,7.00929],[80.77,7.01032],[80.778,7.01524],[80.779,7.01257],[80.785,7.01171],[80.78612,7.013],[80.78611,7.016],[80.79738,7.018],[80.802,7.023],[80.80717,7.025],[80.807,7.02612],[80.811,7.02616],[80.81314,7.024],[80.81191,7.021],[80.81376,7.02],[80.814,7.01867],[80.818,7.01985],[80.82,7.01892],[80.8205,7.016],[80.81929,7.009],[80.816,7.00696],[80.815,7.00881],[80.811,7.01107],[80.80986,7.009],[80.807,7.00708],[80.81263,7.002],[80.814,6.998],[80.813,6.99673],[80.812,6.99685],[80.809,6.99921],[80.8085,6.998],[80.81004,6.995],[80.80767,6.993],[80.80836,6.995],[80.80644,6.996],[80.80658,6.998],[80.80539,7],[80.8065,7.001],[80.804,7.002],[80.80311,7.001],[80.80438,6.998],[80.802,6.9981],[80.80112,6.997],[80.80337,6.995],[80.802,6.99323],[80.8,6.993],[80.79884,6.991],[80.80067,6.989],[80.80033,6.987],[80.80136,6.986],[80.798,6.984],[80.79818,6.983],[80.795,6.97944],[80.79379,6.976],[80.792,6.97461],[80.784,6.97805],[80.774,6.9775],[80.7698,6.98],[80.76986,6.982],[80.768,6.98112],[80.766,6.9828],[80.76054,6.983],[80.756,6.9888],[80.75441,6.989],[80.753,6.99152],[80.751,6.98962],[80.75053,6.987],[80.75188,6.981],[80.75373,6.98],[80.76078,6.97],[80.76059,6.963],[80.76379,6.959],[80.76465,6.957],[80.764,6.95536],[80.76,6.95525],[80.75935,6.961],[80.756,6.96358],[80.752,6.96266],[80.7486,6.96],[80.74808,6.964],[80.74975,6.966],[80.74964,6.97],[80.75185,6.973],[80.75155,6.975],[80.75,6.9759],[80.745,6.96917],[80.742,6.96846],[80.74,6.96902],[80.737,6.96777],[80.73543,6.966],[80.73565,6.964],[80.734,6.96252],[80.728,6.95932],[80.724,6.95919],[80.72,6.96152],[80.719,6.964],[80.718,6.96281],[80.716,6.96258],[80.714,6.96456],[80.712,6.96234],[80.709,6.96366],[80.70795,6.966],[80.70862,6.968],[80.714,6.97292],[80.716,6.97094],[80.723,6.97064],[80.725,6.972],[80.72373,6.974],[80.725,6.97723],[80.733,6.97932],[80.7355,6.981],[80.73677,6.986],[80.73364,6.994],[80.738,6.99325],[80.73938,6.994],[80.73895,6.995],[80.74,6.995],[80.743,6.99326],[80.748,6.99288],[80.74946,6.996],[80.74462,7.003],[80.74293,7.01],[80.74495,7.011],[80.74052,7.015],[80.74183,7.022],[80.741,7.0227],[80.738,7.01976],[80.737,7.02],[80.73326,7.027],[80.731,7.02741],[80.72841,7.032]]},"properties":{"ele":2000,"index":1}},{"type":"Feature","geometry":{"type":"LineString","coordinates":[[80.82296,7.009],[80.824,7.0092],[80.82493,7.007],[80.823,7.00554],[80.8218,7.006],[80.82296,7.009]]},"properties":{"ele":2000,"index":1}},{"type":"Feature","geometry":{"type":"LineString","coordinates":[[80.83252,6.997],[80.834,6.99794],[80.8354,6.997],[80.83245,6.993],[80.8317,6.99],[80.835,6.987],[80.83639,6.987],[80.83735,6.983],[80.83175,6.979],[80.83,6.9765],[80.829,6.97725],[80.8288,6.975],[80.827,6.97371],[80.826,6.9735],[80.825,6.97487],[80.82182,6.97],[80.82083,6.966],[80.818,6.96442],[80.816,6.96493],[80.814,6.967],[80.81126,6.968],[80.81031,6.971],[80.81456,6.973],[80.81358,6.974],[80.815,6.97508],[80.82106,6.977],[80.82193,6.979],[80.82069,6.98],[80.82171,6.982],[80.825,6.98411],[80.82558,6.987],[80.825,6.98894],[80.823,6.98967],[80.82204,6.992],[80.825,6.9927],[80.827,6.99184],[80.83,6.9935],[80.83252,6.997]]},"properties":{"ele":2000,"index":1}},{"type":"Feature","geometry":{"type":"LineString","coordinates":[[80.84875,6.988],[80.85,6.98891],[80.85098,6.988],[80.85176,6.984],[80.849,6.98445],[80.847,6.98292],[80.845,6.984],[80.84682,6.985],[80.84875,6.988]]},"properties":{"ele":2000,"index":1}},{"type":"Feature","geometry":{"type":"LineString","coordinates":[[80.69562,6.978],[80.70087,6.975],[80.70366,6.969],[80.70196,6.966],[80.69883,6.964],[80.69876,6.962],[80.695,6.95964],[80.69196,6.963],[80.69,6.97071],[80.689,6.97176],[80.687,6.97088],[80.68662,6.972],[80.688,6.97467],[80.691,6.9726],[80.69564,6.974],[80.69562,6.978]]},"properties":{"ele":2000,"index":1}},{"type":"Feature","geometry":{"type":"LineString","coordinates":[[80.76565,6.942],[80.767,6.94218],[80.768,6.941],[80.76896,6.936],[80.76425,6.934],[80.76654,6.93],[80.76585,6.928],[80.76659,6.925],[80.771,6.91793],[80.77834,6.915],[80.77924,6.912],[80.777,6.90998],[80.773,6.91018],[80.77031,6.912],[80.76676,6.917],[80.76288,6.927],[80.75853,6.932],[80.758,6.93592],[80.76192,6.937],[80.763,6.93958],[80.764,6.93956],[80.765,6.938],[80.76565,6.942]]},"properties":{"ele":2000,"index":1}},{"type":"Feature","geometry":{"type":"LineString","coordinates":[[80.8125,6.925],[80.81589,6.924],[80.81664,6.922],[80.8204,6.918],[80.82,6.91614],[80.818,6.91459],[80.81,6.91444],[80.80834,6.916],[80.80839,6.918],[80.81062,6.922],[80.81,6.92309],[80.81304,6.922],[80.8125,6.925]]},"properties":{"ele":2000,"index":1}},{"type":"Feature","geometry":{"type":"LineString","coordinates":[[80.79074,6.868],[80.79346,6.865],[80.796,6.85815],[80.801,6.85866],[80.804,6.85663],[80.806,6.8508],[80.81,6.8496],[80.812,6.84571],[80.815,6.84546],[80.817,6.84262],[80.819,6.84303],[80.82,6.8417],[80.82877,6.839],[80.83379,6.835],[80.83333,6.833],[80.82621,6.823],[80.82873,6.82],[80.829,6.81795],[80.831,6.81818],[80.836,6.81634],[80.83968,6.814],[80.841,6.81158],[80.84356,6.81],[80.844,6.80841],[80.848,6.8068],[80.84957,6.805],[80.847,6.80055],[80.842,6.80425],[80.839,6.80469],[80.83411,6.794],[80.832,6.79455],[80.829,6.78927],[80.825,6.78673],[80.823,6.78711],[80.819,6.78336],[80.817,6.78394],[80.813,6.78267],[80.811,6.785],[80.806,6.78671],[80.8,6.78428],[80.796,6.78135],[80.78864,6.771],[80.786,6.76908],[80.782,6.7674],[80.773,6.76852],[80.772,6.77029],[80.771,6.76991],[80.767,6.77184],[80.758,6.76423],[80.75359,6.77],[80.75324,6.773],[80.748,6.77262],[80.74729,6.777],[80.7485,6.778],[80.751,6.784],[80.752,6.78432],[80.754,6.78305],[80.75704,6.785],[80.75533,6.787],[80.75535,6.789],[80.753,6.78969],[80.75158,6.786],[80.74843,6.784],[80.74813,6.782],[80.746,6.77969],[80.745,6.77983],[80.74431,6.787],[80.74,6.78546],[80.73861,6.786],[80.74109,6.789],[80.73862,6.79],[80.74061,6.792],[80.74175,6.795],[80.73929,6.796],[80.73908,6.798],[80.749,6.79522],[80.749,6.79923],[80.75722,6.799],[80.75393,6.803],[80.754,6.80552],[80.759,6.80778],[80.765,6.80905],[80.76575,6.81],[80.76367,6.813],[80.76456,6.814],[80.768,6.81367],[80.77341,6.816],[80.77305,6.819],[80.7711,6.821],[80.77067,6.823],[80.776,6.82154],[80.77925,6.822],[80.783,6.82412],[80.786,6.82195],[80.789,6.82245],[80.789,6.825],[80.78706,6.827],[80.78754,6.828],[80.79,6.82813],[80.793,6.82665],[80.79663,6.828],[80.7983,6.836],[80.80133,6.838],[80.80144,6.84],[80.80346,6.842],[80.80335,6.843],[80.79925,6.846],[80.79786,6.849],[80.7942,6.851],[80.795,6.85637],[80.794,6.85682],[80.79,6.85516],[80.78745,6.856],[80.7901,6.86],[80.78975,6.865],[80.79074,6.868]]},"properties":{"ele":2000,"index":1}},{"type":"Feature","geometry":{"type":"LineString","coordinates":[[80.67488,6.836],[80.677,6.83679],[80.679,6.83613],[80.68122,6.834],[80.688,6.83157],[80.68853,6.83],[80.684,6.82885],[80.68118,6.831],[80.68,6.83391],[80.677,6.83393],[80.67488,6.836]]},"properties":{"ele":2000,"index":1}},{"type":"Feature","geometry":{"type":"LineString","coordinates":[[80.49717,6.811],[80.5,6.81124],[80.50193,6.809],[80.5,6.80747],[80.497,6.80689],[80.49578,6.809],[80.49717,6.811]]},"properties":{"ele":2000,"index":1}},{"type":"Feature","geometry":{"type":"LineString","coordinates":[[80.86683,6.797],[80.8681,6.796],[80.868,6.7947],[80.866,6.79297],[80.864,6.7935],[80.86333,6.795],[80.864,6.79584],[80.86683,6.797]]},"properties":{"ele":2000,"index":1}},{"type":"Feature","geometry":{"type":"LineString","coordinates":[[80.6568,6.773],[80.65928,6.772],[80.66168,6.768],[80.66,6.76422],[80.6569,6.767],[80.6568,6.773]]},"properties":{"ele":2000,"index":1}},{"type":"Feature","geometry":{"type":"LineString","coordinates":[[80.74721,7.022],[80.749,7.02245],[80.753,7.02059],[80.756,7.01555],[80.75784,7.015],[80.759,7.01316],[80.762,7.01506],[80.763,7.01429],[80.763,7.00652],[80.772,7.00865],[80.776,7.01202],[80.78038,7.01],[80.78,7.00706],[80.784,7.00724],[80.786,7.00828],[80.791,7.00542],[80.79091,6.998],[80.79286,6.993],[80.79256,6.989],[80.79421,6.988],[80.794,6.98515],[80.79277,6.985],[80.79286,6.988],[80.792,6.98829],[80.791,6.98608],[80.786,6.98317],[80.78365,6.985],[80.783,6.98787],[80.778,6.98591],[80.772,6.98985],[80.762,6.99018],[80.76104,6.992],[80.76255,6.995],[80.76203,6.997],[80.759,6.99992],[80.756,6.99867],[80.75463,6.999],[80.75168,7.005],[80.74976,7.007],[80.75162,7.01],[80.7485,7.013],[80.74721,7.022]]},"properties":{"ele":2200,"index":0}},{"type":"Feature","geometry":{"type":"LineString","coordinates":[[80.8132,6.838],[80.814,6.83875],[80.81629,6.837],[80.8249,6.834],[80.826,6.83012],[80.819,6.82914],[80.813,6.82581],[80.81289,6.828],[80.81143,6.83],[80.8129,6.834],[80.81111,6.836],[80.8132,6.838]]},"properties":{"ele":2200,"index":0}},{"type":"Feature","geometry":{"type":"LineString","coordinates":[[80.8075,6.837],[80.809,6.83686],[80.81,6.835],[80.807,6.83356],[80.80574,6.835],[80.8075,6.837]]},"properties":{"ele":2200,"index":0}},{"type":"Feature","geometry":{"type":"LineString","coordinates":[[80.7809,6.815],[80.782,6.81569],[80.7847,6.814],[80.78386,6.81],[80.776,6.80805],[80.77537,6.809],[80.77992,6.812],[80.7809,6.815]]},"properties":{"ele":2200,"index":0}},{"type":"Feature","geometry":{"type":"LineString","coordinates":[[80.772,6.804],[80.774,6.80462],[80.778,6.80286],[80.77945,6.799],[80.777,6.79891],[80.774,6.80025],[80.77116,6.798],[80.77066,6.797],[80.772,6.79603],[80.77552,6.795],[80.77283,6.791],[80.774,6.78967],[80.77,6.78867],[80.765,6.78919],[80.75964,6.792],[80.76,6.79392],[80.76309,6.795],[80.7642,6.799],[80.76376,6.801],[80.767,6.80111],[80.769,6.80377],[80.772,6.804]]},"properties":{"ele":2200,"index":0}},{"type":"Feature","geometry":{"type":"LineString","coordinates":[[80.76808,7.005],[80.77,7.0056],[80.78,7.00338],[80.78411,7.005],[80.78164,7.002],[80.78431,7.001],[80.78429,6.998],[80.781,6.99479],[80.775,6.99761],[80.769,6.99641],[80.76521,7.001],[80.76686,7.002],[80.76808,7.005]]},"properties":{"ele":2400,"index":0}}]}
