{"type":"FeatureCollection","metadata":{"source":"OpenStreetMap via Overpass API","license":"ODbL","fetched":"2026-09-09T03:54:24.479Z","count":267,"minHa":700},"features":[{"type":"Feature","geometry":{"type":"Polygon","coordinates":[[[80.43701,9.14546],[80.43843,9.14171],[80.43775,9.14116],[80.43818,9.13974],[80.43983,9.13789],[80.43924,9.13698],[80.44184,9.13441],[80.4375,9.13372],[80.4345,9.13177],[80.42867,9.13005],[80.41904,9.13037],[80.41881,9.12897],[80.42867,9.1281],[80.43019,9.1256],[80.4298,9.12346],[80.43094,9.12263],[80.43358,9.12385],[80.43471,9.1255],[80.43781,9.12454],[80.44076,9.12751],[80.44169,9.12333],[80.43845,9.12185],[80.43653,9.11921],[80.43784,9.11858],[80.43954,9.11556],[80.44247,9.11606],[80.44144,9.11475],[80.44235,9.11267],[80.44469,9.11364],[80.44547,9.11502],[80.44537,9.11733],[80.44431,9.11788],[80.4449,9.12077],[80.44796,9.12234],[80.46025,9.09571],[80.46605,9.08706],[80.4638,9.08341],[80.46582,9.08059],[80.47473,9.08598],[80.47702,9.08412],[80.47658,9.08318],[80.47736,9.08229],[80.47853,9.08285],[80.48041,9.081],[80.47556,9.07815],[80.4769,9.07445],[80.47858,9.07456],[80.47957,9.07743],[80.48161,9.07905],[80.48336,9.07741],[80.48374,9.07607],[80.48205,9.07479],[80.48047,9.06967],[80.48126,9.06108],[80.48213,9.05984],[80.48783,9.06362],[80.49036,9.06992],[80.49177,9.07125],[80.49374,9.0675],[80.49784,9.06621],[80.49644,9.06328],[80.49678,9.06212],[80.4996,9.0618],[80.49381,9.05814],[80.49323,9.05591],[80.49522,9.05269],[80.49509,9.05061],[80.48956,9.04688],[80.4897,9.04606],[80.49813,9.03283],[80.50178,9.02296],[80.50282,9.01489],[80.50634,9.0075],[80.50265,9.00815],[80.50225,9.00575],[80.50378,9.00305],[80.50606,9.0036],[80.50901,9.00212],[80.51752,8.98453],[80.51603,8.98376],[80.51587,8.97941],[80.51463,8.9791],[80.51564,8.97749],[80.51746,8.97678],[80.51883,8.96989],[80.51814,8.96694],[80.51949,8.96461],[80.50848,8.96302],[80.50776,8.96083],[80.50858,8.95634],[80.51546,8.95319],[80.51742,8.95407],[80.51924,8.95002],[80.51703,8.94699],[80.51332,8.94761],[80.51254,8.94525],[80.51028,8.94453],[80.50838,8.94217],[80.50577,8.94083],[80.50676,8.93715],[80.50514,8.93324],[80.50618,8.93042],[80.50394,8.92146],[80.50761,8.92028],[80.50715,8.91807],[80.50582,8.91833],[80.50582,8.9172],[80.50765,8.91687],[80.50618,8.90965],[80.50625,8.90362],[80.50375,8.89959],[80.5031,8.90143],[80.50465,8.90265],[80.50514,8.90503],[80.49804,8.90638],[80.49635,8.90553],[80.49662,8.90439],[80.49479,8.90317],[80.49358,8.89885],[80.49771,8.8983],[80.49817,8.89699],[80.50039,8.89594],[80.50125,8.89851],[80.50307,8.89815],[80.50154,8.89477],[80.50149,8.88951],[80.50049,8.88681],[80.49693,8.88726],[80.49607,8.88648],[80.49605,8.88729],[80.49507,8.88733],[80.49513,8.88575],[80.49387,8.88512],[80.49365,8.88793],[80.49607,8.89073],[80.49605,8.89257],[80.49467,8.89352],[80.493,8.894],[80.48625,8.8929],[80.4846,8.89063],[80.48522,8.89473],[80.48394,8.895],[80.48344,8.89337],[80.48049,8.89298],[80.48021,8.89444],[80.47887,8.89458],[80.47796,8.89148],[80.47645,8.89148],[80.47612,8.89273],[80.47038,8.8912],[80.4604,8.90048],[80.45978,8.90302],[80.46136,8.90648],[80.45502,8.90896],[80.45261,8.90822],[80.45049,8.91039],[80.4486,8.9107],[80.4384,8.90896],[80.43586,8.91077],[80.4347,8.915],[80.43196,8.91202],[80.42781,8.91057],[80.4217,8.91878],[80.42433,8.91799],[80.42875,8.9192],[80.43023,8.92257],[80.4272,8.92614],[80.42301,8.92719],[80.42087,8.92676],[80.41635,8.9224],[80.4119,8.92138],[80.41015,8.92327],[80.41213,8.92699],[80.41969,8.93288],[80.42359,8.93292],[80.42749,8.93521],[80.42771,8.93852],[80.42498,8.94181],[80.42154,8.94419],[80.41888,8.94234],[80.41679,8.93777],[80.41206,8.93157],[80.40443,8.92967],[80.40306,8.93088],[80.40209,8.9347],[80.39952,8.93389],[80.39812,8.93542],[80.39826,8.93762],[80.40123,8.93863],[80.40144,8.94045],[80.39962,8.94329],[80.39503,8.94233],[80.3938,8.94298],[80.39456,8.94764],[80.39559,8.94874],[80.39518,8.9528],[80.39752,8.95869],[80.39403,8.96194],[80.39125,8.96236],[80.38816,8.96496],[80.38932,8.96646],[80.38692,8.96877],[80.38698,8.97038],[80.38566,8.97223],[80.37187,8.98194],[80.36166,8.98255],[80.35079,8.98487],[80.34877,8.98899],[80.34681,8.9894],[80.34634,8.99223],[80.34246,8.99327],[80.33818,8.99909],[80.33775,9.00107],[80.33571,9.00293],[80.33644,9.0093],[80.3348,9.01243],[80.33277,9.0122],[80.3326,9.014],[80.3328,9.01539],[80.33473,9.01712],[80.33483,9.0213],[80.32896,9.01967],[80.3269,9.01697],[80.32324,9.01757],[80.32021,9.02136],[80.32011,9.02383],[80.32098,9.02497],[80.32032,9.02783],[80.31844,9.02925],[80.31972,9.03203],[80.31933,9.03365],[80.31724,9.03459],[80.31494,9.03416],[80.3146,9.033],[80.31298,9.03254],[80.31043,9.03659],[80.31098,9.03843],[80.30772,9.04027],[80.30933,9.04209],[80.3148,9.0376],[80.31568,9.04257],[80.31824,9.04688],[80.31652,9.05009],[80.32215,9.052],[80.33016,9.061],[80.33682,9.06576],[80.33769,9.06589],[80.33951,9.06154],[80.34272,9.05919],[80.34565,9.05907],[80.34739,9.0604],[80.34889,9.06581],[80.34672,9.07378],[80.34881,9.07739],[80.3605,9.07887],[80.3649,9.07617],[80.36996,9.07785],[80.37411,9.07584],[80.37701,9.0766],[80.38557,9.07462],[80.39414,9.07613],[80.39565,9.0752],[80.39739,9.07635],[80.39571,9.08006],[80.38854,9.08211],[80.38556,9.08511],[80.38269,9.08633],[80.38022,9.09071],[80.37824,9.09118],[80.37489,9.08966],[80.36871,9.09188],[80.36828,9.09429],[80.36997,9.09878],[80.3677,9.09991],[80.36582,9.09927],[80.3652,9.10037],[80.36571,9.10245],[80.36814,9.1053],[80.37049,9.10545],[80.37169,9.10816],[80.37707,9.11317],[80.37794,9.11545],[80.37755,9.12068],[80.38277,9.12314],[80.38629,9.12646],[80.389,9.12728],[80.38901,9.12506],[80.39031,9.12519],[80.39109,9.12741],[80.39353,9.12205],[80.39474,9.12121],[80.39459,9.11929],[80.39693,9.11803],[80.39985,9.12144],[80.39859,9.12521],[80.40186,9.12474],[80.4031,9.12692],[80.40662,9.12692],[80.40784,9.12819],[80.40897,9.12722],[80.40968,9.12782],[80.40717,9.13023],[80.40337,9.13007],[80.40384,9.13486],[80.40099,9.13597],[80.3985,9.13598],[80.39759,9.13485],[80.39471,9.13588],[80.39326,9.13008],[80.39158,9.12951],[80.38722,9.13141],[80.38815,9.13358],[80.38487,9.13657],[80.37982,9.1369],[80.37831,9.1358],[80.3789,9.13353],[80.36142,9.13854],[80.36243,9.14041],[80.3608,9.14125],[80.3602,9.13889],[80.35293,9.14048],[80.34597,9.13605],[80.34422,9.13633],[80.34116,9.14025],[80.33906,9.13986],[80.34008,9.1365],[80.33282,9.13368],[80.3329,9.13744],[80.33124,9.13752],[80.32708,9.13519],[80.32463,9.14021],[80.3214,9.14351],[80.31853,9.14341],[80.31504,9.13963],[80.31504,9.14596],[80.31189,9.14655],[80.30949,9.14839],[80.31024,9.14977],[80.30729,9.1572],[80.30888,9.16138],[80.30733,9.16501],[80.30789,9.16591],[80.31028,9.16544],[80.3104,9.16322],[80.30895,9.16304],[80.30893,9.16218],[80.31175,9.16257],[80.3133,9.16129],[80.31532,9.16203],[80.31559,9.16439],[80.31454,9.16676],[80.3128,9.16786],[80.31278,9.17227],[80.31827,9.17085],[80.32204,9.17166],[80.32386,9.17493],[80.32263,9.1784],[80.31586,9.18071],[80.31632,9.18283],[80.31523,9.18362],[80.33124,9.20373],[80.33156,9.20496],[80.32982,9.20766],[80.33031,9.20886],[80.337,9.21185],[80.3374,9.21289],[80.33596,9.21302],[80.33635,9.21638],[80.33488,9.21986],[80.32374,9.22435],[80.32555,9.22613],[80.32462,9.22774],[80.32621,9.22767],[80.32878,9.22526],[80.33096,9.22542],[80.33378,9.22819],[80.33391,9.23069],[80.33176,9.23426],[80.33268,9.23692],[80.33226,9.23904],[80.33037,9.24287],[80.33249,9.24359],[80.33495,9.2427],[80.34386,9.23307],[80.35159,9.2335],[80.35091,9.23873],[80.35254,9.2384],[80.35856,9.24271],[80.35935,9.24426],[80.36282,9.24396],[80.36389,9.24521],[80.3662,9.24537],[80.36675,9.24655],[80.36758,9.24619],[80.36896,9.2487],[80.36721,9.25058],[80.36744,9.25241],[80.36999,9.25269],[80.40212,9.26745],[80.40967,9.26745],[80.41177,9.26067],[80.43361,9.26109],[80.43447,9.26541],[80.44061,9.26838],[80.44561,9.26798],[80.44579,9.2661],[80.449,9.2657],[80.44903,9.26347],[80.45121,9.25901],[80.45099,9.25553],[80.45251,9.25518],[80.45595,9.25674],[80.45627,9.2541],[80.46012,9.24968],[80.45966,9.24617],[80.46203,9.24481],[80.46382,9.24608],[80.46451,9.24522],[80.46603,9.24557],[80.46716,9.24937],[80.46663,9.25216],[80.46486,9.25331],[80.46539,9.26005],[80.46218,9.26066],[80.46401,9.26478],[80.46011,9.27206],[80.46073,9.27511],[80.464,9.27765],[80.46161,9.28031],[80.46319,9.28304],[80.46035,9.284],[80.45917,9.29113],[80.45723,9.29361],[80.45925,9.29643],[80.45746,9.29777],[80.4573,9.2995],[80.45778,9.30047],[80.45981,9.29996],[80.45924,9.30253],[80.45997,9.30335],[80.45655,9.30938],[80.4601,9.31596],[80.46239,9.31515],[80.46401,9.31181],[80.46611,9.31113],[80.46682,9.30969],[80.4693,9.31068],[80.46876,9.31198],[80.47097,9.31364],[80.46612,9.31672],[80.4665,9.3182],[80.46868,9.31814],[80.46912,9.31895],[80.4648,9.31993],[80.45869,9.32951],[80.45979,9.33206],[80.45953,9.33848],[80.46041,9.34125],[80.46282,9.33941],[80.46381,9.34093],[80.46316,9.3446],[80.46229,9.34425],[80.46059,9.34601],[80.46114,9.34799],[80.46322,9.34878],[80.46245,9.35138],[80.46765,9.35284],[80.46833,9.35026],[80.4695,9.34935],[80.46789,9.34787],[80.46905,9.34659],[80.47533,9.34579],[80.47759,9.33918],[80.46824,9.34013],[80.46767,9.33884],[80.47553,9.3384],[80.47455,9.33587],[80.47554,9.33555],[80.47655,9.33826],[80.47781,9.33821],[80.47842,9.33592],[80.48081,9.3344],[80.48158,9.33465],[80.4806,9.33657],[80.48385,9.335],[80.48583,9.33627],[80.48881,9.32878],[80.4884,9.31107],[80.48694,9.31082],[80.4869,9.30888],[80.48836,9.30841],[80.48826,9.30755],[80.48173,9.30226],[80.48167,9.30135],[80.48327,9.30017],[80.48681,9.30322],[80.48465,9.28983],[80.48651,9.28499],[80.47859,9.24565],[80.47627,9.2411],[80.47723,9.23461],[80.48239,9.22632],[80.48149,9.22562],[80.48248,9.22426],[80.48338,9.22475],[80.48544,9.21938],[80.48938,9.21449],[80.48611,9.21485],[80.48635,9.21629],[80.48398,9.21596],[80.48291,9.21464],[80.48156,9.21498],[80.48146,9.2118],[80.48327,9.21058],[80.48195,9.20924],[80.48174,9.20579],[80.4791,9.20501],[80.47777,9.20556],[80.47694,9.20446],[80.47472,9.20403],[80.47475,9.20266],[80.47731,9.20132],[80.47696,9.20022],[80.48124,9.19877],[80.47817,9.19622],[80.47909,9.19516],[80.47763,9.19153],[80.47413,9.18894],[80.47307,9.18954],[80.47199,9.18694],[80.46992,9.18751],[80.47007,9.19024],[80.46836,9.19063],[80.46761,9.18676],[80.46585,9.18535],[80.46675,9.18104],[80.46454,9.1755],[80.46576,9.17301],[80.46543,9.17096],[80.46628,9.16985],[80.46814,9.16997],[80.46833,9.17504],[80.47196,9.17567],[80.46911,9.17284],[80.4713,9.17106],[80.47302,9.17153],[80.47724,9.1688],[80.47848,9.16083],[80.47525,9.16037],[80.47357,9.1574],[80.47272,9.15953],[80.47466,9.16255],[80.47033,9.16414],[80.47105,9.15808],[80.46999,9.15718],[80.46958,9.15323],[80.47136,9.15],[80.46976,9.14832],[80.47097,9.14347],[80.46312,9.14063],[80.46316,9.14354],[80.45973,9.14405],[80.45963,9.14485],[80.45513,9.144],[80.45484,9.14579],[80.45108,9.14379],[80.44887,9.14398],[80.44818,9.14771],[80.44477,9.14896],[80.44245,9.14743],[80.44108,9.15044],[80.43756,9.15093],[80.43069,9.16273],[80.42408,9.15936],[80.42928,9.15068],[80.43069,9.14934],[80.432,9.15004],[80.43063,9.14652],[80.43325,9.14258],[80.43548,9.14574],[80.43701,9.14546]]]},"properties":{"name":null,"ha":58627}},{"type":"Feature","geometry":{"type":"Polygon","coordinates":[[[80.3511,8.86205],[80.35166,8.86432],[80.35426,8.86558],[80.35733,8.86414],[80.36055,8.86885],[80.36335,8.86936],[80.36349,8.87018],[80.37022,8.87318],[80.3733,8.8699],[80.37699,8.8704],[80.37903,8.8739],[80.38668,8.87755],[80.38914,8.87741],[80.39327,8.8759],[80.39161,8.87143],[80.39552,8.86937],[80.39655,8.86769],[80.39392,8.86638],[80.39473,8.86473],[80.39754,8.86542],[80.3984,8.86451],[80.39857,8.86276],[80.39682,8.86029],[80.3943,8.85941],[80.3957,8.85703],[80.39741,8.85674],[80.39758,8.85829],[80.39877,8.85916],[80.40014,8.85851],[80.39943,8.85552],[80.39764,8.85433],[80.40236,8.85049],[80.40327,8.84811],[80.40296,8.84556],[80.40687,8.84591],[80.40811,8.84364],[80.41201,8.8419],[80.41649,8.84242],[80.41823,8.84929],[80.42054,8.84734],[80.4215,8.84929],[80.42111,8.85062],[80.4234,8.85245],[80.42329,8.85687],[80.42181,8.85813],[80.41798,8.85684],[80.41543,8.858],[80.4132,8.85582],[80.41221,8.8574],[80.41293,8.86001],[80.41007,8.86196],[80.40928,8.86372],[80.41216,8.869],[80.41209,8.87282],[80.40832,8.87446],[80.40506,8.87464],[80.40556,8.87777],[80.40765,8.88003],[80.40916,8.87952],[80.41048,8.88099],[80.41254,8.88147],[80.41429,8.88083],[80.415,8.87964],[80.41304,8.87709],[80.41632,8.87632],[80.41937,8.87398],[80.4201,8.86901],[80.42255,8.86637],[80.42371,8.86257],[80.42581,8.86089],[80.42779,8.85596],[80.42971,8.85528],[80.43078,8.85183],[80.43615,8.84745],[80.43717,8.84464],[80.4469,8.83774],[80.44901,8.83744],[80.44964,8.83918],[80.44816,8.84347],[80.45206,8.84461],[80.45683,8.84796],[80.46104,8.84646],[80.46571,8.85336],[80.46827,8.85407],[80.47046,8.85316],[80.47031,8.85094],[80.46838,8.84915],[80.46938,8.84684],[80.46556,8.8451],[80.46614,8.84328],[80.46019,8.84281],[80.45833,8.8404],[80.45923,8.83763],[80.46088,8.83777],[80.46143,8.83631],[80.46119,8.83322],[80.45695,8.83065],[80.45769,8.82867],[80.45722,8.82473],[80.45779,8.82223],[80.46085,8.82086],[80.46202,8.82257],[80.46404,8.82138],[80.46912,8.82276],[80.46902,8.82724],[80.46677,8.82846],[80.46623,8.83209],[80.47011,8.8404],[80.47344,8.84276],[80.47897,8.84283],[80.4803,8.84397],[80.48391,8.84329],[80.48421,8.84889],[80.4812,8.84895],[80.4812,8.85131],[80.48009,8.85153],[80.47798,8.85516],[80.47967,8.85622],[80.4798,8.85853],[80.47456,8.86566],[80.47273,8.86551],[80.46935,8.86292],[80.46779,8.86415],[80.46856,8.8673],[80.47052,8.86887],[80.4709,8.87202],[80.47057,8.87376],[80.46757,8.87658],[80.468,8.87798],[80.46891,8.87948],[80.4746,8.88015],[80.47569,8.88156],[80.47555,8.8835],[80.47398,8.88501],[80.46547,8.88654],[80.46251,8.88998],[80.46349,8.89139],[80.46228,8.89738],[80.46011,8.8982],[80.45923,8.89754],[80.45728,8.89967],[80.45529,8.89748],[80.45529,8.89531],[80.45388,8.89419],[80.45466,8.89182],[80.45849,8.88936],[80.45711,8.88925],[80.45448,8.88943],[80.45142,8.89104],[80.44608,8.89063],[80.43762,8.899],[80.43097,8.90172],[80.42781,8.90255],[80.4226,8.90084],[80.41923,8.90185],[80.41731,8.90125],[80.41591,8.90259],[80.41779,8.90568],[80.41622,8.90726],[80.41736,8.9092],[80.41909,8.91019],[80.42241,8.90888],[80.42436,8.90974],[80.42097,8.91393],[80.41373,8.90881],[80.41099,8.91205],[80.40858,8.9126],[80.4082,8.91442],[80.41213,8.91843],[80.40933,8.91909],[80.40809,8.92096],[80.40636,8.91954],[80.40768,8.91663],[80.40491,8.91643],[80.40269,8.91846],[80.40374,8.91958],[80.40263,8.92214],[80.40009,8.92309],[80.40122,8.92489],[80.40053,8.92909],[80.39786,8.93012],[80.39604,8.92905],[80.39378,8.93156],[80.39088,8.93192],[80.38556,8.93461],[80.38917,8.9387],[80.38953,8.94079],[80.38639,8.94257],[80.38772,8.94401],[80.38801,8.9469],[80.38686,8.94702],[80.3867,8.94859],[80.38336,8.94977],[80.38211,8.95226],[80.37921,8.95198],[80.3771,8.95387],[80.37696,8.95543],[80.37821,8.95759],[80.38145,8.95915],[80.38186,8.96332],[80.379,8.96437],[80.38048,8.96693],[80.38358,8.96629],[80.38371,8.97024],[80.38072,8.97041],[80.38091,8.97147],[80.37912,8.97236],[80.37944,8.97362],[80.3774,8.97395],[80.37421,8.9762],[80.37242,8.98031],[80.3707,8.98116],[80.35689,8.98213],[80.35158,8.97918],[80.3473,8.98244],[80.34647,8.98026],[80.34216,8.98033],[80.34083,8.98209],[80.34061,8.98444],[80.33707,8.9854],[80.33642,8.98719],[80.33705,8.9889],[80.33877,8.98737],[80.34229,8.98868],[80.34417,8.98777],[80.34315,8.99026],[80.34149,8.99138],[80.34192,8.99277],[80.33439,9.00221],[80.32783,9.00323],[80.32512,9.00788],[80.32426,9.01161],[80.32497,9.01384],[80.32001,9.02028],[80.31862,9.02033],[80.31273,9.02673],[80.31111,9.03082],[80.31219,9.03149],[80.3078,9.03866],[80.30604,9.03971],[80.30176,9.03969],[80.30028,9.0408],[80.29292,9.04056],[80.28939,9.03655],[80.28775,9.03606],[80.2856,9.03731],[80.28513,9.03957],[80.28645,9.04149],[80.28569,9.0425],[80.28747,9.04306],[80.2865,9.04467],[80.28173,9.04578],[80.27861,9.0482],[80.27358,9.04661],[80.27117,9.04469],[80.26402,9.04601],[80.26121,9.04384],[80.26239,9.03982],[80.26707,9.03825],[80.26848,9.0366],[80.26274,9.03589],[80.25925,9.03787],[80.25956,9.03986],[80.25845,9.04216],[80.25562,9.04216],[80.25355,9.04158],[80.25345,9.0405],[80.25481,9.03979],[80.25432,9.03693],[80.24856,9.03582],[80.24682,9.03475],[80.24632,9.03222],[80.23988,9.03566],[80.23829,9.03496],[80.22939,9.03515],[80.22776,9.0362],[80.22282,9.03181],[80.21924,9.03286],[80.21483,9.03071],[80.21361,9.02754],[80.20298,9.01427],[80.19913,9.01242],[80.18861,9.00328],[80.18255,9.00163],[80.18083,8.99979],[80.17825,8.99382],[80.18031,8.99266],[80.18056,8.98807],[80.18715,8.98803],[80.2016,8.98066],[80.20411,8.97759],[80.20506,8.9729],[80.20256,8.97158],[80.20099,8.97183],[80.19178,8.97567],[80.18423,8.9774],[80.18065,8.97719],[80.18099,8.97536],[80.17948,8.97484],[80.17827,8.97272],[80.17701,8.96612],[80.17709,8.95643],[80.174,8.95073],[80.17406,8.94448],[80.17243,8.93733],[80.19208,8.92855],[80.20876,8.93124],[80.20953,8.93417],[80.21337,8.93669],[80.21532,8.93678],[80.21818,8.93067],[80.21835,8.92745],[80.21566,8.92513],[80.21472,8.91889],[80.21391,8.91821],[80.21485,8.91527],[80.2198,8.91217],[80.21906,8.90915],[80.21708,8.90644],[80.21879,8.90584],[80.22326,8.90106],[80.21598,8.8936],[80.21906,8.89264],[80.21861,8.8913],[80.22434,8.88935],[80.2251,8.88678],[80.22942,8.88259],[80.22883,8.88187],[80.22327,8.88194],[80.21787,8.88063],[80.21734,8.88177],[80.21849,8.88378],[80.21531,8.88612],[80.21417,8.88458],[80.21286,8.88511],[80.21089,8.88433],[80.20646,8.87945],[80.20181,8.87925],[80.20067,8.87042],[80.2038,8.8625],[80.20401,8.85743],[80.21844,8.84891],[80.2293,8.84714],[80.23428,8.84212],[80.23758,8.83222],[80.24169,8.82963],[80.24994,8.82888],[80.25318,8.82727],[80.24966,8.82379],[80.24138,8.8216],[80.24574,8.81664],[80.25717,8.81062],[80.26252,8.80535],[80.27335,8.8011],[80.27724,8.79741],[80.27239,8.79369],[80.27507,8.78729],[80.27878,8.78256],[80.28082,8.78173],[80.2884,8.78476],[80.29395,8.79153],[80.29637,8.79168],[80.29822,8.79498],[80.30002,8.79557],[80.3044,8.79253],[80.30741,8.79242],[80.31239,8.79432],[80.31321,8.79647],[80.32154,8.79721],[80.32419,8.79955],[80.32455,8.8018],[80.3229,8.8033],[80.32504,8.81177],[80.3272,8.8097],[80.32804,8.80478],[80.33076,8.80363],[80.33129,8.80702],[80.33342,8.80689],[80.33458,8.80406],[80.33361,8.80147],[80.33852,8.80049],[80.34964,8.82891],[80.34617,8.83309],[80.34332,8.83911],[80.33298,8.83493],[80.32925,8.83726],[80.33159,8.84314],[80.32307,8.85102],[80.32435,8.85698],[80.33109,8.85339],[80.33267,8.84956],[80.33843,8.84708],[80.34436,8.84838],[80.3451,8.845],[80.35151,8.8449],[80.35482,8.84279],[80.35574,8.84808],[80.35484,8.85067],[80.35175,8.85341],[80.3511,8.86205]]]},"properties":{"name":null,"ha":49664}},{"type":"Feature","geometry":{"type":"Polygon","coordinates":[[[80.98447,7.81935],[80.98795,7.82434],[80.99625,7.82348],[81.00098,7.8243],[81.0081,7.8327],[81.01778,7.84697],[81.02169,7.85033],[81.02742,7.85125],[81.03693,7.85011],[81.04838,7.85245],[81.05461,7.85062],[81.0591,7.85167],[81.05936,7.85601],[81.05748,7.86287],[81.05818,7.86722],[81.06324,7.87893],[81.05045,7.87288],[81.04307,7.87251],[81.02493,7.87751],[81.02278,7.8842],[81.01828,7.87918],[81.00817,7.88026],[80.99906,7.8737],[80.99708,7.87339],[80.99357,7.86733],[80.99183,7.8656],[80.9893,7.8654],[80.98841,7.86345],[80.97411,7.86493],[80.96868,7.86255],[80.9633,7.86323],[80.95392,7.86236],[80.94722,7.86394],[80.93765,7.86133],[80.92738,7.85338],[80.91759,7.85452],[80.90987,7.85652],[80.90793,7.85618],[80.90705,7.8546],[80.90591,7.85488],[80.90161,7.8588],[80.90129,7.86347],[80.89991,7.86491],[80.89959,7.85379],[80.89502,7.85045],[80.89337,7.85083],[80.89054,7.84939],[80.89082,7.8486],[80.8883,7.84512],[80.88329,7.84257],[80.87844,7.83864],[80.87824,7.8343],[80.8799,7.83209],[80.88152,7.82482],[80.87942,7.81903],[80.87879,7.81135],[80.87267,7.80094],[80.87042,7.80081],[80.86515,7.8037],[80.86348,7.80247],[80.8624,7.80325],[80.86039,7.80133],[80.86052,7.79023],[80.85874,7.78506],[80.85744,7.7849],[80.85816,7.78294],[80.85473,7.77908],[80.85611,7.77815],[80.85452,7.77854],[80.84864,7.77016],[80.84986,7.76114],[80.84558,7.75673],[80.84543,7.7533],[80.84725,7.75382],[80.84574,7.74769],[80.84461,7.74442],[80.84279,7.74385],[80.84099,7.7348],[80.83756,7.73087],[80.84122,7.72981],[80.84358,7.72607],[80.84577,7.7253],[80.84394,7.72272],[80.8442,7.72123],[80.85048,7.71853],[80.85341,7.71852],[80.85395,7.71378],[80.85563,7.71199],[80.85472,7.69734],[80.85222,7.69488],[80.85407,7.69226],[80.85347,7.68433],[80.85444,7.68026],[80.85324,7.67884],[80.8537,7.67596],[80.85143,7.67019],[80.85206,7.66827],[80.84907,7.6666],[80.84783,7.66156],[80.84905,7.65843],[80.84797,7.65491],[80.84909,7.65282],[80.84847,7.65125],[80.84676,7.6503],[80.8445,7.63911],[80.84631,7.63828],[80.84545,7.63509],[80.8461,7.63387],[80.85339,7.63099],[80.85649,7.62876],[80.85671,7.62699],[80.85942,7.6265],[80.85995,7.61699],[80.85825,7.61022],[80.86038,7.60303],[80.8618,7.59082],[80.86134,7.5867],[80.86286,7.58073],[80.86049,7.57624],[80.86423,7.55847],[80.86551,7.54254],[80.86731,7.53849],[80.87265,7.53802],[80.88332,7.54459],[80.88332,7.55732],[80.87874,7.56783],[80.8815,7.57315],[80.88157,7.59585],[80.88841,7.59963],[80.90351,7.59628],[80.91542,7.6029],[80.91912,7.60631],[80.91396,7.61614],[80.90916,7.63374],[80.91081,7.63499],[80.91338,7.63197],[80.92267,7.62967],[80.92093,7.6406],[80.92209,7.6524],[80.9279,7.65499],[80.93334,7.65553],[80.93532,7.65386],[80.93804,7.65466],[80.94049,7.65705],[80.94191,7.65489],[80.94198,7.65043],[80.94336,7.64933],[80.94731,7.65009],[80.94753,7.65185],[80.94599,7.65462],[80.94659,7.65635],[80.9521,7.65041],[80.95447,7.65562],[80.95643,7.65603],[80.95662,7.65861],[80.96129,7.65868],[80.9624,7.6562],[80.96104,7.65528],[80.95963,7.65104],[80.96103,7.64862],[80.96263,7.64927],[80.96242,7.64448],[80.96408,7.64387],[80.96544,7.64463],[80.96655,7.63999],[80.96934,7.639],[80.97029,7.64763],[80.9717,7.64596],[80.97237,7.64034],[80.97705,7.64099],[80.97725,7.64257],[80.97875,7.64045],[80.98248,7.63996],[80.98443,7.64147],[80.98769,7.64923],[80.99602,7.65901],[80.99402,7.67509],[80.98728,7.689],[80.98761,7.69142],[80.99062,7.69525],[80.99156,7.69834],[80.98973,7.70446],[80.98976,7.71],[80.98799,7.71946],[80.98823,7.73128],[80.98637,7.74033],[80.98681,7.7498],[80.98387,7.76572],[80.9841,7.77451],[80.98206,7.78539],[80.98193,7.81431],[80.98447,7.81935]]]},"properties":{"name":null,"ha":40893}},{"type":"Feature","geometry":{"type":"Polygon","coordinates":[[[81.40944,7.68486],[81.41243,7.68544],[81.41302,7.6843],[81.41246,7.68212],[81.41054,7.68095],[81.41072,7.67842],[81.41333,7.67746],[81.41213,7.67083],[81.40904,7.67094],[81.40814,7.66746],[81.43068,7.66746],[81.43076,7.66912],[81.43213,7.66979],[81.43276,7.6717],[81.43364,7.67115],[81.43294,7.66945],[81.4342,7.67057],[81.43494,7.67002],[81.43374,7.66377],[81.43565,7.66281],[81.43699,7.66749],[81.43814,7.66593],[81.43943,7.66588],[81.43908,7.66889],[81.43719,7.67027],[81.43931,7.67249],[81.43713,7.67195],[81.43665,7.673],[81.43971,7.67404],[81.44192,7.67366],[81.4446,7.67749],[81.44674,7.6776],[81.44564,7.67387],[81.44732,7.6737],[81.44721,7.66895],[81.44966,7.66758],[81.449,7.66552],[81.4499,7.66259],[81.44711,7.66471],[81.44651,7.6663],[81.44569,7.66355],[81.44306,7.66284],[81.44312,7.66054],[81.44197,7.65899],[81.44234,7.65686],[81.44444,7.65668],[81.44522,7.65372],[81.44671,7.65281],[81.44671,7.6503],[81.43817,7.64285],[81.43867,7.64139],[81.44252,7.64307],[81.44493,7.64236],[81.4435,7.64077],[81.44337,7.63789],[81.44483,7.63772],[81.44893,7.64149],[81.45032,7.64138],[81.44858,7.63874],[81.44491,7.63723],[81.44418,7.63468],[81.44556,7.63489],[81.45109,7.63787],[81.45202,7.64023],[81.45324,7.64081],[81.45307,7.63902],[81.455,7.64045],[81.4567,7.64377],[81.45617,7.64674],[81.45827,7.6488],[81.45969,7.64597],[81.45973,7.64356],[81.4581,7.64049],[81.45313,7.63738],[81.45193,7.63525],[81.43809,7.63151],[81.43626,7.62737],[81.4341,7.62691],[81.4244,7.6271],[81.42247,7.63005],[81.42319,7.63127],[81.41986,7.63283],[81.41663,7.63016],[81.41647,7.6286],[81.41196,7.6237],[81.40702,7.62416],[81.40339,7.62259],[81.4016,7.61802],[81.40024,7.61738],[81.40013,7.61437],[81.39783,7.61119],[81.39414,7.61111],[81.3892,7.6089],[81.38388,7.60961],[81.38102,7.6065],[81.375,7.60454],[81.36859,7.60474],[81.36649,7.60222],[81.36537,7.60478],[81.36075,7.60726],[81.37058,7.60961],[81.36886,7.61616],[81.36096,7.61948],[81.35727,7.6165],[81.35624,7.61029],[81.35178,7.60978],[81.34689,7.61072],[81.34234,7.61446],[81.33912,7.62242],[81.33706,7.62127],[81.33625,7.62284],[81.3335,7.62267],[81.3335,7.61965],[81.33058,7.6188],[81.32916,7.62071],[81.32715,7.61995],[81.32878,7.61731],[81.32509,7.6165],[81.33088,7.60923],[81.32309,7.60691],[81.31818,7.60936],[81.31856,7.61061],[81.31751,7.61257],[81.31522,7.61323],[81.31483,7.61216],[81.31026,7.61199],[81.30637,7.60542],[81.29712,7.60457],[81.29729,7.59547],[81.30133,7.59323],[81.29187,7.59397],[81.28238,7.6632],[81.27248,7.70048],[81.26329,7.69917],[81.25697,7.70046],[81.23965,7.70048],[81.23841,7.70779],[81.24127,7.71333],[81.24129,7.71546],[81.24064,7.71692],[81.23504,7.72121],[81.23471,7.72303],[81.23541,7.72691],[81.23721,7.72952],[81.23757,7.73395],[81.24064,7.73815],[81.24069,7.73977],[81.23758,7.74716],[81.23592,7.75584],[81.23782,7.76044],[81.23491,7.76714],[81.23117,7.77008],[81.22739,7.7791],[81.22704,7.78307],[81.22813,7.78507],[81.22872,7.79128],[81.23028,7.79388],[81.22965,7.79814],[81.25464,7.79798],[81.25355,7.77495],[81.25564,7.77604],[81.27158,7.79765],[81.27538,7.79703],[81.27827,7.78855],[81.28482,7.77983],[81.28799,7.78455],[81.29413,7.78597],[81.29552,7.78987],[81.29527,7.79371],[81.29748,7.79524],[81.29751,7.79766],[81.30169,7.79538],[81.29954,7.79411],[81.29898,7.79239],[81.30102,7.79175],[81.30137,7.79047],[81.30212,7.79201],[81.30332,7.79186],[81.30384,7.79493],[81.30727,7.79454],[81.3062,7.79386],[81.30614,7.79149],[81.30398,7.79133],[81.30404,7.79069],[81.3079,7.78953],[81.30929,7.79124],[81.30803,7.79188],[81.30813,7.79279],[81.30972,7.79343],[81.30831,7.7945],[81.30954,7.79402],[81.31004,7.7921],[81.31294,7.79354],[81.31675,7.79265],[81.3185,7.79037],[81.31905,7.79127],[81.32,7.79043],[81.31682,7.78799],[81.31719,7.78723],[81.32149,7.78854],[81.32503,7.79352],[81.32837,7.79331],[81.33066,7.79432],[81.33388,7.79679],[81.33337,7.79809],[81.38193,7.79763],[81.38704,7.7828],[81.38118,7.78572],[81.37937,7.7855],[81.37849,7.78084],[81.38147,7.7792],[81.38123,7.77671],[81.38506,7.77663],[81.38571,7.77516],[81.38389,7.77376],[81.38393,7.77258],[81.38549,7.77307],[81.38667,7.77235],[81.3867,7.76747],[81.38235,7.76952],[81.37927,7.76443],[81.38234,7.7608],[81.38375,7.76066],[81.38663,7.7577],[81.38762,7.7539],[81.41625,7.75285],[81.45323,7.75288],[81.45521,7.75193],[81.45503,7.74977],[81.45706,7.74912],[81.45581,7.74528],[81.45423,7.74434],[81.455,7.74282],[81.45612,7.74398],[81.45756,7.74262],[81.45909,7.74354],[81.4631,7.74225],[81.46513,7.74464],[81.4672,7.74323],[81.4671,7.74119],[81.46829,7.73918],[81.46593,7.73844],[81.46641,7.73591],[81.46537,7.73674],[81.46379,7.7363],[81.46195,7.73181],[81.45817,7.72948],[81.4558,7.73004],[81.45568,7.72808],[81.45461,7.72764],[81.44836,7.72809],[81.44703,7.73265],[81.44789,7.73958],[81.447,7.74052],[81.44649,7.74494],[81.44776,7.74765],[81.43955,7.74929],[81.43767,7.74522],[81.43883,7.74474],[81.43916,7.74002],[81.43771,7.73559],[81.43626,7.73678],[81.43603,7.73836],[81.43518,7.73826],[81.43504,7.73626],[81.43301,7.73647],[81.43406,7.73429],[81.43335,7.73278],[81.43527,7.73255],[81.43553,7.73014],[81.4342,7.72931],[81.43308,7.72996],[81.42587,7.72272],[81.42426,7.7236],[81.42469,7.7218],[81.42354,7.7204],[81.42274,7.72233],[81.41935,7.72493],[81.41525,7.72671],[81.41447,7.72604],[81.4201,7.72035],[81.41708,7.71611],[81.41763,7.71484],[81.41696,7.71395],[81.41604,7.71326],[81.41396,7.71417],[81.40796,7.72132],[81.40657,7.72039],[81.40723,7.71952],[81.40664,7.71934],[81.4057,7.72025],[81.40286,7.72041],[81.40627,7.71418],[81.40924,7.71168],[81.40849,7.70979],[81.39169,7.70934],[81.38851,7.70997],[81.389,7.70645],[81.39099,7.70332],[81.39448,7.70386],[81.39728,7.70117],[81.40094,7.70118],[81.40416,7.70236],[81.40637,7.70123],[81.41046,7.70299],[81.41126,7.69972],[81.41042,7.69784],[81.4131,7.69863],[81.4146,7.69812],[81.4152,7.69655],[81.41596,7.69685],[81.41502,7.69567],[81.41346,7.69558],[81.40887,7.69754],[81.40541,7.69319],[81.40935,7.69253],[81.40944,7.68486]]]},"properties":{"name":null,"ha":35507}},{"type":"Feature","geometry":{"type":"Polygon","coordinates":[[[80.58482,9.20382],[80.5877,9.20187],[80.58201,9.19463],[80.5787,9.18467],[80.57512,9.18037],[80.5755,9.17277],[80.57706,9.17245],[80.58112,9.174],[80.58435,9.18051],[80.5868,9.1812],[80.58857,9.18513],[80.59483,9.18997],[80.59885,9.19129],[80.60084,9.18853],[80.6034,9.18859],[80.60443,9.18955],[80.60519,9.18442],[80.60805,9.18297],[80.61158,9.18307],[80.61312,9.18486],[80.61164,9.19157],[80.61341,9.19072],[80.6168,9.19231],[80.61964,9.1908],[80.62472,9.19432],[80.62626,9.19426],[80.62708,9.19046],[80.62291,9.18891],[80.6229,9.18485],[80.62346,9.18364],[80.62728,9.18393],[80.62709,9.17933],[80.62768,9.17803],[80.62921,9.17827],[80.62941,9.17537],[80.6319,9.17043],[80.62764,9.16983],[80.62883,9.16857],[80.62759,9.16528],[80.62831,9.16177],[80.62946,9.16107],[80.63042,9.16177],[80.63265,9.15865],[80.63204,9.15575],[80.62937,9.15486],[80.55607,9.15914],[80.54771,9.15661],[80.54697,9.15792],[80.53979,9.15927],[80.53059,9.15777],[80.53023,9.15622],[80.52301,9.15624],[80.51956,9.15939],[80.51923,9.16236],[80.50757,9.18182],[80.49409,9.20893],[80.49521,9.20972],[80.49296,9.21064],[80.49368,9.21321],[80.4901,9.21479],[80.4861,9.21959],[80.48444,9.22418],[80.48578,9.22534],[80.48593,9.22704],[80.48217,9.22791],[80.47792,9.23478],[80.47681,9.24106],[80.47897,9.24566],[80.48696,9.28522],[80.48514,9.29003],[80.48726,9.30343],[80.49253,9.30814],[80.49316,9.30719],[80.49482,9.30733],[80.49428,9.31036],[80.49549,9.31151],[80.49489,9.31223],[80.49083,9.30905],[80.48885,9.31088],[80.48901,9.31777],[80.49016,9.31828],[80.48907,9.31904],[80.48956,9.3276],[80.48551,9.33809],[80.49507,9.33908],[80.50827,9.34538],[80.51329,9.34499],[80.51159,9.34359],[80.51246,9.34148],[80.51133,9.3412],[80.51076,9.33789],[80.51265,9.33736],[80.51404,9.33934],[80.51453,9.33835],[80.51287,9.32641],[80.50941,9.32528],[80.50881,9.32415],[80.51118,9.32288],[80.51235,9.31244],[80.51372,9.30971],[80.51567,9.30884],[80.51635,9.30923],[80.51617,9.31227],[80.51774,9.31378],[80.5195,9.31309],[80.51977,9.31578],[80.52145,9.31769],[80.52308,9.33522],[80.52478,9.34283],[80.52408,9.34633],[80.52525,9.34845],[80.5228,9.348],[80.52042,9.34576],[80.51893,9.34871],[80.5222,9.354],[80.52271,9.35765],[80.52368,9.35876],[80.52454,9.3578],[80.52409,9.35624],[80.52563,9.35656],[80.52616,9.35859],[80.52427,9.3594],[80.52462,9.36043],[80.52559,9.36064],[80.52786,9.35795],[80.52942,9.35743],[80.52899,9.35523],[80.53262,9.35489],[80.53399,9.35379],[80.5364,9.35448],[80.53664,9.35652],[80.53905,9.35671],[80.53991,9.35868],[80.54143,9.35829],[80.54156,9.35687],[80.54275,9.35639],[80.54494,9.35935],[80.54597,9.35901],[80.54487,9.35409],[80.54256,9.35053],[80.54131,9.3446],[80.53998,9.34283],[80.53784,9.33325],[80.53825,9.33088],[80.54364,9.33487],[80.54751,9.34595],[80.55427,9.3466],[80.55469,9.35073],[80.55724,9.35268],[80.56023,9.35251],[80.56109,9.34752],[80.56001,9.34158],[80.5636,9.34072],[80.56064,9.33213],[80.57012,9.33057],[80.57253,9.33908],[80.56878,9.3415],[80.57019,9.34534],[80.57325,9.34429],[80.57833,9.33918],[80.58031,9.34302],[80.58317,9.34298],[80.58531,9.33713],[80.58402,9.33481],[80.58227,9.33569],[80.57943,9.32825],[80.58227,9.32674],[80.58221,9.32495],[80.58365,9.32257],[80.57746,9.30618],[80.57791,9.29812],[80.58011,9.29354],[80.58039,9.28882],[80.58218,9.28627],[80.58518,9.28719],[80.58828,9.29173],[80.58983,9.30898],[80.59273,9.31701],[80.59735,9.32044],[80.59845,9.32291],[80.59473,9.32427],[80.59904,9.32848],[80.6001,9.33144],[80.60382,9.33234],[80.61301,9.32858],[80.60772,9.32042],[80.60819,9.31543],[80.61083,9.31284],[80.61228,9.3135],[80.61325,9.31963],[80.62036,9.32586],[80.62003,9.32855],[80.62204,9.33181],[80.62359,9.33261],[80.62482,9.33196],[80.62717,9.33502],[80.63152,9.33779],[80.63045,9.34006],[80.63147,9.3416],[80.63293,9.34164],[80.63447,9.33957],[80.63748,9.33837],[80.6397,9.33533],[80.6476,9.33241],[80.65035,9.33227],[80.65335,9.33399],[80.65653,9.33226],[80.65832,9.33069],[80.65755,9.32969],[80.66094,9.32741],[80.66289,9.32835],[80.66436,9.32728],[80.66509,9.32511],[80.66403,9.32283],[80.66397,9.31714],[80.67189,9.31773],[80.6735,9.32109],[80.67616,9.31945],[80.67871,9.32334],[80.68281,9.32101],[80.67927,9.3132],[80.6808,9.31252],[80.68074,9.30427],[80.68362,9.3047],[80.68814,9.30838],[80.69367,9.30753],[80.69336,9.30086],[80.69033,9.28868],[80.6905,9.25933],[80.68947,9.24994],[80.68471,9.24725],[80.68246,9.25007],[80.68053,9.25043],[80.67967,9.24985],[80.67954,9.24779],[80.68217,9.24598],[80.67893,9.24196],[80.67068,9.24328],[80.67041,9.24189],[80.67305,9.23848],[80.66956,9.23926],[80.66759,9.23871],[80.66901,9.236],[80.66858,9.23503],[80.6659,9.23377],[80.66384,9.23497],[80.66161,9.23247],[80.66093,9.23023],[80.66353,9.22511],[80.66482,9.21591],[80.65941,9.21523],[80.6564,9.21709],[80.65698,9.21899],[80.65607,9.22132],[80.65425,9.21979],[80.65249,9.22074],[80.64864,9.22754],[80.6476,9.22769],[80.64568,9.2257],[80.64592,9.22312],[80.64447,9.22132],[80.64261,9.22165],[80.63892,9.22614],[80.63798,9.22618],[80.63755,9.22399],[80.63547,9.2236],[80.63378,9.22181],[80.631,9.22314],[80.62956,9.22098],[80.62856,9.22373],[80.62675,9.22194],[80.62339,9.22323],[80.62239,9.22676],[80.62056,9.22784],[80.61966,9.22251],[80.6187,9.22167],[80.61517,9.22148],[80.6153,9.21848],[80.61195,9.21819],[80.60988,9.22006],[80.60785,9.21587],[80.60534,9.21496],[80.60655,9.211],[80.60267,9.20949],[80.60005,9.21064],[80.59906,9.20889],[80.59638,9.20904],[80.58974,9.20574],[80.58713,9.20668],[80.58482,9.20382]]]},"properties":{"name":null,"ha":34897}},{"type":"Feature","geometry":{"type":"Polygon","coordinates":[[[81.67501,6.92585],[81.66569,6.92917],[81.66373,6.9322],[81.6594,6.93524],[81.65449,6.94344],[81.64827,6.94854],[81.64605,6.9534],[81.64291,6.95608],[81.63776,6.95764],[81.63575,6.96281],[81.63341,6.96391],[81.6302,6.96829],[81.62657,6.96898],[81.62015,6.97603],[81.61745,6.98058],[81.61791,6.98418],[81.62012,6.98887],[81.62208,6.98957],[81.62206,6.99313],[81.63801,6.99016],[81.6375,6.99412],[81.632,6.99775],[81.63135,7.0065],[81.63336,7.01382],[81.64432,7.01347],[81.64953,7.00983],[81.65067,7.00745],[81.65247,7.0074],[81.65568,7.00474],[81.65675,7.00524],[81.65777,7.00444],[81.65938,7.00679],[81.66316,7.00754],[81.65608,7.01548],[81.65632,7.01661],[81.65818,7.01634],[81.66121,7.02399],[81.66576,7.02715],[81.66619,7.02995],[81.66341,7.03321],[81.66164,7.03328],[81.66213,7.03676],[81.66081,7.04038],[81.65695,7.0424],[81.65397,7.05201],[81.65562,7.05855],[81.65442,7.06117],[81.65545,7.06657],[81.65393,7.07697],[81.65749,7.08757],[81.66006,7.0881],[81.65964,7.08899],[81.66106,7.09134],[81.66352,7.09172],[81.66573,7.08986],[81.66616,7.09095],[81.66751,7.09078],[81.66739,7.09333],[81.66598,7.09413],[81.66626,7.09635],[81.66757,7.10012],[81.67054,7.10416],[81.67376,7.10599],[81.67633,7.1032],[81.67799,7.10277],[81.67987,7.10433],[81.68174,7.10434],[81.6827,7.10582],[81.69174,7.1081],[81.69692,7.10651],[81.69987,7.10683],[81.70155,7.10369],[81.70405,7.10214],[81.71066,7.10478],[81.71123,7.10362],[81.71241,7.10396],[81.71241,7.10304],[81.7137,7.10333],[81.71939,7.10875],[81.72034,7.11137],[81.72836,7.11744],[81.73043,7.11813],[81.73056,7.11602],[81.72928,7.11353],[81.73168,7.11309],[81.73313,7.11595],[81.73159,7.11985],[81.7331,7.12192],[81.73395,7.12238],[81.73589,7.12137],[81.73679,7.1246],[81.74403,7.13141],[81.74796,7.13092],[81.7471,7.13328],[81.74779,7.13477],[81.75287,7.13554],[81.7545,7.13356],[81.75349,7.13155],[81.75079,7.12998],[81.74927,7.12431],[81.75077,7.1247],[81.75257,7.12838],[81.75463,7.12921],[81.75485,7.12691],[81.75223,7.12199],[81.7497,7.12123],[81.74749,7.11201],[81.74989,7.11188],[81.75272,7.11801],[81.75697,7.11899],[81.75633,7.1159],[81.75843,7.11314],[81.75804,7.11082],[81.7533,7.10796],[81.7471,7.1107],[81.7451,7.10788],[81.74184,7.11013],[81.73882,7.10837],[81.74106,7.10591],[81.74124,7.10317],[81.7436,7.1043],[81.74614,7.09789],[81.74843,7.09826],[81.74898,7.09674],[81.74787,7.09445],[81.75171,7.08803],[81.755,7.09396],[81.75675,7.09966],[81.76512,7.10924],[81.76881,7.11828],[81.76644,7.11685],[81.76442,7.11772],[81.76502,7.1212],[81.76638,7.12091],[81.77035,7.12306],[81.77139,7.12041],[81.77833,7.1161],[81.78228,7.10051],[81.782,7.09218],[81.78096,7.07972],[81.77871,7.06784],[81.77601,7.05971],[81.77681,7.05863],[81.78006,7.0584],[81.78048,7.05684],[81.77875,7.05232],[81.77668,7.05258],[81.77644,7.05173],[81.77402,7.05127],[81.77242,7.04459],[81.77375,7.04021],[81.77469,7.04028],[81.77368,7.03835],[81.77624,7.03614],[81.77521,7.03414],[81.77633,7.03305],[81.77744,7.02864],[81.78156,7.02945],[81.78285,7.02802],[81.78108,7.02556],[81.78199,7.02179],[81.78016,7.02122],[81.78051,7.01679],[81.78488,7.0142],[81.78507,7.0116],[81.78597,7.01166],[81.78586,7.01056],[81.78716,7.01024],[81.78757,7.00904],[81.78629,7.00744],[81.78531,7.00768],[81.78511,7.00896],[81.78298,7.00792],[81.78266,7.00539],[81.78527,7.00342],[81.78602,6.99668],[81.78323,6.99009],[81.78292,6.98646],[81.78483,6.98622],[81.78349,6.98396],[81.78718,6.98138],[81.78829,6.97668],[81.78705,6.97618],[81.78391,6.97795],[81.78275,6.97751],[81.7826,6.97639],[81.78459,6.97597],[81.78425,6.97424],[81.78537,6.97297],[81.78671,6.97381],[81.79148,6.97098],[81.79262,6.96856],[81.79453,6.96924],[81.79677,6.96529],[81.79649,6.96367],[81.79171,6.96564],[81.791,6.96307],[81.78985,6.96341],[81.78834,6.96164],[81.79038,6.96213],[81.79231,6.9609],[81.79639,6.96063],[81.79683,6.95912],[81.80032,6.95729],[81.80023,6.95528],[81.79916,6.95506],[81.79994,6.95184],[81.79858,6.95063],[81.80119,6.94884],[81.80047,6.94628],[81.8011,6.94559],[81.80369,6.94715],[81.80786,6.94383],[81.80833,6.93801],[81.80678,6.93754],[81.80594,6.93379],[81.80415,6.93321],[81.80279,6.93027],[81.80826,6.93157],[81.81027,6.93347],[81.81489,6.93034],[81.81332,6.9287],[81.81277,6.92534],[81.8119,6.92583],[81.81117,6.92477],[81.80867,6.92471],[81.80832,6.92323],[81.80699,6.92365],[81.80651,6.92184],[81.80881,6.92033],[81.8078,6.91735],[81.80934,6.91501],[81.80953,6.90861],[81.80671,6.9061],[81.80649,6.90482],[81.80116,6.90335],[81.79176,6.90548],[81.79039,6.90337],[81.7868,6.9023],[81.7851,6.90319],[81.78345,6.90206],[81.78059,6.90312],[81.77812,6.90562],[81.77549,6.90622],[81.77349,6.90537],[81.76879,6.90823],[81.76706,6.91563],[81.76839,6.91753],[81.77119,6.917],[81.77186,6.9183],[81.76709,6.91957],[81.76715,6.92301],[81.76281,6.92236],[81.76133,6.91839],[81.75935,6.9183],[81.67501,6.92585]]]},"properties":{"name":"Bakmitiyawa Thimbirigolla Forest Reserve","ha":32292}},{"type":"Feature","geometry":{"type":"Polygon","coordinates":[[[80.17243,8.93733],[80.17406,8.94448],[80.174,8.95073],[80.17709,8.95643],[80.17714,8.96424],[80.1696,8.96166],[80.16299,8.96143],[80.15939,8.96586],[80.15237,8.96096],[80.14797,8.96485],[80.14228,8.95782],[80.13856,8.95899],[80.13592,8.96219],[80.13852,8.96592],[80.13744,8.96765],[80.14001,8.96965],[80.14075,8.97296],[80.13992,8.97483],[80.13597,8.97437],[80.13163,8.97712],[80.12153,8.98099],[80.11355,8.97757],[80.10978,8.98254],[80.1027,8.98509],[80.10191,8.98292],[80.10688,8.98031],[80.10374,8.97188],[80.09999,8.97269],[80.09586,8.97554],[80.09669,8.97831],[80.09527,8.98198],[80.0962,8.98745],[80.08983,8.99017],[80.08713,8.99024],[80.08552,8.98882],[80.08156,8.98775],[80.07826,8.98423],[80.06903,8.98175],[80.06391,8.97781],[80.05914,8.97009],[80.05494,8.96677],[80.05371,8.96369],[80.05331,8.96024],[80.05079,8.95445],[80.05244,8.95292],[80.05137,8.95036],[80.05565,8.95034],[80.05818,8.94908],[80.05957,8.94259],[80.05809,8.93569],[80.06104,8.93411],[80.06416,8.93506],[80.06662,8.93465],[80.06855,8.93209],[80.06887,8.93002],[80.06471,8.92216],[80.06613,8.91904],[80.06503,8.9137],[80.06321,8.91459],[80.06183,8.91329],[80.05851,8.91293],[80.05929,8.90616],[80.05823,8.90319],[80.05643,8.901],[80.05169,8.89885],[80.05061,8.89742],[80.04682,8.88746],[80.05139,8.88222],[80.05422,8.87697],[80.05478,8.87382],[80.05806,8.87175],[80.05926,8.8693],[80.05806,8.86288],[80.05934,8.85794],[80.06462,8.85662],[80.06744,8.85486],[80.07069,8.84982],[80.0712,8.84465],[80.07772,8.84313],[80.08246,8.8399],[80.08803,8.83325],[80.09225,8.82507],[80.0952,8.82412],[80.11044,8.82358],[80.11576,8.81794],[80.12583,8.81357],[80.12898,8.80984],[80.12648,8.80501],[80.12769,8.8026],[80.12965,8.80108],[80.13418,8.80024],[80.13346,8.79682],[80.13408,8.79431],[80.14069,8.79137],[80.14098,8.78723],[80.14592,8.77746],[80.15364,8.77265],[80.16472,8.79309],[80.17277,8.78633],[80.17093,8.78266],[80.16895,8.78334],[80.16664,8.78073],[80.15747,8.77676],[80.15997,8.773],[80.15868,8.77006],[80.16147,8.76662],[80.18302,8.75168],[80.18315,8.75555],[80.18713,8.75912],[80.1897,8.75886],[80.19117,8.75548],[80.19467,8.75914],[80.19612,8.75948],[80.2263,8.76138],[80.23051,8.76311],[80.23068,8.76471],[80.23236,8.76517],[80.23326,8.76863],[80.23866,8.77177],[80.23986,8.76945],[80.23992,8.76622],[80.24199,8.76765],[80.24209,8.77331],[80.24606,8.78199],[80.24829,8.78244],[80.2499,8.78491],[80.24589,8.78944],[80.24439,8.79282],[80.23886,8.79617],[80.2364,8.79991],[80.22975,8.8008],[80.22825,8.80465],[80.22632,8.80465],[80.22349,8.80626],[80.21931,8.81066],[80.21001,8.81634],[80.20616,8.81573],[80.20083,8.82763],[80.19861,8.82862],[80.19821,8.82998],[80.1992,8.83134],[80.20308,8.83216],[80.20523,8.83012],[80.20643,8.8303],[80.20907,8.83336],[80.21475,8.83531],[80.21214,8.84169],[80.21406,8.84542],[80.20806,8.84912],[80.20631,8.8461],[80.2043,8.84825],[80.20259,8.84661],[80.2013,8.84703],[80.19898,8.85431],[80.19934,8.85684],[80.20306,8.85938],[80.19954,8.8715],[80.20191,8.88865],[80.20378,8.89389],[80.20313,8.90423],[80.20525,8.90934],[80.20421,8.91369],[80.21058,8.92372],[80.2088,8.92643],[80.20876,8.93124],[80.19208,8.92855],[80.17243,8.93733]]]},"properties":{"name":null,"ha":31642}},{"type":"Feature","geometry":{"type":"Polygon","coordinates":[[[80.48843,6.35875],[80.49197,6.35447],[80.49394,6.35534],[80.49593,6.35339],[80.49784,6.35471],[80.50153,6.3543],[80.5053,6.35538],[80.50603,6.35753],[80.50509,6.35942],[80.50713,6.36249],[80.52657,6.36735],[80.52707,6.36969],[80.52817,6.37051],[80.53788,6.37065],[80.53769,6.37565],[80.53492,6.37742],[80.53483,6.37855],[80.53761,6.38069],[80.53933,6.38507],[80.53873,6.38606],[80.5359,6.38676],[80.53717,6.38907],[80.53905,6.38802],[80.53874,6.38995],[80.54302,6.3882],[80.54651,6.38955],[80.54795,6.39122],[80.5486,6.38985],[80.5452,6.38799],[80.54497,6.38665],[80.5458,6.38766],[80.5521,6.3897],[80.55284,6.39151],[80.55503,6.39125],[80.55582,6.3891],[80.56013,6.38808],[80.56497,6.39079],[80.56681,6.38997],[80.56834,6.38802],[80.56968,6.37925],[80.56777,6.37684],[80.56799,6.37441],[80.57231,6.37738],[80.57944,6.37889],[80.58049,6.37996],[80.58007,6.38295],[80.57983,6.38367],[80.57782,6.38373],[80.57669,6.38766],[80.58494,6.39003],[80.58566,6.38991],[80.58559,6.3869],[80.58608,6.38772],[80.58726,6.38751],[80.58778,6.38593],[80.59078,6.38563],[80.59161,6.38077],[80.59508,6.38143],[80.59566,6.38308],[80.59625,6.38185],[80.59822,6.38266],[80.59896,6.38098],[80.60053,6.38247],[80.60231,6.38255],[80.60592,6.38097],[80.60692,6.37916],[80.60941,6.37872],[80.61125,6.38123],[80.61198,6.38018],[80.61243,6.38202],[80.61483,6.38114],[80.6154,6.38248],[80.61694,6.37869],[80.61926,6.38146],[80.62976,6.38375],[80.63297,6.3824],[80.63583,6.37878],[80.64213,6.3752],[80.64816,6.37498],[80.65371,6.37652],[80.65703,6.38541],[80.65332,6.38862],[80.65392,6.39122],[80.65216,6.39765],[80.64613,6.39875],[80.64358,6.39779],[80.64405,6.39645],[80.63992,6.39439],[80.639,6.39586],[80.63547,6.39418],[80.6337,6.39616],[80.63401,6.39754],[80.63613,6.39895],[80.63603,6.40604],[80.6371,6.41184],[80.634,6.41627],[80.62413,6.41989],[80.59122,6.41899],[80.57657,6.42137],[80.57154,6.41864],[80.56583,6.41926],[80.55596,6.42237],[80.55238,6.42154],[80.5477,6.41824],[80.54487,6.418],[80.54236,6.41894],[80.53616,6.41798],[80.53574,6.41557],[80.54202,6.41431],[80.54642,6.41461],[80.54695,6.41327],[80.54322,6.41192],[80.53796,6.41259],[80.53322,6.41476],[80.52962,6.41441],[80.52797,6.41546],[80.52527,6.41385],[80.51944,6.41384],[80.51633,6.41509],[80.51711,6.41622],[80.52066,6.41724],[80.51805,6.41989],[80.50058,6.42611],[80.49335,6.42583],[80.48816,6.42276],[80.48676,6.42076],[80.48295,6.41985],[80.48633,6.41961],[80.48645,6.41817],[80.48791,6.41759],[80.48767,6.41601],[80.48527,6.41589],[80.48411,6.41479],[80.4803,6.41481],[80.48168,6.41665],[80.48007,6.41833],[80.48228,6.4191],[80.4828,6.42031],[80.48564,6.42094],[80.47739,6.42376],[80.47269,6.42203],[80.47161,6.42559],[80.48079,6.42514],[80.48041,6.42719],[80.47566,6.42708],[80.467,6.43035],[80.4661,6.4279],[80.46674,6.42425],[80.47039,6.42065],[80.46598,6.41998],[80.46256,6.42578],[80.45631,6.42672],[80.45547,6.43266],[80.45159,6.43832],[80.44502,6.44321],[80.43228,6.44469],[80.39063,6.47297],[80.38192,6.4773],[80.37773,6.477],[80.37575,6.47461],[80.37211,6.47532],[80.35795,6.49758],[80.35383,6.50125],[80.34777,6.50364],[80.3396,6.50164],[80.3312,6.49758],[80.32462,6.49166],[80.317,6.47964],[80.30939,6.47423],[80.28945,6.45255],[80.28721,6.44521],[80.29185,6.43877],[80.29742,6.43432],[80.3029,6.43248],[80.31014,6.42449],[80.31531,6.42445],[80.31571,6.42851],[80.31901,6.42995],[80.32718,6.42963],[80.32752,6.43382],[80.32574,6.43585],[80.3261,6.43921],[80.33201,6.42758],[80.33864,6.42508],[80.34107,6.41859],[80.34102,6.4126],[80.34767,6.40239],[80.35517,6.39622],[80.36351,6.39438],[80.36707,6.39575],[80.36819,6.39732],[80.36844,6.40193],[80.36699,6.40654],[80.35943,6.41383],[80.35935,6.41494],[80.36111,6.41485],[80.37883,6.40389],[80.38359,6.40227],[80.38956,6.39425],[80.39408,6.39029],[80.39521,6.3876],[80.39801,6.38686],[80.401,6.38132],[80.48843,6.35875]]]},"properties":{"name":"Sinharaja Forest Reserve","ha":24986}},{"type":"Feature","geometry":{"type":"Polygon","coordinates":[[[80.57405,8.732],[80.57375,8.73309],[80.57474,8.73416],[80.57387,8.73588],[80.57385,8.74376],[80.57459,8.74457],[80.57528,8.74367],[80.5768,8.74499],[80.57593,8.74593],[80.58021,8.74981],[80.57944,8.74832],[80.58115,8.74642],[80.57948,8.74759],[80.57779,8.74743],[80.57807,8.74641],[80.57714,8.74648],[80.57826,8.74588],[80.5778,8.74319],[80.5817,8.74095],[80.5824,8.73957],[80.58426,8.73981],[80.58465,8.74041],[80.5828,8.74232],[80.58161,8.74184],[80.58155,8.74395],[80.58259,8.74522],[80.58224,8.74848],[80.58034,8.75044],[80.58428,8.75412],[80.58678,8.75476],[80.58846,8.75475],[80.58828,8.7514],[80.59049,8.7515],[80.59318,8.75532],[80.5957,8.75616],[80.59961,8.75935],[80.60102,8.75886],[80.60116,8.75663],[80.60663,8.76709],[80.6083,8.76828],[80.60671,8.77057],[80.61206,8.77696],[80.61034,8.7786],[80.60611,8.77978],[80.60541,8.77897],[80.60313,8.77936],[80.60463,8.78147],[80.60373,8.78315],[80.60197,8.78383],[80.60133,8.78641],[80.60408,8.78687],[80.60643,8.78885],[80.60568,8.78996],[80.60095,8.78781],[80.60004,8.78841],[80.59881,8.79085],[80.60123,8.79266],[80.59924,8.79301],[80.59733,8.79625],[80.60254,8.79976],[80.60415,8.80211],[80.60732,8.80179],[80.60694,8.80563],[80.60414,8.80839],[80.60156,8.80687],[80.59914,8.80149],[80.59592,8.80013],[80.5927,8.8003],[80.59141,8.80153],[80.59075,8.8041],[80.59467,8.80663],[80.59566,8.81033],[80.59909,8.81377],[80.60053,8.81379],[80.60075,8.81503],[80.59644,8.81609],[80.59581,8.8172],[80.59871,8.81989],[80.60491,8.81994],[80.61109,8.81647],[80.61373,8.81715],[80.61293,8.8182],[80.61478,8.81981],[80.61655,8.81988],[80.61784,8.81839],[80.61973,8.81986],[80.62733,8.82148],[80.63355,8.83109],[80.63222,8.83446],[80.63351,8.83792],[80.63529,8.83917],[80.64084,8.83941],[80.64104,8.84138],[80.63981,8.84191],[80.64176,8.84268],[80.64142,8.84428],[80.64377,8.84396],[80.64379,8.84481],[80.64712,8.84605],[80.64737,8.8477],[80.64537,8.85045],[80.64897,8.85165],[80.64943,8.85326],[80.64751,8.8554],[80.64686,8.85501],[80.64615,8.85678],[80.64726,8.85684],[80.65124,8.85284],[80.65292,8.85243],[80.65365,8.85369],[80.65297,8.8564],[80.65039,8.8591],[80.65105,8.85956],[80.65307,8.85783],[80.65379,8.85816],[80.65397,8.85975],[80.65863,8.86358],[80.65706,8.86594],[80.65893,8.86776],[80.66098,8.86814],[80.6626,8.87176],[80.66825,8.87557],[80.67366,8.87642],[80.67336,8.87772],[80.67952,8.87997],[80.68025,8.8811],[80.69588,8.88458],[80.69987,8.88576],[80.70118,8.88713],[80.70205,8.88607],[80.70233,8.87683],[80.70141,8.87657],[80.70081,8.87437],[80.70206,8.87397],[80.70249,8.87207],[80.70065,8.86669],[80.70009,8.8679],[80.6988,8.86749],[80.69949,8.86698],[80.69905,8.86124],[80.70724,8.86651],[80.71097,8.8634],[80.70604,8.85796],[80.70818,8.85827],[80.71115,8.86101],[80.71606,8.86209],[80.71736,8.86399],[80.71631,8.86529],[80.71677,8.8668],[80.72093,8.87061],[80.72655,8.86634],[80.72509,8.8648],[80.72253,8.86603],[80.72366,8.86327],[80.72583,8.86243],[80.72778,8.863],[80.72852,8.8654],[80.7327,8.86903],[80.7366,8.86826],[80.73876,8.86974],[80.7497,8.86644],[80.74938,8.8629],[80.74708,8.85939],[80.74855,8.85748],[80.7485,8.85311],[80.74719,8.85001],[80.74207,8.84989],[80.74079,8.85451],[80.74186,8.85471],[80.74098,8.85561],[80.74034,8.85343],[80.7387,8.85352],[80.73849,8.84977],[80.73465,8.84554],[80.73078,8.84687],[80.72938,8.84538],[80.73151,8.83712],[80.73888,8.84075],[80.74453,8.83729],[80.74364,8.83436],[80.74125,8.8344],[80.73942,8.82253],[80.7364,8.82238],[80.73518,8.81502],[80.72544,8.80683],[80.72149,8.80845],[80.71561,8.8058],[80.71592,8.80339],[80.7171,8.80285],[80.71867,8.80477],[80.72051,8.80426],[80.72081,8.80331],[80.72258,8.80441],[80.72348,8.80427],[80.72331,8.80088],[80.72426,8.80077],[80.72583,8.80258],[80.72919,8.80149],[80.73067,8.79407],[80.73286,8.7932],[80.73346,8.79161],[80.7334,8.78915],[80.73185,8.78947],[80.73179,8.78707],[80.73333,8.78512],[80.73031,8.78345],[80.73097,8.78076],[80.72842,8.78057],[80.72717,8.77884],[80.72968,8.77746],[80.73011,8.77624],[80.73183,8.77657],[80.7323,8.77486],[80.73361,8.77435],[80.73529,8.77038],[80.7343,8.76743],[80.73745,8.76995],[80.73834,8.76947],[80.73743,8.76838],[80.73824,8.76751],[80.7374,8.76335],[80.73371,8.75417],[80.7321,8.75408],[80.73158,8.75198],[80.71986,8.74568],[80.70826,8.75039],[80.70313,8.75102],[80.70284,8.75242],[80.7008,8.75272],[80.70063,8.75484],[80.6987,8.75724],[80.69681,8.7581],[80.69501,8.76264],[80.69379,8.76248],[80.69352,8.75795],[80.69267,8.757],[80.69035,8.75692],[80.6896,8.75539],[80.68514,8.75524],[80.68171,8.75848],[80.6779,8.75966],[80.67698,8.75787],[80.67915,8.75713],[80.6793,8.75569],[80.68042,8.75596],[80.68222,8.75314],[80.68636,8.75337],[80.6908,8.75221],[80.69621,8.7557],[80.69712,8.75516],[80.69949,8.74887],[80.69862,8.74648],[80.69597,8.74567],[80.69505,8.74628],[80.69342,8.74493],[80.68926,8.74776],[80.68881,8.74406],[80.6677,8.7373],[80.66506,8.73961],[80.66475,8.73165],[80.66318,8.73079],[80.66297,8.72884],[80.65995,8.72525],[80.64718,8.71804],[80.64265,8.71446],[80.6354,8.71119],[80.63085,8.70534],[80.61137,8.7019],[80.61025,8.70186],[80.60358,8.7144],[80.60227,8.71496],[80.60173,8.72533],[80.60125,8.71556],[80.59989,8.71466],[80.59569,8.71448],[80.59486,8.71571],[80.59302,8.71525],[80.58829,8.71625],[80.58712,8.71437],[80.58802,8.71375],[80.57374,8.71432],[80.57159,8.71618],[80.56686,8.71788],[80.57405,8.732]]]},"properties":{"name":null,"ha":21736}},{"type":"Feature","geometry":{"type":"Polygon","coordinates":[[[80.10791,9.14241],[80.10721,9.14144],[80.10808,9.13996],[80.10733,9.13938],[80.10836,9.13671],[80.11168,9.13501],[80.11254,9.13561],[80.11254,9.13792],[80.11368,9.13815],[80.11477,9.13736],[80.11445,9.13582],[80.11546,9.13435],[80.11821,9.13365],[80.1162,9.13208],[80.11655,9.1309],[80.11738,9.13056],[80.11916,9.13185],[80.12061,9.1315],[80.11954,9.13167],[80.11983,9.13099],[80.12294,9.13065],[80.11982,9.13088],[80.11907,9.13171],[80.11691,9.13052],[80.11606,9.13211],[80.11769,9.13262],[80.11807,9.13374],[80.11507,9.13438],[80.11432,9.13758],[80.11264,9.13778],[80.11271,9.13536],[80.11108,9.13469],[80.10811,9.13663],[80.1071,9.13884],[80.10626,9.13744],[80.1066,9.12885],[80.10575,9.12364],[80.10263,9.11626],[80.10283,9.11393],[80.10769,9.10714],[80.10957,9.1066],[80.11394,9.10776],[80.11656,9.10482],[80.12224,9.10366],[80.12459,9.10003],[80.12781,9.09927],[80.12906,9.09683],[80.13312,9.09436],[80.13338,9.09289],[80.13085,9.08634],[80.12405,9.08242],[80.12108,9.08186],[80.11917,9.0826],[80.11734,9.08491],[80.1148,9.08384],[80.10947,9.08533],[80.1063,9.08821],[80.10395,9.08855],[80.10094,9.09223],[80.09744,9.09133],[80.09602,9.08975],[80.09632,9.08603],[80.10077,9.08407],[80.10153,9.08283],[80.09892,9.07223],[80.10886,9.06865],[80.11032,9.06387],[80.12107,9.06588],[80.12531,9.06534],[80.13383,9.06678],[80.14031,9.06454],[80.14346,9.0653],[80.14467,9.06378],[80.14427,9.0621],[80.14163,9.06069],[80.1423,9.05976],[80.14758,9.05933],[80.15178,9.05245],[80.15691,9.05121],[80.16041,9.05245],[80.16495,9.05019],[80.16948,9.05077],[80.17637,9.05561],[80.18405,9.05577],[80.18862,9.05178],[80.18842,9.04845],[80.19287,9.04794],[80.19431,9.04516],[80.19852,9.04147],[80.2148,9.03865],[80.21667,9.03571],[80.22215,9.03794],[80.22957,9.03608],[80.23439,9.036],[80.23652,9.03691],[80.2418,9.04292],[80.24277,9.04524],[80.2448,9.04628],[80.2479,9.04546],[80.25,9.04346],[80.25302,9.04454],[80.25761,9.04292],[80.26588,9.0492],[80.27154,9.05172],[80.27364,9.054],[80.27528,9.06019],[80.27401,9.06155],[80.27793,9.06697],[80.27672,9.07213],[80.27827,9.0759],[80.27632,9.07727],[80.2787,9.08108],[80.27407,9.09382],[80.27196,9.09246],[80.26793,9.09297],[80.26748,9.09419],[80.26893,9.0949],[80.26977,9.09776],[80.26299,9.10231],[80.25943,9.10786],[80.25413,9.11168],[80.25443,9.11509],[80.24871,9.1225],[80.24931,9.1239],[80.25248,9.12205],[80.25458,9.12314],[80.2547,9.12821],[80.25701,9.12899],[80.25943,9.1283],[80.25983,9.12685],[80.26257,9.12453],[80.26461,9.12503],[80.26117,9.13001],[80.26213,9.13104],[80.26771,9.13245],[80.26892,9.13504],[80.26891,9.13859],[80.26823,9.14073],[80.26687,9.14138],[80.26277,9.13892],[80.26193,9.13931],[80.26289,9.14403],[80.26426,9.14485],[80.26439,9.14656],[80.26338,9.14736],[80.25452,9.14583],[80.25452,9.14401],[80.25107,9.14102],[80.2517,9.13903],[80.25078,9.13867],[80.24958,9.14192],[80.25011,9.14429],[80.24704,9.14381],[80.24217,9.13489],[80.24473,9.13539],[80.24792,9.14009],[80.25153,9.13691],[80.24888,9.13306],[80.24445,9.13356],[80.23992,9.13259],[80.23878,9.13056],[80.23718,9.12989],[80.2361,9.13174],[80.23781,9.13295],[80.23719,9.13564],[80.23622,9.1357],[80.23482,9.13316],[80.23288,9.13328],[80.23138,9.13585],[80.22752,9.13755],[80.22691,9.14076],[80.22873,9.14386],[80.22702,9.14246],[80.2245,9.14338],[80.22255,9.1421],[80.21899,9.14403],[80.221,9.14599],[80.22116,9.14828],[80.22272,9.1504],[80.2284,9.15048],[80.22934,9.15176],[80.23,9.15932],[80.22871,9.16206],[80.2097,9.17469],[80.20663,9.17621],[80.20074,9.17537],[80.19937,9.17338],[80.20071,9.17208],[80.197,9.16765],[80.19158,9.17025],[80.19544,9.17449],[80.19493,9.17548],[80.18105,9.17705],[80.16446,9.18441],[80.14695,9.1871],[80.14723,9.18377],[80.14979,9.18361],[80.15043,9.17538],[80.14224,9.17671],[80.14062,9.17517],[80.14085,9.17313],[80.14301,9.17071],[80.13704,9.17019],[80.13596,9.1689],[80.14172,9.1632],[80.1414,9.16198],[80.13448,9.16403],[80.12831,9.16384],[80.12519,9.16567],[80.11969,9.15745],[80.11878,9.15485],[80.12016,9.1505],[80.12616,9.14818],[80.12774,9.14651],[80.12799,9.14519],[80.12506,9.13966],[80.1253,9.13743],[80.12339,9.13643],[80.11648,9.13596],[80.1132,9.13875],[80.10895,9.13932],[80.10791,9.14241]]]},"properties":{"name":null,"ha":21431}},{"type":"Feature","geometry":{"type":"Polygon","coordinates":[[[81.34287,7.80184],[81.34158,7.80153],[81.34114,7.80028],[81.34008,7.8005],[81.33962,7.7993],[81.33599,7.7981],[81.33212,7.79821],[81.32943,7.79721],[81.32641,7.79778],[81.32259,7.79586],[81.31838,7.7952],[81.31376,7.79583],[81.31256,7.79702],[81.31019,7.79632],[81.3128,7.79713],[81.31186,7.79695],[81.31308,7.79809],[81.30914,7.79809],[81.30904,7.7996],[81.30736,7.80156],[81.30434,7.80345],[81.30342,7.80088],[81.3022,7.80064],[81.30221,7.80211],[81.30105,7.80279],[81.29894,7.80194],[81.29872,7.79812],[81.29751,7.79766],[81.29745,7.79885],[81.27977,7.80179],[81.27927,7.80062],[81.27801,7.80068],[81.27531,7.8026],[81.27434,7.80225],[81.27449,7.79765],[81.22965,7.79814],[81.23012,7.80235],[81.22761,7.80507],[81.22806,7.80839],[81.2265,7.81108],[81.22699,7.81599],[81.22518,7.82179],[81.2271,7.82371],[81.22793,7.83107],[81.22996,7.83358],[81.22911,7.83458],[81.22941,7.83663],[81.23244,7.84163],[81.23366,7.8524],[81.23192,7.8615],[81.22824,7.86515],[81.22884,7.87452],[81.23339,7.88395],[81.23674,7.88717],[81.23611,7.89534],[81.23841,7.90161],[81.23835,7.90451],[81.2398,7.90477],[81.23989,7.90565],[81.23944,7.9071],[81.23785,7.90676],[81.23739,7.90796],[81.23942,7.90864],[81.24107,7.91259],[81.24009,7.91699],[81.23576,7.91998],[81.23388,7.92276],[81.23108,7.92293],[81.22932,7.92444],[81.23066,7.92741],[81.23267,7.92648],[81.23646,7.92779],[81.23686,7.92869],[81.24061,7.9286],[81.24069,7.93079],[81.23749,7.93165],[81.23723,7.93606],[81.24035,7.93908],[81.24747,7.93259],[81.25486,7.93832],[81.25862,7.9398],[81.26103,7.94389],[81.26232,7.94403],[81.26283,7.94627],[81.26513,7.94796],[81.26712,7.9473],[81.27015,7.94255],[81.27189,7.9423],[81.27597,7.94706],[81.2768,7.94629],[81.27539,7.94531],[81.27554,7.94425],[81.27699,7.94107],[81.27509,7.93672],[81.27855,7.93472],[81.28196,7.93554],[81.28412,7.93142],[81.29181,7.9345],[81.28752,7.93722],[81.286,7.94002],[81.289,7.94098],[81.28997,7.93927],[81.29312,7.93876],[81.2944,7.93758],[81.29617,7.93868],[81.29787,7.93762],[81.29884,7.93971],[81.30075,7.93828],[81.30103,7.93695],[81.3019,7.93741],[81.30042,7.93485],[81.30152,7.93426],[81.30237,7.93431],[81.30293,7.93608],[81.30508,7.9336],[81.30697,7.93383],[81.31214,7.93194],[81.31321,7.93445],[81.31576,7.93366],[81.31722,7.92976],[81.31682,7.92839],[81.31491,7.92788],[81.31556,7.92737],[81.3149,7.92619],[81.31129,7.92564],[81.3137,7.9252],[81.31521,7.92344],[81.31685,7.92539],[81.31824,7.92506],[81.31831,7.92959],[81.32084,7.92987],[81.32248,7.93128],[81.32535,7.93148],[81.32478,7.9303],[81.32541,7.93019],[81.32778,7.93173],[81.33078,7.93123],[81.33175,7.93066],[81.33068,7.92966],[81.33124,7.92845],[81.34586,7.92872],[81.34501,7.9264],[81.34575,7.92526],[81.34375,7.92245],[81.34613,7.92176],[81.34627,7.91952],[81.34701,7.91945],[81.34691,7.91265],[81.34871,7.91155],[81.35153,7.91336],[81.35403,7.9211],[81.35773,7.921],[81.3597,7.91974],[81.35956,7.91897],[81.36232,7.91797],[81.36284,7.91625],[81.36105,7.91269],[81.35853,7.91179],[81.35863,7.91005],[81.36006,7.90931],[81.35973,7.90676],[81.3546,7.89905],[81.35773,7.89608],[81.36061,7.89608],[81.36275,7.89323],[81.3631,7.89123],[81.36543,7.89018],[81.36209,7.88778],[81.36189,7.88631],[81.36426,7.88343],[81.36274,7.88059],[81.36314,7.87978],[81.36053,7.88104],[81.36058,7.88281],[81.35705,7.88515],[81.35426,7.88513],[81.35423,7.88615],[81.35514,7.88632],[81.35439,7.88833],[81.35708,7.88976],[81.35677,7.89334],[81.35584,7.89338],[81.35571,7.8917],[81.35387,7.8942],[81.3528,7.89375],[81.3524,7.8908],[81.35082,7.89127],[81.35065,7.89048],[81.35223,7.88934],[81.35201,7.88782],[81.34934,7.88912],[81.34808,7.88876],[81.34833,7.88797],[81.34664,7.88932],[81.34653,7.8906],[81.34782,7.89138],[81.34713,7.89553],[81.34602,7.89515],[81.34415,7.89414],[81.34483,7.8912],[81.34281,7.89099],[81.34207,7.88932],[81.34429,7.88758],[81.34274,7.8874],[81.34279,7.88509],[81.34105,7.88512],[81.341,7.8835],[81.33695,7.88327],[81.33746,7.87865],[81.336,7.8753],[81.33411,7.87547],[81.3302,7.86554],[81.33228,7.86524],[81.33926,7.87129],[81.3418,7.87465],[81.34225,7.87759],[81.34491,7.87957],[81.34555,7.88123],[81.34454,7.88208],[81.34705,7.8843],[81.34782,7.88415],[81.3477,7.88266],[81.34934,7.88173],[81.3496,7.879],[81.35121,7.87906],[81.351,7.88118],[81.35252,7.88111],[81.35347,7.87897],[81.35829,7.87907],[81.36484,7.87548],[81.3666,7.87653],[81.3677,7.87605],[81.36988,7.87501],[81.37042,7.87295],[81.36967,7.87198],[81.37087,7.87135],[81.36521,7.86528],[81.36391,7.8646],[81.35623,7.86528],[81.36354,7.86174],[81.36443,7.85713],[81.36024,7.85694],[81.35857,7.85846],[81.35686,7.85852],[81.35575,7.8566],[81.35671,7.85467],[81.35408,7.85189],[81.35838,7.85107],[81.36118,7.85352],[81.363,7.85329],[81.36316,7.85227],[81.36671,7.85366],[81.37012,7.85374],[81.36977,7.8571],[81.37233,7.86142],[81.37395,7.86172],[81.3756,7.86527],[81.37705,7.86503],[81.3767,7.86206],[81.37824,7.86213],[81.37801,7.86056],[81.37611,7.85938],[81.37532,7.85756],[81.38087,7.852],[81.37758,7.85157],[81.37782,7.84828],[81.37994,7.84536],[81.37879,7.845],[81.38001,7.84306],[81.37773,7.83994],[81.37538,7.83957],[81.37156,7.84116],[81.3684,7.84106],[81.35556,7.83734],[81.35534,7.83522],[81.35786,7.8299],[81.36839,7.82769],[81.36454,7.82143],[81.36429,7.8167],[81.3625,7.81694],[81.36048,7.81992],[81.35859,7.81981],[81.35881,7.81804],[81.35729,7.81709],[81.35809,7.81488],[81.36127,7.81543],[81.35985,7.81285],[81.36159,7.81182],[81.36146,7.81071],[81.35447,7.80747],[81.3536,7.80651],[81.35412,7.80586],[81.35204,7.80441],[81.35,7.80563],[81.34912,7.80384],[81.35171,7.80201],[81.34287,7.80184]]]},"properties":{"name":null,"ha":21037}},{"type":"Feature","geometry":{"type":"Polygon","coordinates":[[[81.5992,6.85929],[81.59822,6.85448],[81.60202,6.84457],[81.60169,6.84193],[81.59456,6.82765],[81.60646,6.82182],[81.61248,6.8164],[81.61524,6.80951],[81.61842,6.80647],[81.61881,6.79963],[81.6078,6.78764],[81.59955,6.78136],[81.59732,6.76967],[81.60782,6.75608],[81.60605,6.74076],[81.60092,6.71745],[81.60033,6.70746],[81.57715,6.69212],[81.56764,6.67287],[81.55805,6.66304],[81.54792,6.65887],[81.53323,6.65912],[81.52508,6.6558],[81.51644,6.65568],[81.51017,6.65196],[81.50821,6.65278],[81.50795,6.65638],[81.50402,6.66154],[81.50053,6.66462],[81.49546,6.66383],[81.49433,6.66756],[81.48499,6.66847],[81.48302,6.666],[81.48315,6.66197],[81.4804,6.6618],[81.47578,6.67905],[81.47026,6.68966],[81.45298,6.69105],[81.44494,6.70302],[81.44232,6.72174],[81.43743,6.73076],[81.42643,6.73648],[81.41194,6.72018],[81.41345,6.70315],[81.41261,6.69724],[81.41353,6.69443],[81.41213,6.68874],[81.41367,6.68673],[81.41211,6.68401],[81.41314,6.67537],[81.5992,6.85929]]]},"properties":{"name":"Yala Forest Cover","ha":20080}},{"type":"Feature","geometry":{"type":"Polygon","coordinates":[[[81.35332,8.14904],[81.35188,8.14868],[81.3509,8.14634],[81.34915,8.14596],[81.35299,8.14588],[81.3531,8.14316],[81.34825,8.14253],[81.34892,8.14371],[81.34754,8.1452],[81.34823,8.14586],[81.34452,8.14492],[81.34523,8.14337],[81.34276,8.14191],[81.34279,8.13614],[81.34473,8.1346],[81.34792,8.13422],[81.35188,8.13691],[81.35692,8.13432],[81.35956,8.13047],[81.36121,8.13372],[81.3611,8.12898],[81.36198,8.12682],[81.36167,8.12521],[81.36034,8.12468],[81.36122,8.12418],[81.36219,8.1249],[81.36378,8.12372],[81.36658,8.12489],[81.36839,8.12454],[81.36494,8.12312],[81.36741,8.1226],[81.37293,8.11685],[81.37282,8.1138],[81.37042,8.11251],[81.37057,8.1102],[81.37257,8.10957],[81.37285,8.10849],[81.37639,8.10896],[81.37772,8.10596],[81.37652,8.10505],[81.37144,8.10538],[81.37111,8.10449],[81.3744,8.10274],[81.37628,8.10295],[81.37873,8.10043],[81.37702,8.09899],[81.36782,8.09571],[81.36724,8.0938],[81.36596,8.09352],[81.36657,8.08973],[81.36217,8.08773],[81.36058,8.08223],[81.35701,8.08215],[81.35761,8.07948],[81.35673,8.07841],[81.35572,8.07865],[81.35546,8.07753],[81.35688,8.07669],[81.35968,8.07738],[81.36088,8.07881],[81.36467,8.07909],[81.36467,8.08124],[81.36758,8.08117],[81.37165,8.08414],[81.38234,8.08382],[81.3826,8.07904],[81.38373,8.07929],[81.38386,8.07841],[81.38266,8.07673],[81.38305,8.07506],[81.38044,8.07294],[81.37978,8.06954],[81.37762,8.07082],[81.37477,8.06754],[81.37912,8.0621],[81.38188,8.06805],[81.38007,8.0698],[81.38232,8.07093],[81.3827,8.06922],[81.38368,8.06884],[81.38345,8.06737],[81.38475,8.06896],[81.38678,8.06935],[81.3867,8.0477],[81.38277,8.04283],[81.38476,8.0385],[81.38434,8.03297],[81.38711,8.03199],[81.389,8.03312],[81.39082,8.03148],[81.39562,8.03035],[81.39699,8.02771],[81.39741,8.02369],[81.39556,8.02268],[81.39552,8.02095],[81.40092,8.01537],[81.38677,8.01535],[81.38671,7.99265],[81.38442,7.99264],[81.38443,7.9834],[81.3867,7.98341],[81.38668,7.97178],[81.37989,7.9744],[81.37931,7.97746],[81.37697,7.97881],[81.37556,7.98126],[81.37119,7.9817],[81.36942,7.98452],[81.36635,7.98462],[81.3652,7.98204],[81.36231,7.98099],[81.35554,7.99527],[81.35037,8.00009],[81.34525,8.00188],[81.3436,8.00537],[81.34181,8.01363],[81.3385,8.01381],[81.33688,8.0152],[81.34172,8.02635],[81.33753,8.02846],[81.33588,8.03303],[81.33635,8.03588],[81.33553,8.03751],[81.33466,8.03595],[81.33408,8.03659],[81.33563,8.04192],[81.33317,8.04325],[81.33258,8.04498],[81.33446,8.05004],[81.33664,8.04839],[81.33832,8.04925],[81.33718,8.0547],[81.33758,8.05661],[81.33941,8.05712],[81.33993,8.05909],[81.3378,8.06071],[81.33877,8.0637],[81.34218,8.06777],[81.33702,8.06663],[81.33784,8.06531],[81.33311,8.06476],[81.33191,8.06903],[81.33459,8.07066],[81.33086,8.0713],[81.32696,8.06984],[81.32231,8.06966],[81.31965,8.06779],[81.31076,8.06861],[81.30967,8.06721],[81.29958,8.06838],[81.29665,8.06765],[81.29712,8.07036],[81.29463,8.07032],[81.29304,8.07181],[81.28952,8.0685],[81.29386,8.06646],[81.29146,8.06471],[81.28837,8.06794],[81.28219,8.06926],[81.28141,8.07062],[81.28725,8.07291],[81.28523,8.07359],[81.28536,8.0747],[81.28652,8.07436],[81.28862,8.07767],[81.28755,8.08056],[81.28751,8.0832],[81.28909,8.08337],[81.28832,8.08749],[81.28725,8.08689],[81.28455,8.08753],[81.28013,8.08116],[81.27725,8.08005],[81.27618,8.07848],[81.27493,8.08009],[81.27395,8.07823],[81.2706,8.07988],[81.27231,8.09441],[81.28034,8.10283],[81.27759,8.10083],[81.2748,8.10155],[81.27592,8.10028],[81.27506,8.09943],[81.26957,8.09654],[81.26845,8.09416],[81.26416,8.09348],[81.26438,8.0928],[81.26146,8.09339],[81.25862,8.09862],[81.25631,8.0996],[81.25011,8.09945],[81.24843,8.10081],[81.24972,8.10353],[81.25903,8.10467],[81.26084,8.10858],[81.26071,8.11581],[81.2583,8.12082],[81.25809,8.11555],[81.25607,8.11598],[81.24916,8.11993],[81.24951,8.12362],[81.25084,8.1249],[81.2547,8.12519],[81.25736,8.1266],[81.26255,8.12401],[81.26517,8.12553],[81.26787,8.12919],[81.2659,8.13034],[81.25817,8.12847],[81.25803,8.12972],[81.27761,8.13984],[81.28413,8.15208],[81.28635,8.1529],[81.28621,8.15379],[81.28503,8.15359],[81.28606,8.15579],[81.29758,8.17605],[81.29622,8.18067],[81.29566,8.1879],[81.3034,8.2127],[81.30815,8.20918],[81.30649,8.20696],[81.30915,8.20088],[81.31116,8.20073],[81.31169,8.20424],[81.31248,8.20571],[81.31338,8.2056],[81.31463,8.20398],[81.31643,8.2037],[81.31809,8.20192],[81.32498,8.1983],[81.33041,8.19917],[81.33226,8.19665],[81.33338,8.18974],[81.34482,8.18967],[81.34353,8.1881],[81.34609,8.1864],[81.3485,8.18808],[81.35195,8.18724],[81.34774,8.17719],[81.34995,8.17042],[81.35445,8.1663],[81.35597,8.16085],[81.35606,8.15507],[81.35504,8.15493],[81.35475,8.15309],[81.35533,8.15102],[81.35332,8.14904]]]},"properties":{"name":null,"ha":18008}},{"type":"Feature","geometry":{"type":"Polygon","coordinates":[[[80.83507,9.00819],[80.83105,9.00722],[80.83025,9.00583],[80.82906,9.00641],[80.82574,9.00505],[80.82431,9.00535],[80.82274,9.0028],[80.82014,9.00201],[80.81959,8.99891],[80.81625,9.00202],[80.81431,8.99963],[80.8139,8.99671],[80.80907,8.99768],[80.80443,8.99142],[80.80298,8.99145],[80.80197,8.99287],[80.80302,8.99708],[80.80185,8.99817],[80.79864,8.99841],[80.80063,9.0081],[80.79983,9.00982],[80.79734,9.00894],[80.79479,9.00985],[80.79417,9.01084],[80.79534,9.01413],[80.79459,9.01524],[80.78992,9.01327],[80.78065,9.01969],[80.77436,9.0201],[80.77385,9.02217],[80.76408,9.0262],[80.76059,9.02898],[80.75719,9.02839],[80.75541,9.0294],[80.7537,9.02631],[80.75232,9.02576],[80.75023,9.02797],[80.75062,9.02984],[80.74879,9.03067],[80.74877,9.03403],[80.74647,9.03503],[80.74185,9.03396],[80.73682,9.02885],[80.73397,9.0291],[80.72857,9.02442],[80.72867,9.02267],[80.72674,9.02269],[80.72207,9.0353],[80.72277,9.03644],[80.72383,9.03539],[80.72549,9.03606],[80.72428,9.03949],[80.72475,9.04111],[80.72161,9.04766],[80.71961,9.04909],[80.719,9.05154],[80.72384,9.05522],[80.72375,9.05681],[80.72312,9.059],[80.72003,9.05954],[80.7189,9.06094],[80.72154,9.06473],[80.72065,9.06681],[80.72373,9.07446],[80.72561,9.07613],[80.7299,9.07723],[80.73133,9.07621],[80.73258,9.07154],[80.73738,9.07277],[80.74082,9.07819],[80.74262,9.07524],[80.74821,9.09058],[80.75032,9.09941],[80.75195,9.09822],[80.75184,9.09631],[80.75565,9.09385],[80.75697,9.09348],[80.75975,9.09466],[80.76113,9.09374],[80.76747,9.098],[80.76745,9.09956],[80.76878,9.09916],[80.771,9.10114],[80.77815,9.10241],[80.78009,9.10405],[80.78636,9.10409],[80.78846,9.10761],[80.79169,9.10909],[80.79292,9.11599],[80.79411,9.11702],[80.79503,9.12098],[80.80489,9.12519],[80.80884,9.12875],[80.812,9.13011],[80.81317,9.13314],[80.81555,9.13579],[80.81735,9.13666],[80.82079,9.13425],[80.82218,9.13205],[80.82156,9.13043],[80.81691,9.12898],[80.81186,9.12223],[80.81065,9.11553],[80.81224,9.11214],[80.81504,9.11314],[80.81963,9.12617],[80.82175,9.12656],[80.82338,9.12824],[80.83172,9.1305],[80.83741,9.13057],[80.84025,9.13538],[80.84626,9.13729],[80.85214,9.13854],[80.86034,9.13807],[80.86374,9.13587],[80.8624,9.13079],[80.86379,9.12656],[80.8721,9.11778],[80.87176,9.1163],[80.86742,9.11913],[80.86453,9.11877],[80.86238,9.10931],[80.86034,9.10679],[80.8612,9.1048],[80.86297,9.10365],[80.86615,9.10837],[80.86803,9.10797],[80.87106,9.10424],[80.8743,9.10205],[80.8781,9.09689],[80.8797,9.09622],[80.88074,9.09907],[80.87566,9.11023],[80.87798,9.1129],[80.88036,9.11353],[80.88018,9.1158],[80.88168,9.12043],[80.88328,9.12143],[80.88792,9.11471],[80.89769,9.09159],[80.88641,9.08696],[80.88435,9.08336],[80.88427,9.08215],[80.88876,9.07973],[80.88994,9.07196],[80.88891,9.07008],[80.88691,9.06974],[80.8862,9.06736],[80.88253,9.06404],[80.88065,9.06327],[80.87525,9.06507],[80.86847,9.06117],[80.86257,9.061],[80.85886,9.05827],[80.85396,9.05752],[80.85281,9.05648],[80.85201,9.04072],[80.84647,9.04071],[80.84412,9.03894],[80.84321,9.03668],[80.84604,9.03283],[80.84432,9.0299],[80.84383,9.02682],[80.84226,9.02653],[80.84098,9.02258],[80.83703,9.02068],[80.83463,9.0158],[80.83651,9.00964],[80.83507,9.00819]]]},"properties":{"name":null,"ha":16841}},{"type":"Feature","geometry":{"type":"Polygon","coordinates":[[[80.83911,6.80612],[80.84214,6.80498],[80.8433,6.80346],[80.84431,6.80396],[80.84483,6.80288],[80.85146,6.80384],[80.85349,6.80277],[80.85717,6.79789],[80.86447,6.79546],[80.86721,6.79542],[80.87121,6.79266],[80.87312,6.78702],[80.86691,6.77684],[80.87117,6.77646],[80.87307,6.77836],[80.87459,6.7777],[80.87383,6.7756],[80.88028,6.77409],[80.88183,6.77682],[80.88519,6.77875],[80.88887,6.7781],[80.89023,6.77969],[80.89444,6.77985],[80.89004,6.78217],[80.88809,6.78581],[80.88224,6.78709],[80.88155,6.78858],[80.88334,6.79185],[80.88825,6.79196],[80.89349,6.78978],[80.89366,6.7928],[80.89229,6.79413],[80.88875,6.79391],[80.88761,6.79622],[80.88642,6.79476],[80.88546,6.79518],[80.88209,6.80006],[80.88003,6.79892],[80.87962,6.79974],[80.88101,6.80216],[80.87843,6.8023],[80.87763,6.80649],[80.87653,6.80734],[80.87386,6.80639],[80.87352,6.80707],[80.8759,6.80901],[80.87371,6.80999],[80.87808,6.81112],[80.88612,6.80892],[80.88991,6.81291],[80.88473,6.81212],[80.88272,6.81305],[80.87905,6.81894],[80.87598,6.81961],[80.86973,6.82391],[80.86522,6.82235],[80.86273,6.82296],[80.8613,6.82427],[80.86189,6.82493],[80.86434,6.82593],[80.86684,6.82409],[80.86942,6.82708],[80.86916,6.82932],[80.86786,6.82912],[80.8671,6.83166],[80.86695,6.82899],[80.86506,6.82784],[80.86216,6.82897],[80.8594,6.82749],[80.85934,6.82962],[80.85811,6.83009],[80.85839,6.83164],[80.85683,6.83281],[80.85517,6.83268],[80.85546,6.83369],[80.85246,6.83512],[80.85303,6.83218],[80.85189,6.83224],[80.85216,6.82989],[80.85078,6.83029],[80.84958,6.83302],[80.8527,6.83569],[80.84936,6.83788],[80.85016,6.84078],[80.85504,6.84119],[80.85686,6.83918],[80.86126,6.84198],[80.85774,6.84346],[80.85306,6.85272],[80.84839,6.85662],[80.8479,6.85901],[80.84638,6.85899],[80.84709,6.86012],[80.84566,6.86102],[80.84747,6.86165],[80.84769,6.86291],[80.84945,6.86294],[80.84486,6.86673],[80.84427,6.87023],[80.83737,6.87087],[80.83614,6.87253],[80.83767,6.8735],[80.83652,6.87473],[80.83413,6.87538],[80.83124,6.87772],[80.82908,6.87833],[80.82765,6.87699],[80.82461,6.87817],[80.82267,6.88146],[80.82066,6.88126],[80.81998,6.88032],[80.81937,6.88263],[80.81578,6.88082],[80.8147,6.87819],[80.81827,6.87739],[80.8214,6.8784],[80.8233,6.87679],[80.82346,6.87553],[80.81878,6.87423],[80.81733,6.87573],[80.8178,6.87638],[80.81541,6.87522],[80.81115,6.87889],[80.80565,6.87957],[80.80112,6.86894],[80.80674,6.86355],[80.79723,6.86184],[80.78774,6.85134],[80.78427,6.85243],[80.78443,6.84264],[80.78192,6.83853],[80.78363,6.83542],[80.78215,6.83187],[80.78353,6.82804],[80.78249,6.82704],[80.77179,6.82765],[80.77122,6.82578],[80.77095,6.82755],[80.76276,6.82825],[80.7534,6.82687],[80.75083,6.8234],[80.74952,6.81907],[80.74686,6.81982],[80.74546,6.81654],[80.74203,6.82092],[80.73463,6.8238],[80.73362,6.82239],[80.73268,6.82316],[80.73156,6.82269],[80.72965,6.82448],[80.72594,6.82284],[80.72959,6.82789],[80.72866,6.82921],[80.72819,6.83384],[80.72362,6.83175],[80.72349,6.83502],[80.72064,6.83786],[80.72351,6.83737],[80.72122,6.84077],[80.71757,6.84063],[80.71675,6.83882],[80.71253,6.84217],[80.71184,6.8438],[80.71395,6.84625],[80.71355,6.8481],[80.70872,6.84907],[80.70118,6.84903],[80.69866,6.85266],[80.69371,6.85679],[80.693,6.85926],[80.69122,6.85899],[80.69054,6.85786],[80.69231,6.85703],[80.69138,6.85419],[80.69202,6.85121],[80.68919,6.85071],[80.68746,6.84345],[80.68572,6.84162],[80.68634,6.84094],[80.68555,6.83874],[80.68334,6.83862],[80.68239,6.83663],[80.68404,6.83035],[80.68506,6.82842],[80.6875,6.82679],[80.68755,6.82205],[80.69161,6.81852],[80.69594,6.8173],[80.69759,6.81726],[80.70128,6.82014],[80.69879,6.82472],[80.69974,6.82514],[80.70019,6.82708],[80.7018,6.82672],[80.70171,6.82527],[80.70341,6.82463],[80.70448,6.82653],[80.70877,6.82672],[80.71045,6.82267],[80.71817,6.82842],[80.72047,6.82862],[80.71824,6.82489],[80.72036,6.82459],[80.72032,6.82357],[80.7186,6.82282],[80.71939,6.82114],[80.71864,6.81607],[80.71418,6.81698],[80.71963,6.81242],[80.71922,6.81016],[80.72049,6.80899],[80.72457,6.80878],[80.72298,6.80644],[80.72062,6.80622],[80.72216,6.80399],[80.71639,6.80529],[80.7145,6.80418],[80.71401,6.80673],[80.71124,6.80631],[80.71171,6.80846],[80.708,6.8081],[80.70706,6.8085],[80.70706,6.80972],[80.7048,6.80782],[80.70109,6.81021],[80.69946,6.80886],[80.69746,6.80908],[80.69682,6.80771],[80.70105,6.80603],[80.6997,6.80454],[80.71326,6.79776],[80.71611,6.79678],[80.71881,6.79715],[80.71995,6.79597],[80.71935,6.79478],[80.72186,6.79293],[80.72182,6.79082],[80.72328,6.79046],[80.72467,6.78496],[80.7262,6.78668],[80.73098,6.78698],[80.73197,6.78406],[80.73152,6.78065],[80.73338,6.78012],[80.73411,6.77848],[80.73217,6.77747],[80.72291,6.76521],[80.71718,6.77241],[80.71371,6.76783],[80.70497,6.768],[80.69929,6.76094],[80.69959,6.74766],[80.70804,6.74713],[80.71297,6.74941],[80.71447,6.7493],[80.71717,6.74673],[80.71961,6.74064],[80.7184,6.73774],[80.71466,6.73604],[80.7133,6.73422],[80.71414,6.73207],[80.71167,6.72958],[80.71255,6.72936],[80.71517,6.7296],[80.71652,6.72879],[80.71847,6.73115],[80.72688,6.73335],[80.72991,6.73848],[80.72772,6.74325],[80.72947,6.74819],[80.72872,6.75245],[80.72953,6.75452],[80.73122,6.75553],[80.74788,6.75452],[80.75245,6.7554],[80.76774,6.76897],[80.77237,6.77174],[80.83911,6.80612]]]},"properties":{"name":null,"ha":14646}},{"type":"Feature","geometry":{"type":"Polygon","coordinates":[[[80.12194,9.42248],[80.12342,9.42179],[80.12315,9.42056],[80.13332,9.42345],[80.13385,9.42266],[80.13955,9.42493],[80.13752,9.42579],[80.13822,9.42798],[80.15524,9.43878],[80.16214,9.44588],[80.16353,9.44566],[80.16339,9.4414],[80.16179,9.44091],[80.16113,9.44292],[80.16031,9.44215],[80.16109,9.43924],[80.16326,9.43802],[80.16299,9.43696],[80.16177,9.43678],[80.16318,9.43456],[80.16343,9.43077],[80.16775,9.42999],[80.17051,9.42684],[80.17422,9.42549],[80.17866,9.42063],[80.18085,9.41004],[80.18418,9.40794],[80.18317,9.40693],[80.18474,9.40679],[80.18515,9.40513],[80.18376,9.40164],[80.18511,9.40047],[80.18764,9.39413],[80.19302,9.38802],[80.19281,9.38541],[80.19487,9.38256],[80.18852,9.38199],[80.18551,9.38428],[80.18392,9.38402],[80.18158,9.38036],[80.1862,9.37716],[80.18786,9.37346],[80.18986,9.37277],[80.19635,9.37453],[80.19783,9.37385],[80.19825,9.36398],[80.20157,9.35965],[80.2014,9.35861],[80.19772,9.35832],[80.19608,9.36216],[80.19321,9.36469],[80.18926,9.36272],[80.1884,9.361],[80.18938,9.35654],[80.19195,9.35412],[80.1912,9.34925],[80.19475,9.34682],[80.19495,9.34469],[80.19712,9.34333],[80.19913,9.33889],[80.19872,9.33625],[80.19228,9.32815],[80.1919,9.32419],[80.19523,9.32286],[80.19403,9.32142],[80.19592,9.31977],[80.1945,9.31798],[80.19122,9.31678],[80.18553,9.3165],[80.18315,9.31508],[80.18315,9.31723],[80.18142,9.31872],[80.18273,9.32143],[80.18221,9.32314],[80.18038,9.32434],[80.17837,9.32245],[80.17918,9.31756],[80.17791,9.31608],[80.17667,9.31593],[80.17566,9.31711],[80.1756,9.32008],[80.17477,9.32052],[80.1644,9.32136],[80.16271,9.31547],[80.1602,9.31323],[80.15456,9.31354],[80.14573,9.323],[80.13747,9.32584],[80.13483,9.32579],[80.13361,9.32695],[80.13515,9.32822],[80.13491,9.32972],[80.13319,9.32993],[80.129,9.33381],[80.11818,9.33792],[80.11622,9.34053],[80.11066,9.34344],[80.10625,9.3443],[80.1054,9.34361],[80.10647,9.34245],[80.1049,9.34246],[80.10492,9.34095],[80.1025,9.34011],[80.10075,9.34228],[80.10522,9.34577],[80.10345,9.34723],[80.10309,9.34643],[80.10105,9.34752],[80.10038,9.346],[80.09875,9.34804],[80.0974,9.34826],[80.096,9.35187],[80.09498,9.34858],[80.09124,9.34843],[80.08927,9.34595],[80.09034,9.34516],[80.08897,9.34291],[80.08623,9.34425],[80.08131,9.34832],[80.08268,9.35356],[80.08124,9.35408],[80.08143,9.35653],[80.08379,9.35698],[80.08348,9.35871],[80.08064,9.36019],[80.07959,9.35799],[80.07827,9.35912],[80.07668,9.35738],[80.07516,9.35957],[80.07593,9.3602],[80.0727,9.36323],[80.07608,9.3655],[80.07727,9.36518],[80.07842,9.3667],[80.08031,9.3664],[80.0848,9.36852],[80.08778,9.37156],[80.09055,9.37239],[80.09106,9.37449],[80.08889,9.3753],[80.08734,9.37458],[80.08786,9.37783],[80.08662,9.38218],[80.08045,9.3847],[80.07922,9.38241],[80.08016,9.38176],[80.07868,9.37974],[80.07525,9.37902],[80.07319,9.37589],[80.07092,9.37634],[80.06982,9.37798],[80.06629,9.37951],[80.06571,9.38284],[80.06309,9.38644],[80.06258,9.39036],[80.06493,9.39701],[80.0605,9.39546],[80.06188,9.3943],[80.0613,9.39379],[80.05899,9.39405],[80.05528,9.39153],[80.05461,9.38831],[80.05563,9.38861],[80.05536,9.38612],[80.05454,9.38611],[80.05514,9.38416],[80.05423,9.38188],[80.05594,9.37659],[80.05725,9.37539],[80.05653,9.36865],[80.05757,9.36688],[80.05979,9.36651],[80.06109,9.36002],[80.05513,9.36511],[80.05427,9.37014],[80.05679,9.37487],[80.05375,9.38166],[80.05394,9.39063],[80.05506,9.39235],[80.06094,9.39649],[80.06861,9.39972],[80.07277,9.40333],[80.08015,9.40551],[80.08228,9.40348],[80.08314,9.40479],[80.08254,9.40521],[80.09508,9.41166],[80.1015,9.41358],[80.10482,9.41286],[80.11353,9.41551],[80.11943,9.42137],[80.12194,9.42248]]]},"properties":{"name":null,"ha":12730}},{"type":"Feature","geometry":{"type":"Polygon","coordinates":[[[80.12194,9.42248],[80.12342,9.42179],[80.12315,9.42056],[80.13332,9.42345],[80.13385,9.42266],[80.13955,9.42493],[80.13752,9.42579],[80.13822,9.42798],[80.15524,9.43878],[80.16214,9.44588],[80.16353,9.44566],[80.16339,9.4414],[80.16179,9.44091],[80.16113,9.44292],[80.16031,9.44215],[80.16109,9.43924],[80.16326,9.43802],[80.16299,9.43696],[80.16177,9.43678],[80.16318,9.43456],[80.16343,9.43077],[80.16775,9.42999],[80.17051,9.42684],[80.17422,9.42549],[80.17866,9.42063],[80.18085,9.41004],[80.18418,9.40794],[80.18317,9.40693],[80.18474,9.40679],[80.18515,9.40513],[80.18376,9.40164],[80.18511,9.40047],[80.18764,9.39413],[80.19302,9.38802],[80.19281,9.38541],[80.19487,9.38256],[80.18852,9.38199],[80.18551,9.38428],[80.18392,9.38402],[80.18158,9.38036],[80.1862,9.37716],[80.18786,9.37346],[80.18986,9.37277],[80.19635,9.37453],[80.19783,9.37385],[80.19825,9.36398],[80.20157,9.35965],[80.2014,9.35861],[80.19772,9.35832],[80.19608,9.36216],[80.19321,9.36469],[80.18926,9.36272],[80.1884,9.361],[80.18938,9.35654],[80.19195,9.35412],[80.1912,9.34925],[80.19475,9.34682],[80.19495,9.34469],[80.19712,9.34333],[80.19913,9.33889],[80.19872,9.33625],[80.19228,9.32815],[80.1919,9.32419],[80.19523,9.32286],[80.19403,9.32142],[80.19592,9.31977],[80.1945,9.31798],[80.19122,9.31678],[80.18553,9.3165],[80.18315,9.31508],[80.18315,9.31723],[80.18142,9.31872],[80.18273,9.32143],[80.18221,9.32314],[80.18038,9.32434],[80.17837,9.32245],[80.17918,9.31756],[80.17791,9.31608],[80.17667,9.31593],[80.17566,9.31711],[80.1756,9.32008],[80.17477,9.32052],[80.1644,9.32136],[80.16271,9.31547],[80.1602,9.31323],[80.15456,9.31354],[80.14573,9.323],[80.13747,9.32584],[80.13483,9.32579],[80.13361,9.32695],[80.13515,9.32822],[80.13491,9.32972],[80.13319,9.32993],[80.129,9.33381],[80.11818,9.33792],[80.11622,9.34053],[80.11066,9.34344],[80.10625,9.3443],[80.1054,9.34361],[80.10647,9.34245],[80.1049,9.34246],[80.10492,9.34095],[80.1025,9.34011],[80.10075,9.34228],[80.10522,9.34577],[80.10345,9.34723],[80.10309,9.34643],[80.10105,9.34752],[80.10038,9.346],[80.09875,9.34804],[80.0974,9.34826],[80.096,9.35187],[80.09498,9.34858],[80.09124,9.34843],[80.08927,9.34595],[80.09034,9.34516],[80.08897,9.34291],[80.08623,9.34425],[80.08131,9.34832],[80.08268,9.35356],[80.08124,9.35408],[80.08143,9.35653],[80.08379,9.35698],[80.08348,9.35871],[80.08064,9.36019],[80.07959,9.35799],[80.07827,9.35912],[80.07668,9.35738],[80.07516,9.35957],[80.07593,9.3602],[80.0727,9.36323],[80.07608,9.3655],[80.07727,9.36518],[80.07842,9.3667],[80.08031,9.3664],[80.0848,9.36852],[80.08778,9.37156],[80.09055,9.37239],[80.09106,9.37449],[80.08889,9.3753],[80.08734,9.37458],[80.08786,9.37783],[80.08662,9.38218],[80.08045,9.3847],[80.07922,9.38241],[80.08016,9.38176],[80.07868,9.37974],[80.07525,9.37902],[80.07319,9.37589],[80.07092,9.37634],[80.06982,9.37798],[80.06629,9.37951],[80.06571,9.38284],[80.06309,9.38644],[80.06258,9.39036],[80.06493,9.39701],[80.0605,9.39546],[80.06188,9.3943],[80.0613,9.39379],[80.05899,9.39405],[80.05528,9.39153],[80.05461,9.38831],[80.05563,9.38861],[80.05536,9.38612],[80.05454,9.38611],[80.05514,9.38416],[80.05423,9.38188],[80.05594,9.37659],[80.05725,9.37539],[80.05653,9.36865],[80.05757,9.36688],[80.05979,9.36651],[80.06109,9.36002],[80.05513,9.36511],[80.05427,9.37014],[80.05679,9.37487],[80.05375,9.38166],[80.05394,9.39063],[80.05506,9.39235],[80.06094,9.39649],[80.06861,9.39972],[80.07277,9.40333],[80.08015,9.40551],[80.08228,9.40348],[80.08314,9.40479],[80.08254,9.40521],[80.09508,9.41166],[80.1015,9.41358],[80.10482,9.41286],[80.11353,9.41551],[80.11943,9.42137],[80.12194,9.42248]]]},"properties":{"name":null,"ha":12730}},{"type":"Feature","geometry":{"type":"Polygon","coordinates":[[[80.80713,8.32263],[80.80444,8.31779],[80.80229,8.31097],[80.80753,8.30737],[80.80898,8.30454],[80.80327,8.29427],[80.79889,8.29267],[80.79967,8.2973],[80.79571,8.29427],[80.79437,8.29125],[80.79536,8.29051],[80.79295,8.28361],[80.79329,8.28045],[80.78994,8.2794],[80.79217,8.27688],[80.79388,8.27635],[80.791,8.27406],[80.79086,8.26785],[80.78992,8.26684],[80.79145,8.26491],[80.79231,8.25962],[80.79374,8.25986],[80.79449,8.26331],[80.79583,8.26266],[80.79575,8.25877],[80.79679,8.2576],[80.79532,8.25079],[80.79617,8.24839],[80.79329,8.24573],[80.79335,8.24935],[80.79472,8.25116],[80.79558,8.25547],[80.79385,8.25825],[80.79218,8.25704],[80.79165,8.24814],[80.78842,8.24688],[80.78979,8.24357],[80.78648,8.23109],[80.78411,8.23168],[80.782,8.22941],[80.78144,8.23228],[80.78061,8.23235],[80.77678,8.22245],[80.78031,8.22018],[80.77678,8.21963],[80.77444,8.21475],[80.77411,8.2114],[80.76922,8.21021],[80.76959,8.20612],[80.76614,8.20433],[80.76396,8.20426],[80.76745,8.20292],[80.76726,8.20214],[80.76534,8.20236],[80.76478,8.20132],[80.7666,8.19736],[80.76368,8.19613],[80.76346,8.19522],[80.76111,8.19516],[80.76034,8.19401],[80.76436,8.18973],[80.76876,8.18986],[80.76887,8.18813],[80.76647,8.18777],[80.76872,8.18511],[80.76743,8.18398],[80.76568,8.18396],[80.76641,8.18184],[80.7637,8.1818],[80.75921,8.1799],[80.75834,8.17779],[80.75996,8.17359],[80.75904,8.17214],[80.75656,8.17189],[80.75586,8.17085],[80.75607,8.16678],[80.75456,8.16394],[80.75122,8.16321],[80.7481,8.1602],[80.74496,8.16063],[80.7417,8.15791],[80.74249,8.15616],[80.74597,8.15538],[80.75031,8.15599],[80.7555,8.15877],[80.7537,8.15471],[80.7549,8.15283],[80.7539,8.15175],[80.75652,8.14825],[80.75812,8.1477],[80.76041,8.14863],[80.76086,8.14727],[80.76039,8.14146],[80.75926,8.13945],[80.75802,8.13914],[80.7574,8.14276],[80.7564,8.14276],[80.75392,8.14027],[80.75317,8.13471],[80.74686,8.13411],[80.74894,8.13125],[80.754,8.12976],[80.75202,8.12538],[80.74748,8.1217],[80.74144,8.1212],[80.74076,8.12001],[80.74434,8.11524],[80.74622,8.11468],[80.74744,8.11171],[80.75026,8.10899],[80.74892,8.10806],[80.74477,8.10837],[80.74558,8.10489],[80.74264,8.10179],[80.74606,8.09365],[80.74856,8.09338],[80.74792,8.09146],[80.74609,8.08999],[80.74609,8.08635],[80.74882,8.0793],[80.74832,8.07433],[80.75279,8.06306],[80.75005,8.05945],[80.75074,8.05677],[80.75305,8.05493],[80.75486,8.05482],[80.75789,8.05809],[80.76076,8.0594],[80.76427,8.05461],[80.77155,8.0613],[80.77408,8.06098],[80.77421,8.05922],[80.77065,8.05495],[80.7702,8.05137],[80.7707,8.04774],[80.77334,8.04614],[80.77376,8.04485],[80.77376,8.03395],[80.77844,8.03271],[80.78735,8.02739],[80.80112,8.02818],[80.80318,8.02751],[80.80345,8.02634],[80.80713,8.32263]]]},"properties":{"name":null,"ha":12528}},{"type":"Feature","geometry":{"type":"Polygon","coordinates":[[[80.68309,8.92931],[80.6807,8.92972],[80.68075,8.93403],[80.68264,8.93569],[80.68053,8.93873],[80.67987,8.94253],[80.67739,8.94516],[80.6737,8.9446],[80.67315,8.94583],[80.67571,8.94882],[80.67508,8.95517],[80.66973,8.95152],[80.66387,8.95585],[80.65391,8.96028],[80.65152,8.97238],[80.64938,8.97493],[80.64552,8.97595],[80.64451,8.97756],[80.64534,8.98517],[80.64711,8.98581],[80.6511,8.98231],[80.65532,8.97358],[80.66311,8.96878],[80.66504,8.96846],[80.66674,8.96945],[80.66689,8.97157],[80.67252,8.97319],[80.67301,8.98429],[80.66996,8.98395],[80.6646,8.98553],[80.64886,8.99654],[80.6448,8.99475],[80.64265,8.99593],[80.63912,8.99122],[80.63765,8.99073],[80.6368,8.99238],[80.63705,8.99374],[80.63819,8.99382],[80.6408,8.99688],[80.64263,8.99692],[80.64469,8.99524],[80.64588,8.99564],[80.6465,8.99641],[80.64548,8.99734],[80.64866,9.00049],[80.65019,9.00036],[80.6501,9.00193],[80.65204,9.00119],[80.65204,9.00042],[80.65669,9.00069],[80.65874,8.9999],[80.65858,9.00214],[80.65706,9.0029],[80.65755,9.00569],[80.65862,9.0067],[80.66138,9.00642],[80.66333,9.0027],[80.66553,9.00431],[80.66815,9.00384],[80.66909,9.005],[80.66677,9.00775],[80.66441,9.00773],[80.66071,9.01448],[80.65816,9.01473],[80.65556,9.01775],[80.65529,9.02131],[80.65743,9.02287],[80.65566,9.02356],[80.65579,9.02551],[80.65396,9.02535],[80.65426,9.02962],[80.65269,9.03094],[80.65147,9.03051],[80.65101,9.03287],[80.65261,9.0346],[80.65722,9.03556],[80.65862,9.03781],[80.65803,9.03969],[80.66137,9.04056],[80.66368,9.04267],[80.66244,9.04491],[80.66209,9.04398],[80.65529,9.04255],[80.65316,9.04533],[80.65346,9.04861],[80.65178,9.04903],[80.65034,9.05115],[80.64697,9.04882],[80.64636,9.04754],[80.64746,9.04688],[80.64735,9.04524],[80.64622,9.04473],[80.64296,9.04755],[80.64291,9.04906],[80.62585,9.04032],[80.62483,9.03816],[80.62365,9.04088],[80.60248,9.03052],[80.60204,9.02836],[80.60301,9.0264],[80.6066,9.02238],[80.60438,9.02007],[80.60284,9.01982],[80.60028,9.0221],[80.59626,9.02372],[80.59211,9.02174],[80.59229,9.02018],[80.59042,9.01872],[80.58957,9.01606],[80.58618,9.01343],[80.58462,9.01352],[80.58258,9.00831],[80.58013,9.00617],[80.58052,9.00459],[80.58462,9.00386],[80.58444,9.00012],[80.58971,8.99657],[80.59223,8.99504],[80.59793,8.99489],[80.59981,8.9934],[80.60063,8.99179],[80.59949,8.98942],[80.59841,8.9899],[80.59566,8.98699],[80.59485,8.98716],[80.59501,8.98608],[80.59682,8.98502],[80.59502,8.98049],[80.59997,8.97998],[80.60067,8.9772],[80.59788,8.97433],[80.59923,8.97374],[80.59852,8.97187],[80.59725,8.9721],[80.59587,8.9695],[80.59411,8.9692],[80.59332,8.96785],[80.59595,8.96536],[80.59779,8.96619],[80.59802,8.96796],[80.60069,8.96634],[80.60397,8.96667],[80.60495,8.96328],[80.60328,8.96065],[80.59938,8.9607],[80.59817,8.96178],[80.59669,8.95999],[80.5959,8.95711],[80.5988,8.95524],[80.59885,8.95336],[80.59699,8.95235],[80.59112,8.95195],[80.59063,8.95293],[80.58598,8.94649],[80.58329,8.94152],[80.58398,8.94068],[80.58743,8.94042],[80.58793,8.93919],[80.58747,8.9373],[80.58358,8.93629],[80.58316,8.93499],[80.58115,8.93495],[80.58043,8.93346],[80.58104,8.92177],[80.58043,8.91844],[80.5849,8.91521],[80.58628,8.91274],[80.58718,8.91251],[80.58667,8.91504],[80.58737,8.91491],[80.58978,8.91219],[80.59164,8.9116],[80.59273,8.90918],[80.59642,8.9079],[80.59494,8.9071],[80.59551,8.90426],[80.59965,8.89819],[80.60039,8.89527],[80.59899,8.89265],[80.60019,8.89062],[80.59989,8.88811],[80.59889,8.88735],[80.60055,8.88489],[80.60214,8.88463],[80.61954,8.90125],[80.62982,8.90705],[80.64186,8.91241],[80.65518,8.91426],[80.66355,8.91688],[80.67688,8.92317],[80.68181,8.92444],[80.68309,8.92931]]]},"properties":{"name":null,"ha":11930}},{"type":"Feature","geometry":{"type":"Polygon","coordinates":[[[81.21772,7.64369],[81.21823,7.64722],[81.21544,7.65187],[81.22116,7.65214],[81.22199,7.65643],[81.22007,7.65993],[81.22102,7.66301],[81.22667,7.65938],[81.22999,7.65007],[81.22936,7.62254],[81.23272,7.61644],[81.24094,7.61517],[81.24589,7.60895],[81.25429,7.60232],[81.26205,7.58901],[81.28071,7.57811],[81.28473,7.57372],[81.29732,7.57067],[81.30569,7.57164],[81.31132,7.56862],[81.32417,7.56623],[81.33421,7.56148],[81.33411,7.56005],[81.33269,7.55989],[81.33126,7.55567],[81.33113,7.5534],[81.33263,7.55273],[81.33277,7.55131],[81.3311,7.55039],[81.32909,7.55177],[81.3279,7.55142],[81.32188,7.54141],[81.3186,7.53396],[81.30588,7.52743],[81.30365,7.5241],[81.29992,7.52134],[81.28451,7.51448],[81.26745,7.50409],[81.25959,7.4982],[81.25857,7.49398],[81.25423,7.49354],[81.25316,7.49058],[81.24813,7.48989],[81.24561,7.4914],[81.24136,7.48611],[81.23928,7.48604],[81.23495,7.48277],[81.22925,7.48046],[81.22879,7.47892],[81.23016,7.47581],[81.22922,7.47521],[81.2277,7.47609],[81.22449,7.47424],[81.22375,7.47113],[81.22497,7.46911],[81.23023,7.46509],[81.23112,7.4615],[81.22661,7.45759],[81.22722,7.45245],[81.22435,7.45373],[81.22164,7.45337],[81.22233,7.44879],[81.21894,7.44626],[81.21772,7.64369]]]},"properties":{"name":null,"ha":11856}},{"type":"Feature","geometry":{"type":"Polygon","coordinates":[[[80.64844,9.14216],[80.6482,9.14701],[80.64433,9.14865],[80.64398,9.1497],[80.64093,9.14819],[80.6419,9.1463],[80.64146,9.1454],[80.63837,9.14713],[80.63672,9.14698],[80.63951,9.1425],[80.6389,9.14222],[80.63779,9.14427],[80.63693,9.1423],[80.63547,9.14301],[80.63481,9.14074],[80.63385,9.14054],[80.63683,9.14607],[80.63486,9.14956],[80.63321,9.14901],[80.63354,9.15288],[80.63124,9.15363],[80.58903,9.15615],[80.58959,9.15238],[80.58853,9.15074],[80.58787,9.15167],[80.58267,9.15174],[80.58268,9.15623],[80.57921,9.15666],[80.579,9.15507],[80.57737,9.15512],[80.57732,9.15666],[80.57618,9.15687],[80.57092,9.15702],[80.56905,9.15434],[80.5677,9.15713],[80.56331,9.15747],[80.55866,9.15547],[80.55718,9.15774],[80.55445,9.1575],[80.55324,9.15653],[80.55332,9.15393],[80.55091,9.15231],[80.54701,9.15164],[80.54562,9.15252],[80.54495,9.15175],[80.54338,9.15311],[80.54354,9.15406],[80.53884,9.1532],[80.53873,9.15482],[80.53788,9.15502],[80.53705,9.15293],[80.53456,9.15267],[80.53391,9.15281],[80.53404,9.15488],[80.53275,9.15533],[80.52987,9.15533],[80.5292,9.15442],[80.5305,9.15312],[80.52765,9.15514],[80.52474,9.15508],[80.52661,9.15097],[80.52883,9.14903],[80.52746,9.1478],[80.52847,9.14347],[80.52263,9.14503],[80.52289,9.14621],[80.52084,9.14831],[80.5195,9.14347],[80.51672,9.14194],[80.51969,9.14069],[80.51991,9.13808],[80.51587,9.13722],[80.51506,9.13489],[80.51982,9.13447],[80.52094,9.13222],[80.52047,9.13157],[80.51812,9.13216],[80.51517,9.13048],[80.5157,9.12912],[80.51307,9.1236],[80.51221,9.12366],[80.51085,9.11857],[80.5113,9.11588],[80.51259,9.11572],[80.51447,9.11793],[80.51656,9.11872],[80.51642,9.1163],[80.51858,9.11584],[80.51754,9.1133],[80.51494,9.11183],[80.5148,9.11087],[80.51207,9.11256],[80.5126,9.10987],[80.5102,9.10579],[80.51076,9.08022],[80.51275,9.0803],[80.51269,9.0727],[80.51421,9.07163],[80.51485,9.06844],[80.51748,9.065],[80.51628,9.05896],[80.51726,9.05761],[80.51927,9.0588],[80.51998,9.05824],[80.52076,9.05704],[80.51957,9.05608],[80.52164,9.05437],[80.52464,9.05551],[80.52614,9.05659],[80.52408,9.06002],[80.52697,9.06704],[80.52847,9.06547],[80.52881,9.06698],[80.53014,9.06761],[80.5335,9.06601],[80.53628,9.0681],[80.53702,9.06999],[80.53437,9.07085],[80.53406,9.07253],[80.53288,9.07321],[80.53371,9.07477],[80.52956,9.07559],[80.52841,9.07785],[80.5287,9.07959],[80.53595,9.08247],[80.54447,9.08186],[80.54745,9.08247],[80.54978,9.08165],[80.55423,9.07926],[80.5548,9.07797],[80.55238,9.0762],[80.5694,9.07069],[80.57358,9.06825],[80.57539,9.07052],[80.57525,9.07449],[80.57599,9.07578],[80.57749,9.07559],[80.58133,9.07057],[80.58098,9.06895],[80.5822,9.06846],[80.58301,9.06932],[80.58431,9.06721],[80.58669,9.06658],[80.59198,9.0744],[80.59172,9.07612],[80.59312,9.0765],[80.59266,9.07806],[80.59152,9.07812],[80.59034,9.08269],[80.59395,9.08892],[80.59218,9.09129],[80.59213,9.09331],[80.59559,9.09617],[80.59731,9.0958],[80.60041,9.09299],[80.60419,9.09457],[80.60784,9.09309],[80.61131,9.09476],[80.6124,9.09122],[80.61166,9.0874],[80.61289,9.08814],[80.61449,9.08144],[80.61555,9.08052],[80.61829,9.08058],[80.6208,9.08227],[80.62177,9.08441],[80.62642,9.08631],[80.62939,9.08388],[80.6319,9.08422],[80.63398,9.08231],[80.63902,9.08283],[80.63918,9.08762],[80.64095,9.0886],[80.64545,9.08875],[80.64608,9.0909],[80.64888,9.09367],[80.65144,9.09401],[80.64803,9.11086],[80.64644,9.11052],[80.64512,9.11482],[80.64351,9.11396],[80.6413,9.11485],[80.64154,9.11851],[80.63716,9.1194],[80.63566,9.11299],[80.63409,9.11045],[80.63198,9.11153],[80.63077,9.11098],[80.62982,9.11228],[80.62809,9.11202],[80.62793,9.10922],[80.62667,9.1084],[80.62518,9.11131],[80.62243,9.1136],[80.62219,9.11166],[80.62066,9.11049],[80.61898,9.1111],[80.61409,9.10756],[80.61228,9.10824],[80.61303,9.11029],[80.61744,9.11242],[80.61905,9.11577],[80.61904,9.11683],[80.61727,9.11781],[80.61151,9.12017],[80.60548,9.12023],[80.60375,9.11911],[80.60382,9.11771],[80.60264,9.11753],[80.6062,9.11413],[80.60598,9.11291],[80.6014,9.11342],[80.59973,9.11568],[80.59102,9.11782],[80.5918,9.12047],[80.59515,9.11997],[80.59928,9.12545],[80.6017,9.12033],[80.61177,9.12095],[80.62266,9.11583],[80.62436,9.11936],[80.62821,9.1191],[80.63148,9.11633],[80.63383,9.12105],[80.63697,9.12171],[80.64263,9.12055],[80.6399,9.12256],[80.64076,9.12613],[80.64219,9.12634],[80.64391,9.12455],[80.64564,9.12622],[80.64595,9.12803],[80.64852,9.12851],[80.64757,9.13559],[80.64884,9.13746],[80.64844,9.14216]]]},"properties":{"name":null,"ha":11766}},{"type":"Feature","geometry":{"type":"Polygon","coordinates":[[[81.05675,7.52834],[81.06062,7.52299],[81.06074,7.51932],[81.06219,7.51762],[81.06325,7.51875],[81.06217,7.52129],[81.0625,7.5245],[81.06583,7.52142],[81.06613,7.52293],[81.06687,7.52258],[81.0686,7.51868],[81.07011,7.51864],[81.0689,7.5178],[81.06896,7.51656],[81.07087,7.5173],[81.07132,7.51874],[81.07059,7.51913],[81.07205,7.52186],[81.07096,7.52283],[81.07175,7.52276],[81.0707,7.52563],[81.071,7.52625],[81.07175,7.5255],[81.07203,7.52827],[81.07332,7.52856],[81.07375,7.52686],[81.07525,7.527],[81.075,7.525],[81.0765,7.52375],[81.07672,7.51972],[81.07557,7.51886],[81.07747,7.5148],[81.07837,7.51479],[81.07903,7.51639],[81.08074,7.51549],[81.0815,7.51675],[81.08031,7.51738],[81.08182,7.51731],[81.082,7.51925],[81.08543,7.51815],[81.087,7.52511],[81.08915,7.51958],[81.09098,7.52034],[81.09281,7.52368],[81.09375,7.523],[81.09432,7.52361],[81.095,7.5225],[81.09385,7.51877],[81.0916,7.51608],[81.0935,7.5155],[81.09475,7.51625],[81.09525,7.51525],[81.0966,7.51572],[81.09966,7.51443],[81.09625,7.513],[81.09663,7.51032],[81.09525,7.51001],[81.09,7.512],[81.087,7.51025],[81.08596,7.51085],[81.08606,7.51238],[81.08466,7.51201],[81.08519,7.50996],[81.0838,7.50653],[81.08435,7.50439],[81.08172,7.50388],[81.0804,7.50238],[81.08115,7.50596],[81.0778,7.50982],[81.07679,7.50589],[81.076,7.50875],[81.07538,7.50639],[81.07368,7.50618],[81.07533,7.50422],[81.07412,7.50134],[81.0731,7.50307],[81.0714,7.50247],[81.07229,7.50506],[81.06856,7.5041],[81.06887,7.5001],[81.0685,7.50093],[81.066,7.5],[81.06703,7.49595],[81.06512,7.49683],[81.06609,7.49286],[81.0685,7.49025],[81.07,7.49175],[81.07175,7.49125],[81.0705,7.48825],[81.071,7.48575],[81.07175,7.48675],[81.071,7.48825],[81.07375,7.49275],[81.074,7.4885],[81.0765,7.48975],[81.0735,7.4855],[81.07725,7.48275],[81.077,7.48175],[81.07575,7.483],[81.07375,7.48275],[81.07475,7.48125],[81.07375,7.4805],[81.07325,7.4815],[81.072,7.48075],[81.07075,7.483],[81.07,7.4825],[81.07075,7.479],[81.07175,7.48025],[81.073,7.47775],[81.0745,7.47825],[81.07425,7.47525],[81.07275,7.47525],[81.0725,7.47325],[81.0705,7.475],[81.0695,7.473],[81.067,7.475],[81.0665,7.472],[81.06825,7.47275],[81.069,7.4715],[81.0685,7.47],[81.071,7.4715],[81.0725,7.471],[81.072,7.468],[81.0705,7.467],[81.07125,7.46625],[81.07242,7.46719],[81.07408,7.46584],[81.07377,7.4686],[81.07556,7.46933],[81.07727,7.46777],[81.07672,7.46605],[81.0748,7.46463],[81.07822,7.465],[81.079,7.46825],[81.07993,7.46697],[81.081,7.46775],[81.08221,7.46716],[81.08001,7.46569],[81.08309,7.46656],[81.08358,7.46501],[81.08562,7.46625],[81.0852,7.46508],[81.08925,7.464],[81.088,7.46325],[81.0864,7.46444],[81.0845,7.46375],[81.08425,7.4645],[81.08325,7.46425],[81.08375,7.46325],[81.08275,7.46325],[81.08075,7.4645],[81.07925,7.4625],[81.07975,7.461],[81.07711,7.46181],[81.079,7.4575],[81.0755,7.46],[81.075,7.4565],[81.0725,7.458],[81.07175,7.4555],[81.07075,7.45675],[81.068,7.45725],[81.0635,7.4625],[81.0645,7.458],[81.06575,7.45725],[81.06675,7.45475],[81.068,7.45475],[81.06925,7.453],[81.07075,7.4545],[81.0735,7.45375],[81.0715,7.45025],[81.07225,7.44825],[81.07325,7.45125],[81.07525,7.45075],[81.07494,7.45213],[81.07585,7.45226],[81.07665,7.45131],[81.07742,7.45357],[81.07825,7.45343],[81.07873,7.45142],[81.07964,7.45317],[81.08035,7.45243],[81.08197,7.45342],[81.0825,7.45525],[81.08383,7.45279],[81.08756,7.45299],[81.08387,7.45012],[81.08666,7.44924],[81.0886,7.45032],[81.09163,7.44986],[81.0854,7.44648],[81.08319,7.44839],[81.08168,7.44602],[81.08376,7.44451],[81.08661,7.43761],[81.08646,7.435],[81.07537,7.4435],[81.07844,7.43535],[81.0785,7.42717],[81.08097,7.42161],[81.08167,7.41508],[81.07982,7.41574],[81.07965,7.41954],[81.07729,7.42097],[81.07602,7.41754],[81.0785,7.41535],[81.07833,7.41215],[81.08022,7.41192],[81.08104,7.41071],[81.08102,7.40791],[81.07976,7.40578],[81.08229,7.40273],[81.08201,7.39923],[81.08324,7.3979],[81.08582,7.39763],[81.08668,7.39441],[81.09443,7.39775],[81.09312,7.40016],[81.09466,7.4024],[81.09739,7.40166],[81.09905,7.39994],[81.10116,7.40099],[81.10411,7.39921],[81.1113,7.39814],[81.11676,7.39976],[81.11781,7.39784],[81.11953,7.39777],[81.12047,7.40093],[81.11897,7.40281],[81.11712,7.40244],[81.11441,7.40355],[81.11153,7.40182],[81.11109,7.40283],[81.11273,7.40404],[81.11297,7.40569],[81.11215,7.40597],[81.1102,7.40396],[81.10974,7.40481],[81.1131,7.40947],[81.11293,7.4129],[81.11758,7.41697],[81.11619,7.42076],[81.1218,7.42663],[81.12392,7.42557],[81.12745,7.42645],[81.12675,7.43062],[81.12992,7.43113],[81.12992,7.43428],[81.13144,7.43787],[81.13431,7.44001],[81.13603,7.43999],[81.13837,7.43815],[81.13823,7.43432],[81.13695,7.43198],[81.13784,7.42868],[81.14312,7.4273],[81.14794,7.42447],[81.14766,7.42301],[81.14122,7.42054],[81.13978,7.41677],[81.14189,7.4084],[81.14513,7.40278],[81.14676,7.40163],[81.14938,7.40315],[81.14762,7.40629],[81.14751,7.40892],[81.14873,7.41573],[81.15181,7.42099],[81.15892,7.42151],[81.16304,7.42674],[81.17194,7.42953],[81.17575,7.43411],[81.17985,7.43575],[81.18107,7.43503],[81.18158,7.43018],[81.18711,7.42758],[81.18935,7.42818],[81.18889,7.43846],[81.18365,7.44167],[81.18369,7.44566],[81.19011,7.44965],[81.1907,7.45057],[81.18978,7.4532],[81.19192,7.45537],[81.19683,7.45272],[81.19955,7.4552],[81.20091,7.45522],[81.2011,7.45277],[81.05675,7.52834]]]},"properties":{"name":null,"ha":9601}},{"type":"Feature","geometry":{"type":"Polygon","coordinates":[[[80.24412,9.30487],[80.24908,9.30552],[80.25148,9.30247],[80.26023,9.30679],[80.26786,9.30759],[80.26886,9.31137],[80.27693,9.31145],[80.27658,9.304],[80.28431,9.29561],[80.2868,9.29129],[80.28457,9.28231],[80.28096,9.27935],[80.27873,9.27486],[80.28045,9.26817],[80.27555,9.26148],[80.27023,9.2608],[80.26277,9.26453],[80.25641,9.26046],[80.26851,9.24796],[80.26697,9.24504],[80.26723,9.24208],[80.26328,9.23953],[80.25581,9.24064],[80.2468,9.23657],[80.24448,9.22717],[80.19878,9.22666],[80.19627,9.22628],[80.19436,9.22384],[80.18653,9.22277],[80.175,9.22496],[80.15915,9.22556],[80.15586,9.22744],[80.15586,9.23166],[80.15468,9.23371],[80.15722,9.23509],[80.15938,9.24049],[80.16213,9.23966],[80.16272,9.24302],[80.16063,9.24509],[80.15641,9.2467],[80.1644,9.24699],[80.16588,9.24864],[80.16721,9.25665],[80.17586,9.25164],[80.17818,9.25148],[80.18335,9.26055],[80.18919,9.26436],[80.18745,9.26604],[80.18466,9.26491],[80.18186,9.26587],[80.18113,9.26401],[80.17891,9.26385],[80.17641,9.26717],[80.17278,9.26856],[80.17435,9.27204],[80.177,9.27185],[80.17836,9.27013],[80.17936,9.27019],[80.17993,9.27248],[80.17667,9.27399],[80.17395,9.27286],[80.1758,9.27825],[80.18108,9.2809],[80.18375,9.28932],[80.19841,9.29336],[80.20203,9.29126],[80.20428,9.29164],[80.20418,9.29381],[80.20161,9.29363],[80.19988,9.29455],[80.20009,9.30176],[80.19713,9.30043],[80.19519,9.30154],[80.19478,9.30293],[80.2103,9.30801],[80.21043,9.30629],[80.21126,9.30819],[80.2142,9.30893],[80.21486,9.30647],[80.21758,9.30709],[80.21891,9.30891],[80.22029,9.30657],[80.21637,9.30417],[80.21653,9.30222],[80.21899,9.30134],[80.22338,9.30181],[80.23576,9.29664],[80.23904,9.2983],[80.23958,9.29949],[80.23871,9.30307],[80.24054,9.30601],[80.24412,9.30487]]]},"properties":{"name":null,"ha":9029}},{"type":"Feature","geometry":{"type":"Polygon","coordinates":[[[80.73803,7.05431],[80.73612,7.05644],[80.7367,7.057],[80.73461,7.06106],[80.72766,7.05735],[80.72909,7.05963],[80.73014,7.05975],[80.72838,7.06245],[80.72953,7.06317],[80.72728,7.06475],[80.72658,7.0643],[80.72724,7.06332],[80.72537,7.06162],[80.72386,7.06241],[80.72515,7.06347],[80.72303,7.06379],[80.72254,7.06514],[80.72322,7.06737],[80.72477,7.06694],[80.72501,7.06786],[80.72374,7.06896],[80.72284,7.06837],[80.72188,7.07181],[80.72022,7.07342],[80.71962,7.07297],[80.71775,7.07643],[80.69989,7.08808],[80.7017,7.0887],[80.703,7.09076],[80.70611,7.09285],[80.7062,7.09573],[80.70368,7.10047],[80.69646,7.10082],[80.69811,7.10331],[80.69503,7.10863],[80.69558,7.10938],[80.69644,7.10802],[80.69779,7.10782],[80.69825,7.10877],[80.69653,7.11217],[80.68718,7.11375],[80.68362,7.11565],[80.68372,7.11799],[80.68764,7.11655],[80.69451,7.12183],[80.69395,7.12508],[80.69235,7.12715],[80.69354,7.12961],[80.69048,7.13283],[80.68565,7.13464],[80.68681,7.13713],[80.69216,7.13639],[80.69383,7.14088],[80.70115,7.1406],[80.70351,7.14288],[80.70617,7.13928],[80.70473,7.13473],[80.70522,7.13228],[80.70413,7.13089],[80.70694,7.13036],[80.7063,7.12698],[80.70211,7.12457],[80.70479,7.12295],[80.70565,7.12093],[80.70527,7.11901],[80.7003,7.11453],[80.70428,7.11303],[80.70529,7.11348],[80.70535,7.11642],[80.7087,7.11237],[80.71385,7.11901],[80.71316,7.11942],[80.71456,7.12282],[80.71745,7.11601],[80.71578,7.11433],[80.7187,7.11365],[80.72132,7.11614],[80.72494,7.11637],[80.72672,7.11541],[80.72866,7.1174],[80.73048,7.11429],[80.73052,7.11082],[80.72805,7.1086],[80.72501,7.10909],[80.72421,7.10596],[80.72735,7.10579],[80.72398,7.10232],[80.72629,7.09938],[80.72923,7.1016],[80.72842,7.09872],[80.73217,7.09621],[80.73357,7.09685],[80.73211,7.09544],[80.7329,7.09391],[80.73453,7.09421],[80.73522,7.09318],[80.73436,7.09261],[80.73614,7.09118],[80.74187,7.09438],[80.7455,7.09242],[80.74391,7.09169],[80.74215,7.09242],[80.74028,7.09163],[80.73946,7.09014],[80.74067,7.08676],[80.74638,7.08284],[80.74702,7.08034],[80.75254,7.07907],[80.75477,7.08333],[80.75601,7.08279],[80.7587,7.0842],[80.76082,7.08132],[80.7664,7.08179],[80.76863,7.08343],[80.76618,7.07792],[80.76698,7.0746],[80.76423,7.07479],[80.76153,7.06978],[80.76582,7.0687],[80.76338,7.06651],[80.7627,7.06758],[80.75477,7.06839],[80.75207,7.06559],[80.74943,7.0589],[80.74983,7.05694],[80.74842,7.05532],[80.7514,7.04519],[80.75443,7.04085],[80.75575,7.04023],[80.75644,7.04542],[80.75485,7.04588],[80.75725,7.04852],[80.75744,7.05106],[80.75656,7.05261],[80.75534,7.05214],[80.75258,7.05428],[80.75548,7.05487],[80.75718,7.05692],[80.75877,7.05728],[80.76043,7.05675],[80.7582,7.05489],[80.75856,7.05347],[80.76475,7.05794],[80.76536,7.05644],[80.76388,7.05422],[80.76473,7.0516],[80.76107,7.04946],[80.7619,7.04871],[80.76093,7.04795],[80.76158,7.04487],[80.76004,7.04576],[80.75797,7.04421],[80.75819,7.04323],[80.76041,7.04336],[80.76144,7.04183],[80.76296,7.04484],[80.76377,7.04391],[80.76512,7.04441],[80.76522,7.04307],[80.7667,7.04747],[80.76879,7.04333],[80.7689,7.03811],[80.7706,7.03683],[80.77009,7.03452],[80.77309,7.02967],[80.77515,7.0304],[80.77589,7.02969],[80.77518,7.02805],[80.77804,7.02696],[80.77842,7.02784],[80.77915,7.02745],[80.78039,7.02441],[80.78188,7.02445],[80.78252,7.02612],[80.78367,7.0241],[80.78889,7.02567],[80.78903,7.02366],[80.78992,7.02547],[80.79168,7.02482],[80.7929,7.02773],[80.79466,7.02806],[80.79693,7.03281],[80.79631,7.03712],[80.79308,7.03763],[80.79267,7.03926],[80.7911,7.04011],[80.79239,7.04173],[80.78946,7.04107],[80.78711,7.04701],[80.78766,7.04813],[80.79696,7.0407],[80.79876,7.04157],[80.79504,7.04934],[80.80241,7.05009],[80.80487,7.04549],[80.80565,7.04552],[80.8058,7.04689],[80.80724,7.04618],[80.80899,7.04723],[80.81274,7.04548],[80.81,7.04927],[80.81021,7.0519],[80.81159,7.05211],[80.81058,7.05414],[80.81328,7.0527],[80.81498,7.05102],[80.81449,7.05016],[80.81649,7.04864],[80.82027,7.04943],[80.81956,7.04782],[80.82112,7.04157],[80.82005,7.03991],[80.8212,7.0407],[80.82131,7.03974],[80.81846,7.0367],[80.8179,7.03301],[80.81941,7.03196],[80.8208,7.03226],[80.82023,7.0306],[80.82107,7.02969],[80.82398,7.03227],[80.82464,7.02935],[80.82641,7.02719],[80.82393,7.02724],[80.82328,7.02608],[80.82476,7.02512],[80.82636,7.02603],[80.82573,7.02703],[80.82856,7.02697],[80.82833,7.02972],[80.82599,7.03117],[80.82628,7.03384],[80.8237,7.03549],[80.82424,7.03709],[80.82328,7.0383],[80.82367,7.04036],[80.82705,7.04207],[80.82735,7.03925],[80.83164,7.03867],[80.83213,7.03609],[80.83561,7.03428],[80.83854,7.02654],[80.83364,7.026],[80.83207,7.02374],[80.8283,7.02474],[80.82509,7.01996],[80.82364,7.02036],[80.823,7.01869],[80.82175,7.01848],[80.82206,7.01752],[80.81649,7.01339],[80.81637,7.01202],[80.81469,7.0123],[80.8051,7.00573],[80.80206,7.00671],[80.80047,7.0057],[80.79967,7.00627],[80.7998,7.00501],[80.79895,7.00478],[80.80046,7.0019],[80.79921,7.00014],[80.79919,7.00206],[80.79607,6.99999],[80.7967,7.00092],[80.79555,7.00371],[80.79396,7.00514],[80.79153,7.00481],[80.79373,7.00558],[80.79175,7.0063],[80.79403,7.00597],[80.7945,7.00701],[80.79763,7.00241],[80.79645,7.00786],[80.79805,7.01141],[80.79522,7.01161],[80.79696,7.0105],[80.79595,7.00822],[80.79599,7.00956],[80.79394,7.00935],[80.79245,7.01401],[80.79144,7.01505],[80.79062,7.01471],[80.7931,7.00856],[80.79183,7.00707],[80.78988,7.00702],[80.78969,7.0044],[80.79127,7.00337],[80.79065,7.00275],[80.79171,7.00016],[80.79496,7.00149],[80.79542,7.00019],[80.7912,6.99705],[80.79263,6.99406],[80.792,6.9935],[80.79564,6.98694],[80.79513,6.9828],[80.796,6.98216],[80.79562,6.98085],[80.79455,6.98103],[80.79476,6.97857],[80.79145,6.97509],[80.78688,6.97776],[80.78531,6.97672],[80.78426,6.97786],[80.78219,6.97695],[80.77994,6.97783],[80.77813,6.976],[80.77428,6.9764],[80.77232,6.97875],[80.77213,6.97811],[80.76924,6.98013],[80.76692,6.9804],[80.7651,6.98209],[80.76024,6.98251],[80.75321,6.98964],[80.75145,6.98821],[80.74971,6.99013],[80.75022,6.99125],[80.75192,6.99132],[80.75162,6.99257],[80.75309,6.99435],[80.75242,6.99558],[80.75148,6.99499],[80.75039,6.99562],[80.75058,6.99781],[80.74934,6.99887],[80.75066,6.99903],[80.74939,7.00012],[80.73803,7.05431]]]},"properties":{"name":"Piduruthalagala Forest Reserve","ha":7821}},{"type":"Feature","geometry":{"type":"Polygon","coordinates":[[[80.94702,7.88165],[80.94181,7.88278],[80.93921,7.88149],[80.93821,7.87976],[80.93748,7.87985],[80.93789,7.88072],[80.9347,7.88078],[80.93611,7.87846],[80.93518,7.87313],[80.93278,7.87016],[80.93344,7.8672],[80.93091,7.86627],[80.92976,7.86194],[80.92708,7.86409],[80.92482,7.85733],[80.91974,7.85736],[80.91927,7.85846],[80.91706,7.85766],[80.91617,7.85888],[80.91674,7.85708],[80.91307,7.85746],[80.90787,7.85649],[80.90705,7.855],[80.90592,7.85504],[80.90172,7.85878],[80.90139,7.8636],[80.90011,7.86559],[80.89882,7.86593],[80.89793,7.87238],[80.89556,7.8735],[80.89489,7.87584],[80.8931,7.87617],[80.89234,7.8788],[80.89319,7.87912],[80.89322,7.88185],[80.89209,7.88281],[80.89338,7.88323],[80.89407,7.88865],[80.89301,7.88929],[80.89352,7.8911],[80.89253,7.89118],[80.89316,7.89547],[80.89212,7.89778],[80.89327,7.89739],[80.89242,7.90032],[80.89045,7.90067],[80.89122,7.90173],[80.88964,7.90235],[80.89037,7.90338],[80.88939,7.90702],[80.88688,7.91048],[80.88669,7.91785],[80.88473,7.91844],[80.88392,7.92799],[80.88244,7.92821],[80.8824,7.93075],[80.88114,7.93094],[80.88095,7.93443],[80.88401,7.9407],[80.89832,7.94678],[80.90578,7.95725],[80.90632,7.96012],[80.90873,7.9611],[80.9095,7.96512],[80.91121,7.96559],[80.90943,7.96694],[80.90922,7.96824],[80.9102,7.97652],[80.91291,7.97743],[80.91075,7.98071],[80.9119,7.98337],[80.91296,7.98209],[80.91717,7.98297],[80.91788,7.97884],[80.91628,7.97792],[80.91764,7.9776],[80.91673,7.97588],[80.91776,7.97573],[80.91861,7.97101],[80.92012,7.97398],[80.92049,7.97766],[80.92409,7.97909],[80.92706,7.97679],[80.92694,7.97467],[80.92758,7.97601],[80.9283,7.97394],[80.92771,7.97367],[80.94091,7.95846],[80.94035,7.95659],[80.93381,7.95134],[80.93407,7.94927],[80.93666,7.94717],[80.93898,7.94676],[80.94406,7.94966],[80.94642,7.94768],[80.949,7.94852],[80.95025,7.94719],[80.9498,7.94581],[80.95102,7.94515],[80.95331,7.94733],[80.95532,7.94768],[80.95946,7.94435],[80.96269,7.94422],[80.96691,7.94565],[80.97026,7.94456],[80.97237,7.94562],[80.94702,7.88165]]]},"properties":{"name":"Angamedilla National Park","ha":7793}},{"type":"Feature","geometry":{"type":"Polygon","coordinates":[[[81.05501,8.81305],[81.0567,8.81449],[81.05717,8.81352],[81.05914,8.81368],[81.058,8.8111],[81.0567,8.81126],[81.05572,8.80967],[81.05158,8.80827],[81.04978,8.80661],[81.04704,8.80656],[81.04443,8.8022],[81.04337,8.80261],[81.04454,8.80337],[81.04337,8.80378],[81.04281,8.79974],[81.04044,8.79892],[81.04025,8.79821],[81.04132,8.79852],[81.04164,8.79637],[81.04305,8.79594],[81.04353,8.79698],[81.04475,8.79638],[81.04425,8.79522],[81.04604,8.79465],[81.0462,8.79715],[81.04931,8.80019],[81.05173,8.79843],[81.05209,8.8001],[81.05064,8.80049],[81.05309,8.80328],[81.05636,8.80455],[81.05823,8.80307],[81.05999,8.80411],[81.06188,8.8035],[81.06229,8.80492],[81.06105,8.80547],[81.06231,8.80658],[81.06315,8.80591],[81.06392,8.8071],[81.06538,8.80702],[81.06572,8.80882],[81.06492,8.80906],[81.06641,8.81184],[81.06892,8.80995],[81.06967,8.80806],[81.07155,8.80945],[81.07184,8.80691],[81.07238,8.80916],[81.07326,8.80765],[81.07347,8.80906],[81.07516,8.80834],[81.07511,8.80997],[81.07773,8.81112],[81.07716,8.81197],[81.08309,8.81584],[81.08431,8.81527],[81.08611,8.81673],[81.08665,8.81593],[81.08716,8.81288],[81.0841,8.80885],[81.0856,8.80757],[81.08694,8.80813],[81.08596,8.8046],[81.08481,8.80418],[81.08318,8.80551],[81.08165,8.80454],[81.0777,8.80616],[81.07644,8.80438],[81.07479,8.80404],[81.07394,8.80176],[81.07456,8.80099],[81.07376,8.80046],[81.07435,8.79911],[81.0737,8.7994],[81.07013,8.79589],[81.07011,8.79446],[81.07143,8.79339],[81.07088,8.79169],[81.07222,8.79073],[81.07092,8.79008],[81.06911,8.78651],[81.06913,8.78792],[81.06454,8.79109],[81.06272,8.79152],[81.06142,8.79067],[81.06202,8.78821],[81.06493,8.78512],[81.06708,8.78549],[81.06777,8.78471],[81.06788,8.78196],[81.06664,8.78065],[81.06587,8.77659],[81.0633,8.77698],[81.06385,8.7758],[81.06082,8.77561],[81.0581,8.77692],[81.05915,8.77792],[81.05839,8.77883],[81.05504,8.77622],[81.05499,8.77458],[81.05866,8.77383],[81.05813,8.77221],[81.05933,8.77134],[81.06475,8.77486],[81.06519,8.77051],[81.06234,8.76866],[81.06237,8.76748],[81.05946,8.76353],[81.06004,8.76283],[81.06153,8.7636],[81.06179,8.7657],[81.06291,8.76562],[81.06428,8.76783],[81.06539,8.76745],[81.06705,8.7707],[81.06799,8.77021],[81.06994,8.77356],[81.07127,8.77424],[81.07249,8.7742],[81.0716,8.77331],[81.07267,8.77233],[81.07174,8.77105],[81.07294,8.77034],[81.07179,8.76988],[81.07158,8.76636],[81.06665,8.76094],[81.06256,8.75411],[81.06037,8.75318],[81.05626,8.75295],[81.04759,8.7494],[81.04839,8.75072],[81.04747,8.7527],[81.04551,8.75238],[81.04441,8.75074],[81.04366,8.75195],[81.04211,8.75118],[81.03659,8.754],[81.03504,8.75356],[81.03431,8.75247],[81.037,8.74815],[81.03664,8.74525],[81.03951,8.74438],[81.04038,8.74275],[81.03741,8.74334],[81.03778,8.74175],[81.03881,8.74211],[81.03872,8.74076],[81.03486,8.74049],[81.03512,8.73942],[81.03235,8.73844],[81.03173,8.73611],[81.02819,8.73741],[81.02289,8.74348],[81.02084,8.74347],[81.01972,8.74152],[81.02182,8.73826],[81.02364,8.73733],[81.02517,8.73283],[81.02086,8.73009],[81.01971,8.73119],[81.01692,8.73076],[81.01882,8.72857],[81.0178,8.72766],[81.01097,8.72809],[81.00725,8.72643],[81.00516,8.72669],[81.00025,8.72414],[80.99696,8.72505],[80.99714,8.72592],[80.99879,8.72503],[80.99989,8.72572],[80.99917,8.72923],[81.00027,8.732],[80.99824,8.73224],[81.00091,8.73502],[81.00108,8.73724],[81.00427,8.73765],[81.00159,8.73843],[81.00124,8.74046],[81.00365,8.74165],[81.00364,8.74415],[81.00087,8.74434],[80.99942,8.74801],[81.00072,8.75334],[81.00162,8.75416],[81.00475,8.75308],[81.00445,8.75199],[81.00562,8.75345],[81.00704,8.7523],[81.00739,8.75489],[81.00498,8.75741],[81.0047,8.75545],[81.0039,8.75539],[80.99895,8.7584],[80.9993,8.76008],[81.00049,8.75959],[81.00154,8.76346],[81.00314,8.76435],[81.0014,8.76532],[81.00166,8.76634],[81.00382,8.76715],[81.00335,8.76852],[81.00069,8.76972],[81.00029,8.76729],[80.99943,8.76804],[81.00002,8.76979],[80.99928,8.77002],[80.99771,8.76775],[80.99782,8.77023],[80.99613,8.77224],[80.99528,8.77056],[80.99335,8.76989],[80.99447,8.76586],[80.99331,8.7644],[80.99124,8.76578],[80.98957,8.76369],[80.98837,8.76441],[80.98751,8.7641],[80.98759,8.76281],[80.9861,8.763],[80.98695,8.76232],[80.98645,8.76173],[80.9834,8.76217],[80.98263,8.76569],[80.984,8.76916],[80.9833,8.7693],[80.9831,8.7745],[80.98195,8.77689],[80.98277,8.78058],[80.98149,8.78215],[80.98357,8.78474],[80.98933,8.78392],[80.99238,8.78527],[80.99477,8.78495],[80.99415,8.78678],[80.99202,8.78796],[80.99119,8.78969],[80.98989,8.79007],[80.98901,8.78919],[80.98671,8.79085],[80.99056,8.79394],[80.99873,8.79823],[80.99923,8.80011],[81.00208,8.80313],[81.00452,8.81088],[81.00872,8.80973],[81.00988,8.81285],[81.01036,8.81145],[81.01117,8.81242],[81.01284,8.81196],[81.01396,8.81005],[81.01688,8.80945],[81.01722,8.81141],[81.01542,8.81247],[81.01424,8.8152],[81.01696,8.81499],[81.01632,8.81766],[81.01576,8.81821],[81.01426,8.81728],[81.01207,8.81864],[81.01143,8.82122],[81.01061,8.8208],[81.01104,8.82228],[81.0122,8.82228],[81.01289,8.8236],[81.01122,8.82431],[81.01259,8.82589],[81.01469,8.82432],[81.01465,8.82262],[81.01722,8.82182],[81.01898,8.82402],[81.01778,8.82381],[81.01533,8.82614],[81.01731,8.82847],[81.01645,8.82937],[81.01555,8.82864],[81.01486,8.83002],[81.0215,8.8315],[81.02126,8.83293],[81.01775,8.83232],[81.01714,8.83453],[81.01596,8.83463],[81.01668,8.83659],[81.01833,8.83744],[81.01833,8.8393],[81.01692,8.83928],[81.01721,8.8418],[81.01492,8.84583],[81.01507,8.84754],[81.01735,8.85093],[81.01752,8.85465],[81.01911,8.85546],[81.01904,8.84855],[81.02295,8.84934],[81.02245,8.85267],[81.0237,8.85301],[81.02628,8.8509],[81.02886,8.85109],[81.02691,8.84985],[81.02883,8.846],[81.03049,8.84656],[81.02948,8.84739],[81.03038,8.85019],[81.02795,8.85233],[81.02872,8.85335],[81.03073,8.85052],[81.03385,8.85108],[81.03534,8.85267],[81.03435,8.85485],[81.03671,8.85661],[81.0385,8.85453],[81.04211,8.85462],[81.04318,8.85207],[81.04451,8.85233],[81.04537,8.85123],[81.04537,8.84961],[81.04232,8.84487],[81.04258,8.84359],[81.04408,8.84317],[81.04533,8.84402],[81.04666,8.84838],[81.04782,8.84991],[81.04915,8.84974],[81.05112,8.84911],[81.05325,8.8469],[81.05228,8.84487],[81.0532,8.84274],[81.05681,8.84258],[81.05787,8.8415],[81.0555,8.84052],[81.05813,8.84086],[81.05883,8.83977],[81.05352,8.83446],[81.0517,8.83595],[81.05107,8.83452],[81.04932,8.83465],[81.04833,8.83775],[81.04737,8.83635],[81.04937,8.83371],[81.04822,8.83375],[81.04776,8.83276],[81.05051,8.83183],[81.05212,8.82813],[81.04895,8.82612],[81.05012,8.82512],[81.05141,8.82619],[81.05243,8.82555],[81.05196,8.82453],[81.05063,8.82486],[81.04895,8.82348],[81.05037,8.82203],[81.04935,8.81879],[81.0471,8.8185],[81.04671,8.82051],[81.04451,8.82154],[81.04339,8.81747],[81.04131,8.81567],[81.04001,8.81834],[81.03892,8.81841],[81.03605,8.81567],[81.0358,8.81424],[81.03681,8.81282],[81.04051,8.81339],[81.03381,8.80883],[81.03155,8.80905],[81.02902,8.81328],[81.02762,8.81368],[81.02661,8.80968],[81.02723,8.80921],[81.02565,8.80869],[81.02409,8.80949],[81.02399,8.80443],[81.02142,8.80469],[81.01988,8.80192],[81.01443,8.79963],[81.01518,8.79623],[81.01923,8.79812],[81.01994,8.79812],[81.02026,8.79564],[81.02548,8.79748],[81.02722,8.79954],[81.02672,8.8016],[81.02893,8.80047],[81.02962,8.80173],[81.0288,8.80323],[81.03223,8.80566],[81.03114,8.8074],[81.03166,8.80799],[81.03449,8.80681],[81.03922,8.80941],[81.0362,8.80704],[81.03971,8.80718],[81.04327,8.80839],[81.04357,8.80968],[81.04653,8.8111],[81.05423,8.81044],[81.05501,8.81305]]]},"properties":{"name":null,"ha":7570}},{"type":"Feature","geometry":{"type":"Polygon","coordinates":[[[80.10983,8.99345],[80.1095,8.99043],[80.11096,8.9902],[80.11075,8.98762],[80.1091,8.98807],[80.10629,8.98554],[80.10972,8.98415],[80.11252,8.98056],[80.12048,8.98486],[80.12684,8.98426],[80.13325,8.98326],[80.13807,8.9812],[80.14544,8.98022],[80.14393,8.97851],[80.14442,8.97665],[80.14679,8.97604],[80.14762,8.97655],[80.14684,8.98099],[80.14968,8.98186],[80.15409,8.98106],[80.15548,8.9799],[80.15794,8.98009],[80.16203,8.98213],[80.16282,8.98395],[80.16468,8.98433],[80.16874,8.98261],[80.17095,8.98304],[80.17465,8.98671],[80.17947,9.00005],[80.18284,9.00293],[80.18758,9.00402],[80.20455,9.01784],[80.20927,9.02498],[80.21322,9.02898],[80.21403,9.03167],[80.21988,9.03378],[80.22314,9.03311],[80.22569,9.03647],[80.22159,9.03711],[80.2184,9.0349],[80.21618,9.03496],[80.21447,9.03751],[80.20843,9.03766],[80.20353,9.03988],[80.19753,9.04076],[80.19158,9.04679],[80.18874,9.04718],[80.18166,9.04413],[80.17858,9.04483],[80.17483,9.04787],[80.17306,9.04675],[80.17066,9.04706],[80.16814,9.04475],[80.166,9.04517],[80.16092,9.04915],[80.15348,9.05129],[80.14983,9.04521],[80.14876,9.04508],[80.1421,9.04696],[80.13396,9.05314],[80.11832,9.0575],[80.11067,9.05576],[80.10711,9.05632],[80.10148,9.05434],[80.10412,9.04876],[80.10489,9.03502],[80.10089,9.02741],[80.10607,9.02458],[80.10835,9.01714],[80.10453,9.00736],[80.10212,9.00563],[80.10367,9.00437],[80.10285,9.00067],[80.1038,8.99915],[80.10992,8.99703],[80.10983,8.99345]]]},"properties":{"name":null,"ha":7377}},{"type":"Feature","geometry":{"type":"Polygon","coordinates":[[[80.48842,7.77373],[80.48752,7.77467],[80.48615,7.77397],[80.48554,7.77516],[80.48351,7.77354],[80.48014,7.77723],[80.48177,7.7781],[80.48361,7.77647],[80.48582,7.77707],[80.48795,7.77464],[80.49253,7.77816],[80.49584,7.77836],[80.4958,7.77974],[80.49361,7.78116],[80.49375,7.78277],[80.48984,7.78782],[80.48903,7.79324],[80.49031,7.79541],[80.48822,7.79561],[80.48686,7.79695],[80.48581,7.80012],[80.48719,7.8014],[80.49006,7.80076],[80.49117,7.79894],[80.49207,7.79932],[80.49179,7.80181],[80.4939,7.80327],[80.49526,7.81181],[80.49183,7.81431],[80.48811,7.81532],[80.48804,7.81612],[80.48955,7.81634],[80.48928,7.8199],[80.48835,7.81992],[80.48749,7.82188],[80.48452,7.82104],[80.48382,7.82214],[80.48375,7.82316],[80.48539,7.82363],[80.48468,7.82523],[80.48526,7.82793],[80.48477,7.82846],[80.48075,7.82601],[80.47947,7.82718],[80.47571,7.83405],[80.47689,7.83562],[80.47412,7.8356],[80.47245,7.83662],[80.47314,7.83906],[80.47157,7.8407],[80.47052,7.84451],[80.469,7.8444],[80.46822,7.84576],[80.46537,7.84493],[80.46481,7.84697],[80.46292,7.84767],[80.46119,7.84653],[80.46119,7.84325],[80.45979,7.83904],[80.45659,7.83895],[80.45554,7.83788],[80.45425,7.83832],[80.45363,7.83649],[80.45165,7.83856],[80.45195,7.83982],[80.45036,7.84036],[80.45106,7.842],[80.44946,7.84519],[80.45005,7.84756],[80.45485,7.85063],[80.45601,7.84957],[80.45782,7.85018],[80.46118,7.84953],[80.46374,7.85243],[80.46554,7.85171],[80.46539,7.84952],[80.46702,7.84901],[80.46805,7.85014],[80.46541,7.85496],[80.46758,7.85754],[80.46966,7.85611],[80.46998,7.85783],[80.46837,7.85987],[80.46556,7.86062],[80.46378,7.85798],[80.45996,7.85866],[80.45844,7.85573],[80.45563,7.85533],[80.45417,7.8528],[80.44761,7.85038],[80.44674,7.85158],[80.44557,7.85126],[80.44498,7.85304],[80.44279,7.85216],[80.44149,7.86002],[80.43831,7.86342],[80.43964,7.86585],[80.43863,7.86721],[80.43344,7.86451],[80.43255,7.86716],[80.4361,7.86969],[80.43709,7.86779],[80.43926,7.8698],[80.44212,7.87071],[80.4446,7.8703],[80.4447,7.87161],[80.44715,7.87324],[80.44074,7.87709],[80.43966,7.87605],[80.43819,7.8768],[80.4379,7.87756],[80.43899,7.87826],[80.43779,7.8789],[80.43741,7.8854],[80.43872,7.88921],[80.43827,7.89185],[80.43859,7.89315],[80.44297,7.89667],[80.44199,7.89815],[80.44583,7.89767],[80.44471,7.90051],[80.44644,7.90132],[80.44569,7.90243],[80.44606,7.905],[80.44194,7.90338],[80.44195,7.90508],[80.44742,7.90679],[80.44962,7.90899],[80.45011,7.90785],[80.45256,7.90963],[80.45638,7.90691],[80.45764,7.90885],[80.45827,7.90834],[80.459,7.91116],[80.45644,7.91069],[80.45642,7.91195],[80.45198,7.91095],[80.44805,7.91322],[80.44936,7.91694],[80.44857,7.9203],[80.44674,7.92109],[80.44923,7.92313],[80.44765,7.92387],[80.44953,7.92457],[80.44947,7.92655],[80.44814,7.92734],[80.44923,7.93409],[80.45453,7.93103],[80.45367,7.93592],[80.45979,7.93947],[80.46137,7.94321],[80.46233,7.94186],[80.46326,7.94278],[80.46883,7.93718],[80.46695,7.93439],[80.46891,7.93288],[80.46898,7.92745],[80.4641,7.92706],[80.46433,7.92474],[80.46777,7.9257],[80.46915,7.92487],[80.47134,7.9262],[80.47221,7.92565],[80.47166,7.92427],[80.47357,7.92397],[80.47464,7.92068],[80.47659,7.91887],[80.4763,7.91711],[80.4785,7.91382],[80.48004,7.91367],[80.48017,7.91271],[80.47887,7.91209],[80.47944,7.90806],[80.47752,7.9072],[80.477,7.90194],[80.4757,7.90016],[80.47706,7.89695],[80.47926,7.89547],[80.47747,7.89485],[80.47797,7.89181],[80.47992,7.88962],[80.48092,7.8909],[80.48288,7.89093],[80.48413,7.88451],[80.48694,7.88477],[80.485,7.88347],[80.48872,7.87973],[80.48826,7.87578],[80.48674,7.87329],[80.48747,7.86844],[80.48885,7.86954],[80.48843,7.8705],[80.48936,7.87182],[80.49055,7.87187],[80.4901,7.87417],[80.49141,7.87227],[80.49244,7.87223],[80.49188,7.87407],[80.49301,7.87558],[80.4948,7.87441],[80.49559,7.87099],[80.49624,7.87176],[80.50136,7.86945],[80.5015,7.87401],[80.50283,7.87422],[80.50409,7.87746],[80.50527,7.87743],[80.50524,7.8793],[80.50884,7.88139],[80.51078,7.87776],[80.51025,7.87689],[80.51141,7.87365],[80.51308,7.87384],[80.51392,7.87255],[80.51616,7.87297],[80.51704,7.8706],[80.51723,7.86861],[80.51489,7.86689],[80.51489,7.86198],[80.51629,7.85998],[80.51923,7.86234],[80.52101,7.8613],[80.52109,7.85511],[80.51972,7.85295],[80.5177,7.85214],[80.51633,7.85295],[80.5162,7.8518],[80.51479,7.85156],[80.51419,7.85039],[80.51511,7.84984],[80.51457,7.8488],[80.51129,7.84563],[80.5082,7.84714],[80.50777,7.84519],[80.50691,7.83571],[80.50884,7.82748],[80.51112,7.82442],[80.50747,7.82159],[80.50753,7.81396],[80.50942,7.81381],[80.51298,7.81764],[80.51376,7.81721],[80.51389,7.81424],[80.51264,7.8116],[80.50427,7.81241],[80.50279,7.8109],[80.50206,7.80771],[80.5012,7.80217],[80.50354,7.80132],[80.50381,7.79758],[80.50656,7.80452],[80.50857,7.80253],[80.50679,7.79822],[80.50761,7.7972],[80.5075,7.79326],[80.50258,7.79206],[80.50178,7.78929],[80.5042,7.78577],[80.50611,7.77859],[80.50538,7.76807],[80.50248,7.75828],[80.50317,7.7564],[80.50068,7.75501],[80.50007,7.75324],[80.49581,7.75805],[80.49745,7.76118],[80.49682,7.7621],[80.4954,7.76145],[80.49385,7.7627],[80.49323,7.76114],[80.49404,7.75961],[80.49143,7.75512],[80.49329,7.75402],[80.4926,7.75223],[80.49031,7.75142],[80.48811,7.75401],[80.48626,7.7509],[80.4842,7.75184],[80.48435,7.75296],[80.48182,7.75601],[80.4834,7.75725],[80.48387,7.76029],[80.48272,7.76034],[80.48087,7.75746],[80.47935,7.75901],[80.48162,7.76244],[80.4834,7.76197],[80.48446,7.76382],[80.48073,7.76829],[80.47935,7.77489],[80.47992,7.77522],[80.48456,7.76939],[80.48832,7.77261],[80.48842,7.77373]]]},"properties":{"name":"Pallekele Reserved Forest","ha":7341}},{"type":"Feature","geometry":{"type":"Polygon","coordinates":[[[80.87778,8.23318],[80.85936,8.23323],[80.85941,8.3202],[80.94728,8.32027],[80.94728,8.31075],[80.94358,8.30633],[80.94047,8.30628],[80.9319,8.29127],[80.92873,8.29202],[80.92832,8.28717],[80.92613,8.2815],[80.92699,8.2808],[80.93085,8.28161],[80.93065,8.28064],[80.92832,8.27602],[80.92763,8.27737],[80.92696,8.27628],[80.9269,8.27376],[80.92345,8.26825],[80.92107,8.26753],[80.92013,8.26381],[80.91731,8.26175],[80.91727,8.25964],[80.91407,8.25441],[80.91209,8.25365],[80.91272,8.2524],[80.91074,8.25101],[80.91152,8.24994],[80.90707,8.24328],[80.90476,8.24048],[80.90196,8.23911],[80.89915,8.2359],[80.89787,8.23598],[80.89533,8.23321],[80.87778,8.23318]]]},"properties":{"name":null,"ha":7000}},{"type":"Feature","geometry":{"type":"Polygon","coordinates":[[[80.77134,9.19609],[80.76498,9.19666],[80.76416,9.19871],[80.761,9.20054],[80.73999,9.17768],[80.73118,9.16252],[80.7329,9.16021],[80.7443,9.15386],[80.74347,9.14969],[80.74152,9.14722],[80.74243,9.1438],[80.74008,9.13562],[80.7391,9.13483],[80.73956,9.13173],[80.73633,9.12992],[80.73696,9.12847],[80.73281,9.12505],[80.7313,9.12517],[80.73144,9.13037],[80.73551,9.1332],[80.73676,9.14067],[80.73493,9.14596],[80.73125,9.14482],[80.72907,9.14629],[80.72974,9.14764],[80.73129,9.14812],[80.73033,9.14953],[80.73218,9.14939],[80.73258,9.15251],[80.72944,9.15317],[80.72669,9.15507],[80.72473,9.15246],[80.72572,9.15182],[80.72459,9.15011],[80.72337,9.15068],[80.71237,9.13595],[80.71325,9.13362],[80.7153,9.13273],[80.71308,9.13151],[80.71092,9.1323],[80.7082,9.12836],[80.70533,9.13045],[80.70517,9.13277],[80.69087,9.1244],[80.6913,9.12161],[80.69,9.11902],[80.68893,9.12043],[80.68616,9.11756],[80.68858,9.11645],[80.68912,9.11776],[80.69051,9.11677],[80.69115,9.11729],[80.69415,9.1148],[80.69335,9.11407],[80.68937,9.11514],[80.68709,9.11407],[80.68445,9.11729],[80.68273,9.11481],[80.68039,9.11538],[80.67859,9.11075],[80.71333,9.10216],[80.72406,9.10262],[80.72891,9.10623],[80.73075,9.10614],[80.73427,9.10807],[80.74221,9.10852],[80.74455,9.10985],[80.75061,9.10889],[80.75234,9.10735],[80.75734,9.1088],[80.75906,9.10846],[80.76735,9.11551],[80.76563,9.12188],[80.77408,9.12581],[80.77526,9.12485],[80.77703,9.12713],[80.77555,9.13057],[80.77804,9.13367],[80.77699,9.13636],[80.77868,9.13795],[80.77777,9.13877],[80.77527,9.13868],[80.77456,9.14034],[80.7781,9.14113],[80.78318,9.13898],[80.78576,9.14315],[80.79194,9.14492],[80.79333,9.14671],[80.79242,9.14788],[80.79249,9.15141],[80.79688,9.15453],[80.80406,9.15405],[80.80395,9.15586],[80.80543,9.15669],[80.80696,9.15571],[80.80841,9.15599],[80.81152,9.15322],[80.81406,9.1539],[80.81645,9.15587],[80.81887,9.1553],[80.8199,9.15875],[80.81823,9.15963],[80.81801,9.16094],[80.81606,9.16119],[80.81531,9.16493],[80.81661,9.16552],[80.80793,9.18335],[80.79732,9.18143],[80.79451,9.17752],[80.79311,9.17166],[80.78965,9.1701],[80.78624,9.16391],[80.78235,9.161],[80.77627,9.15997],[80.77472,9.15767],[80.77149,9.15653],[80.76883,9.15268],[80.76563,9.15543],[80.76236,9.15379],[80.75994,9.15494],[80.75502,9.1531],[80.75055,9.15367],[80.74897,9.15638],[80.75072,9.15815],[80.76614,9.16474],[80.76885,9.16737],[80.77161,9.16561],[80.77857,9.16915],[80.77739,9.17086],[80.77881,9.17631],[80.78047,9.17749],[80.78309,9.17752],[80.78195,9.18037],[80.77965,9.18215],[80.78305,9.18041],[80.78576,9.18032],[80.78788,9.18299],[80.78812,9.18437],[80.7867,9.18554],[80.78896,9.19074],[80.78798,9.19451],[80.7851,9.19774],[80.78519,9.19933],[80.78412,9.19957],[80.78121,9.19563],[80.77864,9.19508],[80.77724,9.19335],[80.7759,9.19365],[80.77512,9.19557],[80.77134,9.19609]]]},"properties":{"name":null,"ha":6719}},{"type":"Feature","geometry":{"type":"Polygon","coordinates":[[[80.53952,6.84641],[80.53901,6.84504],[80.54271,6.84171],[80.54443,6.84287],[80.54428,6.84188],[80.54567,6.84224],[80.54634,6.8412],[80.54423,6.83975],[80.54544,6.83834],[80.54392,6.83475],[80.53869,6.84279],[80.53017,6.84094],[80.52832,6.84263],[80.52556,6.84144],[80.5189,6.8414],[80.51685,6.83924],[80.51759,6.83332],[80.52043,6.83151],[80.52072,6.82987],[80.52431,6.82949],[80.5246,6.82712],[80.51927,6.82519],[80.51857,6.82592],[80.51852,6.82486],[80.51554,6.82576],[80.51418,6.82479],[80.51186,6.82545],[80.51117,6.82431],[80.51108,6.82318],[80.51719,6.81919],[80.51722,6.81585],[80.52298,6.80901],[80.53166,6.80831],[80.53372,6.80705],[80.53397,6.80225],[80.53587,6.79859],[80.53185,6.80126],[80.53127,6.80503],[80.5285,6.80681],[80.5274,6.8034],[80.52232,6.80179],[80.52272,6.79458],[80.52408,6.79481],[80.52445,6.79662],[80.52708,6.79625],[80.53045,6.79721],[80.53297,6.79624],[80.53735,6.79165],[80.54022,6.79291],[80.5423,6.79636],[80.54537,6.79524],[80.54731,6.79164],[80.54611,6.79007],[80.54619,6.7882],[80.55092,6.78479],[80.55218,6.77896],[80.55781,6.77728],[80.55903,6.77814],[80.55919,6.77977],[80.56134,6.78091],[80.5613,6.78516],[80.5633,6.79314],[80.56275,6.79724],[80.56025,6.79735],[80.5599,6.79844],[80.56455,6.80012],[80.5726,6.79891],[80.58222,6.79355],[80.58596,6.78862],[80.58696,6.78571],[80.58459,6.78394],[80.58415,6.77856],[80.58511,6.77657],[80.58742,6.7762],[80.58626,6.77151],[80.58963,6.76847],[80.59245,6.76873],[80.59473,6.7716],[80.59925,6.77083],[80.60329,6.76847],[80.60466,6.76458],[80.61109,6.76486],[80.61804,6.75991],[80.62334,6.7582],[80.6452,6.78519],[80.64035,6.78915],[80.63736,6.78897],[80.63528,6.79068],[80.63777,6.7928],[80.63692,6.79531],[80.64088,6.79643],[80.64218,6.79826],[80.53952,6.84641]]]},"properties":{"name":"Peak Wilderness Sanctuary","ha":6556}},{"type":"Feature","geometry":{"type":"Polygon","coordinates":[[[81.02719,8.71412],[81.02725,8.71165],[81.02834,8.71422],[81.0274,8.71489],[81.02789,8.71561],[81.03041,8.71686],[81.03126,8.71533],[81.03282,8.71539],[81.03324,8.71753],[81.03491,8.7193],[81.03587,8.71878],[81.03575,8.71755],[81.03701,8.7181],[81.03938,8.71717],[81.03816,8.71435],[81.03608,8.71431],[81.03507,8.71313],[81.03053,8.71235],[81.03029,8.71159],[81.03058,8.71039],[81.032,8.71006],[81.03387,8.71123],[81.03329,8.71035],[81.03454,8.70827],[81.03041,8.70332],[81.03171,8.70029],[81.02981,8.69725],[81.03142,8.69309],[81.02952,8.68781],[81.02986,8.68441],[81.03106,8.68788],[81.03233,8.68723],[81.03342,8.68825],[81.03424,8.68785],[81.03376,8.6868],[81.03506,8.68691],[81.03527,8.68804],[81.03773,8.68923],[81.03773,8.68703],[81.04016,8.68803],[81.03853,8.68938],[81.0406,8.69042],[81.04087,8.68857],[81.04456,8.68736],[81.04528,8.68842],[81.04774,8.6868],[81.04704,8.68593],[81.0478,8.68508],[81.05281,8.68656],[81.05298,8.68755],[81.05083,8.68819],[81.05077,8.68938],[81.05208,8.68917],[81.05385,8.69438],[81.056,8.69468],[81.05619,8.69719],[81.05764,8.6996],[81.05825,8.69933],[81.05991,8.70385],[81.05817,8.70825],[81.06361,8.71081],[81.06405,8.71251],[81.06733,8.71206],[81.06842,8.71381],[81.0684,8.7161],[81.07236,8.7127],[81.07171,8.7102],[81.07339,8.70911],[81.07205,8.70717],[81.07087,8.70801],[81.06972,8.70784],[81.06978,8.70685],[81.07109,8.70688],[81.07134,8.70601],[81.07208,8.70673],[81.07335,8.7055],[81.07047,8.70569],[81.07036,8.70426],[81.06639,8.70211],[81.06781,8.69946],[81.06862,8.69944],[81.06831,8.69847],[81.06928,8.6988],[81.06938,8.69755],[81.07165,8.69716],[81.07094,8.69641],[81.07242,8.69057],[81.07707,8.68876],[81.0788,8.68975],[81.07847,8.68816],[81.08003,8.68698],[81.07938,8.68583],[81.08029,8.68542],[81.09555,8.6913],[81.10277,8.69179],[81.10315,8.69262],[81.10038,8.69908],[81.10449,8.70211],[81.10511,8.70561],[81.10366,8.70567],[81.10261,8.70792],[81.10361,8.71037],[81.1052,8.71185],[81.10505,8.71087],[81.10724,8.71],[81.11022,8.71251],[81.11106,8.71406],[81.11065,8.71634],[81.11293,8.71818],[81.11286,8.72188],[81.11518,8.72357],[81.11551,8.72473],[81.11451,8.72524],[81.11702,8.72564],[81.11563,8.7272],[81.11735,8.72729],[81.11729,8.72806],[81.12127,8.73083],[81.12278,8.72996],[81.12191,8.72889],[81.1243,8.72982],[81.12372,8.732],[81.12436,8.7329],[81.12724,8.73379],[81.1273,8.73939],[81.12483,8.74008],[81.12474,8.74188],[81.12339,8.74334],[81.12073,8.74332],[81.12034,8.74646],[81.11852,8.74745],[81.11885,8.7486],[81.11737,8.74849],[81.11772,8.74979],[81.11987,8.7505],[81.12089,8.74919],[81.12127,8.74971],[81.11965,8.7527],[81.12044,8.75322],[81.12103,8.75719],[81.11984,8.75785],[81.11789,8.75568],[81.11383,8.75398],[81.11224,8.75543],[81.11291,8.75871],[81.11188,8.75929],[81.10928,8.75765],[81.10817,8.75899],[81.10887,8.76311],[81.1059,8.76279],[81.10251,8.76691],[81.10078,8.76557],[81.10003,8.76762],[81.09614,8.76596],[81.09557,8.76742],[81.09757,8.7692],[81.09989,8.76883],[81.10046,8.77045],[81.10217,8.76996],[81.10415,8.77106],[81.10285,8.77404],[81.10387,8.77558],[81.10238,8.77687],[81.09953,8.77568],[81.09261,8.77594],[81.09104,8.77224],[81.08999,8.77254],[81.08856,8.76813],[81.08317,8.76393],[81.081,8.76479],[81.07942,8.76259],[81.08038,8.76067],[81.07876,8.75972],[81.07826,8.76411],[81.07725,8.76339],[81.07654,8.76434],[81.0753,8.76402],[81.07602,8.76155],[81.0741,8.76074],[81.07394,8.76704],[81.07242,8.76737],[81.06677,8.7606],[81.06238,8.75339],[81.05667,8.75274],[81.05056,8.75043],[81.05155,8.74964],[81.0508,8.7498],[81.05108,8.7489],[81.04918,8.74883],[81.05053,8.74816],[81.04851,8.74746],[81.04939,8.74592],[81.05231,8.74557],[81.05221,8.7444],[81.05495,8.74312],[81.05645,8.74356],[81.05678,8.74221],[81.05503,8.74173],[81.05545,8.74077],[81.05324,8.74043],[81.05016,8.74313],[81.04831,8.74167],[81.04822,8.74035],[81.04743,8.73988],[81.04614,8.7408],[81.044,8.73957],[81.04379,8.73834],[81.04213,8.73819],[81.04094,8.73584],[81.0417,8.73476],[81.04315,8.73513],[81.04354,8.73368],[81.04225,8.73365],[81.04192,8.73306],[81.04343,8.73212],[81.04161,8.73174],[81.04139,8.73072],[81.04263,8.73035],[81.04172,8.7276],[81.04369,8.72715],[81.04305,8.72607],[81.0345,8.72694],[81.03333,8.72501],[81.0326,8.72509],[81.03298,8.72587],[81.03043,8.72593],[81.03047,8.72487],[81.02798,8.72382],[81.02928,8.72619],[81.02765,8.72526],[81.02177,8.72623],[81.02719,8.71412]]]},"properties":{"name":null,"ha":6386}},{"type":"Feature","geometry":{"type":"Polygon","coordinates":[[[80.19237,9.40672],[80.19076,9.41073],[80.18436,9.41455],[80.18252,9.41748],[80.1827,9.42414],[80.18972,9.42161],[80.19575,9.42127],[80.19752,9.42244],[80.20223,9.41998],[80.20515,9.42153],[80.21116,9.41705],[80.22339,9.4172],[80.22554,9.41545],[80.22683,9.41228],[80.22578,9.40294],[80.22707,9.40356],[80.22758,9.40707],[80.22766,9.4165],[80.24977,9.41725],[80.25223,9.41884],[80.25534,9.41803],[80.25456,9.41506],[80.25634,9.41243],[80.25146,9.4101],[80.25112,9.40821],[80.25226,9.40584],[80.2556,9.40447],[80.25823,9.40556],[80.25688,9.39413],[80.25251,9.39508],[80.24994,9.3898],[80.25486,9.38545],[80.25321,9.3846],[80.24913,9.38629],[80.24545,9.38701],[80.24504,9.38642],[80.25108,9.38454],[80.25233,9.38279],[80.25572,9.38117],[80.25516,9.37746],[80.25673,9.3749],[80.25941,9.37304],[80.25913,9.36734],[80.26197,9.36429],[80.26392,9.36505],[80.26612,9.37003],[80.26508,9.37231],[80.25991,9.37454],[80.26174,9.37706],[80.26185,9.38045],[80.26379,9.37988],[80.26411,9.37811],[80.26592,9.37688],[80.26699,9.37759],[80.26698,9.38034],[80.26844,9.38055],[80.26851,9.38171],[80.27035,9.38026],[80.27014,9.37667],[80.27401,9.37451],[80.2773,9.37111],[80.27827,9.36751],[80.27984,9.36632],[80.27824,9.36479],[80.27681,9.36685],[80.27367,9.36588],[80.27418,9.36289],[80.27349,9.36281],[80.2725,9.35413],[80.27413,9.3529],[80.27553,9.35364],[80.27462,9.3488],[80.27773,9.34869],[80.27991,9.34718],[80.28294,9.34859],[80.2853,9.34592],[80.28364,9.34494],[80.28349,9.34351],[80.28584,9.34309],[80.28485,9.34254],[80.2849,9.34113],[80.28674,9.33812],[80.28792,9.33783],[80.28756,9.33451],[80.2825,9.33499],[80.28179,9.33357],[80.28098,9.33492],[80.27845,9.33436],[80.27797,9.33311],[80.28109,9.32939],[80.28157,9.32701],[80.28025,9.32592],[80.28177,9.32552],[80.28249,9.32415],[80.28393,9.3242],[80.28413,9.32237],[80.28602,9.32231],[80.28451,9.3196],[80.28472,9.31824],[80.28788,9.31755],[80.28813,9.31484],[80.28349,9.3151],[80.28185,9.31329],[80.28041,9.31315],[80.27949,9.31593],[80.27802,9.31356],[80.26761,9.31394],[80.26641,9.31566],[80.26352,9.31553],[80.26194,9.31362],[80.26223,9.3124],[80.25951,9.31208],[80.26,9.31413],[80.2586,9.31542],[80.2594,9.31842],[80.25875,9.3195],[80.26099,9.321],[80.26117,9.32581],[80.26243,9.32784],[80.26093,9.3303],[80.2565,9.33294],[80.25559,9.33462],[80.2587,9.33764],[80.25766,9.34201],[80.25649,9.3424],[80.25298,9.33756],[80.25029,9.33675],[80.25052,9.33585],[80.25314,9.33503],[80.25327,9.33435],[80.2512,9.33353],[80.2516,9.33253],[80.25455,9.33325],[80.25547,9.33223],[80.25232,9.32837],[80.25218,9.32357],[80.25132,9.32142],[80.24972,9.32047],[80.25034,9.31724],[80.23989,9.31706],[80.23639,9.32328],[80.23901,9.32487],[80.24374,9.32382],[80.24576,9.32496],[80.24606,9.32631],[80.24304,9.32801],[80.2421,9.33178],[80.24099,9.3325],[80.23603,9.33091],[80.23314,9.33699],[80.23312,9.33967],[80.23604,9.34415],[80.23988,9.35569],[80.23852,9.35702],[80.23514,9.35687],[80.22861,9.36482],[80.21792,9.37213],[80.21452,9.37211],[80.21252,9.3748],[80.20838,9.37662],[80.20815,9.37906],[80.20532,9.38342],[80.20616,9.38497],[80.20469,9.38756],[80.20513,9.39033],[80.19602,9.39205],[80.19136,9.39528],[80.18837,9.39997],[80.1891,9.40387],[80.19162,9.40206],[80.19443,9.40178],[80.19224,9.40486],[80.19237,9.40672]]]},"properties":{"name":null,"ha":6151}},{"type":"Feature","geometry":{"type":"Polygon","coordinates":[[[79.99114,8.55748],[79.98955,8.56184],[79.9847,8.56549],[79.97451,8.56946],[79.97412,8.57115],[79.97198,8.57223],[79.96742,8.57219],[79.96266,8.57346],[79.96114,8.5748],[79.95635,8.57533],[79.95463,8.57716],[79.95496,8.57962],[79.94996,8.58166],[79.94953,8.57982],[79.94511,8.58164],[79.94012,8.58032],[79.92028,8.58921],[79.92734,8.59548],[79.93769,8.60136],[79.93525,8.603],[79.93563,8.60444],[79.93235,8.60571],[79.93128,8.60792],[79.93375,8.61278],[79.94092,8.6166],[79.94518,8.62852],[79.9464,8.62975],[79.94656,8.63733],[79.94268,8.64715],[79.94297,8.65545],[79.94723,8.65636],[79.95851,8.65247],[79.95895,8.67533],[79.96028,8.68032],[79.96362,8.68666],[79.96286,8.69512],[79.9649,8.69927],[79.96431,8.70464],[79.96528,8.71318],[79.97094,8.71603],[79.9727,8.71089],[79.97416,8.71098],[79.97352,8.71475],[79.97533,8.71955],[79.97604,8.71926],[79.99114,8.55748]]]},"properties":{"name":"Karadikkuli Forest Reserve","ha":6031}},{"type":"Feature","geometry":{"type":"Polygon","coordinates":[[[81.17647,7.67922],[81.18166,7.67674],[81.18545,7.67023],[81.19285,7.66597],[81.1935,7.66225],[81.19225,7.662],[81.194,7.65975],[81.19225,7.65925],[81.193,7.65825],[81.19075,7.65875],[81.19078,7.6577],[81.18903,7.65738],[81.18825,7.65421],[81.191,7.6495],[81.19125,7.6475],[81.18975,7.64625],[81.191,7.6445],[81.19175,7.64475],[81.19225,7.64275],[81.19075,7.63925],[81.19225,7.6375],[81.19375,7.6385],[81.1945,7.638],[81.19475,7.6365],[81.193,7.63625],[81.19375,7.63375],[81.19275,7.63225],[81.1915,7.6355],[81.189,7.63575],[81.18975,7.6375],[81.1885,7.6395],[81.1865,7.63725],[81.1855,7.63825],[81.18425,7.638],[81.1835,7.63525],[81.182,7.6355],[81.182,7.63225],[81.17975,7.63175],[81.18175,7.62975],[81.183,7.63],[81.1835,7.6285],[81.18275,7.628],[81.182,7.62875],[81.1815,7.62725],[81.1805,7.62775],[81.1805,7.62625],[81.1815,7.62475],[81.18475,7.6255],[81.18575,7.624],[81.18675,7.6245],[81.18575,7.623],[81.18425,7.6245],[81.18275,7.624],[81.18325,7.6235],[81.182,7.6225],[81.1825,7.6195],[81.18,7.616],[81.18325,7.6135],[81.1845,7.61425],[81.18475,7.613],[81.18275,7.613],[81.18175,7.612],[81.177,7.615],[81.17825,7.612],[81.177,7.61075],[81.17825,7.60975],[81.176,7.607],[81.18075,7.608],[81.182,7.605],[81.184,7.60625],[81.18425,7.6035],[81.1835,7.6025],[81.18575,7.603],[81.18675,7.60425],[81.186,7.60175],[81.188,7.6005],[81.18975,7.60075],[81.19025,7.60225],[81.19175,7.6015],[81.192,7.60225],[81.19325,7.601],[81.194,7.60175],[81.19525,7.60125],[81.19425,7.6015],[81.19175,7.5995],[81.19275,7.598],[81.1915,7.597],[81.19175,7.594],[81.19025,7.59775],[81.18875,7.598],[81.1875,7.6],[81.186,7.59825],[81.1845,7.59875],[81.18475,7.59625],[81.186,7.59475],[81.184,7.59475],[81.183,7.59225],[81.18175,7.59675],[81.17975,7.59275],[81.179,7.594],[81.17825,7.5935],[81.1775,7.59425],[81.17825,7.595],[81.17775,7.596],[81.1795,7.598],[81.17725,7.598],[81.17675,7.59925],[81.17425,7.59575],[81.1745,7.597],[81.172,7.59775],[81.17175,7.5955],[81.16975,7.59525],[81.16925,7.597],[81.16825,7.597],[81.16825,7.5985],[81.1705,7.60075],[81.169,7.60175],[81.16975,7.6045],[81.169,7.606],[81.16725,7.60275],[81.1665,7.604],[81.16525,7.604],[81.16525,7.60225],[81.1665,7.60075],[81.1655,7.60025],[81.165,7.59775],[81.16375,7.5985],[81.16175,7.59775],[81.15825,7.6035],[81.15725,7.601],[81.155,7.602],[81.15425,7.60125],[81.152,7.604],[81.152,7.6025],[81.14925,7.60325],[81.1485,7.602],[81.15,7.59975],[81.15175,7.6015],[81.15425,7.5965],[81.1565,7.597],[81.1555,7.593],[81.15775,7.59325],[81.15875,7.597],[81.16175,7.59425],[81.16375,7.59375],[81.16175,7.5855],[81.16425,7.5865],[81.16525,7.59025],[81.167,7.58975],[81.16775,7.59125],[81.16975,7.59],[81.17,7.5845],[81.17225,7.58925],[81.17375,7.58975],[81.1745,7.58725],[81.176,7.5875],[81.17475,7.5855],[81.1765,7.5855],[81.175,7.58375],[81.177,7.5825],[81.17525,7.58175],[81.175,7.58025],[81.17775,7.579],[81.178,7.58],[81.18175,7.57925],[81.18025,7.576],[81.17625,7.57725],[81.1755,7.575],[81.176,7.57325],[81.1735,7.57675],[81.172,7.57675],[81.17325,7.57275],[81.172,7.5725],[81.17075,7.57375],[81.1705,7.57225],[81.16925,7.57225],[81.16925,7.571],[81.16825,7.5705],[81.16725,7.5705],[81.16625,7.57225],[81.167,7.57475],[81.16625,7.576],[81.16475,7.57325],[81.163,7.57425],[81.16425,7.5705],[81.16175,7.57],[81.16075,7.5725],[81.15975,7.57175],[81.1585,7.57325],[81.1575,7.573],[81.1575,7.57075],[81.159,7.57025],[81.16,7.5665],[81.15625,7.56675],[81.1555,7.56575],[81.15525,7.567],[81.1535,7.56725],[81.15575,7.5645],[81.15475,7.56425],[81.1545,7.563],[81.1565,7.5635],[81.1585,7.56225],[81.1575,7.55975],[81.156,7.5605],[81.15281,7.55807],[81.15513,7.55833],[81.15419,7.55123],[81.15525,7.5495],[81.15675,7.55025],[81.15675,7.5545],[81.1585,7.55625],[81.15875,7.558],[81.16125,7.55975],[81.16125,7.56225],[81.1635,7.562],[81.1635,7.5665],[81.1645,7.56575],[81.16675,7.5665],[81.168,7.56525],[81.168,7.5635],[81.16675,7.5625],[81.16825,7.561],[81.16575,7.557],[81.16675,7.55725],[81.16725,7.555],[81.16825,7.55875],[81.17075,7.558],[81.17075,7.56175],[81.172,7.56375],[81.17325,7.5615],[81.17475,7.56125],[81.1745,7.5595],[81.17675,7.55925],[81.1765,7.56225],[81.17801,7.56332],[81.1795,7.56325],[81.18025,7.56125],[81.18175,7.5605],[81.18225,7.5635],[81.18375,7.56375],[81.185,7.567],[81.1865,7.568],[81.18525,7.5645],[81.186,7.56425],[81.18575,7.56275],[81.1845,7.5625],[81.18475,7.55875],[81.186,7.5585],[81.18825,7.56],[81.1885,7.56125],[81.18975,7.5605],[81.19025,7.56325],[81.1925,7.562],[81.192,7.559],[81.1905,7.55875],[81.18975,7.5575],[81.1895,7.5585],[81.18825,7.55875],[81.1875,7.55625],[81.182,7.5575],[81.182,7.5555],[81.17975,7.554],[81.1785,7.555],[81.178,7.55375],[81.1755,7.55325],[81.17675,7.55125],[81.17575,7.55125],[81.174,7.549],[81.1755,7.54875],[81.1785,7.551],[81.18025,7.54975],[81.18075,7.5515],[81.18425,7.5495],[81.18475,7.548],[81.18225,7.54575],[81.183,7.54325],[81.181,7.54025],[81.1815,7.53975],[81.17975,7.53575],[81.18275,7.5365],[81.18375,7.5355],[81.184,7.538],[81.18525,7.53925],[81.186,7.53825],[81.1875,7.53825],[81.1865,7.5415],[81.18825,7.54125],[81.18775,7.543],[81.1895,7.54425],[81.19075,7.54775],[81.19275,7.544],[81.19425,7.5455],[81.19425,7.5485],[81.1955,7.549],[81.197,7.547],[81.19875,7.54975],[81.1985,7.551],[81.19975,7.5515],[81.20125,7.54975],[81.20025,7.5485],[81.201,7.547],[81.19725,7.547],[81.194,7.54125],[81.19475,7.53975],[81.19825,7.54425],[81.19975,7.542],[81.202,7.54375],[81.2025,7.54325],[81.2025,7.54125],[81.20175,7.54025],[81.20025,7.541],[81.2,7.54],[81.201,7.5395],[81.1995,7.538],[81.20325,7.53825],[81.20425,7.53675],[81.202,7.535],[81.20025,7.53525],[81.20125,7.534],[81.2,7.532],[81.20225,7.53275],[81.2035,7.532],[81.20375,7.53375],[81.20475,7.5335],[81.2045,7.531],[81.20325,7.52975],[81.20475,7.52975],[81.202,7.52825],[81.20275,7.52675],[81.20425,7.52775],[81.20525,7.527],[81.204,7.52575],[81.20475,7.525],[81.202,7.524],[81.2045,7.52325],[81.20475,7.5205],[81.20275,7.51925],[81.20375,7.518],[81.20125,7.517],[81.19875,7.5205],[81.1985,7.51825],[81.195,7.5165],[81.19425,7.51775],[81.194,7.5135],[81.19625,7.51375],[81.1975,7.515],[81.20075,7.513],[81.20275,7.5135],[81.20075,7.5115],[81.1985,7.51125],[81.20125,7.50825],[81.199,7.5025],[81.1965,7.5],[81.19525,7.5005],[81.19575,7.498],[81.19325,7.49725],[81.19325,7.4955],[81.1915,7.49525],[81.19225,7.4945],[81.1915,7.493],[81.1895,7.49275],[81.19225,7.492],[81.1935,7.49425],[81.1965,7.496],[81.196,7.4925],[81.198,7.49475],[81.19925,7.49225],[81.19925,7.4945],[81.19975,7.49],[81.20075,7.48975],[81.20075,7.48875],[81.1985,7.487],[81.19775,7.48425],[81.19975,7.478],[81.199,7.47025],[81.197,7.46725],[81.19409,7.46626],[81.1976,7.46693],[81.19975,7.47025],[81.201,7.47725],[81.19875,7.4855],[81.19925,7.48675],[81.2025,7.48875],[81.201,7.4905],[81.20075,7.49175],[81.202,7.4935],[81.2005,7.4985],[81.2035,7.49825],[81.20275,7.49975],[81.204,7.50025],[81.20325,7.50175],[81.2045,7.50425],[81.2055,7.50425],[81.2055,7.506],[81.20775,7.50275],[81.20825,7.50425],[81.2095,7.50425],[81.20675,7.5075],[81.20725,7.51125],[81.2085,7.51225],[81.21,7.51175],[81.20925,7.51525],[81.2105,7.5155],[81.21375,7.513],[81.2145,7.51375],[81.212,7.5175],[81.2145,7.51925],[81.21375,7.52025],[81.2095,7.5185],[81.20925,7.522],[81.2105,7.523],[81.2095,7.524],[81.20925,7.5265],[81.2105,7.52625],[81.21075,7.52775],[81.2125,7.52775],[81.2125,7.52875],[81.21,7.5295],[81.20975,7.531],[81.21075,7.5325],[81.21275,7.53025],[81.2125,7.53325],[81.214,7.533],[81.2145,7.53375],[81.213,7.53525],[81.2105,7.53475],[81.21,7.5355],[81.21275,7.53675],[81.212,7.53925],[81.20975,7.53975],[81.2105,7.5425],[81.20925,7.54375],[81.2125,7.54625],[81.20925,7.5485],[81.21125,7.54975],[81.21075,7.5505],[81.21175,7.55],[81.214,7.551],[81.2195,7.546],[81.21675,7.552],[81.21275,7.554],[81.214,7.5535],[81.2165,7.55625],[81.21775,7.556],[81.2205,7.55825],[81.21175,7.55725],[81.2125,7.55975],[81.21075,7.56125],[81.20925,7.561],[81.21025,7.564],[81.209,7.565],[81.211,7.5705],[81.2065,7.5685],[81.20525,7.56525],[81.20475,7.56675],[81.20375,7.566],[81.20625,7.569],[81.2035,7.572],[81.20225,7.5715],[81.201,7.5735],[81.20675,7.5725],[81.2065,7.5745],[81.2045,7.576],[81.20575,7.57675],[81.20725,7.57575],[81.209,7.57875],[81.20657,7.57997],[81.2044,7.5796],[81.20252,7.58148],[81.20625,7.5805],[81.207,7.5825],[81.20875,7.58225],[81.20875,7.58575],[81.2095,7.58575],[81.20975,7.58125],[81.2115,7.57925],[81.21225,7.58075],[81.213,7.58025],[81.213,7.58125],[81.21425,7.58125],[81.21325,7.5845],[81.21575,7.5845],[81.21625,7.58525],[81.21375,7.588],[81.215,7.58975],[81.21425,7.5945],[81.21575,7.5935],[81.217,7.59025],[81.21825,7.5905],[81.2185,7.58775],[81.22,7.588],[81.2215,7.58625],[81.2215,7.58375],[81.22275,7.58225],[81.22275,7.58375],[81.22375,7.58425],[81.22375,7.588],[81.22525,7.58775],[81.22625,7.5855],[81.22725,7.58675],[81.22875,7.586],[81.229,7.58675],[81.22875,7.58375],[81.23025,7.5845],[81.23075,7.58675],[81.232,7.585],[81.2325,7.58625],[81.23375,7.58625],[81.233,7.58725],[81.23475,7.587],[81.235,7.58775],[81.23125,7.59025],[81.23025,7.59],[81.22925,7.5915],[81.22825,7.591],[81.22575,7.59225],[81.2255,7.594],[81.22425,7.5935],[81.22125,7.59775],[81.23225,7.59425],[81.2325,7.59525],[81.22525,7.60325],[81.2265,7.605],[81.22475,7.60575],[81.22575,7.60875],[81.22275,7.60925],[81.22225,7.6105],[81.22175,7.61975],[81.22325,7.62375],[81.2225,7.628],[81.224,7.62775],[81.21875,7.63975],[81.22075,7.641],[81.2185,7.64175],[81.21825,7.641],[81.21772,7.64369],[81.17647,7.67922]]]},"properties":{"name":null,"ha":5975}},{"type":"Feature","geometry":{"type":"Polygon","coordinates":[[[81.59512,7.58262],[81.59434,7.57974],[81.59207,7.57812],[81.5951,7.5773],[81.59258,7.57332],[81.59407,7.57091],[81.59586,7.57431],[81.59788,7.57566],[81.59824,7.57472],[81.6003,7.57447],[81.59846,7.57795],[81.60033,7.57766],[81.60327,7.58215],[81.60404,7.58022],[81.60377,7.5824],[81.60867,7.58823],[81.61046,7.58462],[81.60991,7.58289],[81.61193,7.58314],[81.61277,7.58118],[81.61744,7.58169],[81.61743,7.57993],[81.61415,7.57787],[81.61409,7.57633],[81.61034,7.57028],[81.60639,7.57319],[81.60651,7.56263],[81.60569,7.56256],[81.60621,7.56077],[81.60529,7.56153],[81.60504,7.55906],[81.60617,7.55841],[81.62426,7.55845],[81.62477,7.55571],[81.62557,7.55633],[81.63094,7.55219],[81.63238,7.55213],[81.63547,7.54894],[81.63315,7.54363],[81.6319,7.54308],[81.63203,7.54166],[81.6336,7.54152],[81.63498,7.53882],[81.63662,7.53806],[81.63076,7.53684],[81.62997,7.53308],[81.62817,7.532],[81.62807,7.53052],[81.61722,7.5248],[81.61724,7.52588],[81.61561,7.52582],[81.61412,7.52746],[81.61351,7.53275],[81.61171,7.53328],[81.61096,7.53208],[81.61153,7.53132],[81.61342,7.53173],[81.61311,7.53296],[81.61398,7.53176],[81.61349,7.52942],[81.61417,7.52821],[81.61168,7.52674],[81.60994,7.52454],[81.6102,7.523],[81.60867,7.52277],[81.60789,7.52115],[81.60457,7.52389],[81.60231,7.52413],[81.60255,7.52553],[81.60131,7.52561],[81.60092,7.52448],[81.59755,7.5245],[81.59348,7.52221],[81.59366,7.52285],[81.58919,7.52307],[81.58739,7.52483],[81.58708,7.52796],[81.58278,7.53057],[81.58218,7.53418],[81.57973,7.53435],[81.57933,7.5319],[81.57747,7.53224],[81.57729,7.53474],[81.57528,7.53475],[81.57166,7.53201],[81.5708,7.53291],[81.57199,7.53718],[81.56958,7.53511],[81.569,7.53273],[81.57149,7.53204],[81.57002,7.53069],[81.57039,7.53175],[81.56676,7.53291],[81.56675,7.53659],[81.56202,7.53648],[81.56293,7.54718],[81.56678,7.54756],[81.56594,7.55036],[81.56674,7.55217],[81.56538,7.55519],[81.56249,7.55704],[81.56253,7.55854],[81.52935,7.55851],[81.52958,7.56937],[81.53222,7.57036],[81.53376,7.57234],[81.53474,7.57188],[81.53463,7.56938],[81.53481,7.5713],[81.5358,7.57105],[81.53604,7.57216],[81.53713,7.57144],[81.53602,7.57452],[81.53775,7.5756],[81.53854,7.57864],[81.5413,7.57829],[81.54057,7.58026],[81.54816,7.58022],[81.54872,7.58101],[81.54693,7.58983],[81.54537,7.59017],[81.54475,7.59222],[81.54303,7.59282],[81.54545,7.59483],[81.54394,7.59555],[81.54557,7.59823],[81.54437,7.60054],[81.54536,7.60055],[81.5463,7.60229],[81.55154,7.60223],[81.55156,7.60362],[81.55349,7.60431],[81.55393,7.60734],[81.55536,7.60856],[81.5581,7.60679],[81.56052,7.60895],[81.56253,7.60887],[81.56261,7.60656],[81.56892,7.60396],[81.56885,7.60284],[81.57349,7.60001],[81.57116,7.59479],[81.56759,7.59924],[81.56881,7.59418],[81.56261,7.59727],[81.56491,7.59574],[81.5626,7.59506],[81.56494,7.59562],[81.56831,7.59446],[81.56899,7.59385],[81.5676,7.59336],[81.56718,7.59236],[81.56787,7.59216],[81.56908,7.59353],[81.57103,7.59382],[81.5699,7.58845],[81.56729,7.58729],[81.56906,7.58675],[81.56912,7.58305],[81.5722,7.58297],[81.57204,7.58459],[81.57435,7.5856],[81.57545,7.58259],[81.57494,7.58028],[81.58185,7.58027],[81.58037,7.58137],[81.58089,7.58203],[81.57919,7.58253],[81.57851,7.5858],[81.58006,7.58698],[81.58166,7.58572],[81.57992,7.58762],[81.58154,7.58977],[81.58189,7.5936],[81.58276,7.59404],[81.58461,7.5926],[81.58447,7.59562],[81.58628,7.59583],[81.58645,7.59706],[81.59084,7.59904],[81.59543,7.59989],[81.59538,7.59706],[81.59876,7.59854],[81.60037,7.5937],[81.59818,7.59121],[81.60218,7.59121],[81.6028,7.58984],[81.60239,7.58843],[81.59828,7.58478],[81.59626,7.5848],[81.59631,7.58397],[81.59809,7.58343],[81.59751,7.58091],[81.59812,7.58204],[81.60027,7.58034],[81.5955,7.58034],[81.59512,7.58262]]]},"properties":{"name":null,"ha":5686}},{"type":"Feature","geometry":{"type":"Polygon","coordinates":[[[80.83428,6.72607],[80.83369,6.72823],[80.83478,6.731],[80.83861,6.7318],[80.8368,6.73278],[80.83547,6.73517],[80.83948,6.7362],[80.84185,6.73839],[80.8376,6.74098],[80.83679,6.73942],[80.83542,6.73949],[80.83478,6.74103],[80.84092,6.7446],[80.84185,6.74792],[80.8401,6.74852],[80.8388,6.74687],[80.83832,6.74789],[80.83925,6.74936],[80.84276,6.74858],[80.84737,6.75059],[80.85062,6.75608],[80.84945,6.75867],[80.85034,6.76104],[80.8529,6.7595],[80.85228,6.7556],[80.85563,6.75488],[80.85796,6.75068],[80.85575,6.74529],[80.85722,6.74024],[80.85586,6.73785],[80.85602,6.73372],[80.85308,6.73162],[80.85109,6.73199],[80.85016,6.73108],[80.8521,6.72269],[80.85476,6.72105],[80.85551,6.71672],[80.85936,6.71525],[80.8609,6.71181],[80.86419,6.70925],[80.86512,6.71072],[80.86825,6.71097],[80.87092,6.70987],[80.87247,6.71179],[80.87627,6.70918],[80.87687,6.71094],[80.87855,6.71006],[80.88021,6.71173],[80.88108,6.71108],[80.88,6.70949],[80.88045,6.70733],[80.88203,6.70662],[80.88442,6.70709],[80.8858,6.70613],[80.88527,6.70431],[80.883,6.70348],[80.88334,6.70139],[80.89528,6.69878],[80.8985,6.70032],[80.9012,6.70033],[80.90479,6.69836],[80.90623,6.69876],[80.90735,6.69692],[80.91064,6.69667],[80.9142,6.69207],[80.9151,6.69395],[80.91813,6.69525],[80.92014,6.69118],[80.92392,6.69076],[80.92576,6.68876],[80.92281,6.68381],[80.91491,6.67708],[80.91183,6.67543],[80.90865,6.67572],[80.90664,6.67482],[80.90496,6.66679],[80.90569,6.66325],[80.90434,6.65885],[80.90134,6.6589],[80.90023,6.66186],[80.8984,6.65985],[80.89741,6.66012],[80.89895,6.66226],[80.90154,6.66267],[80.90357,6.6658],[80.90161,6.66786],[80.9008,6.67131],[80.89931,6.671],[80.89635,6.66762],[80.89273,6.66606],[80.88785,6.66791],[80.88397,6.66654],[80.8817,6.66834],[80.87988,6.66851],[80.87671,6.6729],[80.87392,6.6739],[80.87079,6.67663],[80.86778,6.67458],[80.86793,6.67135],[80.86902,6.67136],[80.86976,6.6726],[80.87154,6.67218],[80.87213,6.66924],[80.87779,6.668],[80.87915,6.66414],[80.87608,6.66299],[80.87104,6.66352],[80.86694,6.66243],[80.86331,6.66595],[80.85686,6.6575],[80.85037,6.66087],[80.84814,6.66637],[80.84105,6.66633],[80.83879,6.66809],[80.83562,6.66674],[80.83401,6.66838],[80.83,6.66925],[80.82896,6.67102],[80.8283,6.67748],[80.82519,6.67597],[80.82266,6.67604],[80.82015,6.67264],[80.81637,6.67329],[80.81273,6.67108],[80.8102,6.6727],[80.80902,6.67476],[80.80348,6.6767],[80.80618,6.67806],[80.80643,6.68191],[80.80758,6.68264],[80.81402,6.68439],[80.81667,6.68193],[80.81116,6.68155],[80.81115,6.67972],[80.81303,6.67961],[80.81505,6.68125],[80.81697,6.68106],[80.81888,6.68239],[80.81706,6.68466],[80.81763,6.68626],[80.81495,6.68759],[80.81571,6.69092],[80.81207,6.69227],[80.81147,6.69487],[80.80921,6.69581],[80.80929,6.6988],[80.81322,6.701],[80.81961,6.69921],[80.82373,6.69994],[80.82351,6.70138],[80.82442,6.70212],[80.82546,6.70119],[80.82786,6.70233],[80.83196,6.70222],[80.83585,6.7033],[80.84056,6.70649],[80.8417,6.70951],[80.83962,6.71053],[80.84437,6.71408],[80.84365,6.71524],[80.8368,6.71209],[80.83741,6.71723],[80.83463,6.72201],[80.83428,6.72607]]]},"properties":{"name":null,"ha":5678}},{"type":"Feature","geometry":{"type":"Polygon","coordinates":[[[80.90817,8.71297],[80.90939,8.71294],[80.90909,8.70922],[80.91066,8.70673],[80.91177,8.70024],[80.91741,8.69746],[80.91866,8.69769],[80.91938,8.70066],[80.91813,8.7015],[80.91956,8.70347],[80.92061,8.703],[80.92144,8.69987],[80.92293,8.69864],[80.92187,8.69804],[80.9214,8.6961],[80.92249,8.69661],[80.92103,8.69528],[80.92225,8.69473],[80.92066,8.69353],[80.9215,8.69234],[80.92268,8.69213],[80.92273,8.69355],[80.92431,8.69418],[80.92549,8.69378],[80.9276,8.69849],[80.92924,8.69877],[80.92997,8.69725],[80.93186,8.6969],[80.93239,8.69982],[80.93498,8.69933],[80.93762,8.70237],[80.93785,8.70388],[80.94142,8.70679],[80.94247,8.70506],[80.94083,8.70396],[80.94051,8.70102],[80.94302,8.70035],[80.94378,8.69914],[80.94449,8.69954],[80.94444,8.69844],[80.94572,8.70044],[80.94695,8.69771],[80.94647,8.6957],[80.94773,8.69553],[80.94785,8.69865],[80.95011,8.70123],[80.95017,8.70204],[80.94904,8.70158],[80.95046,8.70466],[80.94947,8.70978],[80.95156,8.71163],[80.94955,8.71255],[80.94906,8.71403],[80.95007,8.71437],[80.9514,8.71285],[80.95366,8.71651],[80.95237,8.71826],[80.95125,8.71745],[80.95264,8.72077],[80.9522,8.72317],[80.95107,8.72271],[80.94952,8.71963],[80.94844,8.71949],[80.94656,8.72251],[80.94851,8.72325],[80.9483,8.72453],[80.94957,8.72562],[80.94808,8.72664],[80.94827,8.72742],[80.95464,8.73273],[80.95286,8.73479],[80.95184,8.73249],[80.94698,8.73338],[80.94238,8.73871],[80.94341,8.73937],[80.9508,8.73713],[80.95198,8.73831],[80.95027,8.73926],[80.95052,8.74043],[80.95678,8.73801],[80.95712,8.73657],[80.95799,8.7374],[80.95938,8.73686],[80.96208,8.73775],[80.96276,8.73648],[80.9646,8.73676],[80.96431,8.7396],[80.96649,8.74015],[80.96741,8.73807],[80.97004,8.73868],[80.97037,8.74046],[80.97566,8.74255],[80.97341,8.74672],[80.96844,8.74526],[80.96631,8.74799],[80.96342,8.74629],[80.9611,8.74857],[80.9612,8.75182],[80.9646,8.75215],[80.96519,8.75455],[80.96368,8.75505],[80.96312,8.75921],[80.96423,8.75992],[80.96606,8.75773],[80.96753,8.75748],[80.97523,8.75857],[80.9769,8.75969],[80.9792,8.75796],[80.98175,8.76141],[80.98142,8.76274],[80.98021,8.76299],[80.98144,8.76383],[80.9822,8.7685],[80.97993,8.77869],[80.97708,8.78197],[80.97529,8.78201],[80.97519,8.77962],[80.97304,8.77972],[80.96886,8.77494],[80.96608,8.77669],[80.96716,8.78066],[80.97479,8.78827],[80.98304,8.78856],[80.9892,8.79386],[80.99785,8.79845],[80.99889,8.80163],[81.00254,8.80609],[81.00182,8.81105],[81.00476,8.81532],[81.0037,8.81698],[81.00537,8.81845],[81.00498,8.81984],[81.00272,8.81884],[81.0004,8.8191],[80.99904,8.82091],[80.99666,8.82115],[80.99581,8.81866],[80.99018,8.82175],[80.98953,8.82263],[80.9903,8.82488],[80.9868,8.82479],[80.98604,8.82226],[80.98316,8.82173],[80.98282,8.82721],[80.98169,8.82978],[80.97986,8.83097],[80.98175,8.82252],[80.97992,8.81713],[80.982,8.8175],[80.98246,8.81625],[80.98078,8.811],[80.98359,8.80966],[80.98402,8.80834],[80.9817,8.8052],[80.97577,8.80214],[80.9746,8.8032],[80.97497,8.80657],[80.97603,8.80693],[80.97631,8.80831],[80.97392,8.81004],[80.97447,8.80925],[80.97242,8.80714],[80.97242,8.80444],[80.97491,8.7976],[80.9722,8.79604],[80.97093,8.79356],[80.96947,8.79319],[80.96685,8.79706],[80.96431,8.79865],[80.96403,8.79665],[80.96549,8.79658],[80.96611,8.7926],[80.96482,8.79296],[80.96505,8.78721],[80.9642,8.7869],[80.95913,8.79627],[80.96034,8.79815],[80.95899,8.80476],[80.95791,8.80534],[80.95571,8.80291],[80.9555,8.79787],[80.95713,8.7966],[80.95565,8.79551],[80.9554,8.79349],[80.95362,8.79238],[80.95225,8.7927],[80.94892,8.79669],[80.9465,8.80097],[80.90817,8.71297]]]},"properties":{"name":null,"ha":5538}},{"type":"Feature","geometry":{"type":"Polygon","coordinates":[[[80.7973,6.92818],[80.79743,6.92527],[80.7992,6.92387],[80.79802,6.92248],[80.79828,6.92088],[80.79306,6.92188],[80.79126,6.9242],[80.79301,6.92524],[80.79318,6.92666],[80.78976,6.92761],[80.78817,6.92661],[80.78975,6.92397],[80.78732,6.92369],[80.78434,6.92112],[80.78235,6.9223],[80.7788,6.92255],[80.77945,6.9189],[80.78167,6.91948],[80.78188,6.91853],[80.77998,6.91877],[80.77756,6.91745],[80.77625,6.91849],[80.77679,6.91961],[80.77298,6.9189],[80.77398,6.92081],[80.77751,6.91939],[80.77956,6.91975],[80.77351,6.92237],[80.77188,6.92177],[80.77122,6.91886],[80.77107,6.92433],[80.76718,6.92709],[80.76707,6.92795],[80.76919,6.92841],[80.76894,6.93065],[80.76742,6.93012],[80.7671,6.93075],[80.76849,6.93183],[80.76889,6.93402],[80.77088,6.93442],[80.77111,6.93544],[80.77302,6.93504],[80.77192,6.93636],[80.77448,6.93744],[80.77249,6.93971],[80.77077,6.93929],[80.77136,6.94172],[80.76774,6.94242],[80.7694,6.94444],[80.76788,6.94648],[80.76837,6.9481],[80.76714,6.9494],[80.76522,6.94906],[80.76226,6.94641],[80.76052,6.94723],[80.75992,6.94646],[80.75516,6.94664],[80.7534,6.94582],[80.75114,6.94178],[80.75106,6.93252],[80.75208,6.9323],[80.74793,6.92212],[80.74957,6.91971],[80.75519,6.92046],[80.75507,6.91703],[80.75397,6.9159],[80.75446,6.91293],[80.76137,6.90994],[80.76394,6.90694],[80.76243,6.90393],[80.76136,6.90469],[80.75722,6.89601],[80.75923,6.89152],[80.76145,6.8884],[80.76659,6.88793],[80.76791,6.88869],[80.76985,6.88723],[80.76935,6.88561],[80.7659,6.88523],[80.76348,6.8832],[80.76155,6.88302],[80.75525,6.88815],[80.754,6.88833],[80.75332,6.88658],[80.74898,6.88894],[80.74623,6.88929],[80.74575,6.88525],[80.73944,6.8852],[80.73777,6.88416],[80.7377,6.88213],[80.73527,6.88175],[80.73572,6.87623],[80.73822,6.87932],[80.73953,6.87941],[80.74141,6.87815],[80.7418,6.87628],[80.74271,6.87627],[80.74255,6.87419],[80.7456,6.87322],[80.74614,6.8751],[80.7491,6.87529],[80.74908,6.87169],[80.75182,6.87154],[80.76588,6.86302],[80.77316,6.86173],[80.77089,6.85728],[80.77814,6.85368],[80.78066,6.85426],[80.78379,6.85832],[80.78427,6.85243],[80.78774,6.85134],[80.79723,6.86184],[80.80674,6.86355],[80.80112,6.86894],[80.80565,6.87957],[80.81153,6.87872],[80.81093,6.88049],[80.81588,6.88154],[80.81597,6.88693],[80.81738,6.88863],[80.81961,6.8887],[80.82143,6.89509],[80.82068,6.89654],[80.82393,6.89995],[80.81898,6.90027],[80.81513,6.89496],[80.81455,6.89668],[80.81604,6.8987],[80.81399,6.89992],[80.81857,6.90461],[80.82004,6.90317],[80.8223,6.90342],[80.8221,6.9051],[80.82372,6.90613],[80.82875,6.90559],[80.82667,6.90858],[80.82788,6.90973],[80.82695,6.91098],[80.828,6.91386],[80.82488,6.92186],[80.82267,6.9224],[80.81898,6.92631],[80.81836,6.92776],[80.82084,6.92852],[80.7973,6.92818]]]},"properties":{"name":"Hakgala Strict Forest Reserve","ha":5489}},{"type":"Feature","geometry":{"type":"Polygon","coordinates":[[[80.55689,8.68964],[80.55131,8.68901],[80.54714,8.68178],[80.54084,8.68205],[80.53901,8.68421],[80.53961,8.68619],[80.54064,8.686],[80.54235,8.68776],[80.54321,8.69127],[80.54205,8.69634],[80.54077,8.69746],[80.54185,8.70394],[80.54724,8.70359],[80.55052,8.7021],[80.54981,8.70425],[80.54614,8.7078],[80.54754,8.7095],[80.54674,8.71063],[80.54867,8.7127],[80.5483,8.71371],[80.5464,8.71256],[80.54588,8.71369],[80.54785,8.71503],[80.54995,8.71514],[80.54999,8.71415],[80.55175,8.71301],[80.55184,8.71131],[80.55447,8.71214],[80.55584,8.71011],[80.55685,8.71014],[80.55705,8.7075],[80.55993,8.70898],[80.56107,8.70421],[80.56212,8.70587],[80.56361,8.70491],[80.56499,8.70523],[80.56513,8.70627],[80.5621,8.7082],[80.56207,8.71105],[80.5632,8.71153],[80.56667,8.71121],[80.56665,8.71236],[80.56945,8.7114],[80.57086,8.71307],[80.57601,8.70913],[80.57658,8.70993],[80.58893,8.70139],[80.58993,8.6986],[80.59484,8.69756],[80.59644,8.69443],[80.60061,8.69122],[80.60067,8.68965],[80.59796,8.68758],[80.59605,8.68774],[80.59385,8.68646],[80.59285,8.68398],[80.59422,8.68171],[80.59566,8.68106],[80.59842,8.68197],[80.59791,8.68389],[80.60041,8.68507],[80.60337,8.68877],[80.60491,8.689],[80.61459,8.68251],[80.61665,8.68019],[80.61345,8.67875],[80.61037,8.67195],[80.6074,8.6703],[80.60821,8.66911],[80.6111,8.66864],[80.61358,8.67315],[80.61686,8.67391],[80.61951,8.67591],[80.62089,8.67752],[80.61795,8.67853],[80.61846,8.67998],[80.62687,8.67798],[80.6244,8.67479],[80.62246,8.67418],[80.6211,8.67163],[80.62254,8.66699],[80.62044,8.6614],[80.62033,8.65645],[80.61661,8.65573],[80.60964,8.65011],[80.60929,8.64777],[80.60683,8.64635],[80.60642,8.64361],[80.60833,8.64286],[80.61257,8.64518],[80.61402,8.64458],[80.61689,8.64822],[80.62698,8.64663],[80.63175,8.64367],[80.63698,8.64269],[80.63897,8.64113],[80.63912,8.63913],[80.63665,8.63694],[80.63056,8.63796],[80.62195,8.63002],[80.60755,8.61995],[80.60282,8.62352],[80.5986,8.62419],[80.59535,8.62829],[80.59342,8.62826],[80.58558,8.62438],[80.58627,8.62014],[80.58142,8.61495],[80.57878,8.61519],[80.57584,8.61729],[80.57434,8.62062],[80.57188,8.62175],[80.57085,8.62576],[80.56803,8.62873],[80.57192,8.63331],[80.57274,8.63681],[80.56893,8.64189],[80.56578,8.64188],[80.56215,8.64752],[80.56379,8.64922],[80.5644,8.65162],[80.5624,8.66085],[80.5646,8.66642],[80.56741,8.66756],[80.56974,8.66673],[80.57208,8.66305],[80.57546,8.66533],[80.5781,8.67269],[80.57738,8.67537],[80.57505,8.67731],[80.57321,8.68358],[80.57693,8.68933],[80.58149,8.69139],[80.58186,8.69354],[80.58093,8.69497],[80.57915,8.69429],[80.5776,8.69215],[80.57381,8.69082],[80.57202,8.69141],[80.57293,8.69118],[80.5725,8.688],[80.57019,8.68823],[80.57015,8.68966],[80.56578,8.68964],[80.56904,8.69334],[80.56694,8.69237],[80.56622,8.69355],[80.56417,8.68964],[80.56392,8.69124],[80.56159,8.68871],[80.56031,8.6893],[80.56014,8.68598],[80.5592,8.68628],[80.55976,8.68966],[80.55689,8.68964]]]},"properties":{"name":null,"ha":5261}},{"type":"Feature","geometry":{"type":"Polygon","coordinates":[[[81.60516,7.27599],[81.60018,7.27676],[81.59829,7.2754],[81.59695,7.27897],[81.59353,7.27861],[81.59078,7.28408],[81.58932,7.28466],[81.58868,7.28326],[81.59022,7.27702],[81.5884,7.27812],[81.58719,7.28273],[81.58557,7.28241],[81.58776,7.2778],[81.58483,7.27522],[81.58595,7.27059],[81.58044,7.27427],[81.57943,7.27766],[81.57793,7.27673],[81.57756,7.27805],[81.57617,7.27832],[81.57602,7.28002],[81.57422,7.28025],[81.57278,7.28217],[81.57098,7.28216],[81.57078,7.28003],[81.56849,7.281],[81.56746,7.28686],[81.56456,7.29155],[81.56108,7.291],[81.55885,7.29785],[81.56029,7.29977],[81.55868,7.30134],[81.55838,7.30315],[81.56065,7.30873],[81.5584,7.3142],[81.56246,7.31707],[81.56355,7.32278],[81.56607,7.32457],[81.57046,7.32584],[81.57042,7.32946],[81.57119,7.3302],[81.57729,7.33108],[81.58103,7.32154],[81.57995,7.31662],[81.58215,7.31456],[81.58358,7.31599],[81.58345,7.31888],[81.5851,7.32307],[81.58653,7.32316],[81.58833,7.32177],[81.58912,7.32238],[81.58766,7.32446],[81.5834,7.32508],[81.58139,7.32642],[81.58044,7.32891],[81.58103,7.33202],[81.58239,7.33413],[81.58349,7.33372],[81.58396,7.33161],[81.5829,7.32804],[81.58447,7.32722],[81.58525,7.33052],[81.5846,7.33552],[81.58963,7.33891],[81.59137,7.34147],[81.59361,7.34122],[81.59916,7.3359],[81.59874,7.33082],[81.59988,7.32944],[81.607,7.33029],[81.60917,7.33305],[81.60901,7.33436],[81.62082,7.3302],[81.63316,7.33408],[81.63553,7.34023],[81.64112,7.34182],[81.64096,7.34591],[81.64206,7.34779],[81.64344,7.34651],[81.64684,7.34675],[81.65022,7.34523],[81.65397,7.34038],[81.65614,7.33361],[81.66118,7.3276],[81.66012,7.32276],[81.65844,7.32252],[81.65672,7.31964],[81.60516,7.27599]]]},"properties":{"name":"Gal Oya Valley North East Sanctuary","ha":5255}},{"type":"Feature","geometry":{"type":"Polygon","coordinates":[[[80.85541,8.60982],[80.85488,8.60805],[80.8574,8.6023],[80.85322,8.60454],[80.85043,8.60285],[80.85026,8.60579],[80.84796,8.6068],[80.84579,8.60928],[80.84656,8.61272],[80.84307,8.61274],[80.84161,8.6166],[80.83985,8.61635],[80.83795,8.61436],[80.83556,8.61437],[80.83525,8.61328],[80.83721,8.61082],[80.83516,8.60927],[80.83727,8.60708],[80.83513,8.60408],[80.83566,8.60175],[80.83019,8.59959],[80.82888,8.60287],[80.82418,8.60188],[80.82414,8.60082],[80.82582,8.60041],[80.82648,8.59893],[80.82994,8.59838],[80.83103,8.5964],[80.82996,8.59509],[80.82627,8.59547],[80.82275,8.5928],[80.82433,8.59129],[80.82483,8.58705],[80.82634,8.58698],[80.82795,8.58835],[80.83035,8.58772],[80.83123,8.58638],[80.82994,8.58482],[80.83182,8.58446],[80.83208,8.58287],[80.82961,8.58289],[80.82871,8.58094],[80.82601,8.58325],[80.82479,8.58314],[80.82403,8.58179],[80.82195,8.58291],[80.82105,8.58223],[80.81773,8.5863],[80.81511,8.58567],[80.81024,8.58787],[80.80876,8.58713],[80.80889,8.58546],[80.80715,8.58478],[80.80755,8.58312],[80.80927,8.58198],[80.81165,8.58206],[80.81054,8.58058],[80.8129,8.57688],[80.81657,8.57663],[80.81921,8.57514],[80.822,8.5755],[80.82212,8.56782],[80.82026,8.56734],[80.8194,8.57111],[80.81818,8.57198],[80.81607,8.56986],[80.81358,8.57026],[80.8124,8.56944],[80.81245,8.56823],[80.81019,8.56778],[80.80646,8.56918],[80.80665,8.57154],[80.80515,8.57243],[80.80271,8.57152],[80.8028,8.56957],[80.80141,8.56745],[80.80243,8.5625],[80.79861,8.56089],[80.79453,8.56052],[80.79275,8.56129],[80.79288,8.56551],[80.78992,8.56931],[80.78998,8.57052],[80.79322,8.57173],[80.79367,8.57396],[80.79324,8.57657],[80.79153,8.57852],[80.79352,8.58804],[80.7926,8.58874],[80.7908,8.58715],[80.79028,8.57814],[80.78777,8.57574],[80.78816,8.57918],[80.78728,8.58136],[80.78837,8.58533],[80.78457,8.58796],[80.78657,8.58883],[80.78616,8.59089],[80.78839,8.59053],[80.79097,8.5922],[80.79143,8.5937],[80.78771,8.59462],[80.78771,8.59732],[80.78683,8.5978],[80.78335,8.59827],[80.78127,8.60027],[80.77766,8.60111],[80.7782,8.60663],[80.77947,8.60884],[80.78069,8.60918],[80.78082,8.61145],[80.78217,8.61259],[80.78088,8.61395],[80.78112,8.61512],[80.78344,8.61596],[80.78449,8.61809],[80.79052,8.61855],[80.79011,8.62023],[80.78711,8.61938],[80.78505,8.62093],[80.78603,8.62488],[80.78878,8.62596],[80.79043,8.62852],[80.79189,8.62827],[80.79275,8.62504],[80.79517,8.6215],[80.79779,8.62137],[80.79977,8.62258],[80.79983,8.62504],[80.79617,8.62802],[80.79458,8.63147],[80.80225,8.62723],[80.80509,8.62744],[80.80584,8.62538],[80.80715,8.62664],[80.80893,8.62676],[80.80942,8.62502],[80.80648,8.61855],[80.80839,8.61802],[80.80976,8.61885],[80.81127,8.62301],[80.8103,8.62846],[80.8116,8.62979],[80.80848,8.62943],[80.81357,8.63665],[80.81362,8.63946],[80.81532,8.6399],[80.81568,8.64158],[80.81465,8.6443],[80.81092,8.64675],[80.81167,8.64766],[80.81401,8.64675],[80.815,8.64728],[80.81352,8.64927],[80.81483,8.65069],[80.81469,8.65261],[80.81594,8.6519],[80.81746,8.65302],[80.81812,8.65067],[80.81991,8.6499],[80.8184,8.64873],[80.8188,8.64735],[80.82267,8.64749],[80.82357,8.64552],[80.82442,8.65006],[80.8269,8.64922],[80.82796,8.64993],[80.82738,8.64703],[80.82541,8.64777],[80.82502,8.6458],[80.82603,8.6449],[80.82541,8.64284],[80.82434,8.64281],[80.82161,8.6401],[80.81755,8.63501],[80.81839,8.63359],[80.82052,8.63549],[80.82366,8.63379],[80.82672,8.63425],[80.82929,8.63218],[80.82834,8.63654],[80.83337,8.63873],[80.83327,8.64182],[80.83562,8.64227],[80.83503,8.64412],[80.83567,8.6451],[80.83807,8.64536],[80.83892,8.64809],[80.84162,8.64734],[80.84207,8.64897],[80.84307,8.64919],[80.84276,8.65077],[80.84433,8.64967],[80.84578,8.65039],[80.84431,8.65227],[80.85194,8.65839],[80.85089,8.66337],[80.85347,8.66363],[80.85416,8.66529],[80.85627,8.66624],[80.85817,8.66616],[80.8585,8.66685],[80.85642,8.66924],[80.86163,8.66889],[80.8612,8.67203],[80.86267,8.67422],[80.86407,8.67397],[80.86586,8.67824],[80.86542,8.68156],[80.86785,8.68017],[80.86908,8.68127],[80.87132,8.68057],[80.87015,8.67804],[80.87184,8.67506],[80.87342,8.67779],[80.87431,8.67724],[80.8741,8.67412],[80.87121,8.67264],[80.87194,8.67068],[80.8705,8.66821],[80.87135,8.66636],[80.87291,8.66579],[80.87699,8.67119],[80.87902,8.67237],[80.8807,8.66988],[80.88364,8.67028],[80.88377,8.6692],[80.88136,8.66818],[80.87695,8.66411],[80.8742,8.6637],[80.87166,8.66529],[80.8707,8.66171],[80.87267,8.66189],[80.87269,8.66027],[80.87487,8.66084],[80.87499,8.66009],[80.87231,8.6588],[80.87107,8.65722],[80.87122,8.65534],[80.86543,8.65362],[80.86501,8.6525],[80.86272,8.65339],[80.86225,8.65021],[80.86054,8.64988],[80.86069,8.64223],[80.86154,8.64153],[80.86294,8.64267],[80.86351,8.64183],[80.86123,8.63982],[80.85541,8.60982]]]},"properties":{"name":"Horowpothana National Park","ha":5139}},{"type":"Feature","geometry":{"type":"Polygon","coordinates":[[[80.53248,6.49734],[80.53314,6.49817],[80.53251,6.49901],[80.53432,6.49831],[80.53439,6.50041],[80.53553,6.49821],[80.53989,6.49921],[80.54192,6.49713],[80.54356,6.49722],[80.54572,6.49582],[80.54554,6.49481],[80.54772,6.49234],[80.54718,6.49204],[80.54499,6.49355],[80.54374,6.49274],[80.54305,6.49316],[80.54393,6.49388],[80.54054,6.49505],[80.53856,6.49415],[80.53425,6.4973],[80.53327,6.49723],[80.53314,6.49615],[80.532,6.49634],[80.53212,6.49368],[80.53445,6.49515],[80.53558,6.4941],[80.53705,6.49456],[80.53576,6.49132],[80.5389,6.49112],[80.5425,6.48822],[80.54894,6.48838],[80.55193,6.48749],[80.55436,6.48806],[80.55704,6.48652],[80.55789,6.48473],[80.55872,6.48553],[80.55925,6.48511],[80.55736,6.47923],[80.55999,6.4791],[80.56199,6.48276],[80.56296,6.48073],[80.56286,6.48176],[80.56395,6.48182],[80.56265,6.47946],[80.56368,6.48044],[80.56368,6.47784],[80.56524,6.4775],[80.566,6.47866],[80.5667,6.47759],[80.56707,6.47638],[80.56528,6.47372],[80.56735,6.47437],[80.56661,6.47175],[80.56808,6.47239],[80.57057,6.4778],[80.57049,6.48071],[80.57118,6.48079],[80.57123,6.47675],[80.56883,6.47431],[80.56885,6.47061],[80.57069,6.47218],[80.57414,6.46987],[80.57435,6.47229],[80.57691,6.47362],[80.57694,6.4755],[80.57817,6.47217],[80.57828,6.4752],[80.5792,6.4761],[80.57891,6.4726],[80.57965,6.47261],[80.58006,6.47472],[80.58071,6.47063],[80.58155,6.47072],[80.58158,6.47232],[80.58183,6.47069],[80.58256,6.47131],[80.58328,6.47522],[80.5852,6.47351],[80.58593,6.4738],[80.58604,6.47233],[80.58403,6.47136],[80.58385,6.47012],[80.58501,6.46986],[80.58551,6.46802],[80.58731,6.46753],[80.58475,6.46507],[80.58537,6.46451],[80.58904,6.46539],[80.58827,6.46491],[80.58887,6.4632],[80.58753,6.46323],[80.58717,6.46467],[80.58666,6.46198],[80.58531,6.46302],[80.58553,6.46081],[80.58391,6.46376],[80.5842,6.4613],[80.58327,6.46199],[80.58231,6.45993],[80.57958,6.46036],[80.57971,6.45809],[80.57875,6.45709],[80.5775,6.4584],[80.57799,6.46106],[80.57916,6.46049],[80.57941,6.46196],[80.57759,6.46168],[80.57662,6.45927],[80.57531,6.45989],[80.57516,6.45859],[80.57685,6.45814],[80.57627,6.4568],[80.57715,6.45675],[80.57634,6.45483],[80.57822,6.45396],[80.57619,6.45406],[80.57545,6.45539],[80.57401,6.45553],[80.57327,6.45325],[80.57094,6.45432],[80.56842,6.45309],[80.56652,6.45353],[80.56571,6.45452],[80.57094,6.45487],[80.57256,6.45695],[80.57412,6.45738],[80.57211,6.45854],[80.5708,6.46134],[80.56608,6.45876],[80.56278,6.45893],[80.564,6.46071],[80.56214,6.46057],[80.56531,6.46461],[80.56329,6.46708],[80.56231,6.46622],[80.56384,6.46389],[80.56336,6.46335],[80.56251,6.46419],[80.56238,6.46316],[80.56104,6.46263],[80.56071,6.46413],[80.55972,6.46382],[80.56154,6.46686],[80.55909,6.46625],[80.55903,6.4682],[80.55815,6.46628],[80.55736,6.46769],[80.55491,6.46711],[80.55434,6.46373],[80.54952,6.46295],[80.54935,6.46423],[80.54667,6.46282],[80.54811,6.46437],[80.54665,6.46708],[80.54865,6.46711],[80.54586,6.46974],[80.54431,6.46899],[80.54605,6.46774],[80.54566,6.4668],[80.54367,6.46807],[80.54182,6.46614],[80.53754,6.46776],[80.53649,6.46618],[80.53592,6.47072],[80.53409,6.46909],[80.53382,6.47042],[80.532,6.4685],[80.53417,6.46883],[80.53504,6.46694],[80.53319,6.4681],[80.53197,6.46663],[80.5305,6.46726],[80.52974,6.46636],[80.52953,6.46831],[80.52791,6.46867],[80.52733,6.46986],[80.52577,6.46992],[80.52621,6.46867],[80.52547,6.46831],[80.52431,6.46956],[80.52623,6.47132],[80.52883,6.4707],[80.52897,6.47294],[80.52192,6.47414],[80.5202,6.47211],[80.51964,6.47423],[80.51688,6.47368],[80.51676,6.47524],[80.51464,6.47453],[80.51257,6.47648],[80.51145,6.47497],[80.51172,6.47274],[80.51042,6.47583],[80.50787,6.4731],[80.5082,6.47215],[80.50648,6.47448],[80.50527,6.47382],[80.50637,6.47302],[80.50622,6.46942],[80.50457,6.47077],[80.50384,6.46965],[80.50306,6.46997],[80.50357,6.47287],[80.50155,6.47133],[80.5019,6.47275],[80.49962,6.47417],[80.49896,6.47069],[80.49812,6.47048],[80.49761,6.4741],[80.4958,6.4723],[80.49535,6.47359],[80.49385,6.47371],[80.49571,6.47159],[80.49539,6.46831],[80.49149,6.47166],[80.49024,6.4717],[80.49032,6.47268],[80.48875,6.47256],[80.48711,6.47588],[80.48463,6.4739],[80.48539,6.47649],[80.48349,6.47556],[80.48373,6.47731],[80.48236,6.4783],[80.48392,6.48147],[80.47863,6.4806],[80.4743,6.48185],[80.47239,6.48397],[80.47232,6.48806],[80.47131,6.48958],[80.47005,6.48956],[80.46777,6.48708],[80.46942,6.4903],[80.46646,6.48909],[80.46576,6.4912],[80.46215,6.48998],[80.45764,6.49335],[80.45964,6.4945],[80.46052,6.49655],[80.45565,6.49753],[80.45462,6.50003],[80.45172,6.5013],[80.44891,6.50495],[80.45011,6.50636],[80.45258,6.50587],[80.45222,6.50744],[80.44906,6.50732],[80.4473,6.50506],[80.44637,6.50552],[80.44468,6.50463],[80.44496,6.50779],[80.44192,6.50578],[80.44116,6.50388],[80.43996,6.5038],[80.44089,6.50472],[80.44084,6.50651],[80.43906,6.50559],[80.43859,6.50825],[80.42539,6.51682],[80.42177,6.52124],[80.42,6.5217],[80.42017,6.52296],[80.41851,6.5243],[80.42315,6.52636],[80.4246,6.52612],[80.42609,6.52965],[80.42918,6.52939],[80.43168,6.52804],[80.43164,6.52656],[80.43275,6.52549],[80.436,6.52537],[80.44194,6.5212],[80.44813,6.51882],[80.44685,6.51787],[80.44976,6.51706],[80.44917,6.51515],[80.45099,6.51608],[80.45211,6.51844],[80.45405,6.51878],[80.45547,6.52024],[80.45908,6.52072],[80.4584,6.51876],[80.46025,6.51972],[80.46268,6.51931],[80.46357,6.51692],[80.46653,6.51661],[80.46795,6.51544],[80.46891,6.51665],[80.46993,6.51501],[80.47117,6.51773],[80.47053,6.5194],[80.47349,6.5185],[80.47319,6.51758],[80.47523,6.51743],[80.47306,6.51935],[80.47413,6.52045],[80.47621,6.51807],[80.48284,6.51728],[80.48344,6.51806],[80.48643,6.51596],[80.4876,6.51589],[80.48843,6.51702],[80.49187,6.51474],[80.49498,6.51467],[80.49849,6.51239],[80.50668,6.50957],[80.507,6.50743],[80.50943,6.5077],[80.5107,6.50586],[80.51448,6.50627],[80.51846,6.50411],[80.52557,6.50263],[80.53013,6.49574],[80.53178,6.49918],[80.53248,6.49734]]]},"properties":{"name":"Walankanda Forest - Greater Sinharaja Forest Complex","ha":5027}},{"type":"Feature","geometry":{"type":"Polygon","coordinates":[[[80.31979,8.85618],[80.3235,8.85626],[80.32529,8.86223],[80.32534,8.8683],[80.32323,8.86738],[80.32084,8.86857],[80.32029,8.87171],[80.31822,8.87266],[80.31615,8.87205],[80.3147,8.86926],[80.30873,8.87451],[80.30949,8.87552],[80.30813,8.87671],[80.2975,8.88152],[80.28649,8.88255],[80.28597,8.88509],[80.28703,8.89138],[80.28492,8.89566],[80.27299,8.90064],[80.27282,8.90417],[80.26698,8.90944],[80.26384,8.91051],[80.26321,8.9061],[80.26049,8.905],[80.25603,8.90951],[80.25742,8.91356],[80.24082,8.91594],[80.23895,8.91229],[80.24358,8.90492],[80.24383,8.87998],[80.23895,8.88241],[80.23644,8.87473],[80.24055,8.86194],[80.24619,8.85768],[80.25627,8.86053],[80.26408,8.85843],[80.26791,8.85866],[80.26746,8.8578],[80.26408,8.85748],[80.25517,8.85904],[80.25194,8.85782],[80.24655,8.85269],[80.24673,8.84586],[80.24778,8.84357],[80.24648,8.84304],[80.25486,8.83914],[80.26157,8.83745],[80.27841,8.83816],[80.31166,8.84606],[80.31979,8.85618]]]},"properties":{"name":null,"ha":4972}},{"type":"Feature","geometry":{"type":"Polygon","coordinates":[[[81.36172,8.24803],[81.3606,8.24658],[81.3612,8.24534],[81.35909,8.24445],[81.35831,8.24253],[81.35696,8.24474],[81.35579,8.24452],[81.35622,8.24639],[81.35356,8.24806],[81.35328,8.25],[81.35163,8.25044],[81.35167,8.2449],[81.34961,8.24452],[81.34973,8.24377],[81.35214,8.24437],[81.3514,8.24069],[81.35286,8.23982],[81.354,8.23722],[81.35495,8.23843],[81.35633,8.23664],[81.35624,8.23581],[81.35482,8.23581],[81.35514,8.23409],[81.36088,8.23638],[81.36021,8.23904],[81.36192,8.24245],[81.3655,8.24462],[81.3642,8.24753],[81.36747,8.24884],[81.36983,8.24518],[81.3689,8.24401],[81.36959,8.24099],[81.36809,8.23913],[81.36845,8.23782],[81.36987,8.23796],[81.36983,8.23682],[81.37087,8.23642],[81.37626,8.23734],[81.37769,8.23791],[81.37718,8.24014],[81.37849,8.24053],[81.37842,8.23913],[81.38044,8.23773],[81.38075,8.23404],[81.38223,8.23296],[81.38178,8.23105],[81.38329,8.23103],[81.38313,8.23337],[81.38412,8.23419],[81.3858,8.23321],[81.38755,8.2274],[81.39119,8.22622],[81.3907,8.2254],[81.39176,8.22238],[81.39357,8.21997],[81.38504,8.2179],[81.37845,8.21799],[81.37711,8.22005],[81.37583,8.21985],[81.37584,8.22061],[81.37386,8.22124],[81.37286,8.22056],[81.37235,8.22196],[81.37037,8.22213],[81.37068,8.2229],[81.36855,8.22526],[81.36399,8.22541],[81.3639,8.22124],[81.36576,8.21632],[81.36973,8.21772],[81.37278,8.21217],[81.37281,8.21016],[81.37142,8.20978],[81.37174,8.20868],[81.36942,8.20587],[81.35793,8.20568],[81.35781,8.20667],[81.35722,8.20564],[81.34695,8.20529],[81.34682,8.20648],[81.34465,8.20698],[81.33854,8.20515],[81.33825,8.20765],[81.33749,8.20666],[81.33577,8.20745],[81.3326,8.20667],[81.33042,8.20755],[81.33158,8.21093],[81.33134,8.21364],[81.328,8.21933],[81.32657,8.22061],[81.32302,8.22141],[81.31997,8.22052],[81.31908,8.21757],[81.3162,8.21455],[81.31517,8.21591],[81.31432,8.21259],[81.31134,8.21542],[81.3106,8.21492],[81.30981,8.21268],[81.31065,8.21074],[81.30656,8.21063],[81.3034,8.2127],[81.32333,8.25755],[81.32087,8.26046],[81.31807,8.26653],[81.31677,8.27117],[81.31835,8.27075],[81.31775,8.27217],[81.31645,8.27255],[81.31573,8.27603],[81.31661,8.27673],[81.31573,8.27762],[81.31619,8.28204],[81.31748,8.28416],[81.31662,8.28613],[81.31688,8.28696],[81.31717,8.2861],[81.31807,8.28648],[81.31687,8.28854],[81.31813,8.29082],[81.31798,8.29449],[81.31974,8.29957],[81.31866,8.30167],[81.32037,8.3136],[81.32295,8.31143],[81.32301,8.31006],[81.32531,8.30734],[81.32774,8.30663],[81.32998,8.30407],[81.33046,8.30084],[81.32621,8.30036],[81.32984,8.29658],[81.33096,8.29683],[81.32895,8.28828],[81.33041,8.2879],[81.33002,8.28581],[81.33311,8.28576],[81.33252,8.28406],[81.33453,8.28317],[81.33442,8.28135],[81.33272,8.28014],[81.33372,8.27836],[81.33753,8.27882],[81.33874,8.278],[81.33814,8.27675],[81.34245,8.27689],[81.34405,8.27468],[81.34495,8.27632],[81.34682,8.2767],[81.35972,8.2754],[81.36133,8.26268],[81.35916,8.26217],[81.35924,8.26085],[81.35761,8.26054],[81.35738,8.25924],[81.3592,8.25811],[81.36172,8.24803]]]},"properties":{"name":null,"ha":4876}},{"type":"Feature","geometry":{"type":"Polygon","coordinates":[[[81.36172,8.24803],[81.3606,8.24658],[81.3612,8.24534],[81.35909,8.24445],[81.35831,8.24253],[81.35696,8.24474],[81.35579,8.24452],[81.35622,8.24639],[81.35356,8.24806],[81.35328,8.25],[81.35163,8.25044],[81.35167,8.2449],[81.34961,8.24452],[81.34973,8.24377],[81.35214,8.24437],[81.3514,8.24069],[81.35286,8.23982],[81.354,8.23722],[81.35495,8.23843],[81.35633,8.23664],[81.35624,8.23581],[81.35482,8.23581],[81.35514,8.23409],[81.36088,8.23638],[81.36021,8.23904],[81.36192,8.24245],[81.3655,8.24462],[81.3642,8.24753],[81.36747,8.24884],[81.36983,8.24518],[81.3689,8.24401],[81.36959,8.24099],[81.36809,8.23913],[81.36845,8.23782],[81.36987,8.23796],[81.36983,8.23682],[81.37087,8.23642],[81.37626,8.23734],[81.37769,8.23791],[81.37718,8.24014],[81.37849,8.24053],[81.37842,8.23913],[81.38044,8.23773],[81.38075,8.23404],[81.38223,8.23296],[81.38178,8.23105],[81.38329,8.23103],[81.38313,8.23337],[81.38412,8.23419],[81.3858,8.23321],[81.38755,8.2274],[81.39119,8.22622],[81.3907,8.2254],[81.39176,8.22238],[81.39357,8.21997],[81.38504,8.2179],[81.37845,8.21799],[81.37711,8.22005],[81.37583,8.21985],[81.37584,8.22061],[81.37386,8.22124],[81.37286,8.22056],[81.37235,8.22196],[81.37037,8.22213],[81.37068,8.2229],[81.36855,8.22526],[81.36399,8.22541],[81.3639,8.22124],[81.36576,8.21632],[81.36973,8.21772],[81.37278,8.21217],[81.37281,8.21016],[81.37142,8.20978],[81.37174,8.20868],[81.36942,8.20587],[81.35793,8.20568],[81.35781,8.20667],[81.35722,8.20564],[81.34695,8.20529],[81.34682,8.20648],[81.34465,8.20698],[81.33854,8.20515],[81.33825,8.20765],[81.33749,8.20666],[81.33577,8.20745],[81.3326,8.20667],[81.33042,8.20755],[81.33158,8.21093],[81.33134,8.21364],[81.328,8.21933],[81.32657,8.22061],[81.32302,8.22141],[81.31997,8.22052],[81.31908,8.21757],[81.3162,8.21455],[81.31517,8.21591],[81.31432,8.21259],[81.31134,8.21542],[81.3106,8.21492],[81.30981,8.21268],[81.31065,8.21074],[81.30656,8.21063],[81.3034,8.2127],[81.32333,8.25755],[81.32087,8.26046],[81.31807,8.26653],[81.31677,8.27117],[81.31835,8.27075],[81.31775,8.27217],[81.31645,8.27255],[81.31573,8.27603],[81.31661,8.27673],[81.31573,8.27762],[81.31619,8.28204],[81.31748,8.28416],[81.31662,8.28613],[81.31688,8.28696],[81.31717,8.2861],[81.31807,8.28648],[81.31687,8.28854],[81.31813,8.29082],[81.31798,8.29449],[81.31974,8.29957],[81.31866,8.30167],[81.32037,8.3136],[81.32295,8.31143],[81.32301,8.31006],[81.32531,8.30734],[81.32774,8.30663],[81.32998,8.30407],[81.33046,8.30084],[81.32621,8.30036],[81.32984,8.29658],[81.33096,8.29683],[81.32895,8.28828],[81.33041,8.2879],[81.33002,8.28581],[81.33311,8.28576],[81.33252,8.28406],[81.33453,8.28317],[81.33442,8.28135],[81.33272,8.28014],[81.33372,8.27836],[81.33753,8.27882],[81.33874,8.278],[81.33814,8.27675],[81.34245,8.27689],[81.34405,8.27468],[81.34495,8.27632],[81.34682,8.2767],[81.35972,8.2754],[81.36133,8.26268],[81.35916,8.26217],[81.35924,8.26085],[81.35761,8.26054],[81.35738,8.25924],[81.3592,8.25811],[81.36172,8.24803]]]},"properties":{"name":null,"ha":4876}},{"type":"Feature","geometry":{"type":"Polygon","coordinates":[[[81.35391,6.92013],[81.35355,6.92097],[81.35447,6.92144],[81.35769,6.92071],[81.36334,6.92294],[81.3629,6.92478],[81.36574,6.92493],[81.36515,6.92611],[81.36334,6.92652],[81.36541,6.92728],[81.36484,6.92784],[81.36883,6.92719],[81.37017,6.92814],[81.3728,6.92731],[81.37446,6.92814],[81.3763,6.92776],[81.37527,6.92589],[81.3804,6.9248],[81.3826,6.92139],[81.38253,6.91978],[81.38546,6.91824],[81.38616,6.91572],[81.39101,6.91452],[81.3912,6.91342],[81.39207,6.91352],[81.39182,6.91255],[81.39592,6.91073],[81.39774,6.90795],[81.39828,6.90503],[81.39625,6.90481],[81.39757,6.90248],[81.39911,6.90268],[81.40014,6.90155],[81.40036,6.89948],[81.40193,6.89964],[81.40129,6.89789],[81.40427,6.89462],[81.40532,6.89027],[81.40371,6.88867],[81.40444,6.88768],[81.40356,6.88668],[81.40309,6.8821],[81.40486,6.88127],[81.40591,6.88177],[81.40906,6.87734],[81.408,6.87626],[81.40659,6.87648],[81.40564,6.87485],[81.4041,6.87561],[81.40206,6.8738],[81.40242,6.87285],[81.40428,6.87368],[81.40623,6.87313],[81.40511,6.8678],[81.40265,6.86736],[81.40172,6.86388],[81.40144,6.86166],[81.40305,6.86123],[81.40012,6.85394],[81.39805,6.85439],[81.39724,6.85277],[81.39803,6.85128],[81.39666,6.84819],[81.39566,6.84838],[81.39585,6.84534],[81.39469,6.84564],[81.39394,6.84215],[81.39098,6.8425],[81.38943,6.84077],[81.38921,6.8351],[81.38765,6.83482],[81.38418,6.83643],[81.38414,6.83807],[81.38523,6.83868],[81.38438,6.84075],[81.38228,6.84155],[81.37907,6.84485],[81.37546,6.84448],[81.37393,6.84143],[81.3723,6.84241],[81.37156,6.84442],[81.36824,6.84567],[81.36876,6.84626],[81.36751,6.84639],[81.36401,6.85027],[81.36185,6.84394],[81.35694,6.84134],[81.35593,6.84305],[81.35352,6.85099],[81.35778,6.8558],[81.35692,6.85721],[81.35963,6.85842],[81.35744,6.8608],[81.35519,6.8615],[81.35473,6.86272],[81.35709,6.86843],[81.35756,6.87019],[81.35691,6.87047],[81.35866,6.8728],[81.35509,6.87423],[81.35254,6.87409],[81.35033,6.88162],[81.34924,6.88262],[81.35071,6.88653],[81.34752,6.89075],[81.34874,6.89117],[81.34852,6.89322],[81.34528,6.89647],[81.34245,6.8961],[81.34295,6.90022],[81.34203,6.90472],[81.34107,6.90541],[81.34965,6.91955],[81.35154,6.91898],[81.35391,6.92013]]]},"properties":{"name":null,"ha":4825}},{"type":"Feature","geometry":{"type":"Polygon","coordinates":[[[81.4479,6.99325],[81.45252,6.98639],[81.45757,6.98393],[81.46004,6.98149],[81.46748,6.98328],[81.4681,6.98765],[81.47127,6.99209],[81.46976,6.99597],[81.46367,6.99976],[81.46606,7.00292],[81.46637,7.00741],[81.46152,7.00878],[81.45976,7.00825],[81.45855,7.00522],[81.45725,7.00527],[81.45667,7.00663],[81.45608,7.01447],[81.45746,7.02127],[81.45914,7.02392],[81.46517,7.02812],[81.46635,7.03269],[81.46501,7.04024],[81.46008,7.04666],[81.45469,7.05023],[81.45431,7.05232],[81.45722,7.05586],[81.45682,7.05944],[81.45801,7.06191],[81.46356,7.06146],[81.4684,7.05553],[81.46887,7.05644],[81.47072,7.05668],[81.46692,7.06232],[81.46399,7.06316],[81.46279,7.0674],[81.45811,7.07087],[81.45569,7.08375],[81.45689,7.09271],[81.45187,7.09528],[81.45077,7.09198],[81.45174,7.08532],[81.45041,7.08508],[81.44939,7.08683],[81.44683,7.08711],[81.44649,7.08581],[81.44945,7.08298],[81.44445,7.08321],[81.44308,7.08157],[81.44546,7.07951],[81.44694,7.07482],[81.45085,7.07264],[81.45415,7.06632],[81.44469,7.07051],[81.43773,7.06581],[81.43498,7.06624],[81.43091,7.0755],[81.42815,7.07646],[81.42647,7.07621],[81.42528,7.07305],[81.41894,7.06783],[81.41883,7.06979],[81.42049,7.07267],[81.42011,7.07439],[81.4168,7.07531],[81.41174,7.07412],[81.40343,7.06428],[81.41069,7.05229],[81.41103,7.0487],[81.41013,7.04807],[81.40751,7.05011],[81.40557,7.05035],[81.40446,7.04957],[81.40379,7.04682],[81.4002,7.04809],[81.39739,7.04698],[81.39703,7.04376],[81.39582,7.04228],[81.39886,7.03962],[81.39754,7.03545],[81.39475,7.03313],[81.39227,7.02681],[81.39349,7.02049],[81.39252,7.01818],[81.39311,7.01657],[81.39546,7.01447],[81.39836,7.01387],[81.40037,7.01101],[81.40352,7.01148],[81.41026,7.01603],[81.41493,7.01594],[81.4184,7.0179],[81.4248,7.01688],[81.43759,7.01934],[81.43793,7.02102],[81.43171,7.02157],[81.42991,7.02539],[81.42518,7.02666],[81.42234,7.03164],[81.4218,7.038],[81.41966,7.04159],[81.41973,7.04391],[81.42153,7.04578],[81.42297,7.04523],[81.42558,7.04302],[81.42822,7.03774],[81.43073,7.03761],[81.43093,7.04063],[81.42852,7.04735],[81.42925,7.05012],[81.43276,7.04858],[81.43758,7.04335],[81.44354,7.03334],[81.44658,7.03254],[81.45389,7.03429],[81.45783,7.03383],[81.45729,7.03165],[81.45107,7.02677],[81.44422,7.02834],[81.44341,7.02661],[81.44386,7.02046],[81.44172,7.01664],[81.43349,7.01474],[81.43003,7.01221],[81.42926,7.00599],[81.43029,7.00282],[81.43254,7.00188],[81.43518,7.00246],[81.43003,6.99496],[81.43031,6.99328],[81.43426,6.99356],[81.44228,7.00129],[81.44404,7.00084],[81.4479,6.99325]]]},"properties":{"name":"Forests south of Baduluwela","ha":4749}},{"type":"Feature","geometry":{"type":"Polygon","coordinates":[[[81.5402,7.20621],[81.54353,7.20711],[81.5441,7.20988],[81.54901,7.2118],[81.55353,7.21158],[81.55721,7.21259],[81.56361,7.20913],[81.56445,7.20307],[81.56829,7.20131],[81.56979,7.1996],[81.56919,7.19757],[81.56775,7.1965],[81.56127,7.19516],[81.56216,7.19322],[81.56853,7.19598],[81.57001,7.19495],[81.56826,7.19211],[81.56461,7.19121],[81.56659,7.18789],[81.56427,7.17883],[81.56527,7.17588],[81.5606,7.17708],[81.55976,7.18092],[81.55745,7.18134],[81.55816,7.18582],[81.56037,7.18995],[81.55372,7.19117],[81.5493,7.18652],[81.54968,7.18391],[81.55108,7.18233],[81.54952,7.18025],[81.54915,7.17459],[81.5501,7.17191],[81.54906,7.16828],[81.54623,7.16654],[81.54772,7.16195],[81.54914,7.16078],[81.54804,7.16039],[81.55008,7.15446],[81.55007,7.15302],[81.54835,7.15216],[81.54798,7.15003],[81.54928,7.14788],[81.55156,7.14738],[81.55293,7.14543],[81.54923,7.14313],[81.54918,7.14094],[81.54806,7.14001],[81.55234,7.13994],[81.55475,7.13555],[81.55523,7.13176],[81.56682,7.13095],[81.56923,7.12895],[81.56831,7.12723],[81.56898,7.1265],[81.56614,7.12126],[81.55461,7.10308],[81.55369,7.08936],[81.55456,7.08061],[81.55151,7.08164],[81.5483,7.08444],[81.5455,7.08465],[81.54081,7.08247],[81.53999,7.07686],[81.53546,7.07459],[81.53547,7.07001],[81.53729,7.06287],[81.53944,7.05889],[81.54232,7.05864],[81.54201,7.05466],[81.54037,7.05513],[81.53968,7.05434],[81.53881,7.0422],[81.53595,7.03943],[81.53242,7.04089],[81.53203,7.0473],[81.53031,7.0451],[81.52764,7.04543],[81.52621,7.04662],[81.52635,7.04971],[81.52004,7.05369],[81.52056,7.05716],[81.51947,7.06143],[81.52095,7.06566],[81.51888,7.06867],[81.52087,7.0698],[81.52169,7.07458],[81.52269,7.0746],[81.52341,7.077],[81.52243,7.07778],[81.52406,7.07811],[81.52352,7.07893],[81.5402,7.20621]]]},"properties":{"name":"Gal Oya Valley National Park Forest Cover","ha":4611}},{"type":"Feature","geometry":{"type":"Polygon","coordinates":[[[80.14864,8.37175],[80.14612,8.37364],[80.14656,8.37501],[80.14998,8.37649],[80.15333,8.38463],[80.15362,8.38609],[80.1524,8.38798],[80.15287,8.39376],[80.15668,8.39459],[80.15922,8.39893],[80.1609,8.39988],[80.16666,8.40031],[80.16783,8.40129],[80.16713,8.41043],[80.16527,8.41477],[80.16116,8.41902],[80.16034,8.4236],[80.16308,8.4231],[80.16385,8.42666],[80.16319,8.42691],[80.16326,8.42975],[80.16558,8.43238],[80.16755,8.43281],[80.16738,8.43493],[80.17074,8.43509],[80.17213,8.43869],[80.17005,8.43991],[80.16889,8.44273],[80.16949,8.44658],[80.17084,8.44814],[80.17056,8.45135],[80.16926,8.45216],[80.16744,8.45627],[80.16227,8.45566],[80.1603,8.45651],[80.15769,8.45828],[80.15611,8.46202],[80.15382,8.46376],[80.14622,8.4671],[80.14458,8.46947],[80.1442,8.47244],[80.13871,8.47807],[80.13737,8.48493],[80.1264,8.49462],[80.12452,8.49556],[80.11935,8.49474],[80.11856,8.49759],[80.11955,8.49929],[80.11928,8.50115],[80.12944,8.50882],[80.13259,8.51263],[80.13667,8.51409],[80.13768,8.51786],[80.13833,8.5158],[80.1406,8.51383],[80.15092,8.51405],[80.15391,8.51538],[80.15698,8.51398],[80.16464,8.5136],[80.16697,8.51486],[80.17191,8.51501],[80.17533,8.51919],[80.17597,8.51344],[80.18404,8.5138],[80.18616,8.51481],[80.18737,8.51395],[80.19539,8.51335],[80.19731,8.51387],[80.1993,8.51892],[80.20036,8.5191],[80.20266,8.51703],[80.20321,8.51365],[80.20708,8.514],[80.22131,8.51051],[80.22921,8.51535],[80.23166,8.52279],[80.23321,8.52444],[80.23447,8.53166],[80.23422,8.53671],[80.23038,8.53778],[80.22899,8.54004],[80.229,8.5412],[80.23243,8.54313],[80.23133,8.54891],[80.23735,8.54856],[80.24218,8.55443],[80.24267,8.55714],[80.23976,8.55908],[80.24067,8.56281],[80.23949,8.56391],[80.23965,8.56565],[80.23493,8.57106],[80.23041,8.57298],[80.22924,8.57826],[80.22521,8.57994],[80.2231,8.57926],[80.22008,8.58081],[80.22303,8.58278],[80.22664,8.58351],[80.22792,8.58487],[80.22915,8.59101],[80.23101,8.59468],[80.22919,8.59583],[80.22854,8.60002],[80.23187,8.59876],[80.2369,8.60172],[80.23717,8.60724],[80.23989,8.60812],[80.24106,8.60703],[80.24284,8.61048],[80.24604,8.61039],[80.24899,8.61367],[80.25133,8.61267],[80.25295,8.61423],[80.14864,8.37175]]]},"properties":{"name":"Wilpattu Forest Cover","ha":4464}},{"type":"Feature","geometry":{"type":"Polygon","coordinates":[[[80.43326,7.03178],[80.43504,7.03164],[80.4363,7.03285],[80.43703,7.03183],[80.43472,7.02675],[80.43276,7.02601],[80.43288,7.02268],[80.43593,7.02254],[80.43692,7.02137],[80.43668,7.01952],[80.4405,7.02063],[80.44464,7.02029],[80.44364,7.0194],[80.44368,7.01766],[80.44493,7.01796],[80.44547,7.01956],[80.44533,7.01631],[80.44717,7.01551],[80.44473,7.01538],[80.44571,7.0132],[80.45216,7.01513],[80.45189,7.01353],[80.44491,7.01215],[80.44849,7.01164],[80.45041,7.00814],[80.45307,7.00756],[80.45311,7.00569],[80.45139,7.0036],[80.45321,7.00301],[80.45599,6.999],[80.45475,6.99784],[80.45543,6.99569],[80.45339,6.99698],[80.45246,6.99593],[80.4535,6.99543],[80.45382,6.99351],[80.45564,6.9937],[80.45798,6.99246],[80.46022,6.99411],[80.46309,7.0013],[80.46401,7.00052],[80.46329,6.99777],[80.46602,7.0016],[80.4667,6.99995],[80.46499,6.99731],[80.46787,6.99896],[80.46705,7.00337],[80.46865,7.00463],[80.46934,7.00877],[80.47201,7.00883],[80.47232,7.01139],[80.47127,7.01356],[80.47339,7.01409],[80.47333,7.02182],[80.47573,7.02305],[80.47507,7.02394],[80.47614,7.02554],[80.47454,7.02596],[80.47382,7.02473],[80.4713,7.02572],[80.47114,7.02784],[80.47226,7.02823],[80.47419,7.02655],[80.47588,7.02706],[80.47593,7.02782],[80.4733,7.02878],[80.47556,7.02924],[80.47512,7.03125],[80.47981,7.03105],[80.47963,7.02997],[80.47734,7.03002],[80.47774,7.02738],[80.48549,7.02683],[80.48714,7.02451],[80.48721,7.02281],[80.49021,7.02124],[80.49326,7.02649],[80.49647,7.02724],[80.49675,7.03059],[80.4957,7.03331],[80.49993,7.03263],[80.50054,7.03768],[80.5031,7.03781],[80.50231,7.03893],[80.49844,7.03929],[80.49649,7.04052],[80.49489,7.03932],[80.49155,7.03959],[80.48682,7.03763],[80.48578,7.03801],[80.48426,7.04124],[80.48186,7.03947],[80.48398,7.04286],[80.48286,7.04334],[80.48155,7.0418],[80.48193,7.04356],[80.47941,7.04597],[80.4808,7.04865],[80.47906,7.04921],[80.47817,7.05247],[80.47412,7.05678],[80.47191,7.05435],[80.47205,7.05183],[80.47362,7.0497],[80.46848,7.04791],[80.47139,7.04348],[80.47125,7.04241],[80.46623,7.04553],[80.46494,7.0444],[80.46681,7.04233],[80.46449,7.0437],[80.46213,7.04131],[80.45948,7.04556],[80.45189,7.04191],[80.44837,7.04172],[80.44768,7.04343],[80.45034,7.04469],[80.45155,7.04691],[80.45127,7.0482],[80.44773,7.04826],[80.44587,7.04979],[80.44302,7.05032],[80.43932,7.05409],[80.43753,7.05398],[80.43784,7.05566],[80.43625,7.05704],[80.43434,7.05547],[80.43334,7.05743],[80.43209,7.05536],[80.43228,7.05261],[80.43121,7.05326],[80.42735,7.05089],[80.42645,7.04716],[80.42374,7.04435],[80.42164,7.04357],[80.42054,7.04156],[80.41647,7.04094],[80.41573,7.04279],[80.41664,7.04566],[80.40943,7.04606],[80.4084,7.04687],[80.40934,7.06006],[80.40256,7.06755],[80.40067,7.06648],[80.39977,7.06453],[80.40154,7.06134],[80.40501,7.05952],[80.40299,7.05704],[80.39959,7.05702],[80.39433,7.06006],[80.38843,7.05915],[80.38348,7.06079],[80.38087,7.0599],[80.37995,7.05841],[80.38008,7.0569],[80.38319,7.05647],[80.38411,7.05482],[80.38651,7.05625],[80.39128,7.05674],[80.39498,7.05348],[80.39584,7.05344],[80.3957,7.05427],[80.39695,7.05395],[80.39737,7.05258],[80.39606,7.0529],[80.39666,7.05128],[80.39228,7.05049],[80.39471,7.04802],[80.39539,7.04452],[80.39467,7.04354],[80.39228,7.04495],[80.38334,7.04665],[80.38254,7.04804],[80.38255,7.05429],[80.37917,7.05466],[80.37856,7.05692],[80.37747,7.05557],[80.37465,7.0552],[80.37426,7.05419],[80.37119,7.05493],[80.36964,7.05358],[80.36866,7.04751],[80.37159,7.04383],[80.3712,7.03995],[80.37396,7.03583],[80.37256,7.02945],[80.37992,7.01784],[80.38419,7.01478],[80.38526,7.01737],[80.38255,7.02049],[80.38297,7.02182],[80.38492,7.02093],[80.38594,7.02354],[80.38855,7.02357],[80.38854,7.02174],[80.38668,7.02029],[80.38693,7.0175],[80.38778,7.01705],[80.39896,7.02524],[80.40037,7.02255],[80.40044,7.01948],[80.40325,7.0203],[80.4062,7.02565],[80.40619,7.0299],[80.40469,7.03167],[80.40538,7.0334],[80.39934,7.03455],[80.39923,7.03567],[80.40133,7.03664],[80.40344,7.0344],[80.40711,7.03692],[80.40691,7.03392],[80.408,7.02949],[80.40919,7.02813],[80.41059,7.0288],[80.4109,7.03343],[80.41239,7.03383],[80.4172,7.03244],[80.41892,7.03376],[80.42307,7.03397],[80.42517,7.03553],[80.42657,7.03965],[80.42794,7.03725],[80.42682,7.03381],[80.43164,7.03669],[80.4336,7.03462],[80.43326,7.03178]]]},"properties":{"name":null,"ha":4328}},{"type":"Feature","geometry":{"type":"Polygon","coordinates":[[[80.53339,7.96647],[80.53175,7.96344],[80.53329,7.96082],[80.53422,7.95619],[80.53816,7.95708],[80.5451,7.95526],[80.54977,7.95751],[80.56082,7.95672],[80.56436,7.95761],[80.56497,7.95919],[80.5622,7.96206],[80.56132,7.96807],[80.55859,7.96798],[80.55758,7.96954],[80.5599,7.97332],[80.55692,7.97549],[80.55299,7.97536],[80.55155,7.9775],[80.55844,7.98082],[80.55346,7.98233],[80.55299,7.98358],[80.55406,7.98477],[80.5549,7.98996],[80.55623,7.98906],[80.55859,7.9894],[80.55904,7.98569],[80.56009,7.98509],[80.5628,7.98654],[80.56342,7.98964],[80.56561,7.99028],[80.56799,7.98679],[80.56707,7.98297],[80.57007,7.98141],[80.5705,7.97833],[80.57544,7.97821],[80.5799,7.97498],[80.57958,7.96418],[80.58316,7.96501],[80.59108,7.96295],[80.59329,7.96337],[80.59477,7.9652],[80.594,7.97332],[80.59209,7.98005],[80.58838,7.98199],[80.58812,7.98369],[80.58447,7.98809],[80.5814,7.98705],[80.57943,7.98807],[80.5802,7.99174],[80.58413,7.99404],[80.58445,7.99582],[80.58009,7.99727],[80.57679,7.99661],[80.57578,7.99793],[80.57694,7.99929],[80.58237,7.99875],[80.58398,8.0012],[80.59243,8.00143],[80.5958,8.00237],[80.59925,8.00685],[80.5994,8.00999],[80.59717,8.01029],[80.59187,8.00808],[80.59007,8.0107],[80.59018,8.01244],[80.58878,8.01352],[80.58741,8.01371],[80.58387,8.01172],[80.58318,8.01628],[80.58069,8.01813],[80.58084,8.01949],[80.5846,8.02249],[80.58569,8.02525],[80.58818,8.02572],[80.59035,8.02799],[80.59035,8.02935],[80.58861,8.02982],[80.58612,8.02876],[80.58449,8.03003],[80.58247,8.02901],[80.5793,8.03052],[80.57595,8.02844],[80.57415,8.02599],[80.57278,8.02599],[80.57233,8.02761],[80.57333,8.02886],[80.57181,8.03118],[80.5732,8.036],[80.56973,8.03681],[80.56868,8.03602],[80.56567,8.03643],[80.56456,8.04068],[80.56535,8.04465],[80.5646,8.04837],[80.56228,8.04966],[80.56138,8.05251],[80.55501,8.05578],[80.55364,8.05508],[80.55351,8.0506],[80.55494,8.0479],[80.55374,8.04467],[80.5528,8.0438],[80.54919,8.04473],[80.55134,8.03774],[80.55012,8.03774],[80.54574,8.04422],[80.54246,8.04663],[80.54123,8.0455],[80.54464,8.03859],[80.54576,8.02891],[80.5454,8.0281],[80.54295,8.02993],[80.53339,7.96647]]]},"properties":{"name":"Kala-Blalu reservation wood","ha":4305}},{"type":"Feature","geometry":{"type":"Polygon","coordinates":[[[80.68365,8.12899],[80.6879,8.12959],[80.68966,8.13252],[80.69264,8.13407],[80.69398,8.13594],[80.69493,8.14026],[80.69102,8.14184],[80.69475,8.14288],[80.69531,8.14728],[80.69713,8.15007],[80.69354,8.15161],[80.69373,8.15688],[80.69571,8.15703],[80.69534,8.15858],[80.68928,8.16002],[80.68974,8.16135],[80.69208,8.16214],[80.69374,8.16489],[80.69595,8.1662],[80.69719,8.17276],[80.69608,8.17655],[80.69187,8.17817],[80.6884,8.18124],[80.68821,8.183],[80.68963,8.1841],[80.68907,8.18665],[80.6903,8.1865],[80.69285,8.18306],[80.69394,8.18372],[80.69397,8.18637],[80.69518,8.1853],[80.69684,8.18615],[80.69782,8.19924],[80.70076,8.20187],[80.70198,8.20495],[80.70305,8.20514],[80.7058,8.19989],[80.7044,8.19947],[80.70255,8.20033],[80.70122,8.19839],[80.70161,8.19411],[80.69982,8.19195],[80.69943,8.18768],[80.70313,8.18348],[80.70041,8.18332],[80.69943,8.18125],[80.70284,8.18056],[80.70512,8.1816],[80.70708,8.17887],[80.704,8.17701],[80.70414,8.17553],[80.70655,8.1745],[80.70238,8.17147],[80.70214,8.16795],[80.70072,8.16505],[80.70106,8.16363],[80.70342,8.16214],[80.70268,8.15725],[80.70434,8.15707],[80.7058,8.15531],[80.70557,8.1513],[80.70705,8.1502],[80.70695,8.14823],[80.71036,8.15092],[80.71183,8.15049],[80.71128,8.14496],[80.71209,8.14306],[80.71354,8.14498],[80.71647,8.14653],[80.71592,8.14972],[80.71786,8.15109],[80.71825,8.15893],[80.72344,8.1624],[80.72569,8.16135],[80.72661,8.15895],[80.72869,8.15831],[80.72938,8.16336],[80.73148,8.16449],[80.73365,8.16355],[80.73352,8.16163],[80.72936,8.1569],[80.7346,8.14843],[80.73207,8.14341],[80.73326,8.13924],[80.73254,8.12868],[80.73374,8.12385],[80.73157,8.12194],[80.73008,8.11851],[80.72751,8.11676],[80.72668,8.11394],[80.72472,8.11299],[80.72191,8.11458],[80.7224,8.11186],[80.72452,8.11115],[80.72663,8.10849],[80.72621,8.1067],[80.72375,8.104],[80.71852,8.10656],[80.71763,8.10345],[80.71433,8.10402],[80.71162,8.1025],[80.7127,8.0969],[80.70871,8.09336],[80.70837,8.09081],[80.7093,8.08906],[80.71245,8.08876],[80.71346,8.08566],[80.71096,8.08228],[80.71198,8.08003],[80.70968,8.08004],[80.70882,8.07824],[80.71118,8.07811],[80.71246,8.07951],[80.71392,8.0781],[80.71309,8.07667],[80.71086,8.07704],[80.70917,8.07485],[80.70652,8.07436],[80.70748,8.07189],[80.70461,8.06835],[80.70672,8.06786],[80.70405,8.06712],[80.69817,8.07116],[80.70008,8.07912],[80.69915,8.07906],[80.69842,8.07579],[80.69737,8.07577],[80.69706,8.0769],[80.69785,8.08043],[80.7014,8.08041],[80.7027,8.08199],[80.69973,8.08354],[80.69477,8.08111],[80.69381,8.08156],[80.69433,8.08589],[80.69806,8.09059],[80.6953,8.0924],[80.6944,8.09534],[80.69063,8.09219],[80.69119,8.08952],[80.68871,8.08524],[80.69011,8.08055],[80.68426,8.07995],[80.68038,8.07773],[80.67735,8.08079],[80.68079,8.09569],[80.67862,8.09696],[80.67883,8.09985],[80.68043,8.09891],[80.68278,8.10256],[80.68502,8.10255],[80.68618,8.10434],[80.68577,8.10505],[80.68119,8.10435],[80.6793,8.1081],[80.68078,8.11181],[80.68128,8.11926],[80.68333,8.12642],[80.6827,8.1282],[80.68365,8.12899]]]},"properties":{"name":null,"ha":4075}},{"type":"Feature","geometry":{"type":"Polygon","coordinates":[[[80.6183,8.84202],[80.61988,8.84194],[80.61983,8.84281],[80.62075,8.84296],[80.62087,8.84182],[80.62224,8.84164],[80.62449,8.84327],[80.62258,8.84977],[80.62389,8.85163],[80.6258,8.85181],[80.63009,8.84723],[80.63025,8.85048],[80.63151,8.85085],[80.6331,8.8478],[80.63441,8.85046],[80.63616,8.85048],[80.63282,8.85319],[80.63407,8.86095],[80.63525,8.86145],[80.63506,8.86344],[80.63648,8.86549],[80.63638,8.86814],[80.63713,8.86867],[80.63948,8.86738],[80.64022,8.86767],[80.63952,8.86879],[80.64147,8.86953],[80.6442,8.86719],[80.64564,8.86915],[80.64306,8.87233],[80.64476,8.87566],[80.64958,8.87483],[80.65298,8.87815],[80.64868,8.88227],[80.6491,8.88632],[80.65155,8.88752],[80.65326,8.88696],[80.65334,8.88806],[80.65462,8.88856],[80.6618,8.88811],[80.6621,8.89266],[80.65989,8.89221],[80.65943,8.89426],[80.65978,8.89579],[80.66228,8.89642],[80.66272,8.9109],[80.66066,8.91225],[80.65936,8.91497],[80.65371,8.91313],[80.63992,8.91095],[80.62801,8.90545],[80.6196,8.90009],[80.61955,8.89904],[80.61862,8.89916],[80.6023,8.8843],[80.60046,8.88459],[80.59862,8.88694],[80.5985,8.88436],[80.59958,8.88358],[80.59892,8.88293],[80.59485,8.88308],[80.59183,8.88128],[80.58891,8.8821],[80.58655,8.87921],[80.5875,8.87603],[80.58908,8.87494],[80.58913,8.87572],[80.58956,8.87419],[80.59066,8.87414],[80.5899,8.8735],[80.59143,8.87267],[80.59096,8.87195],[80.58918,8.87221],[80.58857,8.87068],[80.59082,8.87069],[80.58824,8.86947],[80.58971,8.86908],[80.58798,8.86823],[80.58737,8.86113],[80.58877,8.86009],[80.58748,8.86038],[80.58708,8.85798],[80.58485,8.85778],[80.58563,8.85606],[80.58664,8.85621],[80.58782,8.85476],[80.58721,8.85278],[80.58798,8.85152],[80.58761,8.85081],[80.58448,8.85086],[80.58204,8.85484],[80.58137,8.85468],[80.57977,8.85283],[80.5802,8.85048],[80.57786,8.84668],[80.57965,8.84663],[80.57759,8.84604],[80.57281,8.8419],[80.6183,8.84202]]]},"properties":{"name":null,"ha":4059}},{"type":"Feature","geometry":{"type":"Polygon","coordinates":[[[80.75964,9.25842],[80.76888,9.25947],[80.76176,9.26934],[80.76042,9.26864],[80.75977,9.27014],[80.75712,9.27098],[80.75394,9.27369],[80.75181,9.2766],[80.74916,9.27666],[80.74543,9.27888],[80.74443,9.27774],[80.74121,9.27905],[80.73579,9.27319],[80.73142,9.27241],[80.72739,9.26712],[80.7258,9.26836],[80.72003,9.2695],[80.72105,9.26714],[80.72064,9.26524],[80.71816,9.25836],[80.71655,9.25644],[80.71607,9.25321],[80.71848,9.2531],[80.71933,9.24642],[80.71821,9.23831],[80.71751,9.23741],[80.71517,9.23747],[80.71659,9.23237],[80.71104,9.23057],[80.7098,9.22652],[80.70064,9.22593],[80.69948,9.21857],[80.69572,9.21489],[80.69883,9.20695],[80.70141,9.20505],[80.70323,9.20634],[80.70115,9.20715],[80.70267,9.20935],[80.70171,9.21051],[80.70313,9.21347],[80.70287,9.21551],[80.70375,9.21589],[80.70441,9.21151],[80.7062,9.2118],[80.71192,9.20949],[80.71268,9.2087],[80.71151,9.20779],[80.71265,9.2059],[80.71709,9.20232],[80.71643,9.19906],[80.71875,9.1987],[80.71923,9.19736],[80.71656,9.19484],[80.71603,9.19211],[80.75402,9.20684],[80.76002,9.21367],[80.7598,9.21467],[80.75252,9.21983],[80.7509,9.21642],[80.74463,9.21797],[80.7425,9.2255],[80.74386,9.22813],[80.75,9.22843],[80.75301,9.22746],[80.75791,9.23543],[80.76205,9.23532],[80.7715,9.24576],[80.7693,9.24749],[80.76923,9.25102],[80.75765,9.25087],[80.75755,9.25506],[80.75551,9.25772],[80.75409,9.2578],[80.75422,9.25906],[80.75317,9.25903],[80.75371,9.26254],[80.75684,9.26262],[80.757,9.26112],[80.75964,9.25842]]]},"properties":{"name":null,"ha":4053}},{"type":"Feature","geometry":{"type":"Polygon","coordinates":[[[80.8503,8.38332],[80.84972,8.38145],[80.84708,8.38394],[80.84435,8.38475],[80.84409,8.38574],[80.84588,8.38684],[80.84111,8.39268],[80.84385,8.39733],[80.84133,8.39826],[80.83987,8.40306],[80.84152,8.40495],[80.84513,8.40481],[80.84731,8.40741],[80.8502,8.40864],[80.85299,8.41689],[80.8522,8.41816],[80.85054,8.41831],[80.84547,8.41511],[80.84543,8.41871],[80.84077,8.41938],[80.8402,8.42325],[80.844,8.42444],[80.84787,8.4292],[80.84829,8.43928],[80.84712,8.44151],[80.84411,8.44281],[80.84351,8.44478],[80.84122,8.44252],[80.83708,8.44248],[80.83678,8.444],[80.83881,8.4465],[80.83592,8.44839],[80.83502,8.4514],[80.83776,8.45468],[80.83723,8.45657],[80.83122,8.45523],[80.82659,8.45657],[80.8231,8.45527],[80.82118,8.45311],[80.81919,8.44731],[80.81505,8.44464],[80.81389,8.4417],[80.81441,8.43802],[80.81588,8.43534],[80.82009,8.43192],[80.82028,8.42816],[80.81915,8.42675],[80.82156,8.42236],[80.82287,8.42188],[80.82577,8.42325],[80.82742,8.42255],[80.82659,8.42065],[80.82393,8.41987],[80.82381,8.41805],[80.82517,8.4173],[80.83002,8.41764],[80.83005,8.41488],[80.83208,8.41336],[80.83099,8.41254],[80.82569,8.41336],[80.82614,8.41061],[80.82832,8.40797],[80.82881,8.40328],[80.83137,8.39584],[80.83393,8.39424],[80.83378,8.39331],[80.83174,8.39298],[80.82716,8.39577],[80.82588,8.39316],[80.82302,8.39227],[80.82141,8.38918],[80.82359,8.38297],[80.81825,8.37271],[80.81749,8.37803],[80.81885,8.38163],[80.81829,8.38535],[80.81896,8.38706],[80.81757,8.39711],[80.81911,8.40083],[80.81603,8.40111],[80.81561,8.40314],[80.81397,8.4033],[80.81341,8.40202],[80.81441,8.39956],[80.81077,8.39804],[80.80881,8.3929],[80.80661,8.39254],[80.8091,8.39088],[80.81161,8.39098],[80.81057,8.38554],[80.80931,8.3848],[80.80591,8.38553],[80.80554,8.38394],[80.80716,8.38137],[80.80186,8.38052],[80.80144,8.37959],[80.80592,8.3755],[80.80516,8.36967],[80.80777,8.36957],[80.80543,8.36719],[80.80646,8.36557],[80.80992,8.3652],[80.80756,8.35733],[80.80804,8.35542],[80.8071,8.35576],[80.80494,8.35337],[80.80148,8.35344],[80.79971,8.34719],[80.79415,8.34373],[80.7934,8.3409],[80.79246,8.34057],[80.79084,8.34343],[80.79169,8.35013],[80.7906,8.35481],[80.7863,8.35829],[80.7826,8.35847],[80.78055,8.35639],[80.77941,8.35132],[80.78133,8.34829],[80.77907,8.34535],[80.77976,8.34148],[80.78157,8.34061],[80.78452,8.33677],[80.79499,8.33519],[80.80076,8.33301],[80.80225,8.33325],[80.80382,8.33698],[80.80499,8.33761],[80.80794,8.33517],[80.81028,8.33548],[80.81025,8.33419],[80.80831,8.33251],[80.81019,8.32991],[80.8503,8.38332]]]},"properties":{"name":null,"ha":4034}},{"type":"Feature","geometry":{"type":"Polygon","coordinates":[[[81.01299,8.60117],[81.00885,8.59767],[81.00791,8.59949],[81.00483,8.59888],[81.00257,8.6027],[81.00314,8.60707],[81.00193,8.60843],[81.00199,8.61062],[80.99831,8.61142],[80.9933,8.60627],[80.98865,8.60556],[80.98769,8.60709],[80.98447,8.60538],[80.98383,8.6018],[80.97884,8.6032],[80.97862,8.60215],[80.98035,8.59973],[80.97753,8.60102],[80.97456,8.60004],[80.97352,8.5971],[80.97254,8.60025],[80.97044,8.60167],[80.96855,8.59904],[80.96804,8.6027],[80.96671,8.60401],[80.96121,8.60383],[80.95965,8.60263],[80.95895,8.60344],[80.95912,8.60656],[80.95824,8.60746],[80.95917,8.6078],[80.95938,8.61091],[80.95727,8.61391],[80.95598,8.61342],[80.95692,8.61854],[80.95542,8.6212],[80.95779,8.62272],[80.95739,8.62492],[80.96183,8.62568],[80.96616,8.62781],[80.96648,8.63107],[80.96409,8.63254],[80.96403,8.63498],[80.96565,8.63498],[80.96815,8.63283],[80.9765,8.63635],[80.97767,8.63824],[80.97958,8.63908],[80.97509,8.64342],[80.97469,8.64555],[80.97732,8.64626],[80.9794,8.6497],[80.97879,8.65115],[80.97942,8.65225],[80.98323,8.65115],[80.98687,8.65388],[80.98729,8.65482],[80.98594,8.65603],[80.9865,8.65727],[80.99152,8.65966],[80.99612,8.65906],[80.99755,8.65987],[80.99769,8.66229],[80.99383,8.66555],[80.98767,8.66408],[80.98463,8.665],[80.98129,8.66473],[80.98081,8.6656],[80.98272,8.66707],[80.9799,8.67049],[80.97898,8.67009],[80.97778,8.67104],[80.97482,8.66834],[80.97405,8.66833],[80.97357,8.67006],[80.97183,8.67018],[80.97306,8.66577],[80.97214,8.66375],[80.97101,8.66342],[80.97107,8.66635],[80.96897,8.66643],[80.96907,8.66961],[80.96695,8.6692],[80.96427,8.6708],[80.96172,8.6708],[80.96143,8.66678],[80.96535,8.66467],[80.96546,8.66218],[80.96335,8.66203],[80.96125,8.66329],[80.96014,8.66045],[80.95911,8.66085],[80.95803,8.66313],[80.95602,8.66344],[80.95651,8.66606],[80.9546,8.66732],[80.95428,8.66516],[80.95195,8.66311],[80.95399,8.65977],[80.95334,8.65775],[80.95133,8.65737],[80.95088,8.65953],[80.94741,8.65918],[80.94773,8.65597],[80.94638,8.65391],[80.95016,8.65325],[80.94875,8.65192],[80.94813,8.64928],[80.94532,8.65067],[80.94352,8.65296],[80.94031,8.65435],[80.93816,8.65413],[80.93401,8.65697],[80.93173,8.65662],[80.93014,8.65426],[80.93049,8.65106],[80.93457,8.64928],[80.93457,8.64688],[80.93626,8.64461],[80.93895,8.64409],[80.94305,8.64599],[80.9451,8.64562],[80.94361,8.64391],[80.9441,8.64168],[80.9388,8.64093],[80.93818,8.63939],[80.93952,8.638],[80.937,8.63707],[80.93262,8.63947],[80.93282,8.63653],[80.93493,8.63393],[80.92888,8.6358],[80.92647,8.6395],[80.92711,8.64153],[80.92542,8.64651],[80.92731,8.64944],[80.92656,8.65192],[80.92527,8.65294],[80.92559,8.65837],[80.92414,8.66087],[80.92583,8.66418],[80.92529,8.66742],[80.92012,8.66838],[80.92079,8.67089],[80.91953,8.67141],[80.91628,8.66556],[80.91634,8.66027],[80.91211,8.65993],[80.90991,8.65798],[80.90916,8.65415],[80.90788,8.6527],[80.91156,8.65137],[80.9119,8.65003],[80.90908,8.64932],[80.90777,8.64739],[80.90957,8.64579],[80.91525,8.64482],[80.91536,8.6433],[80.91416,8.64193],[80.9172,8.64092],[80.91604,8.64022],[80.91592,8.63865],[80.91867,8.63613],[80.92423,8.62446],[80.92867,8.62271],[80.93153,8.62003],[80.93153,8.6191],[80.92735,8.61546],[80.92709,8.61174],[80.92826,8.60966],[80.93224,8.60795],[80.93348,8.60022],[80.93039,8.59839],[80.92999,8.59576],[80.92769,8.59498],[80.92874,8.59003],[80.9269,8.58961],[80.92376,8.59371],[81.01299,8.60117]]]},"properties":{"name":null,"ha":3965}},{"type":"Feature","geometry":{"type":"Polygon","coordinates":[[[81.55877,7.32833],[81.55594,7.32237],[81.55561,7.31812],[81.55351,7.31731],[81.5492,7.31788],[81.54696,7.3156],[81.54617,7.30209],[81.54336,7.29962],[81.53939,7.29302],[81.53598,7.2907],[81.52821,7.29132],[81.52656,7.28849],[81.52698,7.28219],[81.52207,7.28382],[81.51583,7.27895],[81.50663,7.27496],[81.49561,7.28339],[81.49432,7.28893],[81.4903,7.2933],[81.48861,7.29879],[81.48843,7.30361],[81.48338,7.31611],[81.47924,7.31915],[81.47619,7.32427],[81.47861,7.32648],[81.48267,7.32769],[81.48184,7.32917],[81.48012,7.32907],[81.48024,7.33129],[81.47773,7.33936],[81.55877,7.32833]]]},"properties":{"name":"Namal Oya Wildlife Sanctuary","ha":3848}},{"type":"Feature","geometry":{"type":"Polygon","coordinates":[[[80.64299,9.39758],[80.62292,9.41073],[80.62154,9.40974],[80.6223,9.40867],[80.62081,9.40953],[80.61072,9.39419],[80.60185,9.38952],[80.60232,9.40188],[80.59565,9.40243],[80.59736,9.40442],[80.59726,9.40555],[80.59544,9.40643],[80.59328,9.40561],[80.58929,9.40708],[80.5885,9.40911],[80.58597,9.41028],[80.58509,9.4154],[80.58364,9.41808],[80.58115,9.41432],[80.57942,9.41593],[80.58057,9.42364],[80.579,9.42949],[80.57632,9.43166],[80.57409,9.43955],[80.57627,9.44133],[80.57992,9.44137],[80.58415,9.45149],[80.59253,9.44978],[80.59446,9.44718],[80.60102,9.44525],[80.60686,9.44025],[80.60909,9.43568],[80.60737,9.43297],[80.60446,9.43238],[80.60446,9.42654],[80.6072,9.4251],[80.60845,9.42719],[80.61647,9.42933],[80.61913,9.42848],[80.62016,9.43052],[80.61862,9.43221],[80.62038,9.43642],[80.62565,9.43329],[80.6256,9.4321],[80.63096,9.42974],[80.63145,9.42677],[80.63236,9.42624],[80.636,9.42694],[80.64488,9.42484],[80.64839,9.41904],[80.64643,9.41684],[80.64742,9.41166],[80.64836,9.41068],[80.65471,9.40706],[80.66184,9.40654],[80.66578,9.40285],[80.67889,9.39395],[80.67436,9.38865],[80.67338,9.38936],[80.67355,9.39368],[80.67235,9.39394],[80.6702,9.39207],[80.67012,9.38776],[80.66548,9.38132],[80.66419,9.38335],[80.65922,9.3809],[80.65913,9.37912],[80.65244,9.37996],[80.64711,9.37785],[80.64463,9.37446],[80.64583,9.37099],[80.64439,9.37007],[80.64265,9.37169],[80.64218,9.36903],[80.63827,9.36582],[80.63639,9.36269],[80.63407,9.3626],[80.63184,9.36565],[80.63703,9.3698],[80.63942,9.37334],[80.63797,9.37314],[80.63683,9.37443],[80.63536,9.37265],[80.63464,9.37521],[80.63643,9.37693],[80.63241,9.38215],[80.63515,9.38426],[80.63656,9.38281],[80.63555,9.38176],[80.63647,9.38106],[80.6385,9.38334],[80.63833,9.38609],[80.64154,9.38826],[80.63896,9.38962],[80.64085,9.39148],[80.64299,9.39758]]]},"properties":{"name":null,"ha":3808}},{"type":"Feature","geometry":{"type":"Polygon","coordinates":[[[81.05675,7.52834],[81.05625,7.53095],[81.05857,7.53675],[81.05842,7.54055],[81.05993,7.54273],[81.06342,7.54454],[81.06425,7.54704],[81.06276,7.55422],[81.06527,7.56194],[81.06909,7.56231],[81.07414,7.56791],[81.07773,7.5693],[81.07835,7.56788],[81.0788,7.56889],[81.07969,7.56845],[81.0805,7.57045],[81.08475,7.57025],[81.0865,7.57125],[81.086,7.56975],[81.08689,7.56721],[81.08825,7.5685],[81.0875,7.56875],[81.088,7.57],[81.089,7.57025],[81.09,7.56925],[81.09,7.567],[81.09175,7.569],[81.0925,7.567],[81.0945,7.56925],[81.0955,7.56925],[81.09525,7.5705],[81.09625,7.57025],[81.094,7.5735],[81.0965,7.57425],[81.09825,7.57225],[81.10075,7.57475],[81.10225,7.57475],[81.10075,7.57625],[81.09875,7.575],[81.09825,7.5755],[81.09875,7.57675],[81.0995,7.57625],[81.10175,7.57725],[81.10075,7.57775],[81.101,7.579],[81.097,7.57975],[81.0975,7.582],[81.09675,7.5825],[81.0975,7.5835],[81.0955,7.58475],[81.095,7.583],[81.0935,7.583],[81.0925,7.58175],[81.09125,7.58425],[81.0895,7.58175],[81.08875,7.5875],[81.088,7.5865],[81.0865,7.589],[81.08595,7.58584],[81.08049,7.58887],[81.07876,7.59171],[81.07892,7.59339],[81.08381,7.60014],[81.08294,7.61108],[81.08603,7.62027],[81.08547,7.62405],[81.09032,7.62619],[81.09265,7.62895],[81.09496,7.63582],[81.09978,7.63584],[81.10146,7.6343],[81.10393,7.63542],[81.10442,7.63723],[81.10309,7.638],[81.10317,7.63912],[81.10592,7.64144],[81.10305,7.64214],[81.10139,7.64523],[81.10504,7.6474],[81.10418,7.64861],[81.10023,7.64731],[81.09944,7.6489],[81.10227,7.65556],[81.10425,7.6551],[81.10431,7.65656],[81.10517,7.65669],[81.10723,7.65584],[81.10837,7.6565],[81.10946,7.65539],[81.11045,7.65697],[81.10772,7.65812],[81.1083,7.6599],[81.1115,7.66054],[81.11959,7.67007],[81.12529,7.66947],[81.13245,7.67298],[81.13373,7.67172],[81.13301,7.67083],[81.13368,7.67027],[81.13505,7.6717],[81.14081,7.66891],[81.14055,7.66521],[81.14216,7.65963],[81.14681,7.65849],[81.15037,7.65409],[81.15298,7.64843],[81.15249,7.64758],[81.15135,7.64871],[81.15184,7.64989],[81.14975,7.65063],[81.14792,7.64812],[81.14605,7.64894],[81.14475,7.64784],[81.14892,7.6462],[81.14965,7.64724],[81.1512,7.64456],[81.1494,7.64262],[81.15068,7.64028],[81.15214,7.64068],[81.1517,7.63864],[81.15442,7.63794],[81.15537,7.64023],[81.15343,7.6434],[81.15397,7.64429],[81.15642,7.64483],[81.15798,7.64403],[81.16364,7.64686],[81.16418,7.64828],[81.16558,7.6476],[81.16776,7.64837],[81.16621,7.64658],[81.16527,7.64188],[81.1636,7.64081],[81.16467,7.63891],[81.1655,7.64025],[81.16646,7.63858],[81.16909,7.63835],[81.16765,7.64188],[81.16928,7.64504],[81.17099,7.64441],[81.17206,7.64203],[81.17418,7.64049],[81.173,7.64279],[81.17379,7.64351],[81.1726,7.64454],[81.1732,7.64633],[81.17206,7.64613],[81.17122,7.64833],[81.1722,7.65073],[81.17157,7.65236],[81.17542,7.65326],[81.17746,7.65146],[81.17913,7.65337],[81.17781,7.65601],[81.17949,7.65823],[81.17858,7.65962],[81.17578,7.6593],[81.17529,7.66211],[81.17548,7.66493],[81.17781,7.66611],[81.17614,7.67108],[81.17699,7.67123],[81.1789,7.66918],[81.17996,7.66964],[81.17716,7.67753],[81.17236,7.68099],[81.17647,7.67922],[81.05675,7.52834]]]},"properties":{"name":null,"ha":3753}},{"type":"Feature","geometry":{"type":"Polygon","coordinates":[[[80.80347,6.67605],[80.80839,6.67464],[80.81268,6.67015],[80.81715,6.67279],[80.82092,6.67198],[80.82324,6.67569],[80.82809,6.67667],[80.82869,6.67015],[80.83011,6.6687],[80.83551,6.66631],[80.84766,6.66572],[80.84942,6.66047],[80.8574,6.65676],[80.86324,6.66474],[80.86545,6.66158],[80.86674,6.66137],[80.86995,6.66252],[80.8768,6.66248],[80.88073,6.66354],[80.88385,6.66599],[80.8913,6.66466],[80.89096,6.66317],[80.88453,6.66364],[80.88317,6.66288],[80.88319,6.66082],[80.88724,6.66239],[80.88702,6.66133],[80.88088,6.66004],[80.87256,6.65569],[80.86888,6.64952],[80.86696,6.64989],[80.86671,6.65349],[80.86516,6.6529],[80.86421,6.64863],[80.86072,6.646],[80.85678,6.64971],[80.8553,6.64886],[80.85628,6.6475],[80.85332,6.64297],[80.85253,6.64035],[80.85318,6.63948],[80.84923,6.63505],[80.84911,6.63587],[80.84512,6.63609],[80.84627,6.63433],[80.84441,6.63486],[80.8441,6.63391],[80.84523,6.63258],[80.84379,6.63184],[80.84568,6.63093],[80.8449,6.62963],[80.84682,6.63005],[80.84742,6.62629],[80.84899,6.62716],[80.85011,6.62581],[80.84577,6.62276],[80.84409,6.61574],[80.83864,6.61289],[80.83947,6.61177],[80.83896,6.61027],[80.83593,6.61267],[80.83336,6.61208],[80.83311,6.61344],[80.82565,6.61004],[80.82477,6.6112],[80.82372,6.61081],[80.82352,6.60751],[80.82116,6.6068],[80.81903,6.60724],[80.81903,6.60917],[80.81676,6.60712],[80.81646,6.60793],[80.81217,6.60766],[80.81182,6.61041],[80.80861,6.61132],[80.80547,6.60968],[80.80414,6.60755],[80.79932,6.60665],[80.7947,6.60866],[80.79537,6.6109],[80.80155,6.61105],[80.80163,6.61213],[80.79985,6.61303],[80.80062,6.61684],[80.79916,6.61812],[80.79955,6.62119],[80.79809,6.62226],[80.79772,6.62563],[80.79905,6.62688],[80.80251,6.62739],[80.80333,6.62923],[80.80861,6.63213],[80.81253,6.63323],[80.81373,6.63636],[80.81226,6.63722],[80.81282,6.63937],[80.81445,6.64047],[80.81225,6.64567],[80.80896,6.64792],[80.80933,6.65144],[80.80083,6.65574],[80.79912,6.66201],[80.80102,6.6631],[80.8013,6.66642],[80.79855,6.66877],[80.79825,6.6716],[80.79983,6.67444],[80.80536,6.67345],[80.80596,6.6743],[80.80347,6.67605]]]},"properties":{"name":null,"ha":3690}},{"type":"Feature","geometry":{"type":"Polygon","coordinates":[[[80.3485,8.77752],[80.35136,8.77186],[80.35217,8.77444],[80.35475,8.77378],[80.35563,8.77064],[80.36115,8.76603],[80.36498,8.76589],[80.36971,8.76717],[80.37155,8.773],[80.36905,8.77545],[80.36894,8.77976],[80.3702,8.78045],[80.37203,8.78038],[80.37811,8.77693],[80.38174,8.77198],[80.38176,8.76546],[80.38478,8.76391],[80.39539,8.76248],[80.39636,8.76676],[80.39978,8.76693],[80.40104,8.76365],[80.40444,8.76084],[80.40883,8.76054],[80.41519,8.76108],[80.41946,8.76512],[80.42244,8.76636],[80.42111,8.76983],[80.41827,8.77258],[80.4184,8.77606],[80.41535,8.77728],[80.41218,8.77485],[80.40866,8.77514],[80.40363,8.7845],[80.39985,8.78605],[80.3993,8.79353],[80.39612,8.79697],[80.39197,8.7977],[80.38776,8.80123],[80.38396,8.80086],[80.38391,8.80581],[80.38621,8.80583],[80.38769,8.80908],[80.38447,8.8139],[80.37953,8.80646],[80.37585,8.80376],[80.37151,8.80525],[80.37213,8.80918],[80.38007,8.81805],[80.38606,8.82],[80.39085,8.81993],[80.3908,8.82188],[80.39216,8.82142],[80.39263,8.82342],[80.39466,8.82283],[80.39494,8.8258],[80.39223,8.82668],[80.38976,8.82927],[80.3859,8.82759],[80.38622,8.82609],[80.38463,8.82491],[80.38158,8.82459],[80.37631,8.82144],[80.36946,8.82997],[80.37005,8.83767],[80.37377,8.83887],[80.37449,8.8438],[80.37058,8.84418],[80.36614,8.84309],[80.36398,8.83941],[80.36027,8.83763],[80.35748,8.83227],[80.36045,8.82914],[80.36329,8.83126],[80.36577,8.82831],[80.36317,8.82408],[80.36529,8.82276],[80.3642,8.82123],[80.36232,8.8213],[80.35953,8.81917],[80.35844,8.81711],[80.35458,8.81676],[80.35035,8.81957],[80.34876,8.81969],[80.34014,8.80046],[80.34302,8.79672],[80.3467,8.79594],[80.34408,8.7912],[80.34075,8.79146],[80.3485,8.77752]]]},"properties":{"name":null,"ha":3633}},{"type":"Feature","geometry":{"type":"Polygon","coordinates":[[[80.62085,6.72931],[80.62341,6.73358],[80.6284,6.73256],[80.62916,6.73539],[80.63155,6.73536],[80.63191,6.7366],[80.63269,6.73581],[80.6341,6.73653],[80.63426,6.73431],[80.63521,6.73402],[80.63729,6.73846],[80.63926,6.73972],[80.63992,6.73605],[80.64131,6.73559],[80.64033,6.73444],[80.6438,6.7353],[80.64395,6.73009],[80.6478,6.7293],[80.64735,6.73118],[80.64855,6.73442],[80.64587,6.73543],[80.64578,6.73643],[80.65062,6.73525],[80.65174,6.73583],[80.65251,6.73819],[80.65304,6.73665],[80.65447,6.73739],[80.6573,6.73664],[80.65986,6.73847],[80.66092,6.74159],[80.66216,6.74027],[80.66184,6.73928],[80.66296,6.73888],[80.66379,6.74094],[80.66326,6.74352],[80.66505,6.74508],[80.66471,6.74307],[80.66666,6.7427],[80.66717,6.74055],[80.66875,6.74035],[80.66853,6.73867],[80.67023,6.73703],[80.66795,6.73555],[80.66967,6.73458],[80.66818,6.73173],[80.6713,6.73115],[80.67523,6.73371],[80.6768,6.73741],[80.67839,6.73851],[80.67953,6.73802],[80.67926,6.73668],[80.6815,6.73639],[80.68124,6.7401],[80.6825,6.73974],[80.68379,6.74161],[80.68466,6.74324],[80.68393,6.74431],[80.68748,6.74424],[80.68426,6.7484],[80.69062,6.74865],[80.69403,6.75058],[80.69786,6.74785],[80.69959,6.74766],[80.69929,6.76094],[80.69486,6.76372],[80.69189,6.7628],[80.69072,6.76561],[80.68881,6.76421],[80.68848,6.76502],[80.68686,6.76456],[80.68149,6.76639],[80.67729,6.76602],[80.67303,6.76725],[80.67194,6.76926],[80.6737,6.77844],[80.65746,6.78704],[80.65792,6.78875],[80.65172,6.79175],[80.65108,6.79337],[80.64252,6.79553],[80.64447,6.79859],[80.64268,6.79903],[80.62085,6.72931]]]},"properties":{"name":"Peak Wilderness Sanctuary","ha":3375}},{"type":"Feature","geometry":{"type":"Polygon","coordinates":[[[79.99423,8.23091],[79.99265,8.23025],[79.99095,8.23106],[79.98663,8.22892],[79.98468,8.22942],[79.98165,8.23222],[79.97815,8.2322],[79.95811,8.22759],[79.95414,8.22766],[79.9535,8.22423],[79.95507,8.22211],[79.95487,8.21936],[79.95865,8.21499],[79.95568,8.21539],[79.95188,8.21335],[79.94902,8.20836],[79.94603,8.20973],[79.9369,8.20603],[79.9323,8.20668],[79.92788,8.20907],[79.92281,8.20845],[79.92243,8.2101],[79.92091,8.21057],[79.92244,8.22518],[79.9182,8.22467],[79.91651,8.22817],[79.91305,8.22997],[79.91013,8.22593],[79.89871,8.23413],[79.89545,8.24369],[79.89017,8.24356],[79.89005,8.24878],[79.89558,8.25048],[79.90104,8.2501],[79.89874,8.2578],[79.89739,8.2586],[79.89958,8.26619],[79.89748,8.27065],[79.89783,8.27385],[79.89655,8.27414],[79.89854,8.27582],[79.89535,8.27823],[79.88893,8.27618],[79.88556,8.27914],[79.88234,8.27771],[79.88255,8.28276],[79.87479,8.28773],[79.86726,8.28398],[79.86104,8.28344],[79.85886,8.28196],[79.85725,8.28263],[79.85493,8.28144],[79.8542,8.27872],[79.85347,8.28047],[79.85165,8.27959],[79.85107,8.27817],[79.85231,8.27393],[79.84895,8.2718],[79.84289,8.27417],[79.84431,8.28427],[79.84198,8.29245],[79.99423,8.23091]]]},"properties":{"name":"Wilpattu Forest Cover","ha":3354}},{"type":"Feature","geometry":{"type":"Polygon","coordinates":[[[81.4365,7.9722],[81.4314,7.9722],[81.4344,7.96892],[81.43332,7.96567],[81.43066,7.96642],[81.43063,7.96328],[81.41422,7.96949],[81.39533,7.96974],[81.39553,7.97041],[81.39435,7.96835],[81.39358,7.96859],[81.39296,7.96554],[81.38824,7.96631],[81.38914,7.96705],[81.38875,7.96832],[81.38676,7.96838],[81.3867,7.98341],[81.39367,7.98346],[81.39376,7.99267],[81.38671,7.99265],[81.38677,8.01535],[81.41637,8.0157],[81.41262,8.01513],[81.41317,8.01396],[81.4152,8.01257],[81.41629,8.0131],[81.41724,8.01121],[81.41665,8.01057],[81.4178,8.00924],[81.41811,8.01018],[81.41931,8.00959],[81.42049,8.00697],[81.42435,8.0076],[81.42446,8.00691],[81.42653,8.00697],[81.42857,8.0094],[81.42806,8.00854],[81.43007,8.00731],[81.43269,8.00709],[81.43227,8.00502],[81.43396,8.00425],[81.43326,8.00227],[81.4346,8.0017],[81.43537,8.00423],[81.44305,8.00237],[81.44434,8.00325],[81.44856,8.00249],[81.44968,8.00258],[81.44943,8.00394],[81.45097,8.00461],[81.45216,8.00275],[81.45143,8.00039],[81.4578,8.00055],[81.45965,7.9987],[81.46281,7.99752],[81.46252,7.99598],[81.45693,7.99404],[81.45564,7.99165],[81.45653,7.99108],[81.45807,7.99238],[81.45928,7.99223],[81.46191,7.99049],[81.45791,7.98538],[81.45616,7.98415],[81.4525,7.98617],[81.44928,7.9862],[81.44883,7.98387],[81.45173,7.98295],[81.45043,7.97948],[81.45852,7.97542],[81.46053,7.97581],[81.46074,7.97225],[81.4365,7.9722]]]},"properties":{"name":null,"ha":3347}},{"type":"Feature","geometry":{"type":"Polygon","coordinates":[[[80.89178,8.22465],[80.89764,8.23016],[80.90299,8.23717],[80.90659,8.2388],[80.92421,8.26739],[80.93357,8.28577],[80.93521,8.28659],[80.93656,8.28917],[80.93818,8.28854],[80.9418,8.29057],[80.94321,8.29449],[80.94451,8.29484],[80.94514,8.28708],[80.94232,8.27943],[80.93972,8.27759],[80.94083,8.27338],[80.9422,8.27336],[80.94658,8.28632],[80.94612,8.29382],[80.94766,8.29441],[80.94629,8.29753],[80.94813,8.29824],[80.94778,8.29929],[80.95051,8.30111],[80.9595,8.31257],[80.96096,8.31237],[80.96055,8.3137],[80.96429,8.31778],[80.96549,8.31636],[80.96758,8.31671],[80.96949,8.31887],[80.97087,8.31888],[80.97336,8.32084],[80.97306,8.31809],[80.97615,8.31775],[80.97948,8.31415],[80.98382,8.29315],[80.98284,8.28387],[80.98448,8.27692],[80.98145,8.27632],[80.98064,8.27515],[80.89178,8.22465]]]},"properties":{"name":null,"ha":3317}},{"type":"Feature","geometry":{"type":"Polygon","coordinates":[[[81.10486,7.90414],[81.10484,7.90784],[81.1035,7.90948],[81.09736,7.91168],[81.09592,7.91099],[81.09484,7.91211],[81.09184,7.91177],[81.09183,7.91267],[81.09038,7.91312],[81.08983,7.9045],[81.0882,7.90197],[81.08226,7.89399],[81.07255,7.88499],[81.06451,7.87583],[81.0599,7.86498],[81.06128,7.8599],[81.06135,7.85151],[81.0588,7.8485],[81.04817,7.84961],[81.03822,7.84811],[81.02258,7.84867],[81.01531,7.84012],[81.0097,7.83141],[81.00333,7.8245],[80.99919,7.82094],[80.99516,7.8207],[80.99064,7.81811],[80.99353,7.81915],[80.99876,7.81703],[81.00096,7.81869],[81.00046,7.81978],[81.00551,7.82055],[81.01266,7.83198],[81.01532,7.83446],[81.01921,7.83583],[81.02559,7.83493],[81.02574,7.83109],[81.02846,7.82857],[81.029,7.83182],[81.0308,7.83302],[81.03101,7.83551],[81.03221,7.8343],[81.0324,7.83126],[81.03008,7.82839],[81.03113,7.82766],[81.03497,7.82974],[81.03673,7.82853],[81.03848,7.82387],[81.04275,7.827],[81.04092,7.82818],[81.04208,7.82872],[81.04375,7.832],[81.0455,7.82925],[81.0485,7.832],[81.04775,7.83325],[81.04886,7.83496],[81.04787,7.83576],[81.04884,7.83729],[81.04717,7.83869],[81.04805,7.83961],[81.05187,7.83973],[81.05247,7.8412],[81.06057,7.84417],[81.06372,7.84441],[81.06733,7.84175],[81.06748,7.8438],[81.07125,7.8455],[81.07174,7.84655],[81.07175,7.845],[81.07353,7.84376],[81.07175,7.8425],[81.07475,7.8405],[81.074,7.839],[81.07721,7.83885],[81.07919,7.84049],[81.08164,7.8403],[81.08269,7.83792],[81.08185,7.83598],[81.08347,7.83466],[81.0881,7.83939],[81.08902,7.84487],[81.08805,7.84622],[81.0884,7.8476],[81.09036,7.84843],[81.0909,7.85059],[81.08886,7.85131],[81.08827,7.85397],[81.08629,7.85258],[81.08588,7.85045],[81.08248,7.85118],[81.08376,7.85536],[81.08332,7.85864],[81.08424,7.86356],[81.08318,7.86469],[81.08408,7.86665],[81.08516,7.86686],[81.08536,7.86574],[81.08627,7.86613],[81.08724,7.86465],[81.08945,7.86666],[81.09219,7.86574],[81.09087,7.86323],[81.09264,7.86184],[81.09126,7.86079],[81.09369,7.86029],[81.09546,7.86281],[81.09526,7.86468],[81.09398,7.86521],[81.09422,7.86667],[81.09757,7.86696],[81.09901,7.86218],[81.10335,7.86781],[81.10243,7.86879],[81.10142,7.86765],[81.10115,7.86866],[81.0984,7.86976],[81.09773,7.86864],[81.09515,7.86898],[81.09435,7.86818],[81.09315,7.87296],[81.08874,7.87529],[81.08893,7.8761],[81.09307,7.8742],[81.09456,7.87574],[81.097,7.87529],[81.09771,7.87674],[81.09961,7.87641],[81.09999,7.87805],[81.10394,7.87769],[81.10449,7.87384],[81.10208,7.87169],[81.10401,7.86955],[81.1065,7.87063],[81.1138,7.87126],[81.114,7.87354],[81.11798,7.87496],[81.11962,7.87668],[81.11825,7.87684],[81.11835,7.8807],[81.11563,7.88421],[81.11146,7.88662],[81.11016,7.88541],[81.10801,7.88563],[81.10793,7.88881],[81.10489,7.88415],[81.10375,7.8841],[81.1026,7.88602],[81.10398,7.88865],[81.10412,7.89173],[81.10148,7.89018],[81.10126,7.89286],[81.1026,7.89463],[81.09831,7.89749],[81.10033,7.89853],[81.10295,7.89735],[81.10356,7.89932],[81.10261,7.89999],[81.10272,7.90173],[81.10514,7.90293],[81.10486,7.90414]]]},"properties":{"name":null,"ha":3299}},{"type":"Feature","geometry":{"type":"Polygon","coordinates":[[[80.64543,8.09294],[80.65042,8.09548],[80.65149,8.09189],[80.6532,8.09077],[80.65692,8.09106],[80.66372,8.09375],[80.66512,8.09295],[80.66721,8.0938],[80.66957,8.0932],[80.66917,8.09103],[80.67425,8.09035],[80.67525,8.09094],[80.67501,8.09304],[80.67821,8.09534],[80.67956,8.10186],[80.67909,8.10869],[80.68056,8.11175],[80.68104,8.11946],[80.68302,8.12655],[80.68231,8.12798],[80.68092,8.1277],[80.68064,8.12925],[80.67805,8.12973],[80.67671,8.13367],[80.67961,8.1349],[80.68497,8.14257],[80.68628,8.14254],[80.68798,8.14047],[80.68976,8.14067],[80.69137,8.14666],[80.68944,8.14786],[80.68659,8.1465],[80.68673,8.14977],[80.68595,8.15064],[80.67683,8.15144],[80.67473,8.153],[80.67342,8.15544],[80.67368,8.16185],[80.67123,8.17166],[80.6703,8.17146],[80.66952,8.16928],[80.66716,8.17233],[80.66545,8.17189],[80.66281,8.16381],[80.66002,8.16311],[80.65513,8.15754],[80.65499,8.15289],[80.65832,8.15123],[80.6456,8.14154],[80.64209,8.14211],[80.64119,8.14137],[80.64334,8.13953],[80.64169,8.13787],[80.64242,8.13333],[80.64087,8.13068],[80.64148,8.12198],[80.63875,8.11889],[80.63403,8.11854],[80.63494,8.11249],[80.63427,8.10472],[80.63527,8.10036],[80.63889,8.09479],[80.64543,8.09294]]]},"properties":{"name":"Ritigala Strict Nature Reserve","ha":3283}},{"type":"Feature","geometry":{"type":"Polygon","coordinates":[[[80.64543,8.09294],[80.65042,8.09548],[80.65149,8.09189],[80.6532,8.09077],[80.65692,8.09106],[80.66372,8.09375],[80.66512,8.09295],[80.66721,8.0938],[80.66957,8.0932],[80.66917,8.09103],[80.67425,8.09035],[80.67525,8.09094],[80.67501,8.09304],[80.67821,8.09534],[80.67956,8.10186],[80.67909,8.10869],[80.68056,8.11175],[80.68104,8.11946],[80.68302,8.12655],[80.68231,8.12798],[80.68092,8.1277],[80.68064,8.12925],[80.67805,8.12973],[80.67671,8.13367],[80.67961,8.1349],[80.68497,8.14257],[80.68628,8.14254],[80.68798,8.14047],[80.68976,8.14067],[80.69137,8.14666],[80.68944,8.14786],[80.68659,8.1465],[80.68673,8.14977],[80.68595,8.15064],[80.67683,8.15144],[80.67473,8.153],[80.67342,8.15544],[80.67368,8.16185],[80.67123,8.17166],[80.6703,8.17146],[80.66952,8.16928],[80.66716,8.17233],[80.66545,8.17189],[80.66281,8.16381],[80.66002,8.16311],[80.65513,8.15754],[80.65499,8.15289],[80.65832,8.15123],[80.6456,8.14154],[80.64209,8.14211],[80.64119,8.14137],[80.64334,8.13953],[80.64169,8.13787],[80.64242,8.13333],[80.64087,8.13068],[80.64148,8.12198],[80.63875,8.11889],[80.63403,8.11854],[80.63494,8.11249],[80.63427,8.10472],[80.63527,8.10036],[80.63889,8.09479],[80.64543,8.09294]]]},"properties":{"name":null,"ha":3283}},{"type":"Feature","geometry":{"type":"Polygon","coordinates":[[[80.13449,6.41775],[80.13538,6.41916],[80.13653,6.41928],[80.13682,6.41777],[80.13935,6.41938],[80.13896,6.42112],[80.14156,6.42364],[80.13669,6.42276],[80.13435,6.41935],[80.13108,6.41816],[80.12838,6.42002],[80.12951,6.41399],[80.12839,6.41286],[80.12114,6.41788],[80.12012,6.42192],[80.11726,6.42578],[80.11744,6.42757],[80.12308,6.42993],[80.12582,6.43458],[80.12844,6.43568],[80.13359,6.43581],[80.14351,6.43331],[80.14688,6.42867],[80.14315,6.42475],[80.14692,6.42685],[80.14969,6.42616],[80.15769,6.41953],[80.15809,6.41719],[80.16027,6.41659],[80.16164,6.41473],[80.16642,6.41172],[80.17137,6.4041],[80.17153,6.40519],[80.1729,6.4051],[80.17502,6.40345],[80.17562,6.40157],[80.17488,6.39951],[80.17359,6.40156],[80.17309,6.39798],[80.17403,6.39799],[80.17333,6.39657],[80.17576,6.39476],[80.17985,6.39565],[80.18186,6.39474],[80.18287,6.39156],[80.18235,6.38767],[80.184,6.38187],[80.18618,6.38048],[80.18613,6.38332],[80.18677,6.38343],[80.18799,6.37935],[80.18904,6.37862],[80.18879,6.38482],[80.19038,6.38505],[80.19279,6.37855],[80.19104,6.37254],[80.18907,6.37327],[80.18989,6.37638],[80.18922,6.37799],[80.18726,6.36987],[80.185,6.37118],[80.18597,6.36511],[80.18096,6.36608],[80.17897,6.36828],[80.17592,6.36759],[80.17941,6.36406],[80.18158,6.3632],[80.18185,6.35993],[80.17642,6.36007],[80.1735,6.36114],[80.16935,6.36588],[80.16561,6.36837],[80.16528,6.37003],[80.16356,6.37053],[80.16423,6.37326],[80.1618,6.3724],[80.15642,6.37316],[80.15433,6.37522],[80.15426,6.37354],[80.1517,6.37307],[80.15032,6.37503],[80.14965,6.37928],[80.14871,6.37629],[80.15221,6.36846],[80.14945,6.36852],[80.14369,6.3722],[80.14184,6.37123],[80.14371,6.36913],[80.14339,6.36822],[80.13835,6.36918],[80.13662,6.37317],[80.13792,6.37748],[80.13578,6.37963],[80.13516,6.38249],[80.13651,6.38383],[80.13526,6.38625],[80.13736,6.38741],[80.13595,6.38948],[80.13534,6.3939],[80.13717,6.39594],[80.135,6.3961],[80.13331,6.39891],[80.13749,6.3991],[80.13805,6.40089],[80.13563,6.40368],[80.13065,6.40252],[80.12975,6.4044],[80.13024,6.40608],[80.12791,6.40878],[80.13183,6.40952],[80.13181,6.40805],[80.13558,6.4041],[80.1378,6.40552],[80.13985,6.405],[80.13838,6.40697],[80.13485,6.40885],[80.13688,6.41062],[80.13484,6.41224],[80.13619,6.41379],[80.13439,6.41582],[80.13449,6.41775]]]},"properties":{"name":null,"ha":3210}},{"type":"Feature","geometry":{"type":"Polygon","coordinates":[[[80.57771,6.42365],[80.57679,6.42126],[80.59122,6.41899],[80.62164,6.41959],[80.61804,6.42123],[80.61812,6.42228],[80.61981,6.42286],[80.61735,6.42494],[80.61247,6.42366],[80.61235,6.42432],[80.61309,6.42597],[80.61483,6.42565],[80.61518,6.42954],[80.61966,6.43186],[80.62111,6.43141],[80.62018,6.43419],[80.621,6.43567],[80.62315,6.43537],[80.62301,6.43431],[80.62477,6.43502],[80.62615,6.43382],[80.62452,6.436],[80.62671,6.43659],[80.62948,6.44029],[80.62963,6.44259],[80.62572,6.44585],[80.62253,6.44376],[80.61922,6.44324],[80.61809,6.44013],[80.61558,6.43974],[80.61493,6.44011],[80.61576,6.44221],[80.61372,6.44341],[80.61544,6.44566],[80.61088,6.44379],[80.61098,6.44615],[80.61229,6.44739],[80.61507,6.44796],[80.61624,6.44991],[80.61131,6.45209],[80.60849,6.4513],[80.60821,6.45239],[80.61015,6.4526],[80.60874,6.45399],[80.61309,6.45331],[80.61416,6.45439],[80.61411,6.45292],[80.61587,6.45244],[80.61822,6.45445],[80.61736,6.45567],[80.615,6.45576],[80.61524,6.45678],[80.61343,6.45811],[80.61245,6.45797],[80.6122,6.45622],[80.61059,6.45649],[80.60966,6.45801],[80.6113,6.46157],[80.61078,6.46278],[80.60734,6.46404],[80.60525,6.46313],[80.60391,6.46374],[80.60305,6.46288],[80.60451,6.46141],[80.60392,6.46066],[80.60041,6.46038],[80.59781,6.46148],[80.59353,6.46072],[80.59226,6.45952],[80.59202,6.45767],[80.59332,6.45431],[80.59255,6.4532],[80.59296,6.4515],[80.59099,6.4527],[80.59062,6.45537],[80.58903,6.45371],[80.58821,6.4557],[80.58751,6.45355],[80.58654,6.45378],[80.58555,6.45785],[80.58415,6.45696],[80.58317,6.45267],[80.58046,6.45201],[80.58126,6.45035],[80.57953,6.45246],[80.57808,6.45032],[80.56851,6.45025],[80.5659,6.44946],[80.56037,6.45036],[80.55962,6.45182],[80.55718,6.45217],[80.55669,6.45108],[80.55916,6.44814],[80.5582,6.44792],[80.5571,6.44985],[80.55646,6.44647],[80.55531,6.44556],[80.55507,6.4502],[80.55387,6.44949],[80.55447,6.44771],[80.55292,6.44502],[80.55206,6.44541],[80.55187,6.44763],[80.55075,6.44646],[80.54702,6.447],[80.54433,6.44926],[80.53846,6.45045],[80.53767,6.44989],[80.53853,6.44871],[80.54192,6.44768],[80.54058,6.44634],[80.54098,6.44517],[80.53495,6.44462],[80.5348,6.44739],[80.53574,6.44927],[80.53119,6.45107],[80.52827,6.45414],[80.52595,6.45203],[80.52525,6.4496],[80.52305,6.44847],[80.52607,6.4429],[80.52734,6.44291],[80.52903,6.44065],[80.53129,6.43994],[80.52997,6.43807],[80.53261,6.43382],[80.53041,6.4331],[80.53032,6.43206],[80.53218,6.43287],[80.53343,6.43191],[80.5336,6.42989],[80.53546,6.43216],[80.53742,6.43188],[80.53865,6.43274],[80.54066,6.43203],[80.5428,6.42975],[80.54253,6.4289],[80.54435,6.43005],[80.54364,6.42595],[80.54589,6.42611],[80.54395,6.42455],[80.54425,6.42393],[80.54564,6.42442],[80.5458,6.42543],[80.54641,6.42433],[80.54765,6.42566],[80.54692,6.42682],[80.54834,6.42729],[80.54932,6.4299],[80.54905,6.42721],[80.55091,6.42851],[80.55228,6.42772],[80.55601,6.42836],[80.55528,6.42367],[80.55394,6.42343],[80.55433,6.42199],[80.55574,6.42232],[80.55696,6.42605],[80.55792,6.42535],[80.55933,6.42619],[80.56191,6.42571],[80.56315,6.42759],[80.56633,6.42873],[80.5703,6.42798],[80.57455,6.42362],[80.57771,6.42365]]]},"properties":{"name":null,"ha":3187}},{"type":"Feature","geometry":{"type":"Polygon","coordinates":[[[81.25797,6.7751],[81.25563,6.78284],[81.25117,6.77911],[81.25083,6.78584],[81.24898,6.79364],[81.25072,6.79383],[81.25029,6.79547],[81.24866,6.79543],[81.24842,6.79652],[81.25572,6.79741],[81.25566,6.8125],[81.25784,6.81401],[81.25763,6.81667],[81.26046,6.82458],[81.25864,6.82524],[81.25812,6.82977],[81.2593,6.82997],[81.25866,6.83161],[81.26138,6.83218],[81.25909,6.83269],[81.25875,6.83796],[81.26005,6.84935],[81.26089,6.8527],[81.26405,6.85257],[81.26454,6.84901],[81.26797,6.84795],[81.27091,6.84522],[81.27595,6.85074],[81.27722,6.85954],[81.27671,6.87304],[81.27746,6.8746],[81.28121,6.86927],[81.28258,6.87228],[81.28037,6.87635],[81.28207,6.87982],[81.28203,6.88289],[81.28516,6.88167],[81.28977,6.87515],[81.29104,6.87481],[81.29428,6.85749],[81.29389,6.84937],[81.29282,6.84618],[81.294,6.84528],[81.29029,6.84068],[81.29042,6.83968],[81.29185,6.84047],[81.29209,6.83723],[81.29057,6.83282],[81.29063,6.82766],[81.29389,6.81878],[81.29673,6.81495],[81.29514,6.8152],[81.29273,6.80766],[81.29027,6.80578],[81.28677,6.8158],[81.28576,6.81671],[81.28331,6.8165],[81.28261,6.81335],[81.28593,6.806],[81.28507,6.8035],[81.27793,6.80566],[81.2775,6.80274],[81.28499,6.79598],[81.28273,6.79144],[81.27098,6.78386],[81.26295,6.7771],[81.26224,6.77457],[81.25797,6.7751]]]},"properties":{"name":"Namandiya Forest Reserve","ha":3169}},{"type":"Feature","geometry":{"type":"Polygon","coordinates":[[[81.1393,8.67621],[81.13789,8.66671],[81.13416,8.66676],[81.13165,8.66881],[81.1287,8.66626],[81.12732,8.66716],[81.12561,8.66574],[81.12354,8.66881],[81.11483,8.66334],[81.11427,8.66266],[81.11594,8.65817],[81.11431,8.65778],[81.11429,8.65641],[81.11588,8.65683],[81.11586,8.65462],[81.11386,8.65267],[81.11459,8.64957],[81.11689,8.65055],[81.11577,8.6473],[81.11227,8.64618],[81.11189,8.64442],[81.11296,8.64338],[81.11107,8.64262],[81.1096,8.64358],[81.1078,8.6397],[81.10724,8.64031],[81.10808,8.6422],[81.10544,8.64326],[81.10535,8.64502],[81.10381,8.64505],[81.10425,8.64742],[81.10217,8.64686],[81.10058,8.64152],[81.09857,8.63934],[81.09945,8.64125],[81.09825,8.64244],[81.09898,8.64328],[81.09816,8.64515],[81.09559,8.64384],[81.09576,8.6418],[81.0913,8.64053],[81.08786,8.64443],[81.09228,8.6463],[81.09353,8.65054],[81.09199,8.65422],[81.09404,8.65835],[81.09512,8.65881],[81.09374,8.66138],[81.09239,8.66053],[81.09129,8.6618],[81.08888,8.6618],[81.0885,8.66056],[81.08776,8.6607],[81.08854,8.6625],[81.08602,8.66294],[81.08488,8.66175],[81.0828,8.66206],[81.08419,8.66319],[81.08212,8.66382],[81.08317,8.6653],[81.08233,8.6658],[81.08251,8.6693],[81.08026,8.66916],[81.07919,8.67316],[81.08167,8.67572],[81.08118,8.68004],[81.07997,8.68137],[81.07921,8.68092],[81.07866,8.68289],[81.08123,8.68493],[81.09523,8.69004],[81.10385,8.69108],[81.10426,8.69248],[81.10137,8.6988],[81.10555,8.70191],[81.10647,8.70679],[81.11001,8.70348],[81.11135,8.70737],[81.12386,8.7089],[81.12754,8.70836],[81.13009,8.70627],[81.1328,8.70124],[81.13475,8.70167],[81.13716,8.70756],[81.13639,8.70912],[81.13404,8.70881],[81.13404,8.71135],[81.13638,8.71135],[81.13631,8.71044],[81.13719,8.71199],[81.13996,8.71342],[81.14275,8.7109],[81.14109,8.70861],[81.1415,8.70576],[81.14438,8.70629],[81.14379,8.70503],[81.14652,8.70452],[81.14807,8.70584],[81.1518,8.69893],[81.14332,8.6931],[81.14495,8.68687],[81.1438,8.68139],[81.14246,8.68072],[81.14171,8.68164],[81.13796,8.6903],[81.13208,8.69026],[81.12865,8.69255],[81.12774,8.68958],[81.12659,8.69018],[81.1268,8.68772],[81.1247,8.68852],[81.12397,8.68509],[81.12783,8.68394],[81.12955,8.68844],[81.13199,8.68746],[81.13139,8.68572],[81.13392,8.68199],[81.13105,8.68296],[81.13118,8.68076],[81.13358,8.68025],[81.1356,8.67715],[81.1393,8.67621]]]},"properties":{"name":null,"ha":3124}},{"type":"Feature","geometry":{"type":"Polygon","coordinates":[[[80.74259,8.9499],[80.75012,8.94102],[80.74904,8.93988],[80.74011,8.93856],[80.73553,8.94127],[80.7285,8.94196],[80.72809,8.94724],[80.72712,8.9461],[80.72532,8.9484],[80.72556,8.95299],[80.72448,8.95237],[80.72299,8.95305],[80.72232,8.95085],[80.72278,8.94656],[80.72547,8.94386],[80.72591,8.94179],[80.72364,8.9439],[80.71965,8.94415],[80.71581,8.94681],[80.71274,8.95116],[80.71231,8.95327],[80.70795,8.95568],[80.70513,8.96036],[80.69743,8.95779],[80.69368,8.96248],[80.69317,8.96704],[80.69196,8.96784],[80.69123,8.97365],[80.69137,8.97466],[80.69292,8.97511],[80.69259,8.97854],[80.69133,8.97853],[80.69085,8.97686],[80.68895,8.97552],[80.69029,8.97462],[80.68998,8.96844],[80.69233,8.96528],[80.69196,8.96349],[80.68833,8.9654],[80.68836,8.97218],[80.68343,8.97253],[80.68423,8.97587],[80.68366,8.97748],[80.68214,8.9778],[80.67832,8.97585],[80.67578,8.97598],[80.67398,8.98412],[80.67548,8.98498],[80.67729,8.98283],[80.67835,8.98386],[80.67713,8.98469],[80.67748,8.98604],[80.67636,8.98562],[80.67611,8.98852],[80.67392,8.98861],[80.67397,8.99046],[80.67231,8.99326],[80.6718,8.99666],[80.67282,8.9968],[80.67205,9.00016],[80.67291,9.00204],[80.67576,9.00225],[80.67511,9.00105],[80.67576,9.00073],[80.67788,9.00126],[80.67853,9.00029],[80.67755,8.99991],[80.67977,8.99848],[80.68349,8.99858],[80.68732,9.00073],[80.68811,8.99771],[80.68889,8.99778],[80.69147,9.0005],[80.69,9.00074],[80.69169,9.00388],[80.69036,9.00371],[80.69031,9.00535],[80.69334,9.00737],[80.69463,9.00669],[80.69608,9.00792],[80.69534,9.00952],[80.69654,9.00933],[80.7091,8.99802],[80.71172,8.99354],[80.71573,8.99348],[80.72045,8.99042],[80.72389,8.98972],[80.72633,8.98555],[80.72426,8.98427],[80.72441,8.98284],[80.72524,8.98214],[80.72767,8.98286],[80.73106,8.98059],[80.73172,8.97912],[80.73553,8.97898],[80.73656,8.97788],[80.73534,8.97633],[80.73157,8.97482],[80.72875,8.97181],[80.73021,8.97067],[80.73397,8.97257],[80.7358,8.96966],[80.7368,8.97003],[80.73728,8.96927],[80.73654,8.96865],[80.73904,8.9643],[80.73945,8.96112],[80.74224,8.95626],[80.74259,8.9499]]]},"properties":{"name":null,"ha":3064}},{"type":"Feature","geometry":{"type":"Polygon","coordinates":[[[80.76625,9.20867],[80.76669,9.21164],[80.76337,9.21304],[80.76189,9.21129],[80.76109,9.21209],[80.75534,9.20611],[80.71378,9.18992],[80.71371,9.18598],[80.71171,9.18326],[80.70963,9.18309],[80.70704,9.18635],[80.68962,9.17689],[80.68844,9.17356],[80.68942,9.17064],[80.68896,9.16945],[80.68751,9.1682],[80.68462,9.16923],[80.68375,9.16362],[80.68748,9.16203],[80.68633,9.15884],[80.69108,9.157],[80.69352,9.15488],[80.6905,9.15166],[80.68511,9.1523],[80.68265,9.15075],[80.68392,9.14792],[80.68768,9.14662],[80.68414,9.1431],[80.677,9.14419],[80.67582,9.14213],[80.67606,9.13882],[80.67891,9.13733],[80.6788,9.13605],[80.67591,9.13554],[80.67655,9.12965],[80.67938,9.12982],[80.67985,9.12935],[80.67843,9.12776],[80.6815,9.12666],[80.68484,9.12931],[80.68699,9.1295],[80.68785,9.12878],[80.68755,9.12739],[80.68569,9.12479],[80.68755,9.1229],[80.70192,9.13127],[80.70111,9.13345],[80.7016,9.13701],[80.70391,9.13835],[80.70679,9.13795],[80.71121,9.14045],[80.71413,9.14513],[80.71294,9.14596],[80.70813,9.14422],[80.70865,9.14662],[80.70784,9.14881],[80.69831,9.1485],[80.69789,9.1496],[80.69918,9.15024],[80.70024,9.15288],[80.70409,9.15368],[80.70639,9.1553],[80.7086,9.15531],[80.70931,9.16031],[80.71195,9.15955],[80.71275,9.15617],[80.71543,9.15346],[80.72058,9.15529],[80.72001,9.16107],[80.722,9.16268],[80.72287,9.16515],[80.72629,9.16713],[80.72931,9.16343],[80.73059,9.16337],[80.73996,9.17984],[80.76599,9.20634],[80.76533,9.20727],[80.76625,9.20867]]]},"properties":{"name":null,"ha":3023}},{"type":"Feature","geometry":{"type":"Polygon","coordinates":[[[80.52309,9.05282],[80.52657,9.05494],[80.52997,9.0525],[80.53118,9.04974],[80.53626,9.05018],[80.53869,9.04794],[80.54249,9.04757],[80.54429,9.04864],[80.55138,9.0465],[80.55305,9.04806],[80.5559,9.04636],[80.55536,9.04169],[80.55155,9.04176],[80.55128,9.04045],[80.55345,9.03514],[80.55609,9.03314],[80.56189,9.03436],[80.5649,9.03704],[80.56354,9.03916],[80.56721,9.04352],[80.57494,9.04561],[80.57471,9.04465],[80.57871,9.04269],[80.58166,9.04373],[80.58262,9.04235],[80.58181,9.04149],[80.58214,9.04014],[80.5843,9.03941],[80.58707,9.03059],[80.58392,9.02752],[80.58534,9.02596],[80.58726,9.0278],[80.5893,9.02625],[80.58987,9.02438],[80.5747,9.0131],[80.56798,9.0127],[80.566,9.00689],[80.56384,9.00583],[80.56294,9.00819],[80.56072,9.00814],[80.56026,9.00972],[80.56157,9.01118],[80.56005,9.01375],[80.55689,9.01549],[80.55767,9.01756],[80.55564,9.02008],[80.55254,9.02096],[80.54771,9.01743],[80.54679,9.01759],[80.54716,9.01977],[80.54402,9.02085],[80.54238,9.02005],[80.54253,9.0184],[80.54492,9.01584],[80.54358,9.01326],[80.54381,9.00924],[80.54638,9.00851],[80.54718,9.00319],[80.55181,8.99835],[80.55185,8.9946],[80.53783,8.97999],[80.53022,8.97054],[80.52902,8.9838],[80.53112,8.98943],[80.53062,8.99165],[80.52812,8.9928],[80.5277,8.99673],[80.52916,8.99831],[80.52917,8.99988],[80.53223,9.00116],[80.53247,9.00241],[80.52988,9.0085],[80.52656,9.00938],[80.52543,9.02358],[80.52683,9.0235],[80.52701,9.0247],[80.52603,9.02479],[80.52455,9.03264],[80.52604,9.0326],[80.52639,9.03582],[80.52457,9.03812],[80.52294,9.04892],[80.52157,9.0503],[80.52309,9.05282]]]},"properties":{"name":null,"ha":2969}},{"type":"Feature","geometry":{"type":"Polygon","coordinates":[[[81.70363,7.35726],[81.70581,7.35726],[81.70851,7.35576],[81.70931,7.34829],[81.71182,7.34446],[81.71111,7.3442],[81.71214,7.34196],[81.71062,7.34205],[81.71066,7.34089],[81.71293,7.33821],[81.71233,7.33664],[81.71294,7.33646],[81.70925,7.33341],[81.71298,7.33198],[81.71877,7.32537],[81.7163,7.32271],[81.71342,7.32359],[81.71239,7.32227],[81.71271,7.32078],[81.71057,7.31972],[81.70706,7.3222],[81.70527,7.32091],[81.70639,7.31886],[81.70408,7.31837],[81.70366,7.31735],[81.70435,7.31513],[81.70204,7.31332],[81.7005,7.31415],[81.69808,7.31176],[81.69119,7.31036],[81.68939,7.31526],[81.68774,7.31658],[81.68599,7.31643],[81.68635,7.31468],[81.68547,7.3138],[81.68408,7.31527],[81.68152,7.31448],[81.67551,7.3166],[81.67415,7.31567],[81.66983,7.31762],[81.66936,7.31537],[81.6685,7.31579],[81.66671,7.31435],[81.66525,7.31538],[81.66045,7.32199],[81.66129,7.32797],[81.65624,7.33387],[81.65429,7.34028],[81.65252,7.34271],[81.65936,7.34628],[81.66254,7.34929],[81.66192,7.35628],[81.66313,7.35727],[81.6632,7.3595],[81.66696,7.35926],[81.66571,7.36081],[81.66581,7.36347],[81.66818,7.36498],[81.66911,7.36512],[81.66937,7.36356],[81.67083,7.36424],[81.67235,7.3694],[81.67323,7.36733],[81.67442,7.36735],[81.67663,7.37066],[81.68002,7.37049],[81.68527,7.36896],[81.68454,7.36679],[81.68174,7.3654],[81.68176,7.36439],[81.68029,7.36339],[81.68134,7.36179],[81.68099,7.35929],[81.68454,7.3604],[81.68604,7.36283],[81.68929,7.36116],[81.68834,7.36062],[81.68807,7.3579],[81.68967,7.3566],[81.69196,7.35936],[81.69559,7.36143],[81.69626,7.36037],[81.70363,7.35726]]]},"properties":{"name":"Buddhangala Sanctuary","ha":2962}},{"type":"Feature","geometry":{"type":"Polygon","coordinates":[[[81.13523,8.13534],[81.13367,8.13597],[81.13089,8.133],[81.12841,8.13258],[81.12313,8.12764],[81.12163,8.12436],[81.11944,8.12453],[81.11828,8.12713],[81.11274,8.13188],[81.1116,8.13606],[81.10539,8.13731],[81.10462,8.139],[81.10572,8.14215],[81.09908,8.14256],[81.09844,8.1407],[81.09729,8.14111],[81.09574,8.14961],[81.09285,8.14969],[81.09234,8.14674],[81.08932,8.14852],[81.08763,8.15116],[81.08433,8.15179],[81.08284,8.15105],[81.08302,8.14946],[81.08168,8.14871],[81.08025,8.15406],[81.07778,8.1542],[81.0753,8.15673],[81.07049,8.15793],[81.06804,8.16131],[81.06966,8.16527],[81.06897,8.16869],[81.06698,8.16668],[81.06509,8.16727],[81.06719,8.1726],[81.0643,8.17349],[81.06336,8.17476],[81.0633,8.17628],[81.06592,8.17679],[81.06317,8.18085],[81.06454,8.18448],[81.06385,8.18653],[81.06808,8.18628],[81.06676,8.19004],[81.0682,8.19088],[81.07365,8.19034],[81.07432,8.18941],[81.07254,8.18592],[81.07541,8.18654],[81.07704,8.18385],[81.0806,8.18535],[81.08015,8.18359],[81.07892,8.18291],[81.07958,8.18091],[81.08265,8.17689],[81.08653,8.17512],[81.08902,8.17872],[81.08696,8.1837],[81.08871,8.18423],[81.08964,8.18196],[81.09048,8.18358],[81.08889,8.18547],[81.0891,8.18863],[81.09327,8.18878],[81.09508,8.1853],[81.09884,8.1884],[81.09786,8.1917],[81.09589,8.19411],[81.09739,8.19603],[81.09462,8.19911],[81.09539,8.20305],[81.09647,8.20366],[81.09401,8.20581],[81.09613,8.20875],[81.09431,8.21136],[81.09904,8.21369],[81.10047,8.21204],[81.10061,8.20722],[81.10193,8.2066],[81.10243,8.20406],[81.10326,8.20532],[81.10249,8.20842],[81.10464,8.21282],[81.1043,8.21729],[81.10724,8.21686],[81.10706,8.21862],[81.10585,8.21966],[81.10719,8.22115],[81.10757,8.22606],[81.10938,8.22677],[81.11081,8.22547],[81.11215,8.22576],[81.11194,8.22698],[81.11428,8.22775],[81.1146,8.22981],[81.11938,8.23397],[81.11971,8.23178],[81.12085,8.23126],[81.12174,8.22903],[81.12236,8.22949],[81.12038,8.23341],[81.12148,8.23353],[81.12372,8.22757],[81.12271,8.22674],[81.12297,8.22462],[81.12533,8.22425],[81.128,8.22559],[81.1301,8.22455],[81.13242,8.23302],[81.13477,8.23177],[81.13836,8.23353],[81.13783,8.2345],[81.13857,8.23563],[81.13706,8.23766],[81.14036,8.243],[81.14041,8.24522],[81.13755,8.24344],[81.13541,8.24425],[81.13418,8.24191],[81.13267,8.24191],[81.13085,8.24027],[81.12873,8.2405],[81.12787,8.2391],[81.12659,8.23967],[81.12527,8.23694],[81.12341,8.23702],[81.12142,8.2389],[81.1206,8.23767],[81.11795,8.2373],[81.11675,8.23867],[81.11773,8.24271],[81.11591,8.24494],[81.11436,8.24556],[81.11402,8.24427],[81.11318,8.24435],[81.11322,8.24537],[81.11082,8.2452],[81.11066,8.24631],[81.10804,8.24674],[81.10748,8.24757],[81.10845,8.24956],[81.10744,8.24979],[81.10655,8.24733],[81.10381,8.24863],[81.10142,8.24616],[81.09988,8.24945],[81.10075,8.25121],[81.09897,8.2516],[81.09801,8.24988],[81.09263,8.24838],[81.09127,8.24717],[81.09187,8.24465],[81.09026,8.2441],[81.08942,8.24216],[81.0886,8.23591],[81.08258,8.23382],[81.08175,8.23154],[81.07864,8.23041],[81.07642,8.23043],[81.07549,8.23318],[81.07438,8.23352],[81.07299,8.23135],[81.07295,8.22928],[81.06864,8.22749],[81.06857,8.22973],[81.06976,8.22975],[81.06808,8.23274],[81.06537,8.22857],[81.05947,8.23074],[81.05866,8.23192],[81.05912,8.23483],[81.05314,8.23534],[81.05313,8.24302],[81.0582,8.24603],[81.05315,8.24758],[81.05237,8.24604],[81.05296,8.24499],[81.05165,8.24295],[81.04923,8.24065],[81.04752,8.24082],[81.04713,8.24008],[81.04749,8.2378],[81.05029,8.23739],[81.04868,8.23677],[81.04813,8.23475],[81.04671,8.23475],[81.04636,8.23318],[81.04443,8.2323],[81.04406,8.23087],[81.04505,8.23039],[81.045,8.22918],[81.04392,8.22882],[81.04289,8.23075],[81.04047,8.23139],[81.03925,8.22656],[81.04153,8.22583],[81.04161,8.22462],[81.03768,8.22278],[81.03548,8.22284],[81.03265,8.22531],[81.02938,8.22358],[81.02708,8.22665],[81.02622,8.22424],[81.02445,8.22477],[81.02546,8.22193],[81.02467,8.22074],[81.02553,8.22076],[81.02464,8.21998],[81.02013,8.22336],[81.01884,8.22134],[81.0165,8.22117],[81.13523,8.13534]]]},"properties":{"name":null,"ha":2906}},{"type":"Feature","geometry":{"type":"Polygon","coordinates":[[[80.72887,6.96372],[80.73114,6.96357],[80.73289,6.96019],[80.73529,6.96079],[80.73501,6.9621],[80.73595,6.96102],[80.74494,6.96219],[80.74661,6.96632],[80.74824,6.96767],[80.74774,6.97006],[80.75702,6.97181],[80.75514,6.97482],[80.75513,6.97691],[80.75395,6.97777],[80.75459,6.97883],[80.75324,6.9807],[80.75413,6.98063],[80.75511,6.97918],[80.75696,6.97929],[80.75614,6.97773],[80.75891,6.97783],[80.76167,6.97497],[80.76034,6.97396],[80.76236,6.97044],[80.76147,6.97029],[80.76147,6.96672],[80.75903,6.96659],[80.75939,6.96305],[80.76137,6.96055],[80.76284,6.96097],[80.76394,6.95867],[80.7626,6.95804],[80.77037,6.94983],[80.7679,6.94885],[80.76684,6.94971],[80.76504,6.94934],[80.76287,6.94793],[80.75605,6.94723],[80.7543,6.94788],[80.752,6.94605],[80.75133,6.94807],[80.74412,6.94797],[80.74413,6.94887],[80.74208,6.95002],[80.73766,6.95079],[80.73581,6.95248],[80.73085,6.9515],[80.72804,6.95545],[80.72686,6.95961],[80.7239,6.95942],[80.7234,6.9581],[80.72457,6.95653],[80.72421,6.95495],[80.72345,6.95501],[80.72228,6.95828],[80.72112,6.9586],[80.72061,6.95699],[80.72015,6.95944],[80.71013,6.95921],[80.70984,6.96198],[80.70671,6.96208],[80.70655,6.96019],[80.70491,6.95867],[80.70252,6.95844],[80.70145,6.9568],[80.69979,6.95643],[80.70016,6.95485],[80.69246,6.95603],[80.68469,6.96329],[80.68283,6.96349],[80.67182,6.97093],[80.66848,6.97011],[80.66684,6.97082],[80.66475,6.97409],[80.66102,6.97372],[80.66269,6.97577],[80.66155,6.97619],[80.66244,6.97662],[80.66154,6.98174],[80.65374,6.99145],[80.65783,6.98953],[80.66313,6.98443],[80.66694,6.98619],[80.66932,6.98539],[80.67071,6.99013],[80.67425,6.99262],[80.67672,6.99304],[80.67792,6.99178],[80.67971,6.99263],[80.67865,6.9916],[80.68003,6.98896],[80.67902,6.98741],[80.6809,6.9865],[80.68308,6.9828],[80.68392,6.98417],[80.68417,6.98238],[80.68671,6.98182],[80.68712,6.98328],[80.68806,6.98388],[80.68927,6.98313],[80.68992,6.98473],[80.6902,6.98224],[80.69206,6.98258],[80.69387,6.98524],[80.69136,6.99039],[80.69283,6.99176],[80.69643,6.99079],[80.69741,6.99331],[80.70364,6.99328],[80.70466,6.99168],[80.70608,6.9933],[80.70907,6.99334],[80.70945,6.99566],[80.71217,6.99658],[80.71355,6.9946],[80.71622,6.99466],[80.72887,6.96372]]]},"properties":{"name":"Kikiliyamana Forest Reserve","ha":2881}},{"type":"Feature","geometry":{"type":"Polygon","coordinates":[[[80.62669,8.62555],[80.62679,8.6267],[80.63021,8.62572],[80.63136,8.6272],[80.63386,8.6271],[80.63346,8.62616],[80.63456,8.62502],[80.63621,8.62763],[80.63782,8.62756],[80.63767,8.6262],[80.6448,8.62518],[80.65078,8.62109],[80.64943,8.61821],[80.64772,8.61886],[80.64702,8.6179],[80.64784,8.61435],[80.64601,8.61217],[80.64772,8.60815],[80.6445,8.60518],[80.64578,8.60315],[80.64518,8.6013],[80.64356,8.60228],[80.64404,8.60343],[80.64304,8.60425],[80.64292,8.603],[80.64046,8.60276],[80.63932,8.6006],[80.64162,8.60064],[80.63749,8.59786],[80.63677,8.59566],[80.63867,8.59546],[80.63872,8.59421],[80.63235,8.58976],[80.63558,8.58797],[80.63602,8.58478],[80.63442,8.58288],[80.62854,8.58023],[80.6288,8.57835],[80.62602,8.57955],[80.62424,8.57783],[80.62581,8.57482],[80.62445,8.57298],[80.6243,8.56769],[80.62667,8.56505],[80.6245,8.56403],[80.62567,8.56135],[80.62394,8.55954],[80.62427,8.55777],[80.6173,8.5548],[80.61648,8.55201],[80.6172,8.55049],[80.61271,8.54915],[80.61234,8.55211],[80.61092,8.55208],[80.61051,8.54955],[80.60539,8.5477],[80.60474,8.54558],[80.60664,8.54436],[80.60658,8.54209],[80.59975,8.54164],[80.59959,8.54056],[80.59627,8.53959],[80.59587,8.53768],[80.59036,8.53777],[80.591,8.53902],[80.59034,8.54189],[80.58889,8.54281],[80.58675,8.54134],[80.58448,8.54333],[80.58529,8.54757],[80.5883,8.55353],[80.58978,8.55371],[80.59357,8.5594],[80.59315,8.56209],[80.59429,8.56224],[80.59453,8.56328],[80.59156,8.56365],[80.59266,8.56617],[80.59377,8.56569],[80.59523,8.56728],[80.59648,8.56668],[80.59785,8.56905],[80.59952,8.56718],[80.60302,8.5719],[80.60361,8.57441],[80.60148,8.57544],[80.60255,8.579],[80.60477,8.58196],[80.60287,8.58577],[80.60386,8.58703],[80.6062,8.58582],[80.608,8.58666],[80.60924,8.5855],[80.60939,8.58904],[80.61463,8.58914],[80.60963,8.59205],[80.60984,8.59398],[80.6118,8.59375],[80.6128,8.59511],[80.61131,8.5967],[80.60885,8.59667],[80.61054,8.60205],[80.61261,8.60094],[80.61496,8.60173],[80.61464,8.60324],[80.61203,8.60491],[80.61342,8.60817],[80.61498,8.60785],[80.61478,8.60678],[80.61829,8.60799],[80.61561,8.61057],[80.61346,8.61116],[80.6152,8.61615],[80.61356,8.61884],[80.61532,8.6208],[80.61907,8.62181],[80.62006,8.62342],[80.62307,8.62356],[80.62374,8.62477],[80.62642,8.6238],[80.62669,8.62555]]]},"properties":{"name":null,"ha":2879}},{"type":"Feature","geometry":{"type":"Polygon","coordinates":[[[80.8862,6.66104],[80.88365,6.65735],[80.88198,6.65744],[80.8823,6.65659],[80.88102,6.65598],[80.88102,6.65445],[80.87863,6.65156],[80.87929,6.65081],[80.87734,6.65032],[80.88052,6.64665],[80.8785,6.64048],[80.87572,6.63677],[80.87576,6.63463],[80.8733,6.63232],[80.87466,6.63132],[80.87302,6.63111],[80.87541,6.62747],[80.8748,6.62709],[80.87601,6.6246],[80.87565,6.62142],[80.87408,6.6208],[80.87335,6.61664],[80.87073,6.61291],[80.86829,6.61189],[80.86952,6.61122],[80.8677,6.61102],[80.86866,6.60954],[80.86601,6.60905],[80.86846,6.60777],[80.86757,6.60676],[80.86509,6.60726],[80.86388,6.60532],[80.86385,6.60135],[80.86132,6.60029],[80.86171,6.59877],[80.86067,6.5992],[80.86102,6.59674],[80.85926,6.5951],[80.85919,6.59297],[80.86074,6.59109],[80.85935,6.5889],[80.86065,6.58837],[80.85933,6.58676],[80.85795,6.58761],[80.85612,6.58565],[80.85317,6.58496],[80.85158,6.58557],[80.84813,6.58268],[80.84741,6.5835],[80.84587,6.58239],[80.84764,6.58102],[80.84704,6.5803],[80.84793,6.57946],[80.84691,6.57898],[80.83913,6.58059],[80.83869,6.58158],[80.83506,6.58229],[80.8324,6.5814],[80.83115,6.58176],[80.83066,6.58328],[80.82936,6.58285],[80.82975,6.58463],[80.83112,6.58473],[80.83044,6.58756],[80.83282,6.58919],[80.83286,6.5905],[80.83145,6.59068],[80.82119,6.58714],[80.82117,6.58505],[80.82352,6.58362],[80.82393,6.58223],[80.82241,6.58001],[80.81636,6.57842],[80.81265,6.57882],[80.81161,6.57954],[80.81209,6.58082],[80.81041,6.58137],[80.81068,6.57999],[80.80929,6.57981],[80.80766,6.58144],[80.80836,6.58133],[80.80887,6.58509],[80.8063,6.58402],[80.80761,6.58184],[80.80591,6.58179],[80.8062,6.58252],[80.8051,6.58281],[80.80488,6.58187],[80.80238,6.58155],[80.79759,6.58202],[80.79384,6.58439],[80.79384,6.58524],[80.78774,6.585],[80.77911,6.58718],[80.77602,6.58641],[80.773,6.5834],[80.77231,6.58433],[80.77224,6.58325],[80.76852,6.58408],[80.75962,6.58298],[80.75686,6.58119],[80.75028,6.58025],[80.74943,6.57938],[80.74228,6.58096],[80.73757,6.58345],[80.73518,6.58313],[80.73437,6.58593],[80.7297,6.58407],[80.72561,6.59037],[80.72316,6.59097],[80.72361,6.59195],[80.72636,6.59173],[80.72773,6.59297],[80.73316,6.58854],[80.73567,6.58901],[80.7402,6.58609],[80.7499,6.58346],[80.75657,6.58683],[80.7667,6.58939],[80.76715,6.59135],[80.77127,6.59208],[80.78644,6.59107],[80.79569,6.59299],[80.79569,6.59173],[80.79908,6.5925],[80.80674,6.59146],[80.82157,6.59448],[80.82006,6.59568],[80.80835,6.59734],[80.80363,6.59606],[80.79745,6.59589],[80.79028,6.59691],[80.78593,6.59862],[80.78361,6.60165],[80.78507,6.60261],[80.79314,6.60105],[80.79449,6.59964],[80.8015,6.60207],[80.81955,6.60329],[80.82337,6.60489],[80.82659,6.60804],[80.8359,6.60803],[80.83676,6.60724],[80.83345,6.60352],[80.83297,6.60469],[80.83106,6.60479],[80.83108,6.60298],[80.82909,6.60102],[80.8271,6.60069],[80.8259,6.5986],[80.83178,6.59909],[80.83611,6.59783],[80.84268,6.60216],[80.84182,6.60472],[80.84478,6.60996],[80.84526,6.60693],[80.84671,6.60501],[80.84972,6.60987],[80.85186,6.61073],[80.85161,6.61282],[80.85384,6.6187],[80.8577,6.6242],[80.86195,6.62744],[80.86547,6.62876],[80.8662,6.63176],[80.86789,6.63281],[80.86869,6.64018],[80.871,6.64376],[80.86867,6.64739],[80.87275,6.6553],[80.87472,6.65562],[80.876,6.65736],[80.87811,6.65756],[80.88098,6.65968],[80.8862,6.66104]]]},"properties":{"name":null,"ha":2859}},{"type":"Feature","geometry":{"type":"Polygon","coordinates":[[[80.78606,7.24147],[80.78879,7.23755],[80.79377,7.23498],[80.79723,7.22882],[80.8012,7.22859],[80.80302,7.22602],[80.80339,7.22128],[80.80107,7.21848],[80.80315,7.2129],[80.80244,7.20537],[80.81028,7.19927],[80.81577,7.1993],[80.81964,7.19709],[80.81914,7.19809],[80.82013,7.19953],[80.82164,7.19959],[80.82215,7.20072],[80.82424,7.1977],[80.82423,7.19928],[80.82647,7.20083],[80.82714,7.19909],[80.82964,7.19984],[80.82981,7.20172],[80.83151,7.19978],[80.83009,7.19732],[80.83596,7.19645],[80.83689,7.19709],[80.83653,7.20033],[80.8402,7.20278],[80.83802,7.20345],[80.83794,7.2047],[80.83873,7.20597],[80.84071,7.20646],[80.83868,7.20445],[80.8405,7.20373],[80.8411,7.2021],[80.83843,7.20007],[80.84156,7.19709],[80.84086,7.1955],[80.84894,7.19237],[80.85072,7.19448],[80.85194,7.19378],[80.85358,7.19592],[80.85589,7.19584],[80.85646,7.19693],[80.85582,7.19761],[80.85678,7.19632],[80.85839,7.19634],[80.85796,7.19835],[80.8597,7.20168],[80.86185,7.20089],[80.86365,7.19864],[80.8653,7.19841],[80.86392,7.19796],[80.86377,7.19656],[80.8664,7.19393],[80.86903,7.19554],[80.87278,7.19606],[80.8732,7.1969],[80.87449,7.19643],[80.8744,7.19731],[80.87549,7.19726],[80.87789,7.20034],[80.87885,7.19898],[80.88011,7.19889],[80.87939,7.19684],[80.88389,7.19659],[80.88464,7.20284],[80.88046,7.20295],[80.88289,7.20409],[80.88133,7.20413],[80.88194,7.20513],[80.88377,7.20555],[80.88112,7.20668],[80.88173,7.20811],[80.881,7.21204],[80.88183,7.21197],[80.8843,7.21661],[80.88508,7.20963],[80.88892,7.20744],[80.88968,7.2061],[80.89149,7.20574],[80.88945,7.20415],[80.89211,7.20382],[80.89256,7.20595],[80.89405,7.20671],[80.89401,7.21015],[80.89569,7.21045],[80.89585,7.21245],[80.89696,7.21288],[80.89769,7.21487],[80.89702,7.21632],[80.89919,7.21595],[80.89888,7.2183],[80.89766,7.21784],[80.89754,7.21854],[80.8982,7.2225],[80.89926,7.22354],[80.90045,7.22328],[80.90114,7.22134],[80.90166,7.22479],[80.90214,7.22409],[80.90274,7.22556],[80.90577,7.22673],[80.90389,7.22484],[80.90464,7.22409],[80.90238,7.22285],[80.90517,7.22343],[80.90598,7.22263],[80.90335,7.22263],[80.90223,7.22152],[80.90166,7.21953],[80.90297,7.21704],[80.90214,7.21655],[80.90272,7.21354],[80.90144,7.21278],[80.90699,7.20596],[80.90839,7.20859],[80.9081,7.21062],[80.90914,7.21084],[80.90864,7.21284],[80.90989,7.21417],[80.91089,7.21384],[80.91313,7.21671],[80.91371,7.22018],[80.91306,7.22103],[80.91407,7.22124],[80.91309,7.22225],[80.91386,7.22302],[80.91309,7.22774],[80.91529,7.22407],[80.91603,7.22001],[80.91508,7.21766],[80.91543,7.21564],[80.91455,7.21483],[80.91688,7.21303],[80.9169,7.20987],[80.91588,7.20802],[80.91816,7.20863],[80.9222,7.20405],[80.92498,7.20444],[80.78606,7.24147]]]},"properties":{"name":null,"ha":2832}},{"type":"Feature","geometry":{"type":"Polygon","coordinates":[[[80.27743,8.68814],[80.29592,8.67489],[80.29618,8.6722],[80.28818,8.67126],[80.28634,8.67311],[80.28418,8.67212],[80.28598,8.66931],[80.28197,8.66183],[80.28247,8.65804],[80.27764,8.65325],[80.27484,8.65386],[80.27176,8.64759],[80.27084,8.64198],[80.27316,8.63785],[80.27738,8.63868],[80.27837,8.64437],[80.28037,8.64444],[80.28216,8.64571],[80.28681,8.65063],[80.29325,8.65526],[80.29695,8.65501],[80.29737,8.65102],[80.30428,8.64298],[80.30732,8.63719],[80.31112,8.63374],[80.30461,8.63135],[80.30424,8.62856],[80.30056,8.62648],[80.29821,8.62213],[80.298,8.61916],[80.29208,8.61772],[80.28736,8.61154],[80.28506,8.60121],[80.2777,8.60248],[80.27534,8.59318],[80.26748,8.59838],[80.2656,8.60406],[80.26539,8.60947],[80.26132,8.61297],[80.25295,8.61423],[80.27743,8.68814]]]},"properties":{"name":"Wilpattu Forest Cover","ha":2810}},{"type":"Feature","geometry":{"type":"Polygon","coordinates":[[[80.69023,8.50382],[80.69381,8.50299],[80.69373,8.50426],[80.69172,8.50461],[80.69161,8.50611],[80.69218,8.50731],[80.69417,8.50681],[80.6956,8.50829],[80.69252,8.50852],[80.69498,8.51071],[80.69283,8.51155],[80.69165,8.50984],[80.6929,8.51257],[80.69054,8.51383],[80.69224,8.5161],[80.69681,8.51671],[80.69793,8.52016],[80.69423,8.52283],[80.69649,8.52345],[80.69632,8.52256],[80.69801,8.52135],[80.6996,8.5215],[80.70207,8.52254],[80.70282,8.52466],[80.70248,8.52589],[80.69874,8.52666],[80.69718,8.52589],[80.69761,8.52968],[80.70109,8.53018],[80.70175,8.53159],[80.70297,8.53133],[80.70511,8.53265],[80.70598,8.53216],[80.70419,8.52971],[80.70434,8.52806],[80.70782,8.52842],[80.709,8.52479],[80.71117,8.52409],[80.71076,8.52562],[80.71363,8.52878],[80.71783,8.53079],[80.71711,8.52439],[80.71823,8.52267],[80.71958,8.52532],[80.72215,8.52736],[80.72175,8.52874],[80.72063,8.52903],[80.72147,8.53031],[80.72278,8.52988],[80.72153,8.53164],[80.72166,8.53398],[80.7245,8.53257],[80.72366,8.53066],[80.72535,8.53057],[80.72664,8.52789],[80.7284,8.52742],[80.72917,8.52903],[80.73149,8.53018],[80.73085,8.53211],[80.72706,8.53459],[80.72977,8.53574],[80.73084,8.53888],[80.73496,8.53727],[80.73544,8.536],[80.73861,8.53718],[80.74136,8.52865],[80.74359,8.52725],[80.74295,8.52551],[80.74436,8.52335],[80.74183,8.51639],[80.74398,8.51342],[80.74071,8.50671],[80.7414,8.50115],[80.74065,8.50014],[80.73913,8.4993],[80.7378,8.50124],[80.73298,8.50107],[80.72973,8.49886],[80.72887,8.49572],[80.72556,8.49222],[80.72532,8.48728],[80.72046,8.47649],[80.72316,8.476],[80.72078,8.47321],[80.72111,8.47179],[80.72295,8.47141],[80.72452,8.47274],[80.72544,8.46792],[80.72316,8.46346],[80.71574,8.46542],[80.7158,8.47229],[80.71405,8.47285],[80.71528,8.47346],[80.71633,8.47682],[80.71932,8.47959],[80.72054,8.47949],[80.72167,8.48315],[80.71836,8.48442],[80.71458,8.48243],[80.71136,8.48275],[80.70801,8.48688],[80.70738,8.48651],[80.70941,8.48228],[80.7054,8.47595],[80.69975,8.47642],[80.69859,8.47804],[80.69763,8.48311],[80.69615,8.48246],[80.69604,8.47988],[80.69417,8.48059],[80.69445,8.47784],[80.69335,8.47753],[80.69231,8.47851],[80.69273,8.4763],[80.69123,8.47579],[80.69146,8.47694],[80.68911,8.47706],[80.69018,8.47556],[80.68939,8.4728],[80.68619,8.47107],[80.68451,8.47418],[80.68651,8.47691],[80.6851,8.47882],[80.68703,8.48182],[80.68398,8.484],[80.68724,8.48273],[80.68716,8.4846],[80.68917,8.4885],[80.68771,8.48893],[80.68793,8.48978],[80.68952,8.48986],[80.68862,8.49336],[80.69173,8.4957],[80.69113,8.49669],[80.69173,8.49899],[80.69535,8.49916],[80.69527,8.49661],[80.69784,8.49563],[80.6984,8.49712],[80.69651,8.4995],[80.69675,8.50124],[80.69595,8.50189],[80.69477,8.50107],[80.69304,8.50185],[80.69072,8.50117],[80.69023,8.50382]]]},"properties":{"name":null,"ha":2808}},{"type":"Feature","geometry":{"type":"Polygon","coordinates":[[[81.18396,8.22748],[81.1823,8.21933],[81.18495,8.21866],[81.18716,8.21132],[81.19156,8.20632],[81.19025,8.19835],[81.1915,8.19449],[81.18509,8.18872],[81.18339,8.18394],[81.18275,8.17816],[81.18349,8.17576],[81.18598,8.17316],[81.18612,8.17041],[81.18885,8.16813],[81.18506,8.16384],[81.18704,8.16062],[81.18695,8.15856],[81.18451,8.15498],[81.18532,8.15257],[81.18232,8.15114],[81.18331,8.14866],[81.18226,8.14635],[81.18408,8.14553],[81.18504,8.14377],[81.18412,8.13946],[81.18471,8.13656],[81.18881,8.13366],[81.18929,8.1324],[81.18871,8.13126],[81.18351,8.13078],[81.18235,8.1297],[81.18216,8.12742],[81.18325,8.12481],[81.18654,8.12438],[81.18781,8.12305],[81.18347,8.1191],[81.18073,8.11022],[81.17498,8.10655],[81.17395,8.09684],[81.17219,8.09544],[81.17102,8.09103],[81.16763,8.09167],[81.16514,8.09049],[81.16448,8.08855],[81.16619,8.08678],[81.16126,8.08398],[81.16119,8.08164],[81.16323,8.07867],[81.16252,8.07641],[81.16038,8.07635],[81.15713,8.07787],[81.15411,8.07635],[81.15346,8.07422],[81.15397,8.06882],[81.1516,8.06531],[81.14767,8.06268],[81.14743,8.05667],[81.14492,8.05015],[81.18396,8.22748]]]},"properties":{"name":null,"ha":2755}},{"type":"Feature","geometry":{"type":"Polygon","coordinates":[[[80.51263,9.13106],[80.50904,9.13219],[80.50814,9.13101],[80.50564,9.13345],[80.50311,9.13163],[80.50002,9.13389],[80.49594,9.1336],[80.49486,9.13474],[80.49516,9.13651],[80.49302,9.1376],[80.49154,9.14204],[80.48207,9.14427],[80.47967,9.14442],[80.47612,9.14246],[80.47881,9.13709],[80.48118,9.13489],[80.48073,9.13284],[80.47906,9.13361],[80.47328,9.13163],[80.4689,9.13216],[80.46709,9.13305],[80.46516,9.13663],[80.46248,9.139],[80.45788,9.13789],[80.45806,9.13523],[80.45964,9.13517],[80.46061,9.13347],[80.45461,9.12769],[80.45522,9.12392],[80.45849,9.1195],[80.46171,9.1114],[80.46414,9.11089],[80.46633,9.11183],[80.46867,9.11055],[80.46989,9.1072],[80.46985,9.10383],[80.47518,9.09502],[80.47713,9.09415],[80.48158,9.09621],[80.48533,9.0951],[80.48692,9.09322],[80.48693,9.09115],[80.48042,9.08374],[80.48749,9.0781],[80.48959,9.08126],[80.49664,9.07911],[80.49988,9.08435],[80.50252,9.08613],[80.50524,9.08592],[80.50921,9.08378],[80.50971,9.10392],[80.50864,9.109],[80.5046,9.10681],[80.50308,9.10784],[80.50297,9.10927],[80.50556,9.11241],[80.50872,9.11304],[80.51001,9.11814],[80.50897,9.11909],[80.50934,9.12128],[80.51263,9.13106]]]},"properties":{"name":null,"ha":2721}},{"type":"Feature","geometry":{"type":"Polygon","coordinates":[[[81.0551,6.84087],[81.05915,6.84243],[81.05966,6.84101],[81.06096,6.84124],[81.06304,6.84266],[81.06889,6.83854],[81.0702,6.83982],[81.07181,6.83896],[81.07164,6.83586],[81.06617,6.83422],[81.06538,6.83299],[81.06836,6.83045],[81.06987,6.83079],[81.07105,6.82992],[81.07069,6.82464],[81.07275,6.82319],[81.07537,6.82381],[81.07819,6.82052],[81.08134,6.82238],[81.08299,6.82006],[81.0827,6.81446],[81.0816,6.81324],[81.07889,6.81696],[81.07669,6.81462],[81.07296,6.81522],[81.07082,6.81389],[81.07259,6.80961],[81.07558,6.81036],[81.07645,6.80957],[81.07593,6.80753],[81.07686,6.80497],[81.07811,6.80479],[81.07898,6.80609],[81.08108,6.80503],[81.08,6.80257],[81.07769,6.80251],[81.07844,6.80045],[81.07576,6.79762],[81.07611,6.79431],[81.07432,6.79515],[81.0749,6.79697],[81.07107,6.79702],[81.07059,6.79512],[81.07235,6.79574],[81.0737,6.79421],[81.07087,6.79294],[81.07123,6.7906],[81.07433,6.79004],[81.07748,6.79175],[81.07721,6.79252],[81.07532,6.79268],[81.07465,6.79385],[81.07526,6.79432],[81.07789,6.79402],[81.081,6.79176],[81.08453,6.79138],[81.08496,6.79774],[81.08642,6.79938],[81.08604,6.80197],[81.09121,6.80361],[81.09489,6.80153],[81.09647,6.80283],[81.09686,6.80584],[81.09902,6.80436],[81.1019,6.8054],[81.103,6.80703],[81.10467,6.8064],[81.10486,6.8047],[81.10227,6.80355],[81.10185,6.80049],[81.10001,6.7989],[81.10025,6.79653],[81.10165,6.79465],[81.10472,6.79526],[81.10603,6.79458],[81.10571,6.79034],[81.1079,6.788],[81.10834,6.78522],[81.11009,6.78374],[81.10961,6.7824],[81.11207,6.78041],[81.11329,6.77694],[81.11192,6.77335],[81.10827,6.7702],[81.10669,6.76565],[81.10243,6.76388],[81.0988,6.76649],[81.09912,6.76911],[81.09779,6.77265],[81.10106,6.77862],[81.09597,6.77772],[81.09674,6.78529],[81.09583,6.79181],[81.09694,6.79856],[81.09605,6.79874],[81.09511,6.79676],[81.09399,6.79672],[81.09297,6.80053],[81.09209,6.80093],[81.08895,6.79748],[81.09265,6.79017],[81.09254,6.78779],[81.09394,6.78535],[81.09248,6.78392],[81.08839,6.78342],[81.08696,6.78189],[81.08933,6.77981],[81.09246,6.78],[81.09244,6.77619],[81.09532,6.77452],[81.0945,6.7715],[81.09187,6.7711],[81.09177,6.76874],[81.0888,6.76852],[81.08691,6.76703],[81.08735,6.76637],[81.0906,6.76739],[81.0925,6.76671],[81.09324,6.76472],[81.09172,6.76142],[81.08894,6.76178],[81.08551,6.76047],[81.08551,6.76205],[81.08753,6.76379],[81.08602,6.76595],[81.08346,6.765],[81.08377,6.77606],[81.08178,6.7745],[81.08218,6.77224],[81.08085,6.76933],[81.08216,6.76729],[81.08162,6.76493],[81.07779,6.76448],[81.07719,6.76292],[81.05978,6.7697],[81.05947,6.77366],[81.05812,6.77676],[81.05939,6.7784],[81.0596,6.78104],[81.06719,6.77751],[81.0695,6.78179],[81.0646,6.78982],[81.06059,6.79332],[81.05888,6.79674],[81.05784,6.80221],[81.0557,6.80428],[81.05334,6.80244],[81.05212,6.80274],[81.05478,6.80699],[81.05599,6.80525],[81.06019,6.80472],[81.06061,6.80585],[81.05842,6.80785],[81.05344,6.80901],[81.05007,6.80702],[81.04961,6.80528],[81.0466,6.80533],[81.04608,6.80636],[81.04825,6.80926],[81.04719,6.8158],[81.04789,6.81898],[81.05184,6.81814],[81.05386,6.81488],[81.05489,6.81525],[81.05622,6.82213],[81.0535,6.82568],[81.05717,6.83189],[81.05756,6.83465],[81.05591,6.83547],[81.05358,6.8337],[81.05176,6.83831],[81.05279,6.83998],[81.0551,6.84087]]]},"properties":{"name":"Raawana Ella Sanctuary","ha":2713}},{"type":"Feature","geometry":{"type":"Polygon","coordinates":[[[80.46294,7.9858],[80.4673,7.98573],[80.46694,7.97976],[80.46831,7.97949],[80.46743,7.97653],[80.46818,7.97641],[80.46782,7.97407],[80.46942,7.97349],[80.46915,7.97207],[80.46732,7.97143],[80.46758,7.9705],[80.47041,7.97137],[80.4729,7.96771],[80.4714,7.96629],[80.47275,7.96546],[80.47082,7.96283],[80.47254,7.962],[80.47234,7.95943],[80.47391,7.95386],[80.47483,7.95365],[80.47556,7.95734],[80.48069,7.95626],[80.48095,7.95722],[80.48277,7.95743],[80.48342,7.95462],[80.48475,7.95454],[80.48481,7.95286],[80.48344,7.95197],[80.48363,7.95029],[80.48565,7.95127],[80.48841,7.95817],[80.49344,7.95677],[80.49414,7.95575],[80.49526,7.95911],[80.49472,7.95989],[80.49695,7.96181],[80.5,7.96255],[80.50455,7.96638],[80.5038,7.96912],[80.50466,7.97258],[80.50644,7.97292],[80.50584,7.97449],[80.50723,7.97791],[80.51043,7.97751],[80.51019,7.98072],[80.51333,7.98301],[80.5174,7.97719],[80.51155,7.97451],[80.51112,7.9723],[80.51391,7.9726],[80.51449,7.96988],[80.50801,7.96978],[80.50718,7.97128],[80.5061,7.97084],[80.5071,7.96868],[80.50606,7.968],[80.50641,7.9674],[80.50819,7.96831],[80.51096,7.95905],[80.51098,7.95803],[80.50936,7.95685],[80.51062,7.9542],[80.51311,7.95537],[80.51399,7.95422],[80.51358,7.95146],[80.51146,7.95025],[80.50893,7.94697],[80.51112,7.94177],[80.51107,7.93769],[80.50899,7.9373],[80.50846,7.92389],[80.517,7.92268],[80.5164,7.91962],[80.51794,7.91754],[80.51717,7.91163],[80.5153,7.91021],[80.51401,7.91063],[80.51318,7.90948],[80.51472,7.90842],[80.51513,7.90557],[80.51378,7.90317],[80.51346,7.89728],[80.50957,7.89401],[80.50848,7.89195],[80.50863,7.88736],[80.50967,7.88722],[80.50872,7.88262],[80.50546,7.87962],[80.50418,7.88026],[80.5012,7.87942],[80.50045,7.88368],[80.50159,7.88733],[80.50007,7.88869],[80.50259,7.88969],[80.50223,7.89349],[80.49949,7.89843],[80.50057,7.89841],[80.50066,7.89945],[80.49878,7.90135],[80.49802,7.90686],[80.49612,7.90653],[80.49587,7.91325],[80.49324,7.91429],[80.49492,7.92021],[80.4929,7.92264],[80.49433,7.92425],[80.49484,7.92719],[80.49396,7.92989],[80.49024,7.92976],[80.48991,7.93147],[80.49131,7.9314],[80.49147,7.9331],[80.49273,7.93422],[80.49015,7.93441],[80.48942,7.9373],[80.49054,7.94019],[80.4847,7.93809],[80.48344,7.94311],[80.48155,7.94196],[80.47932,7.94289],[80.47874,7.94423],[80.48084,7.94625],[80.48063,7.94748],[80.47966,7.94787],[80.47891,7.94678],[80.47812,7.94812],[80.47603,7.94712],[80.47567,7.94901],[80.47691,7.94978],[80.47683,7.9511],[80.47507,7.95018],[80.47512,7.95155],[80.47329,7.95259],[80.46893,7.95247],[80.46844,7.95112],[80.46436,7.94908],[80.46543,7.94821],[80.47196,7.94914],[80.47264,7.94695],[80.4749,7.94714],[80.47408,7.94383],[80.47315,7.94554],[80.46964,7.94266],[80.46807,7.94668],[80.4649,7.94669],[80.46463,7.94781],[80.46151,7.94848],[80.46137,7.95265],[80.45801,7.95338],[80.45549,7.95511],[80.45366,7.95501],[80.45443,7.95748],[80.45659,7.95847],[80.45573,7.96221],[80.45335,7.96438],[80.45035,7.96434],[80.45037,7.96635],[80.44934,7.96669],[80.44988,7.96844],[80.45258,7.96731],[80.4534,7.96986],[80.45661,7.96888],[80.45702,7.96992],[80.45556,7.97143],[80.45731,7.9722],[80.45372,7.97424],[80.45355,7.97541],[80.45642,7.97921],[80.45754,7.9793],[80.45784,7.98019],[80.45696,7.98059],[80.45777,7.98157],[80.45889,7.98206],[80.4608,7.97981],[80.46294,7.9858]]]},"properties":{"name":null,"ha":2712}},{"type":"Feature","geometry":{"type":"Polygon","coordinates":[[[80.78997,8.63891],[80.78908,8.63733],[80.79137,8.63615],[80.78776,8.63155],[80.78805,8.63021],[80.7861,8.62988],[80.7838,8.62616],[80.78202,8.62627],[80.78048,8.62431],[80.7782,8.62567],[80.77572,8.62144],[80.77671,8.61679],[80.77539,8.6157],[80.77133,8.61544],[80.77022,8.61308],[80.77318,8.61157],[80.77459,8.61214],[80.77486,8.60857],[80.77386,8.6054],[80.77248,8.60414],[80.77053,8.60404],[80.77053,8.60277],[80.76966,8.6025],[80.77043,8.6011],[80.77217,8.60124],[80.77085,8.59672],[80.77127,8.59303],[80.76931,8.59421],[80.76862,8.59342],[80.76963,8.59126],[80.77629,8.59073],[80.77537,8.58848],[80.77608,8.58739],[80.77329,8.58618],[80.77106,8.59011],[80.76936,8.58984],[80.76924,8.59091],[80.76681,8.58845],[80.7641,8.59036],[80.76298,8.59063],[80.76248,8.58887],[80.76018,8.59007],[80.7619,8.5874],[80.75947,8.58774],[80.75936,8.58473],[80.75776,8.58455],[80.75845,8.58236],[80.75607,8.58146],[80.75342,8.57821],[80.75228,8.57888],[80.75428,8.58687],[80.7523,8.58788],[80.74604,8.59474],[80.74873,8.59675],[80.74738,8.59849],[80.7517,8.60385],[80.75263,8.60353],[80.75256,8.60562],[80.75467,8.60534],[80.75398,8.60673],[80.75159,8.60612],[80.74774,8.60226],[80.74402,8.59647],[80.73929,8.60166],[80.73885,8.60109],[80.72793,8.61109],[80.72297,8.61342],[80.72439,8.61467],[80.7242,8.61716],[80.72056,8.61665],[80.7187,8.61834],[80.71934,8.62079],[80.72504,8.62531],[80.72256,8.62704],[80.72281,8.62969],[80.72394,8.62872],[80.72554,8.62974],[80.7258,8.62855],[80.72668,8.62872],[80.72936,8.63148],[80.72869,8.63253],[80.72988,8.63217],[80.73015,8.63289],[80.73212,8.63164],[80.7356,8.63164],[80.73719,8.63325],[80.73692,8.63458],[80.73934,8.63371],[80.739,8.63251],[80.74087,8.63149],[80.74165,8.63369],[80.74389,8.63321],[80.74455,8.63434],[80.74363,8.63715],[80.74445,8.63822],[80.74647,8.63362],[80.74419,8.62904],[80.7427,8.62976],[80.74197,8.62919],[80.74314,8.62655],[80.74169,8.62509],[80.74322,8.62431],[80.74329,8.62498],[80.74465,8.62479],[80.74645,8.62294],[80.74578,8.62238],[80.74671,8.62075],[80.7462,8.61927],[80.74717,8.61921],[80.74681,8.6168],[80.7489,8.61628],[80.75064,8.61714],[80.75342,8.6206],[80.75386,8.62588],[80.75527,8.62772],[80.75416,8.62955],[80.75525,8.63096],[80.7531,8.63154],[80.75415,8.63377],[80.75548,8.63373],[80.75679,8.63514],[80.76147,8.6428],[80.76391,8.64158],[80.76463,8.64503],[80.76267,8.64424],[80.76486,8.64708],[80.76664,8.64489],[80.76993,8.64596],[80.77307,8.64515],[80.77444,8.64271],[80.77304,8.63967],[80.77669,8.63987],[80.77415,8.63478],[80.77653,8.63385],[80.77806,8.63596],[80.77967,8.63566],[80.78101,8.63663],[80.78041,8.63947],[80.77873,8.63942],[80.77767,8.64057],[80.77846,8.64274],[80.78044,8.64348],[80.78343,8.64283],[80.78572,8.6459],[80.78788,8.64607],[80.78874,8.64788],[80.79101,8.64837],[80.79105,8.64952],[80.79382,8.65172],[80.79484,8.6499],[80.79679,8.64897],[80.79914,8.64934],[80.79958,8.64355],[80.79828,8.64153],[80.79654,8.64177],[80.79569,8.6403],[80.79399,8.63999],[80.79309,8.63769],[80.78997,8.63891]]]},"properties":{"name":null,"ha":2696}},{"type":"Feature","geometry":{"type":"Polygon","coordinates":[[[81.23507,7.25522],[81.22819,7.25491],[81.2234,7.26013],[81.22125,7.26068],[81.2119,7.25511],[81.20878,7.25485],[81.20405,7.25117],[81.2042,7.24592],[81.207,7.23962],[81.20617,7.23666],[81.20477,7.23645],[81.20335,7.23752],[81.20112,7.2439],[81.19913,7.24516],[81.19142,7.23881],[81.19125,7.23673],[81.19342,7.2335],[81.19242,7.22943],[81.18587,7.22786],[81.18467,7.22626],[81.18607,7.22198],[81.19096,7.22271],[81.19244,7.22147],[81.18997,7.21569],[81.19233,7.21356],[81.19862,7.21105],[81.20773,7.20083],[81.21267,7.20141],[81.21514,7.20351],[81.21578,7.20623],[81.21748,7.20448],[81.2186,7.20452],[81.2198,7.20596],[81.22222,7.20601],[81.22591,7.21009],[81.22811,7.21024],[81.23085,7.20541],[81.22986,7.20311],[81.22652,7.20038],[81.22583,7.19832],[81.22649,7.19508],[81.2281,7.19368],[81.23383,7.19575],[81.23513,7.19471],[81.23641,7.19614],[81.23584,7.19896],[81.2368,7.20191],[81.23558,7.20472],[81.23669,7.2063],[81.23655,7.20802],[81.23243,7.2096],[81.23204,7.21088],[81.23428,7.21399],[81.23886,7.21533],[81.23507,7.25522]]]},"properties":{"name":"Forests to the north of Baduluoya Reservoir","ha":2651}},{"type":"Feature","geometry":{"type":"Polygon","coordinates":[[[80.20389,9.45833],[80.20474,9.45926],[80.20895,9.45825],[80.21037,9.45881],[80.21167,9.45636],[80.22194,9.44887],[80.23585,9.44319],[80.23829,9.44413],[80.24246,9.44114],[80.24249,9.43979],[80.23869,9.44002],[80.24118,9.43738],[80.23465,9.43505],[80.2356,9.43293],[80.23742,9.43291],[80.2389,9.43165],[80.24389,9.43148],[80.24583,9.43235],[80.25012,9.43171],[80.25187,9.43275],[80.25831,9.42563],[80.24983,9.42186],[80.2442,9.42333],[80.2394,9.42247],[80.23571,9.4229],[80.22892,9.42544],[80.22677,9.42712],[80.2256,9.43071],[80.22291,9.43241],[80.21809,9.42971],[80.21353,9.43104],[80.20832,9.43119],[80.20029,9.43626],[80.20039,9.43869],[80.19826,9.43881],[80.19551,9.42919],[80.193,9.42915],[80.19429,9.42752],[80.19365,9.42685],[80.18836,9.4297],[80.18484,9.4298],[80.18502,9.43111],[80.18211,9.43344],[80.17645,9.43161],[80.17355,9.43415],[80.16959,9.43467],[80.16886,9.43886],[80.17077,9.44068],[80.17225,9.44015],[80.17237,9.44111],[80.17065,9.44221],[80.17033,9.44699],[80.16636,9.44932],[80.16558,9.45135],[80.1683,9.45978],[80.1692,9.46172],[80.17418,9.46222],[80.17675,9.46398],[80.18582,9.47956],[80.18748,9.47846],[80.18659,9.47763],[80.18604,9.47267],[80.18617,9.46824],[80.18743,9.4656],[80.18799,9.47003],[80.18919,9.47047],[80.18975,9.47379],[80.191,9.47427],[80.2025,9.46436],[80.20287,9.46183],[80.20189,9.45949],[80.20389,9.45833]]]},"properties":{"name":null,"ha":2637}},{"type":"Feature","geometry":{"type":"Polygon","coordinates":[[[81.14719,8.15146],[81.14835,8.15559],[81.15098,8.15795],[81.15285,8.15761],[81.15189,8.15293],[81.1526,8.14864],[81.15068,8.14193],[81.15178,8.14021],[81.15384,8.14047],[81.15618,8.14261],[81.15639,8.14779],[81.15817,8.14797],[81.16141,8.14635],[81.1654,8.14896],[81.159,8.15645],[81.16125,8.15821],[81.16319,8.15753],[81.16427,8.15864],[81.16328,8.16214],[81.16489,8.16388],[81.16477,8.16742],[81.16708,8.1673],[81.16705,8.16487],[81.16902,8.16287],[81.17049,8.16481],[81.17176,8.16484],[81.17278,8.16069],[81.17381,8.15994],[81.17485,8.16013],[81.17568,8.16239],[81.17698,8.16137],[81.17823,8.16165],[81.17832,8.1633],[81.17676,8.16445],[81.17679,8.16562],[81.1838,8.16479],[81.18645,8.16022],[81.18373,8.15329],[81.17736,8.1517],[81.17582,8.15233],[81.17465,8.15468],[81.17309,8.15474],[81.17135,8.14962],[81.17409,8.1455],[81.17668,8.14825],[81.1783,8.14648],[81.18075,8.14667],[81.18366,8.1442],[81.18346,8.13792],[81.18537,8.13361],[81.18185,8.13008],[81.18155,8.12765],[81.18291,8.12419],[81.18547,8.12364],[81.18587,8.12252],[81.18074,8.1194],[81.17888,8.11211],[81.17372,8.10736],[81.17262,8.10214],[81.16927,8.09564],[81.16746,8.09445],[81.16436,8.09433],[81.16206,8.0956],[81.1591,8.09947],[81.15725,8.10512],[81.14843,8.10787],[81.14703,8.10975],[81.14736,8.11189],[81.15108,8.11651],[81.15849,8.11391],[81.16283,8.11425],[81.16814,8.11858],[81.17622,8.12271],[81.17632,8.12486],[81.16759,8.12655],[81.16243,8.12162],[81.16055,8.12147],[81.15887,8.12459],[81.16214,8.12822],[81.15948,8.13099],[81.15166,8.13187],[81.14551,8.13373],[81.14176,8.13295],[81.14,8.13116],[81.13783,8.12206],[81.13324,8.11746],[81.13251,8.10964],[81.12948,8.10384],[81.12639,8.08842],[81.12345,8.0878],[81.12104,8.08976],[81.11969,8.09248],[81.12154,8.10225],[81.12476,8.10811],[81.1291,8.10864],[81.13016,8.10996],[81.13165,8.1158],[81.12823,8.11987],[81.12986,8.12377],[81.13361,8.12727],[81.13574,8.135],[81.13386,8.1366],[81.13039,8.13656],[81.12781,8.1352],[81.12442,8.13118],[81.12251,8.13093],[81.11989,8.13537],[81.11556,8.13911],[81.11974,8.14017],[81.12554,8.13906],[81.12859,8.14316],[81.13221,8.14299],[81.13131,8.14452],[81.12318,8.14866],[81.12245,8.15075],[81.12347,8.15282],[81.12616,8.15255],[81.12761,8.14947],[81.13075,8.1508],[81.13245,8.14853],[81.13386,8.15047],[81.13393,8.15292],[81.13485,8.1534],[81.13618,8.15196],[81.13631,8.14844],[81.13709,8.14783],[81.13947,8.15164],[81.14078,8.1519],[81.14122,8.147],[81.14355,8.14405],[81.14531,8.14588],[81.1438,8.15028],[81.14503,8.15099],[81.147,8.14861],[81.14719,8.15146]]]},"properties":{"name":null,"ha":2634}},{"type":"Feature","geometry":{"type":"Polygon","coordinates":[[[80.45072,6.95502],[80.44982,6.95459],[80.44814,6.95001],[80.44712,6.95135],[80.4487,6.95282],[80.44771,6.95328],[80.44702,6.95246],[80.44744,6.95339],[80.44577,6.95382],[80.44351,6.95311],[80.44232,6.95034],[80.4432,6.94805],[80.44053,6.94565],[80.44103,6.9285],[80.44423,6.92614],[80.44326,6.92548],[80.44178,6.92601],[80.44122,6.924],[80.43851,6.92326],[80.44177,6.92182],[80.443,6.92249],[80.44407,6.92099],[80.44372,6.91981],[80.44276,6.91922],[80.44199,6.92124],[80.44063,6.92089],[80.4319,6.92398],[80.43142,6.92187],[80.43308,6.92105],[80.43335,6.9199],[80.43131,6.91637],[80.43108,6.91299],[80.42938,6.91407],[80.431,6.91818],[80.42765,6.91784],[80.42896,6.91652],[80.42874,6.9146],[80.42629,6.91472],[80.42646,6.91357],[80.42565,6.91328],[80.42854,6.91105],[80.42831,6.90831],[80.42972,6.90698],[80.42979,6.90422],[80.43246,6.90337],[80.4307,6.90141],[80.43045,6.89933],[80.43198,6.89669],[80.43214,6.89427],[80.4344,6.89473],[80.43379,6.89824],[80.43618,6.89638],[80.44024,6.89779],[80.44072,6.90198],[80.43931,6.90371],[80.44152,6.90391],[80.43936,6.90591],[80.44027,6.90757],[80.43686,6.91037],[80.43893,6.90975],[80.4391,6.91115],[80.44009,6.9101],[80.4421,6.91081],[80.44278,6.90901],[80.44591,6.90966],[80.44728,6.9073],[80.44664,6.90655],[80.44915,6.90516],[80.45402,6.90632],[80.45948,6.90031],[80.46255,6.89969],[80.46426,6.90125],[80.46734,6.9017],[80.47332,6.8981],[80.47918,6.89864],[80.48699,6.8933],[80.4967,6.88917],[80.50756,6.88783],[80.45072,6.95502]]]},"properties":{"name":"Makandawa Forest Reserve","ha":2581}},{"type":"Feature","geometry":{"type":"Polygon","coordinates":[[[80.17078,6.84125],[80.17009,6.83353],[80.16859,6.832],[80.16893,6.8294],[80.17292,6.82638],[80.17258,6.82229],[80.17493,6.82076],[80.17558,6.8171],[80.17954,6.81531],[80.18189,6.81287],[80.18885,6.81436],[80.19622,6.8128],[80.19912,6.81311],[80.2028,6.81497],[80.20427,6.8169],[80.20287,6.82286],[80.20318,6.82726],[80.20951,6.82806],[80.20839,6.83273],[80.21082,6.8327],[80.21317,6.83705],[80.21225,6.84555],[80.21297,6.84813],[80.20973,6.85371],[80.2101,6.85862],[80.20898,6.86018],[80.20621,6.86052],[80.2057,6.86144],[80.20693,6.86228],[80.2088,6.86164],[80.21068,6.86753],[80.20983,6.87217],[80.2072,6.87495],[80.20533,6.88179],[80.2073,6.8867],[80.20724,6.88927],[80.20301,6.89164],[80.19994,6.89191],[80.19728,6.89056],[80.19444,6.88179],[80.19035,6.87969],[80.18912,6.87623],[80.18721,6.87542],[80.18588,6.87292],[80.18977,6.8743],[80.19045,6.8738],[80.19032,6.87248],[80.18694,6.8698],[80.18693,6.86835],[80.18994,6.86482],[80.18861,6.85663],[80.18738,6.8552],[80.18124,6.85473],[80.18445,6.8526],[80.18305,6.85019],[80.18104,6.8507],[80.17688,6.85422],[80.17381,6.84952],[80.17377,6.84549],[80.17078,6.84125]]]},"properties":{"name":"Labugama-Kalatuwawa Forest Reserve","ha":2547}},{"type":"Feature","geometry":{"type":"Polygon","coordinates":[[[81.62467,7.50663],[81.62407,7.5034],[81.62589,7.50133],[81.63096,7.50034],[81.63353,7.49497],[81.6334,7.49175],[81.63153,7.48836],[81.63236,7.48686],[81.63048,7.48333],[81.62675,7.47988],[81.62173,7.47906],[81.62286,7.47658],[81.6219,7.47396],[81.6145,7.46807],[81.61068,7.46634],[81.61131,7.46823],[81.60978,7.46737],[81.60896,7.46851],[81.60985,7.46992],[81.60819,7.46871],[81.60766,7.46678],[81.60337,7.46555],[81.6005,7.46821],[81.59817,7.468],[81.59844,7.46981],[81.59613,7.47151],[81.59767,7.47281],[81.59689,7.47402],[81.59853,7.47643],[81.60057,7.47798],[81.60081,7.48032],[81.59744,7.47655],[81.59552,7.47604],[81.59473,7.47703],[81.59355,7.47678],[81.59316,7.47933],[81.59171,7.48007],[81.59236,7.48103],[81.59109,7.48135],[81.58987,7.48348],[81.59142,7.4868],[81.59031,7.48821],[81.5869,7.4876],[81.58634,7.48955],[81.58413,7.4898],[81.58424,7.49084],[81.58536,7.49071],[81.5845,7.49257],[81.58305,7.49208],[81.58236,7.49317],[81.58309,7.49347],[81.58157,7.49504],[81.58182,7.49672],[81.57947,7.49781],[81.57867,7.4956],[81.57817,7.49704],[81.57668,7.49752],[81.57834,7.49775],[81.57796,7.49956],[81.57914,7.49886],[81.57948,7.50106],[81.57842,7.50178],[81.57934,7.50448],[81.58053,7.50434],[81.58214,7.506],[81.58449,7.50599],[81.58456,7.50829],[81.5816,7.50827],[81.58153,7.51114],[81.58655,7.52072],[81.58952,7.52024],[81.5906,7.52099],[81.59107,7.51976],[81.59447,7.52156],[81.59453,7.52249],[81.59827,7.52396],[81.60148,7.52426],[81.60196,7.52189],[81.60298,7.52356],[81.60527,7.52245],[81.60646,7.52063],[81.60856,7.52055],[81.60912,7.51874],[81.60838,7.51724],[81.60962,7.51666],[81.61217,7.51876],[81.61565,7.51827],[81.6161,7.51514],[81.61877,7.5155],[81.62518,7.50899],[81.626,7.50772],[81.62447,7.50745],[81.62467,7.50663]]]},"properties":{"name":null,"ha":2494}},{"type":"Feature","geometry":{"type":"Polygon","coordinates":[[[81.16123,6.73847],[81.16787,6.73999],[81.16829,6.73875],[81.17566,6.74025],[81.17827,6.73809],[81.17844,6.73578],[81.17705,6.73392],[81.17644,6.72947],[81.17974,6.71867],[81.17718,6.71752],[81.17449,6.71799],[81.17268,6.71679],[81.17054,6.71754],[81.16786,6.71693],[81.16827,6.71374],[81.16631,6.71058],[81.16782,6.7063],[81.16511,6.69925],[81.16826,6.69515],[81.16704,6.69014],[81.16406,6.68458],[81.16516,6.68312],[81.16953,6.68269],[81.17104,6.6799],[81.17419,6.67826],[81.1753,6.67589],[81.17641,6.67714],[81.17669,6.67968],[81.17547,6.68391],[81.17604,6.6856],[81.17788,6.68637],[81.17848,6.68816],[81.18086,6.68915],[81.18109,6.69076],[81.18386,6.69117],[81.18596,6.68942],[81.1857,6.68539],[81.1842,6.68239],[81.18763,6.67552],[81.18663,6.67371],[81.18788,6.66865],[81.18729,6.66638],[81.18395,6.66625],[81.18013,6.66766],[81.1777,6.66698],[81.17605,6.66432],[81.17324,6.66481],[81.16976,6.66244],[81.16703,6.66383],[81.16431,6.66397],[81.16118,6.6586],[81.15924,6.6574],[81.15912,6.65505],[81.15782,6.65437],[81.15613,6.65506],[81.15569,6.65666],[81.14793,6.65704],[81.14749,6.65619],[81.14632,6.66005],[81.14374,6.65991],[81.14134,6.65784],[81.1412,6.6603],[81.13968,6.66071],[81.13961,6.66159],[81.14262,6.66287],[81.14317,6.66402],[81.14209,6.6655],[81.14446,6.66702],[81.14288,6.66781],[81.14264,6.67046],[81.14376,6.67167],[81.14388,6.67573],[81.14624,6.67726],[81.14605,6.67942],[81.14413,6.68021],[81.14482,6.68507],[81.15203,6.68332],[81.15489,6.68627],[81.15479,6.68804],[81.1569,6.69198],[81.15479,6.69661],[81.15596,6.70266],[81.1535,6.70554],[81.15389,6.70909],[81.1518,6.71019],[81.15,6.71392],[81.14964,6.71715],[81.15072,6.71724],[81.14938,6.71924],[81.14951,6.72093],[81.14808,6.72145],[81.14927,6.72539],[81.14591,6.73554],[81.16123,6.73847]]]},"properties":{"name":"Thunkumahela Forest Reserve","ha":2484}},{"type":"Feature","geometry":{"type":"Polygon","coordinates":[[[80.35009,9.30697],[80.3878,9.30842],[80.39295,9.31675],[80.39683,9.32078],[80.39696,9.32403],[80.3994,9.32522],[80.39965,9.32733],[80.39838,9.3298],[80.39582,9.33042],[80.39293,9.32479],[80.38896,9.32459],[80.38608,9.32539],[80.3833,9.32984],[80.38144,9.33079],[80.38084,9.3339],[80.37768,9.33444],[80.37549,9.33269],[80.37255,9.33285],[80.37081,9.33501],[80.3723,9.3386],[80.3715,9.34158],[80.37333,9.34738],[80.36899,9.34973],[80.36736,9.35262],[80.36536,9.35294],[80.36341,9.35161],[80.36304,9.3484],[80.36467,9.34206],[80.36297,9.34054],[80.35865,9.33987],[80.35626,9.34267],[80.3539,9.34253],[80.35314,9.33966],[80.35096,9.33863],[80.34854,9.33954],[80.3474,9.34172],[80.34765,9.34507],[80.34511,9.34652],[80.34397,9.34981],[80.34035,9.3501],[80.34021,9.34454],[80.33619,9.34123],[80.33242,9.34159],[80.32979,9.33895],[80.32836,9.32922],[80.32597,9.32929],[80.3233,9.32257],[80.32999,9.32018],[80.33133,9.31871],[80.33125,9.31294],[80.33336,9.31155],[80.33443,9.30939],[80.33713,9.30791],[80.34614,9.30923],[80.35009,9.30697]]]},"properties":{"name":null,"ha":2467}},{"type":"Feature","geometry":{"type":"Polygon","coordinates":[[[80.8688,7.98601],[80.85879,7.97953],[80.85441,7.97341],[80.85109,7.96584],[80.83946,7.97277],[80.82867,7.97151],[80.82555,7.97237],[80.82158,7.97795],[80.82097,7.98154],[80.81448,7.98415],[80.79868,7.97794],[80.79383,7.99247],[80.79108,7.99583],[80.7893,7.99994],[80.78325,8.00261],[80.81035,8.01256],[80.80885,8.01482],[80.8688,7.98601]]]},"properties":{"name":null,"ha":2359}},{"type":"Feature","geometry":{"type":"Polygon","coordinates":[[[80.8688,7.98601],[80.85879,7.97953],[80.85441,7.97341],[80.85109,7.96584],[80.83946,7.97277],[80.82867,7.97151],[80.82555,7.97237],[80.82158,7.97795],[80.82097,7.98154],[80.81448,7.98415],[80.79868,7.97794],[80.79383,7.99247],[80.79108,7.99583],[80.7893,7.99994],[80.78325,8.00261],[80.81035,8.01256],[80.80885,8.01482],[80.8688,7.98601]]]},"properties":{"name":null,"ha":2359}},{"type":"Feature","geometry":{"type":"Polygon","coordinates":[[[80.89947,8.06331],[80.89404,8.05352],[80.89433,8.05234],[80.89627,8.05284],[80.89452,8.04884],[80.8958,8.04897],[80.89598,8.04818],[80.89468,8.04252],[80.8938,8.04397],[80.89449,8.04707],[80.89231,8.04865],[80.89237,8.05134],[80.89074,8.05413],[80.89189,8.05647],[80.89233,8.06417],[80.89,8.06427],[80.88871,8.06292],[80.88761,8.0646],[80.88471,8.06481],[80.87987,8.05739],[80.87883,8.06202],[80.87655,8.0615],[80.87604,8.06318],[80.87681,8.06426],[80.87543,8.06379],[80.87333,8.06094],[80.87304,8.05807],[80.87006,8.05471],[80.87245,8.05252],[80.874,8.04939],[80.87176,8.04847],[80.87155,8.04544],[80.86865,8.04278],[80.86852,8.04131],[80.86586,8.04004],[80.86552,8.03628],[80.86435,8.03507],[80.86522,8.03294],[80.86384,8.02734],[80.86173,8.02743],[80.86104,8.03419],[80.85875,8.03323],[80.85648,8.02906],[80.85741,8.02698],[80.85668,8.02575],[80.85806,8.02377],[80.85524,8.02352],[80.85355,8.02049],[80.85135,8.01996],[80.85374,8.01745],[80.85462,8.01337],[80.85665,8.01174],[80.85776,8.00636],[80.85913,8.00438],[80.86159,8.00509],[80.86357,8.00788],[80.86389,8.01313],[80.86522,8.01136],[80.8702,8.0096],[80.87062,8.00781],[80.86755,8.00671],[80.86735,8.002],[80.86904,7.99986],[80.86718,7.99744],[80.87097,7.99727],[80.87294,8.00121],[80.87558,8.00169],[80.87568,7.99964],[80.87287,7.99727],[80.87519,7.9945],[80.87402,7.99241],[80.86964,7.99217],[80.86712,7.98905],[80.87318,7.98604],[80.87499,7.98598],[80.87717,7.98238],[80.87852,7.98248],[80.87956,7.98541],[80.88118,7.98343],[80.88312,7.98398],[80.88206,7.99149],[80.88336,7.99551],[80.88535,7.99467],[80.88573,7.99562],[80.88501,7.99867],[80.88355,7.99967],[80.88437,8.00591],[80.88543,8.00657],[80.89006,8.00578],[80.88846,8.00841],[80.88975,8.01019],[80.88912,8.01122],[80.88703,8.00876],[80.887,8.01091],[80.88477,8.00923],[80.88421,8.01149],[80.88551,8.01858],[80.88721,8.02018],[80.8865,8.02155],[80.88841,8.02753],[80.88894,8.02642],[80.89008,8.02716],[80.88955,8.02073],[80.89032,8.0185],[80.89113,8.01772],[80.89142,8.01951],[80.89254,8.01982],[80.89182,8.02181],[80.89222,8.02407],[80.89288,8.0224],[80.89334,8.02281],[80.89463,8.02803],[80.89947,8.06331]]]},"properties":{"name":null,"ha":2297}},{"type":"Feature","geometry":{"type":"Polygon","coordinates":[[[80.38133,8.01262],[80.37778,8.01121],[80.37435,8.01506],[80.37431,8.01855],[80.37676,8.02206],[80.37659,8.02653],[80.38197,8.02588],[80.38188,8.02455],[80.38359,8.02628],[80.38542,8.02475],[80.38458,8.02556],[80.38511,8.02612],[80.38399,8.02563],[80.38377,8.02643],[80.3828,8.026],[80.38222,8.02692],[80.38175,8.02616],[80.38109,8.02699],[80.38149,8.02602],[80.37997,8.02643],[80.3792,8.02722],[80.37984,8.0282],[80.3788,8.02772],[80.37833,8.02885],[80.37586,8.02822],[80.37804,8.03413],[80.38194,8.03344],[80.38482,8.03165],[80.39117,8.03127],[80.39364,8.02972],[80.39346,8.02798],[80.39477,8.02708],[80.401,8.02516],[80.40189,8.0279],[80.40499,8.02639],[80.40714,8.02629],[80.40681,8.0268],[80.4089,8.02739],[80.41163,8.0236],[80.40926,8.02041],[80.41181,8.01865],[80.41351,8.01436],[80.41954,8.01521],[80.41902,8.01382],[80.42011,8.01101],[80.42134,8.01089],[80.42157,8.01238],[80.42745,8.01217],[80.42932,8.01066],[80.4285,8.00798],[80.43046,8.00794],[80.43192,8.01064],[80.4311,8.01151],[80.43205,8.01402],[80.43316,8.01421],[80.43239,8.01523],[80.43537,8.01425],[80.43597,8.01028],[80.43797,8.00707],[80.43533,8.00286],[80.43582,8.00214],[80.43844,8.00258],[80.439,7.99912],[80.44086,7.99704],[80.43846,7.99455],[80.43876,7.98882],[80.44318,7.99245],[80.44378,7.9852],[80.44818,7.97658],[80.44799,7.97464],[80.44664,7.97405],[80.44668,7.97237],[80.44803,7.97252],[80.4479,7.96837],[80.44715,7.97097],[80.44687,7.96419],[80.4429,7.96419],[80.43884,7.96673],[80.43919,7.9675],[80.4381,7.96854],[80.43971,7.96918],[80.43962,7.97133],[80.43565,7.97192],[80.43164,7.97114],[80.43177,7.97392],[80.42786,7.98091],[80.4267,7.97847],[80.42769,7.97409],[80.42649,7.97396],[80.42621,7.97628],[80.42369,7.97535],[80.42202,7.97785],[80.4199,7.97689],[80.41987,7.97492],[80.41726,7.97254],[80.41631,7.97325],[80.41767,7.97528],[80.41727,7.97766],[80.41529,7.9732],[80.41377,7.97315],[80.41324,7.97425],[80.41428,7.97715],[80.41621,7.97847],[80.41973,7.97828],[80.4182,7.98169],[80.41936,7.98412],[80.41893,7.98671],[80.4199,7.98669],[80.41954,7.99226],[80.42057,7.99345],[80.41991,7.99468],[80.41837,7.99457],[80.4188,7.99122],[80.41788,7.9897],[80.41553,7.98865],[80.41483,7.99059],[80.41204,7.99129],[80.41175,7.99217],[80.41205,7.99332],[80.4134,7.99194],[80.41418,7.99415],[80.41041,7.9949],[80.41045,7.99429],[80.4074,7.9943],[80.40568,7.99782],[80.40398,7.99857],[80.39906,7.99825],[80.39694,7.99549],[80.39416,7.99638],[80.39206,8.00082],[80.39078,8.00169],[80.39093,8.00265],[80.39569,8.00461],[80.39569,8.00741],[80.40226,8.00573],[80.40782,8.00178],[80.40773,8.00694],[80.40581,8.00862],[80.40545,8.01146],[80.40397,8.01153],[80.40398,8.01254],[80.3955,8.01382],[80.38133,8.01262]]]},"properties":{"name":null,"ha":2285}},{"type":"Feature","geometry":{"type":"Polygon","coordinates":[[[81.24857,6.36269],[81.25086,6.36237],[81.25206,6.36066],[81.25594,6.36085],[81.25833,6.36245],[81.25939,6.36505],[81.25857,6.36871],[81.27721,6.37158],[81.29967,6.38164],[81.30522,6.38751],[81.31029,6.39756],[81.3192,6.40884],[81.3191,6.41093],[81.32036,6.41126],[81.32342,6.41648],[81.31997,6.41835],[81.31232,6.4188],[81.3111,6.41814],[81.3114,6.41508],[81.30878,6.41175],[81.30232,6.41207],[81.29524,6.4104],[81.2874,6.4157],[81.28808,6.41863],[81.28621,6.42006],[81.28755,6.42239],[81.28342,6.42501],[81.28523,6.42598],[81.24857,6.36269]]]},"properties":{"name":null,"ha":2268}},{"type":"Feature","geometry":{"type":"Polygon","coordinates":[[[80.70446,7.57282],[80.70413,7.57933],[80.70094,7.58026],[80.69835,7.57949],[80.69502,7.58088],[80.69161,7.58691],[80.69381,7.59026],[80.6989,7.59124],[80.70479,7.59839],[80.70393,7.60179],[80.69348,7.59852],[80.69035,7.60051],[80.68927,7.60351],[80.68674,7.60457],[80.68562,7.60913],[80.6786,7.61409],[80.6738,7.62072],[80.67635,7.63374],[80.67768,7.63561],[80.68042,7.6359],[80.68133,7.63966],[80.6829,7.64057],[80.68708,7.64753],[80.68893,7.64785],[80.6881,7.64654],[80.68922,7.64138],[80.69023,7.64073],[80.69214,7.64121],[80.69371,7.64524],[80.6955,7.64597],[80.69581,7.64784],[80.69327,7.65187],[80.69599,7.65528],[80.69613,7.65881],[80.69706,7.66006],[80.70295,7.66276],[80.70363,7.66141],[80.70299,7.65938],[80.70435,7.65819],[80.70881,7.65794],[80.70818,7.65372],[80.70947,7.65208],[80.71217,7.65173],[80.71338,7.64472],[80.71629,7.64641],[80.71682,7.64838],[80.71227,7.65393],[80.7133,7.65815],[80.7117,7.664],[80.71395,7.67623],[80.71373,7.68159],[80.715,7.68415],[80.7181,7.68607],[80.70446,7.57282]]]},"properties":{"name":null,"ha":2263}},{"type":"Feature","geometry":{"type":"Polygon","coordinates":[[[81.32302,7.0363],[81.31744,7.03526],[81.31608,7.03724],[81.30832,7.03981],[81.30894,7.04733],[81.30599,7.05166],[81.30585,7.05341],[81.30937,7.05484],[81.30995,7.05716],[81.31513,7.06369],[81.31524,7.06546],[81.31155,7.06961],[81.31001,7.06989],[81.30866,7.06918],[81.30649,7.06467],[81.30229,7.06279],[81.29949,7.06316],[81.29914,7.06544],[81.30207,7.07081],[81.29751,7.07527],[81.29855,7.07947],[81.29757,7.08155],[81.30046,7.08434],[81.3006,7.08572],[81.29541,7.08924],[81.2949,7.09131],[81.29719,7.09248],[81.30808,7.09211],[81.3145,7.09892],[81.3282,7.10817],[81.32955,7.11113],[81.32616,7.11922],[81.33179,7.12297],[81.33453,7.12317],[81.33798,7.11945],[81.34116,7.11815],[81.3459,7.11951],[81.34732,7.12282],[81.34657,7.12646],[81.34297,7.13243],[81.34337,7.13507],[81.34568,7.13759],[81.32302,7.0363]]]},"properties":{"name":"Forests to the south-west of Galoya National Park","ha":2230}},{"type":"Feature","geometry":{"type":"Polygon","coordinates":[[[80.98114,7.2046],[80.98333,7.20566],[80.98673,7.20465],[80.98654,7.20216],[80.98915,7.20057],[80.98827,7.19718],[80.99236,7.19536],[80.99321,7.1964],[80.99382,7.19065],[80.99524,7.1883],[80.99492,7.18456],[80.9896,7.18179],[80.99033,7.17419],[80.99292,7.17285],[80.99481,7.16949],[80.9934,7.16507],[80.99157,7.16264],[80.98881,7.16329],[80.9844,7.16139],[80.98469,7.16008],[80.98757,7.1598],[80.98816,7.15868],[80.98654,7.15679],[80.98784,7.15571],[80.98625,7.15443],[80.98689,7.15254],[80.98927,7.15085],[80.99205,7.15183],[80.99324,7.14968],[80.99294,7.14852],[80.99168,7.14958],[80.99011,7.14896],[80.98892,7.14971],[80.98767,7.14867],[80.98908,7.14496],[80.98536,7.14142],[80.9861,7.14036],[80.98565,7.13548],[80.98708,7.13462],[80.99091,7.13525],[80.99214,7.13437],[80.99151,7.13309],[80.99335,7.13241],[80.99258,7.13072],[80.99035,7.13089],[80.98954,7.12914],[80.98786,7.12971],[80.98583,7.12904],[80.98692,7.12706],[80.99033,7.12654],[80.99056,7.12423],[80.98912,7.12219],[80.988,7.12233],[80.98788,7.12335],[80.98664,7.12263],[80.98876,7.12151],[80.98624,7.11671],[80.98706,7.11524],[80.98605,7.11477],[80.98491,7.11571],[80.9832,7.1095],[80.97961,7.10475],[80.97639,7.10593],[80.97598,7.10943],[80.97383,7.10896],[80.97197,7.1115],[80.97048,7.11101],[80.97531,7.1011],[80.97495,7.09925],[80.97215,7.09834],[80.97321,7.10065],[80.97267,7.10256],[80.97142,7.10384],[80.96843,7.10404],[80.96717,7.10337],[80.9677,7.09974],[80.96311,7.1007],[80.9606,7.09754],[80.95985,7.09963],[80.9607,7.10198],[80.95749,7.10412],[80.9557,7.10396],[80.95775,7.10708],[80.95699,7.11137],[80.95802,7.11226],[80.95825,7.11463],[80.96145,7.11597],[80.9634,7.11334],[80.96521,7.11235],[80.96656,7.11281],[80.9662,7.11569],[80.96481,7.11712],[80.96658,7.11822],[80.96562,7.11924],[80.96633,7.12168],[80.9656,7.12208],[80.98114,7.2046]]]},"properties":{"name":null,"ha":2228}},{"type":"Feature","geometry":{"type":"Polygon","coordinates":[[[81.49823,7.6545],[81.49705,7.65548],[81.49938,7.65847],[81.50045,7.65823],[81.50024,7.65949],[81.50207,7.66153],[81.50548,7.65996],[81.50521,7.65919],[81.50808,7.65596],[81.50766,7.65246],[81.5099,7.65195],[81.51206,7.64836],[81.51483,7.64627],[81.51514,7.64535],[81.51297,7.64428],[81.51374,7.64377],[81.51324,7.64191],[81.51443,7.64079],[81.51394,7.63999],[81.51856,7.6392],[81.5185,7.64498],[81.51986,7.6438],[81.52189,7.64461],[81.52311,7.64076],[81.5249,7.63974],[81.52387,7.63789],[81.52564,7.63656],[81.52913,7.63034],[81.52637,7.6277],[81.5217,7.63027],[81.51853,7.63015],[81.52177,7.62998],[81.52667,7.62744],[81.53234,7.6318],[81.53665,7.63188],[81.54273,7.63022],[81.54265,7.62721],[81.54049,7.62552],[81.54035,7.62387],[81.53713,7.62389],[81.5329,7.62791],[81.53204,7.62531],[81.53325,7.62296],[81.53185,7.6218],[81.5293,7.62332],[81.52874,7.6261],[81.52673,7.62492],[81.52531,7.62056],[81.52759,7.62039],[81.52825,7.61812],[81.52382,7.61547],[81.52823,7.61485],[81.52894,7.61322],[81.5301,7.61444],[81.5322,7.61391],[81.5336,7.61203],[81.5333,7.60965],[81.53025,7.61067],[81.53079,7.6078],[81.52941,7.60861],[81.52605,7.60357],[81.52788,7.60273],[81.52765,7.60084],[81.53214,7.60228],[81.53157,7.60069],[81.52992,7.59975],[81.53088,7.59882],[81.52999,7.59784],[81.53251,7.59619],[81.53169,7.59547],[81.52954,7.59618],[81.52954,7.59725],[81.52789,7.59664],[81.52653,7.59788],[81.524,7.59746],[81.52605,7.59396],[81.52776,7.59452],[81.52691,7.58956],[81.52336,7.58826],[81.52199,7.58575],[81.52068,7.58762],[81.52141,7.59055],[81.51859,7.58923],[81.51777,7.59057],[81.5182,7.59186],[81.51712,7.59146],[81.51577,7.59266],[81.51505,7.5914],[81.51695,7.58716],[81.51526,7.5871],[81.51517,7.58625],[81.51805,7.58444],[81.51807,7.58348],[81.51535,7.58446],[81.51619,7.58144],[81.51348,7.58176],[81.51466,7.58034],[81.51047,7.57804],[81.50757,7.57834],[81.50756,7.58027],[81.5049,7.58077],[81.50353,7.58523],[81.50042,7.5879],[81.50024,7.58913],[81.50015,7.59423],[81.50317,7.5947],[81.50807,7.59204],[81.51004,7.5945],[81.50414,7.60033],[81.50646,7.60232],[81.51121,7.59844],[81.51249,7.60029],[81.50988,7.60198],[81.51023,7.60305],[81.5084,7.60733],[81.50514,7.60737],[81.50135,7.60503],[81.50084,7.6062],[81.50239,7.60783],[81.5029,7.61091],[81.50517,7.61205],[81.51001,7.61184],[81.50995,7.61324],[81.50577,7.61331],[81.50531,7.61543],[81.50872,7.62248],[81.50659,7.626],[81.49968,7.62736],[81.49826,7.63034],[81.49848,7.63242],[81.49526,7.63187],[81.4935,7.63285],[81.49346,7.63659],[81.49063,7.6377],[81.48738,7.63601],[81.48816,7.64535],[81.48562,7.64641],[81.48797,7.64683],[81.48932,7.64515],[81.49262,7.64688],[81.49823,7.6545]]]},"properties":{"name":null,"ha":2225}},{"type":"Feature","geometry":{"type":"Polygon","coordinates":[[[80.93392,8.87457],[80.93413,8.87558],[80.92943,8.87593],[80.92792,8.87431],[80.92745,8.87326],[80.92923,8.86901],[80.92901,8.86691],[80.93043,8.86527],[80.92892,8.86483],[80.92903,8.86375],[80.92664,8.86412],[80.91949,8.86159],[80.91733,8.86165],[80.91483,8.86352],[80.91262,8.86231],[80.91321,8.85903],[80.91044,8.85526],[80.91309,8.85662],[80.91375,8.85868],[80.91519,8.85671],[80.91124,8.8449],[80.9075,8.84556],[80.90941,8.84594],[80.90691,8.84653],[80.90721,8.84993],[80.90324,8.85077],[80.90274,8.85372],[80.90243,8.85282],[80.90012,8.85441],[80.89872,8.85418],[80.89939,8.85645],[80.89631,8.85486],[80.89627,8.85665],[80.89461,8.85678],[80.89569,8.86078],[80.89423,8.86008],[80.89347,8.86267],[80.89173,8.86209],[80.89194,8.86476],[80.88586,8.86982],[80.88179,8.87002],[80.88119,8.87174],[80.87957,8.87216],[80.87746,8.87444],[80.87663,8.87385],[80.87451,8.87768],[80.87707,8.88104],[80.87939,8.88055],[80.8784,8.87709],[80.88119,8.87396],[80.88194,8.87565],[80.88134,8.87754],[80.88204,8.87847],[80.88263,8.87803],[80.88145,8.87981],[80.8823,8.88],[80.87764,8.88165],[80.87905,8.88336],[80.88124,8.88372],[80.88478,8.88057],[80.88549,8.88182],[80.88438,8.88267],[80.88476,8.88338],[80.88298,8.88388],[80.88239,8.88521],[80.88258,8.88718],[80.88319,8.88651],[80.8847,8.88699],[80.88417,8.88878],[80.88555,8.89066],[80.88713,8.88974],[80.88818,8.88666],[80.88995,8.88638],[80.89041,8.88965],[80.89228,8.89013],[80.89528,8.88763],[80.89623,8.88792],[80.89603,8.88948],[80.89718,8.89027],[80.89394,8.89298],[80.89219,8.89209],[80.88891,8.89338],[80.89027,8.89393],[80.88791,8.89468],[80.88749,8.89574],[80.88954,8.89585],[80.89063,8.89688],[80.89003,8.89783],[80.89231,8.89848],[80.89432,8.89651],[80.89624,8.89886],[80.8958,8.90051],[80.89671,8.90093],[80.8989,8.89553],[80.90088,8.89521],[80.90188,8.8979],[80.90097,8.89859],[80.90252,8.90148],[80.9036,8.90179],[80.90332,8.90362],[80.90496,8.90435],[80.90568,8.90435],[80.90524,8.901],[80.90652,8.89906],[80.90502,8.89883],[80.90517,8.89716],[80.90647,8.89698],[80.9073,8.89904],[80.90846,8.89806],[80.90868,8.89453],[80.90744,8.89308],[80.90787,8.89079],[80.90888,8.89007],[80.90751,8.88944],[80.91047,8.88559],[80.91178,8.889],[80.91344,8.88947],[80.91422,8.89125],[80.90998,8.90841],[80.91084,8.90912],[80.9146,8.90893],[80.91527,8.90505],[80.91643,8.9056],[80.91711,8.90845],[80.92082,8.90925],[80.92302,8.90785],[80.92667,8.90817],[80.92667,8.91046],[80.92863,8.9088],[80.92956,8.90964],[80.929,8.91153],[80.93076,8.9094],[80.9303,8.90796],[80.92845,8.90857],[80.92778,8.90768],[80.92832,8.90426],[80.92725,8.9029],[80.92621,8.90348],[80.92238,8.9002],[80.92107,8.90153],[80.92,8.90027],[80.91821,8.90052],[80.918,8.89939],[80.92219,8.8993],[80.92463,8.8971],[80.9221,8.89561],[80.92165,8.89315],[80.9184,8.89221],[80.91962,8.89095],[80.91787,8.88934],[80.91886,8.88884],[80.91887,8.88726],[80.921,8.8873],[80.92229,8.89184],[80.92314,8.89102],[80.924,8.89202],[80.92317,8.89358],[80.92593,8.89417],[80.92554,8.89208],[80.93392,8.87457]]]},"properties":{"name":null,"ha":2222}},{"type":"Feature","geometry":{"type":"Polygon","coordinates":[[[80.55242,8.99377],[80.53909,8.97984],[80.53137,8.97035],[80.53094,8.96866],[80.53212,8.96687],[80.53135,8.96455],[80.53305,8.96408],[80.53558,8.95974],[80.53924,8.95887],[80.54123,8.95954],[80.54303,8.95746],[80.54747,8.9566],[80.54794,8.95442],[80.55017,8.95203],[80.55132,8.95418],[80.55134,8.95783],[80.5529,8.95861],[80.55362,8.96114],[80.55566,8.96156],[80.55753,8.95828],[80.55938,8.95863],[80.56539,8.95155],[80.56524,8.95002],[80.56329,8.9481],[80.55878,8.9494],[80.55783,8.94792],[80.55967,8.94691],[80.56938,8.94572],[80.57336,8.94759],[80.57867,8.94786],[80.58105,8.94685],[80.58347,8.94311],[80.58826,8.9522],[80.58671,8.95188],[80.58517,8.95288],[80.58206,8.95224],[80.58235,8.95344],[80.581,8.95342],[80.58008,8.9557],[80.57784,8.95756],[80.57982,8.95938],[80.58004,8.96948],[80.58321,8.9715],[80.58349,8.97394],[80.5813,8.97848],[80.5751,8.9792],[80.57619,8.98185],[80.57851,8.9835],[80.58558,8.98425],[80.58408,8.98613],[80.58064,8.98642],[80.58028,8.98801],[80.58822,8.99193],[80.5896,8.99419],[80.58526,8.99465],[80.58469,8.99621],[80.58292,8.99568],[80.57907,8.99661],[80.57458,8.99532],[80.57254,8.99627],[80.5679,8.99511],[80.56478,8.99565],[80.55924,8.99412],[80.55835,8.99289],[80.5589,8.98952],[80.55797,8.98889],[80.55711,8.98921],[80.55685,8.99157],[80.55484,8.99281],[80.55449,8.99502],[80.55242,8.99377]]]},"properties":{"name":null,"ha":2196}},{"type":"Feature","geometry":{"type":"Polygon","coordinates":[[[80.64811,8.67153],[80.64133,8.67466],[80.64333,8.6759],[80.64394,8.67768],[80.64321,8.68286],[80.64416,8.68484],[80.64289,8.68521],[80.64148,8.68918],[80.63966,8.68984],[80.6366,8.68872],[80.63388,8.68231],[80.63166,8.6821],[80.63067,8.68006],[80.62747,8.67923],[80.62239,8.68135],[80.62356,8.68369],[80.62241,8.68419],[80.62298,8.6867],[80.62403,8.6861],[80.62619,8.69364],[80.62817,8.69454],[80.62607,8.69631],[80.62697,8.69853],[80.6293,8.6983],[80.62989,8.6996],[80.62817,8.70137],[80.62959,8.70373],[80.63615,8.71071],[80.6406,8.71175],[80.64908,8.71734],[80.65235,8.71416],[80.66282,8.72234],[80.66704,8.71966],[80.66958,8.71117],[80.67418,8.70905],[80.68385,8.72221],[80.68799,8.71947],[80.68883,8.71791],[80.68691,8.7122],[80.67959,8.70108],[80.67857,8.69584],[80.67608,8.6964],[80.67479,8.69413],[80.67795,8.69347],[80.67279,8.68504],[80.66964,8.68363],[80.66918,8.68209],[80.66771,8.68133],[80.66712,8.67999],[80.66816,8.67899],[80.66625,8.67754],[80.65995,8.68083],[80.65731,8.68087],[80.65551,8.67948],[80.65222,8.67972],[80.65154,8.67888],[80.65193,8.67554],[80.6496,8.67171],[80.64811,8.67153]]]},"properties":{"name":null,"ha":2180}},{"type":"Feature","geometry":{"type":"Polygon","coordinates":[[[80.77529,7.69706],[80.77407,7.69889],[80.77394,7.70471],[80.77473,7.70636],[80.78048,7.70976],[80.78339,7.71363],[80.7871,7.71426],[80.7887,7.71554],[80.7887,7.71851],[80.7953,7.71873],[80.79602,7.72334],[80.79541,7.73336],[80.79593,7.73554],[80.79729,7.73597],[80.80232,7.73395],[80.80315,7.73163],[80.81209,7.73152],[80.81297,7.72588],[80.8128,7.71591],[80.81763,7.70482],[80.81926,7.70558],[80.82253,7.70499],[80.83042,7.70057],[80.83031,7.6979],[80.828,7.69689],[80.82082,7.69746],[80.81832,7.69359],[80.81736,7.68779],[80.81579,7.68825],[80.81392,7.68403],[80.81818,7.67874],[80.8164,7.67571],[80.80893,7.67152],[80.81026,7.66854],[80.77529,7.69706]]]},"properties":{"name":null,"ha":2154}},{"type":"Feature","geometry":{"type":"Polygon","coordinates":[[[81.1349,6.51228],[81.13463,6.50515],[81.13651,6.49671],[81.13562,6.4944],[81.1393,6.48857],[81.13663,6.4834],[81.13764,6.47692],[81.13595,6.47489],[81.13423,6.46864],[81.13477,6.46727],[81.13667,6.46626],[81.13838,6.46161],[81.1375,6.4592],[81.13464,6.45744],[81.13419,6.45622],[81.13463,6.453],[81.13736,6.4523],[81.13603,6.44696],[81.13904,6.44265],[81.14005,6.43789],[81.13726,6.43471],[81.13785,6.43044],[81.13645,6.42713],[81.13964,6.41829],[81.13877,6.41525],[81.14229,6.41226],[81.1437,6.40948],[81.14357,6.40425],[81.14554,6.39721],[81.14738,6.397],[81.14838,6.39928],[81.1513,6.3997],[81.15345,6.39776],[81.15442,6.39387],[81.15875,6.39271],[81.16207,6.39403],[81.16509,6.39256],[81.17001,6.39966],[81.1349,6.51228]]]},"properties":{"name":"Lunugamwehera National Park","ha":2151}},{"type":"Feature","geometry":{"type":"Polygon","coordinates":[[[80.71169,9.04979],[80.71552,9.05147],[80.71546,9.05298],[80.71448,9.05363],[80.71473,9.05634],[80.717,9.06122],[80.71726,9.06952],[80.72265,9.0769],[80.72451,9.0773],[80.72636,9.07963],[80.72695,9.08918],[80.72754,9.09054],[80.72959,9.0916],[80.72987,9.09472],[80.7355,9.09743],[80.7364,9.10215],[80.73838,9.10418],[80.74428,9.10405],[80.7454,9.10596],[80.74863,9.10719],[80.74615,9.10724],[80.74483,9.10902],[80.74293,9.10809],[80.73453,9.10738],[80.73167,9.10564],[80.72937,9.10546],[80.72457,9.10213],[80.7131,9.10143],[80.68518,9.10821],[80.68103,9.10608],[80.67996,9.10453],[80.67971,9.10284],[80.68189,9.09963],[80.68013,9.09676],[80.6813,9.0927],[80.68074,9.09019],[80.6825,9.08886],[80.68398,9.08989],[80.68503,9.08948],[80.68576,9.08748],[80.68693,9.0873],[80.68779,9.0834],[80.68972,9.08161],[80.69066,9.08346],[80.69155,9.08259],[80.69092,9.08108],[80.69281,9.08062],[80.69286,9.07819],[80.70209,9.0755],[80.70549,9.07194],[80.70461,9.06984],[80.70187,9.06875],[80.69928,9.06917],[80.69856,9.06788],[80.70314,9.0649],[80.70401,9.06139],[80.70248,9.05856],[80.6984,9.05564],[80.69619,9.04988],[80.69905,9.04912],[80.70325,9.05012],[80.70367,9.05234],[80.70598,9.05269],[80.70807,9.05519],[80.70841,9.05317],[80.70989,9.05291],[80.70995,9.04976],[80.71169,9.04979]]]},"properties":{"name":null,"ha":2063}},{"type":"Feature","geometry":{"type":"Polygon","coordinates":[[[80.70925,7.43112],[80.70982,7.43059],[80.70742,7.42651],[80.70661,7.42214],[80.71005,7.42308],[80.71163,7.42545],[80.71407,7.42463],[80.71448,7.42659],[80.71285,7.43213],[80.71054,7.43705],[80.70853,7.4385],[80.71073,7.43919],[80.71603,7.4361],[80.71716,7.43389],[80.71858,7.42448],[80.7165,7.41844],[80.71824,7.41727],[80.72249,7.41759],[80.72456,7.40904],[80.72276,7.40893],[80.72184,7.41031],[80.72075,7.41015],[80.72253,7.40501],[80.72034,7.40507],[80.71863,7.40754],[80.71748,7.40736],[80.7148,7.41005],[80.71602,7.4115],[80.71575,7.4142],[80.71849,7.41364],[80.71625,7.41608],[80.71411,7.42128],[80.71,7.41798],[80.71181,7.40689],[80.71239,7.40656],[80.71388,7.40871],[80.71309,7.40519],[80.71434,7.4036],[80.71235,7.39375],[80.70921,7.39422],[80.70863,7.3926],[80.71339,7.39065],[80.7138,7.39696],[80.71481,7.4012],[80.71682,7.40287],[80.71641,7.40443],[80.71735,7.4048],[80.71862,7.4026],[80.72083,7.40293],[80.72217,7.40082],[80.71988,7.39938],[80.71761,7.4008],[80.71604,7.3964],[80.71663,7.39471],[80.71498,7.39434],[80.71646,7.39332],[80.71506,7.39166],[80.71504,7.39],[80.71374,7.38838],[80.71224,7.38858],[80.70986,7.38674],[80.71005,7.38066],[80.71548,7.3822],[80.71689,7.38053],[80.72183,7.38065],[80.71935,7.37704],[80.71546,7.37494],[80.71851,7.37062],[80.71873,7.36695],[80.71779,7.36706],[80.71764,7.36945],[80.71518,7.37103],[80.71384,7.3709],[80.71329,7.36854],[80.70968,7.36791],[80.70973,7.36974],[80.70814,7.37162],[80.70558,7.37193],[80.70496,7.37092],[80.70452,7.37594],[80.70232,7.37543],[80.70114,7.37704],[80.70269,7.37858],[80.7007,7.37714],[80.69879,7.37826],[80.6997,7.37496],[80.69728,7.37859],[80.69687,7.37534],[80.69935,7.37419],[80.69827,7.3728],[80.696,7.37222],[80.69486,7.36924],[80.69637,7.36826],[80.69827,7.36962],[80.69884,7.36848],[80.69493,7.36589],[80.69179,7.36769],[80.68941,7.36388],[80.68413,7.36351],[80.68018,7.37458],[80.68189,7.37825],[80.67986,7.37752],[80.67828,7.37815],[80.67775,7.38014],[80.6796,7.38096],[80.68066,7.38006],[80.68261,7.38127],[80.68104,7.383],[80.6827,7.38596],[80.68385,7.38611],[80.68866,7.38237],[80.68575,7.37822],[80.68628,7.37735],[80.6874,7.37762],[80.68811,7.38009],[80.6919,7.38431],[80.6907,7.38705],[80.69187,7.38855],[80.68918,7.38963],[80.68881,7.38732],[80.68774,7.3874],[80.68681,7.38845],[80.68722,7.39006],[80.68617,7.39281],[80.6892,7.39236],[80.69345,7.39622],[80.69924,7.39757],[80.70299,7.40593],[80.70678,7.40476],[80.70664,7.40726],[80.70366,7.40753],[80.70241,7.40987],[80.69846,7.40758],[80.69565,7.40861],[80.69089,7.41459],[80.69161,7.41586],[80.69507,7.41656],[80.69542,7.41853],[80.69412,7.41961],[80.68959,7.41903],[80.68947,7.41998],[80.69139,7.42141],[80.69022,7.42336],[80.69581,7.42801],[80.69765,7.42778],[80.69869,7.42484],[80.69983,7.42541],[80.70114,7.43171],[80.70359,7.43416],[80.70073,7.43452],[80.70399,7.43671],[80.70168,7.43729],[80.70095,7.43863],[80.69882,7.43817],[80.69838,7.43588],[80.69697,7.43788],[80.70161,7.44304],[80.70338,7.44738],[80.70209,7.45031],[80.70436,7.45517],[80.70678,7.4516],[80.7087,7.45041],[80.70815,7.4484],[80.70549,7.44665],[80.70717,7.44588],[80.70837,7.44287],[80.70766,7.4401],[80.70896,7.4359],[80.70837,7.432],[80.70925,7.43112]]]},"properties":{"name":"Knuckles Conservation Forest (Part)","ha":2004}},{"type":"Feature","geometry":{"type":"Polygon","coordinates":[[[81.37589,7.87733],[81.3713,7.8812],[81.37099,7.88397],[81.36845,7.88357],[81.3673,7.88218],[81.36476,7.88816],[81.36714,7.89091],[81.37162,7.89234],[81.37716,7.89639],[81.37621,7.89758],[81.37896,7.90031],[81.37622,7.90222],[81.37709,7.90315],[81.37876,7.90304],[81.37815,7.90384],[81.37911,7.90525],[81.37833,7.9066],[81.37957,7.9096],[81.37919,7.91194],[81.3816,7.91255],[81.38444,7.91188],[81.38393,7.90879],[81.38109,7.9067],[81.38134,7.90573],[81.38612,7.90723],[81.38721,7.9124],[81.3885,7.91236],[81.38936,7.91008],[81.39105,7.91061],[81.39047,7.91161],[81.39199,7.91289],[81.39175,7.91476],[81.3954,7.91269],[81.39562,7.9165],[81.39924,7.91746],[81.39949,7.91909],[81.40138,7.92051],[81.40259,7.92009],[81.40203,7.91682],[81.40499,7.91408],[81.40663,7.9139],[81.40734,7.91252],[81.41351,7.91279],[81.40728,7.91224],[81.40705,7.91142],[81.40913,7.91122],[81.40993,7.91008],[81.40837,7.90974],[81.40806,7.90754],[81.41112,7.90648],[81.40794,7.89907],[81.41104,7.89893],[81.41285,7.90064],[81.41376,7.90328],[81.41328,7.90629],[81.41672,7.9053],[81.41524,7.9032],[81.41503,7.8996],[81.41224,7.89982],[81.41371,7.8967],[81.41105,7.89842],[81.40863,7.89546],[81.40327,7.89604],[81.40315,7.89245],[81.40752,7.89039],[81.41023,7.89294],[81.41165,7.89273],[81.41128,7.89122],[81.415,7.88932],[81.41607,7.88993],[81.4153,7.89255],[81.41588,7.89319],[81.42193,7.89428],[81.42368,7.89275],[81.42408,7.89138],[81.42323,7.89042],[81.42548,7.88918],[81.42418,7.88875],[81.42306,7.89027],[81.42214,7.88971],[81.4225,7.88715],[81.42407,7.8867],[81.42389,7.88749],[81.42484,7.88743],[81.4252,7.88408],[81.42864,7.88288],[81.42957,7.8816],[81.42793,7.87967],[81.4238,7.88108],[81.42306,7.87762],[81.42129,7.87818],[81.41896,7.88141],[81.41794,7.88109],[81.41708,7.87878],[81.42098,7.87584],[81.41923,7.8747],[81.42313,7.87251],[81.4209,7.8713],[81.41715,7.87196],[81.41515,7.87107],[81.41356,7.87315],[81.41378,7.87491],[81.41099,7.87513],[81.41226,7.87179],[81.40929,7.86966],[81.40177,7.87155],[81.40039,7.87294],[81.39778,7.87261],[81.3959,7.87363],[81.39451,7.87586],[81.39536,7.87733],[81.3906,7.882],[81.39214,7.88515],[81.3868,7.88507],[81.38701,7.8806],[81.38943,7.87663],[81.38585,7.87672],[81.38371,7.87424],[81.38156,7.87379],[81.38037,7.87444],[81.37966,7.8771],[81.37589,7.87733]]]},"properties":{"name":null,"ha":1972}},{"type":"Feature","geometry":{"type":"Polygon","coordinates":[[[81.15672,6.80767],[81.15818,6.80821],[81.16417,6.80701],[81.16495,6.80872],[81.16889,6.80824],[81.16995,6.80542],[81.16919,6.80054],[81.1633,6.80366],[81.16183,6.80258],[81.1618,6.80058],[81.16063,6.79913],[81.15756,6.79801],[81.16,6.79673],[81.15911,6.7959],[81.16082,6.79505],[81.15964,6.79147],[81.14861,6.79269],[81.14723,6.79453],[81.14508,6.79272],[81.14506,6.79125],[81.15076,6.78881],[81.15486,6.78926],[81.15389,6.78815],[81.15748,6.78798],[81.15896,6.78614],[81.16087,6.78819],[81.16214,6.78731],[81.16362,6.79002],[81.1624,6.79071],[81.16383,6.79133],[81.16551,6.7906],[81.16668,6.7812],[81.16466,6.78084],[81.16112,6.7845],[81.16014,6.78313],[81.16258,6.78136],[81.15918,6.78087],[81.15995,6.77932],[81.15814,6.77815],[81.15812,6.77644],[81.16016,6.776],[81.15914,6.77446],[81.15947,6.77292],[81.15802,6.77192],[81.15699,6.77567],[81.1551,6.77548],[81.15293,6.77685],[81.152,6.77545],[81.15045,6.77589],[81.14971,6.77422],[81.14419,6.77276],[81.14652,6.77036],[81.14888,6.76958],[81.14999,6.76802],[81.14962,6.7647],[81.15215,6.76387],[81.15457,6.75938],[81.15778,6.75816],[81.15899,6.75622],[81.15844,6.75214],[81.14867,6.75097],[81.14599,6.75238],[81.14362,6.75782],[81.1439,6.75924],[81.14865,6.75815],[81.14858,6.76233],[81.14811,6.7634],[81.14314,6.76479],[81.14257,6.76611],[81.14051,6.76618],[81.1397,6.76717],[81.13854,6.76733],[81.13793,6.7651],[81.13577,6.76393],[81.13673,6.76248],[81.13508,6.76208],[81.13399,6.7573],[81.12991,6.75992],[81.12711,6.75975],[81.12211,6.75752],[81.11981,6.76211],[81.11671,6.76029],[81.11379,6.76929],[81.11284,6.76999],[81.11599,6.77252],[81.11594,6.77385],[81.11753,6.7741],[81.11604,6.7744],[81.1173,6.77534],[81.11647,6.77704],[81.11908,6.779],[81.11874,6.78071],[81.1166,6.78025],[81.11501,6.77831],[81.11356,6.77856],[81.10916,6.78595],[81.10851,6.78757],[81.10926,6.79044],[81.11032,6.78895],[81.11226,6.79033],[81.11219,6.79108],[81.11035,6.79151],[81.11118,6.79357],[81.11476,6.79197],[81.11901,6.79673],[81.12033,6.79732],[81.12246,6.79624],[81.12367,6.79535],[81.12231,6.79384],[81.12446,6.79189],[81.12403,6.78613],[81.13107,6.78865],[81.13058,6.79381],[81.12824,6.79449],[81.13098,6.79525],[81.13987,6.7874],[81.13919,6.79168],[81.14129,6.79201],[81.14334,6.79086],[81.14498,6.7972],[81.14764,6.79547],[81.14748,6.7988],[81.14652,6.79952],[81.14731,6.8013],[81.15147,6.80296],[81.15279,6.80218],[81.15387,6.80273],[81.15444,6.80497],[81.15331,6.80627],[81.15672,6.80767]]]},"properties":{"name":"Bogahapathana Forest Reserve","ha":1949}},{"type":"Feature","geometry":{"type":"Polygon","coordinates":[[[81.06164,6.76926],[81.07443,6.76389],[81.07658,6.7612],[81.07859,6.76162],[81.08278,6.75971],[81.08435,6.76073],[81.0862,6.75728],[81.08925,6.75717],[81.08884,6.75585],[81.09104,6.75511],[81.09043,6.75361],[81.0942,6.74945],[81.09385,6.7464],[81.09645,6.74524],[81.09545,6.74275],[81.09185,6.74403],[81.08993,6.74166],[81.09279,6.73852],[81.0922,6.73628],[81.0943,6.73563],[81.09298,6.73216],[81.09173,6.73317],[81.08735,6.73285],[81.08471,6.72949],[81.07908,6.72938],[81.07509,6.72566],[81.07735,6.72387],[81.07548,6.7213],[81.0762,6.72033],[81.07475,6.71726],[81.07265,6.72048],[81.07272,6.72284],[81.07159,6.7234],[81.06744,6.72251],[81.06218,6.72319],[81.06201,6.7218],[81.06116,6.72244],[81.05922,6.72103],[81.05365,6.72262],[81.05291,6.72526],[81.05196,6.72573],[81.03601,6.72097],[81.03549,6.72238],[81.03669,6.72627],[81.04135,6.72609],[81.04314,6.72831],[81.04902,6.73975],[81.04859,6.74173],[81.05215,6.75177],[81.0549,6.75128],[81.06309,6.76108],[81.06387,6.76396],[81.06213,6.76372],[81.06056,6.76641],[81.06164,6.76926]]]},"properties":{"name":"Bibilihela Forest Reserve","ha":1928}},{"type":"Feature","geometry":{"type":"Polygon","coordinates":[[[80.93831,8.82294],[80.9393,8.82447],[80.94174,8.82462],[80.94504,8.82718],[80.94622,8.82685],[80.94644,8.82511],[80.94485,8.82486],[80.94294,8.82195],[80.93898,8.81908],[80.9373,8.81481],[80.93994,8.81357],[80.93966,8.81563],[80.94277,8.81345],[80.94294,8.81217],[80.94459,8.81111],[80.94232,8.81044],[80.94055,8.81149],[80.9409,8.81025],[80.94614,8.80629],[80.94893,8.80608],[80.94956,8.80924],[80.94804,8.81042],[80.94945,8.81316],[80.95203,8.81382],[80.95425,8.81634],[80.95445,8.81357],[80.95767,8.81241],[80.95875,8.81343],[80.95651,8.81497],[80.95662,8.81596],[80.95817,8.81617],[80.95945,8.81853],[80.96259,8.81932],[80.96228,8.82044],[80.9609,8.82028],[80.96011,8.82129],[80.96063,8.82502],[80.96321,8.82411],[80.96635,8.82514],[80.96871,8.82837],[80.96983,8.82864],[80.96894,8.82969],[80.97038,8.83127],[80.96979,8.83234],[80.97644,8.83454],[80.97644,8.83666],[80.97301,8.83465],[80.97158,8.83521],[80.97384,8.83777],[80.97262,8.83928],[80.96856,8.83637],[80.9696,8.83516],[80.96713,8.83372],[80.96573,8.83468],[80.96685,8.83735],[80.96652,8.84035],[80.96334,8.83613],[80.9619,8.83765],[80.9628,8.84103],[80.96168,8.84284],[80.96071,8.84295],[80.96008,8.84177],[80.95896,8.84304],[80.95725,8.84254],[80.95552,8.84385],[80.9544,8.84282],[80.95129,8.84424],[80.95127,8.84523],[80.95274,8.84555],[80.95865,8.84598],[80.96025,8.84498],[80.9642,8.84788],[80.96772,8.84694],[80.97435,8.84724],[80.97383,8.84953],[80.97539,8.85276],[80.97574,8.85631],[80.97388,8.85863],[80.97735,8.86397],[80.96986,8.86571],[80.97034,8.86939],[80.96861,8.87017],[80.9687,8.8728],[80.97038,8.87342],[80.97019,8.87554],[80.97332,8.87698],[80.97326,8.87859],[80.96617,8.87711],[80.96522,8.87744],[80.9654,8.87919],[80.96364,8.8781],[80.96094,8.87964],[80.95766,8.87978],[80.95371,8.87712],[80.95235,8.87499],[80.93831,8.82294]]]},"properties":{"name":null,"ha":1875}},{"type":"Feature","geometry":{"type":"Polygon","coordinates":[[[81.04083,7.17419],[81.04178,7.17079],[81.04346,7.17137],[81.04493,7.16749],[81.04453,7.16645],[81.04606,7.16636],[81.04659,7.16135],[81.05094,7.15193],[81.04925,7.15107],[81.05124,7.14912],[81.05035,7.14836],[81.05234,7.1476],[81.05253,7.14947],[81.05386,7.14856],[81.05573,7.14876],[81.05786,7.15089],[81.05768,7.15226],[81.05643,7.15339],[81.0545,7.15349],[81.05443,7.15472],[81.04885,7.15943],[81.04855,7.16102],[81.05155,7.16243],[81.05126,7.16564],[81.05017,7.16847],[81.04723,7.17147],[81.04889,7.17445],[81.04659,7.17921],[81.04384,7.18288],[81.03843,7.18598],[81.03442,7.18584],[81.03414,7.18801],[81.03018,7.18365],[81.03065,7.18017],[81.02923,7.17989],[81.03095,7.17826],[81.02772,7.17861],[81.02612,7.17696],[81.02602,7.1755],[81.02787,7.17252],[81.02951,7.17236],[81.03347,7.17311],[81.0341,7.17564],[81.03461,7.17197],[81.03012,7.17211],[81.02826,7.17088],[81.02425,7.17432],[81.02229,7.17406],[81.0208,7.17294],[81.02001,7.1707],[81.02196,7.17223],[81.02397,7.16955],[81.02265,7.16816],[81.01956,7.16855],[81.01769,7.16561],[81.01859,7.16378],[81.0195,7.16516],[81.02028,7.16358],[81.02315,7.16419],[81.02554,7.16239],[81.02698,7.1627],[81.02856,7.16509],[81.03183,7.16427],[81.03384,7.16346],[81.03446,7.16034],[81.03207,7.15842],[81.03053,7.15959],[81.02811,7.15906],[81.0272,7.1617],[81.02647,7.16031],[81.02461,7.15999],[81.02457,7.15903],[81.02683,7.15759],[81.02408,7.15761],[81.02186,7.15505],[81.02199,7.15174],[81.01868,7.15128],[81.01903,7.14893],[81.01706,7.14517],[81.0174,7.1422],[81.01651,7.13954],[81.01713,7.13675],[81.02125,7.13724],[81.02427,7.13611],[81.02372,7.13515],[81.02065,7.13526],[81.02025,7.13415],[81.02182,7.13296],[81.02314,7.12874],[81.02569,7.12713],[81.02648,7.12315],[81.03402,7.12456],[81.03652,7.11904],[81.04011,7.11468],[81.0434,7.11323],[81.04456,7.10959],[81.04665,7.10776],[81.04565,7.11071],[81.04621,7.11315],[81.04426,7.11414],[81.04491,7.11569],[81.04351,7.11671],[81.04261,7.12068],[81.04646,7.12607],[81.04675,7.13048],[81.04413,7.13286],[81.04357,7.13523],[81.0442,7.1361],[81.04227,7.13716],[81.04375,7.13777],[81.04415,7.13933],[81.04783,7.14117],[81.04715,7.14527],[81.04631,7.14553],[81.04458,7.14389],[81.04342,7.14502],[81.04403,7.1469],[81.04684,7.14709],[81.04741,7.14918],[81.04656,7.15059],[81.04436,7.15061],[81.04511,7.15244],[81.0432,7.15404],[81.04333,7.15574],[81.04576,7.15939],[81.04272,7.1633],[81.0424,7.16706],[81.04005,7.17],[81.03997,7.17297],[81.04083,7.17419]]]},"properties":{"name":null,"ha":1832}},{"type":"Feature","geometry":{"type":"Polygon","coordinates":[[[80.49599,6.62946],[80.49694,6.63076],[80.49878,6.63008],[80.49995,6.63096],[80.49947,6.62955],[80.50013,6.62893],[80.50149,6.63104],[80.50318,6.62942],[80.50187,6.6273],[80.50732,6.62923],[80.50709,6.62782],[80.50956,6.62605],[80.51039,6.62358],[80.51449,6.62077],[80.51548,6.62178],[80.51871,6.61846],[80.51934,6.61588],[80.52067,6.61733],[80.52244,6.61627],[80.52136,6.61398],[80.52667,6.6124],[80.53004,6.60926],[80.53794,6.60789],[80.53856,6.6051],[80.53596,6.60433],[80.53517,6.60572],[80.53169,6.60363],[80.52631,6.60324],[80.52511,6.60489],[80.51998,6.6038],[80.51843,6.6048],[80.51869,6.60628],[80.51764,6.60689],[80.51524,6.60522],[80.51017,6.6061],[80.50916,6.60423],[80.50652,6.60361],[80.50695,6.6023],[80.50612,6.60076],[80.50391,6.60099],[80.50292,6.60219],[80.50378,6.60404],[80.50116,6.60572],[80.50214,6.6078],[80.5031,6.60784],[80.50284,6.60894],[80.50163,6.60933],[80.50032,6.60771],[80.4995,6.60842],[80.49999,6.61011],[80.49613,6.6131],[80.4944,6.6132],[80.49412,6.61448],[80.49279,6.6142],[80.49319,6.61503],[80.49253,6.61444],[80.491,6.61526],[80.49093,6.61725],[80.4888,6.61716],[80.48923,6.6182],[80.48666,6.61851],[80.48226,6.62127],[80.47898,6.62009],[80.47734,6.62217],[80.4732,6.62323],[80.47194,6.62454],[80.47108,6.62376],[80.47145,6.62624],[80.47069,6.62675],[80.46549,6.6249],[80.46367,6.6255],[80.46372,6.62871],[80.46108,6.63037],[80.4614,6.63184],[80.45849,6.63459],[80.45622,6.63919],[80.45202,6.64181],[80.45567,6.64599],[80.45988,6.64636],[80.46024,6.65025],[80.45842,6.65163],[80.4592,6.65267],[80.46219,6.65257],[80.4619,6.65479],[80.46274,6.65554],[80.46321,6.65209],[80.46632,6.65255],[80.46864,6.65056],[80.46949,6.65275],[80.46862,6.65312],[80.46968,6.65315],[80.4692,6.65082],[80.4702,6.64981],[80.47139,6.65176],[80.47039,6.65299],[80.47325,6.64843],[80.47505,6.64839],[80.47496,6.64733],[80.474,6.64784],[80.47438,6.64681],[80.47723,6.64737],[80.47648,6.64573],[80.47801,6.64738],[80.47864,6.64701],[80.47671,6.64511],[80.4796,6.64488],[80.47955,6.6435],[80.482,6.64313],[80.4828,6.63975],[80.48594,6.64206],[80.48672,6.64055],[80.48596,6.63852],[80.48727,6.63803],[80.48796,6.63554],[80.49176,6.63682],[80.49423,6.63183],[80.49295,6.63155],[80.49281,6.62946],[80.49423,6.62878],[80.49576,6.62949],[80.49299,6.62689],[80.49417,6.62639],[80.49599,6.62946]]]},"properties":{"name":"Kiribathgala Forest","ha":1784}},{"type":"Feature","geometry":{"type":"Polygon","coordinates":[[[80.539,8.91582],[80.54014,8.91579],[80.54109,8.91364],[80.54544,8.91756],[80.54112,8.91751],[80.53923,8.91958],[80.53958,8.92114],[80.54341,8.92253],[80.54337,8.9257],[80.54419,8.92679],[80.5462,8.92202],[80.54712,8.92197],[80.54734,8.92396],[80.55482,8.92486],[80.55644,8.92918],[80.55648,8.93216],[80.56009,8.9332],[80.56312,8.93104],[80.56325,8.92533],[80.56186,8.92199],[80.56471,8.91976],[80.56787,8.91467],[80.56732,8.90625],[80.56803,8.90519],[80.56939,8.90517],[80.5701,8.90008],[80.57284,8.90126],[80.57125,8.90203],[80.57261,8.90293],[80.5715,8.90611],[80.5702,8.90704],[80.5751,8.91135],[80.5773,8.91133],[80.57914,8.91608],[80.57658,8.91859],[80.57695,8.92171],[80.57579,8.92532],[80.57372,8.92303],[80.57068,8.92475],[80.57124,8.92676],[80.5736,8.92652],[80.57485,8.92763],[80.57376,8.92884],[80.57047,8.92953],[80.56988,8.93248],[80.56879,8.93114],[80.56841,8.93279],[80.56941,8.93547],[80.5712,8.93526],[80.57248,8.93372],[80.57205,8.9327],[80.57378,8.93114],[80.57496,8.93132],[80.57367,8.93431],[80.57003,8.93751],[80.56831,8.94191],[80.56865,8.94492],[80.5615,8.94444],[80.55784,8.94595],[80.55494,8.94301],[80.55031,8.94198],[80.54931,8.94252],[80.54887,8.94451],[80.55079,8.94796],[80.55059,8.9506],[80.54709,8.95015],[80.54528,8.95235],[80.54328,8.95132],[80.54203,8.95201],[80.54206,8.95413],[80.5331,8.95852],[80.53075,8.95809],[80.52524,8.93418],[80.5259,8.9321],[80.52449,8.93122],[80.52224,8.92038],[80.5238,8.91769],[80.52159,8.9147],[80.52669,8.91201],[80.53434,8.9124],[80.53538,8.91317],[80.5348,8.91447],[80.53704,8.91406],[80.539,8.91582]]]},"properties":{"name":null,"ha":1778}},{"type":"Feature","geometry":{"type":"Polygon","coordinates":[[[80.4328,6.98918],[80.43096,6.98757],[80.43033,6.98552],[80.42835,6.98446],[80.42582,6.98533],[80.4248,6.98462],[80.42467,6.98336],[80.42745,6.9809],[80.42838,6.97609],[80.42704,6.97362],[80.42352,6.97314],[80.42173,6.97415],[80.42201,6.97726],[80.42121,6.97844],[80.41856,6.97828],[80.42102,6.97977],[80.42071,6.98048],[80.41886,6.9801],[80.416,6.98134],[80.41415,6.97775],[80.41282,6.97702],[80.41111,6.97752],[80.41072,6.98173],[80.41361,6.9857],[80.41427,6.98916],[80.41311,6.98872],[80.41121,6.99049],[80.40475,6.99121],[80.40359,6.9949],[80.39859,6.99768],[80.39158,6.99779],[80.38889,6.99305],[80.38676,6.99393],[80.38523,6.99196],[80.38595,6.99092],[80.38351,6.99219],[80.38192,6.99159],[80.37953,6.99234],[80.37871,6.98941],[80.38018,6.98605],[80.37609,6.98547],[80.37116,6.97936],[80.36971,6.9747],[80.37092,6.96938],[80.37402,6.96765],[80.37397,6.96353],[80.37894,6.9649],[80.381,6.96657],[80.38109,6.97008],[80.38553,6.96907],[80.38963,6.97036],[80.38926,6.97418],[80.39265,6.97665],[80.38754,6.97832],[80.38558,6.97992],[80.38733,6.97977],[80.38823,6.98098],[80.38782,6.98282],[80.39061,6.98436],[80.39033,6.98737],[80.39327,6.98425],[80.39425,6.9849],[80.39318,6.98575],[80.39366,6.98667],[80.39734,6.98591],[80.39779,6.98417],[80.40136,6.98174],[80.39849,6.97524],[80.39902,6.97074],[80.40025,6.96858],[80.40906,6.965],[80.41061,6.9661],[80.41339,6.96563],[80.41582,6.96776],[80.41622,6.96983],[80.42025,6.97056],[80.4238,6.96797],[80.42513,6.96985],[80.42646,6.96984],[80.42708,6.96884],[80.42619,6.96764],[80.4272,6.96692],[80.42765,6.96433],[80.42657,6.96418],[80.4264,6.96626],[80.42544,6.96535],[80.42598,6.96275],[80.42716,6.96249],[80.42567,6.96117],[80.42654,6.96027],[80.42594,6.95919],[80.42922,6.9579],[80.43257,6.95847],[80.4334,6.95724],[80.43574,6.95854],[80.43421,6.957],[80.43506,6.95515],[80.43818,6.95615],[80.4385,6.95504],[80.43684,6.95353],[80.43805,6.95338],[80.43783,6.94819],[80.43983,6.94648],[80.44,6.9493],[80.4414,6.95117],[80.44097,6.95225],[80.44355,6.95256],[80.44623,6.95974],[80.44795,6.95915],[80.4484,6.96133],[80.44918,6.96116],[80.45025,6.95811],[80.44848,6.95902],[80.44841,6.9563],[80.45116,6.95649],[80.45072,6.95502],[80.4328,6.98918]]]},"properties":{"name":"Makandawa Forest Reserve","ha":1760}},{"type":"Feature","geometry":{"type":"Polygon","coordinates":[[[80.92498,7.20444],[80.92744,7.20435],[80.92887,7.20306],[80.92828,7.20201],[80.9298,7.20148],[80.94231,7.20477],[80.94132,7.20702],[80.94378,7.20776],[80.94478,7.20747],[80.94401,7.20677],[80.94468,7.2049],[80.94523,7.20589],[80.94722,7.20454],[80.9546,7.20484],[80.95633,7.21037],[80.95818,7.20959],[80.95952,7.20489],[80.95837,7.20322],[80.95872,7.20187],[80.95736,7.20385],[80.95631,7.20243],[80.95609,7.20017],[80.96215,7.19712],[80.96202,7.20209],[80.96331,7.20248],[80.96561,7.19987],[80.96963,7.19871],[80.97083,7.20053],[80.96975,7.20578],[80.97044,7.2083],[80.97167,7.20817],[80.97197,7.20533],[80.97352,7.2029],[80.97511,7.20703],[80.97431,7.20901],[80.97494,7.21298],[80.97597,7.21327],[80.97749,7.21003],[80.97863,7.20996],[80.98107,7.21449],[80.97976,7.21737],[80.97703,7.21938],[80.9761,7.22203],[80.97339,7.22298],[80.97288,7.22581],[80.97527,7.22678],[80.9765,7.22554],[80.98185,7.22515],[80.98133,7.23093],[80.98243,7.23831],[80.98345,7.23851],[80.98438,7.23573],[80.98595,7.23559],[80.98573,7.23424],[80.98708,7.23198],[80.98785,7.23526],[80.98871,7.23448],[80.99486,7.22333],[80.9975,7.22165],[80.99571,7.22913],[80.99197,7.23391],[80.99071,7.24032],[80.98795,7.24325],[80.98712,7.24271],[80.98717,7.24089],[80.98525,7.24388],[80.98713,7.24343],[80.988,7.24414],[80.98815,7.24587],[80.98601,7.24695],[80.98562,7.24811],[80.98572,7.25004],[80.98727,7.25048],[80.9874,7.25162],[80.98442,7.25172],[80.9843,7.25376],[80.92498,7.20444]]]},"properties":{"name":null,"ha":1756}},{"type":"Feature","geometry":{"type":"Polygon","coordinates":[[[80.50044,9.15205],[80.5006,9.15119],[80.50171,9.15121],[80.50152,9.15287],[80.50232,9.15348],[80.50286,9.15287],[80.50638,9.1535],[80.50572,9.1547],[80.50752,9.15742],[80.50628,9.15816],[80.50954,9.15844],[80.51153,9.15987],[80.51605,9.15651],[80.51893,9.15565],[80.51871,9.16212],[80.50876,9.17812],[80.49402,9.20792],[80.49135,9.20846],[80.48815,9.2066],[80.48732,9.20359],[80.48425,9.20207],[80.4778,9.19047],[80.47576,9.18911],[80.47672,9.18768],[80.4798,9.18677],[80.48117,9.18465],[80.47602,9.18237],[80.47341,9.17175],[80.47777,9.1688],[80.47829,9.16183],[80.48163,9.15462],[80.48334,9.1563],[80.483,9.15914],[80.48629,9.15985],[80.49052,9.1585],[80.49211,9.15914],[80.49293,9.16172],[80.49447,9.15979],[80.49514,9.16076],[80.49587,9.1592],[80.49482,9.15848],[80.49743,9.15701],[80.49771,9.15484],[80.49647,9.15448],[80.49607,9.15211],[80.49718,9.15298],[80.50038,9.15275],[80.50044,9.15205]]]},"properties":{"name":null,"ha":1725}},{"type":"Feature","geometry":{"type":"Polygon","coordinates":[[[81.7722,6.76719],[81.77235,6.77126],[81.7736,6.77199],[81.77472,6.77825],[81.77729,6.77902],[81.78162,6.78224],[81.78642,6.78307],[81.7892,6.78016],[81.78757,6.77888],[81.79007,6.77695],[81.79052,6.77465],[81.79997,6.77171],[81.79993,6.7728],[81.79741,6.7735],[81.79743,6.77569],[81.79419,6.77648],[81.79269,6.77784],[81.79635,6.78008],[81.79793,6.78256],[81.79924,6.78121],[81.79846,6.77959],[81.79965,6.77901],[81.80229,6.78373],[81.80881,6.78851],[81.80829,6.79058],[81.80954,6.79231],[81.81193,6.79163],[81.81167,6.79403],[81.8156,6.79609],[81.81469,6.80202],[81.8137,6.80387],[81.80873,6.80422],[81.80853,6.8056],[81.80592,6.80696],[81.8053,6.8097],[81.80359,6.81001],[81.80469,6.81057],[81.80455,6.81152],[81.80246,6.81201],[81.80235,6.81068],[81.79873,6.81077],[81.79826,6.80916],[81.79383,6.8119],[81.78995,6.81233],[81.78767,6.81129],[81.78629,6.81236],[81.78477,6.81185],[81.78383,6.81322],[81.7809,6.81191],[81.78192,6.8063],[81.77771,6.80588],[81.77935,6.80258],[81.77872,6.80017],[81.77631,6.80019],[81.77577,6.80159],[81.77285,6.80196],[81.77288,6.80297],[81.77464,6.80293],[81.77505,6.80386],[81.77478,6.80649],[81.77248,6.80595],[81.76852,6.80672],[81.76668,6.80531],[81.76557,6.8056],[81.766,6.81049],[81.76853,6.81284],[81.76267,6.81854],[81.76025,6.82588],[81.76051,6.82792],[81.7601,6.82861],[81.75806,6.82832],[81.7557,6.833],[81.75439,6.84032],[81.7722,6.76719]]]},"properties":{"name":"Yala Forest Cover","ha":1707}},{"type":"Feature","geometry":{"type":"Polygon","coordinates":[[[80.92635,8.10277],[80.92823,8.09966],[80.92526,8.09322],[80.92682,8.09111],[80.92584,8.0879],[80.92584,8.08192],[80.92767,8.07876],[80.92746,8.0761],[80.92898,8.07289],[80.92876,8.06923],[80.92286,8.06988],[80.92165,8.06871],[80.92131,8.06634],[80.92219,8.06486],[80.92573,8.06494],[80.92913,8.06091],[80.93205,8.05907],[80.93227,8.05215],[80.93014,8.04399],[80.93059,8.0414],[80.92802,8.03555],[80.92734,8.03777],[80.92815,8.03915],[80.92817,8.04646],[80.92589,8.04662],[80.92357,8.0453],[80.92169,8.04575],[80.92078,8.05107],[80.91257,8.04678],[80.91132,8.04799],[80.91025,8.05225],[80.90817,8.04984],[80.90902,8.04555],[80.90736,8.04521],[80.90643,8.04611],[80.90528,8.04903],[80.90722,8.05232],[80.90688,8.05513],[80.90958,8.05853],[80.91402,8.05867],[80.91504,8.0601],[80.91351,8.06312],[80.89743,8.0662],[80.90042,8.08299],[80.89531,8.08576],[80.89613,8.08697],[80.90059,8.08768],[80.90175,8.09192],[80.9033,8.09376],[80.90439,8.10314],[80.92635,8.10277]]]},"properties":{"name":"Rathmale Reserved Forest","ha":1691}},{"type":"Feature","geometry":{"type":"Polygon","coordinates":[[[81.52937,7.57138],[81.52935,7.55851],[81.56253,7.55854],[81.56249,7.55704],[81.56538,7.55519],[81.56674,7.55217],[81.56594,7.5508],[81.56671,7.54767],[81.55987,7.54707],[81.55712,7.54353],[81.55587,7.53985],[81.55222,7.53673],[81.552,7.53269],[81.54088,7.53203],[81.54006,7.53079],[81.53774,7.53099],[81.53705,7.52763],[81.53786,7.52594],[81.5358,7.5243],[81.53489,7.52786],[81.53234,7.5279],[81.53298,7.52588],[81.53142,7.52659],[81.53128,7.52471],[81.52954,7.52541],[81.52839,7.52755],[81.52717,7.53311],[81.52956,7.53572],[81.53311,7.53685],[81.53526,7.54014],[81.5352,7.5427],[81.53098,7.54519],[81.52974,7.54997],[81.52063,7.55198],[81.51845,7.55334],[81.50799,7.55307],[81.50757,7.57557],[81.5104,7.57487],[81.51221,7.56946],[81.51452,7.56951],[81.51549,7.57234],[81.51425,7.57473],[81.51646,7.57443],[81.51635,7.57575],[81.51861,7.5781],[81.51975,7.57794],[81.52056,7.57639],[81.5231,7.57931],[81.52471,7.57636],[81.52549,7.58028],[81.53584,7.58033],[81.53623,7.57747],[81.53539,7.57547],[81.53409,7.57386],[81.5304,7.57315],[81.53104,7.57254],[81.53018,7.5722],[81.53165,7.57218],[81.53083,7.57187],[81.53111,7.57066],[81.52937,7.57138]]]},"properties":{"name":null,"ha":1675}},{"type":"Feature","geometry":{"type":"Polygon","coordinates":[[[81.32091,8.25926],[81.31971,8.26058],[81.31715,8.26829],[81.31521,8.27801],[81.31644,8.29652],[81.31891,8.31143],[81.31844,8.31373],[81.31713,8.31455],[81.3115,8.3158],[81.30495,8.31034],[81.30358,8.30801],[81.30039,8.30711],[81.30019,8.30192],[81.29524,8.29946],[81.29377,8.29554],[81.28933,8.29191],[81.28424,8.29234],[81.27838,8.29081],[81.27495,8.28462],[81.27578,8.28214],[81.2783,8.27968],[81.27513,8.27894],[81.27724,8.27788],[81.27851,8.27314],[81.27778,8.27093],[81.275,8.26927],[81.27585,8.26671],[81.27872,8.26491],[81.27732,8.2626],[81.27387,8.2651],[81.2729,8.26774],[81.2732,8.27157],[81.27181,8.2727],[81.27136,8.2765],[81.2733,8.27874],[81.27296,8.28004],[81.26902,8.28692],[81.26279,8.29296],[81.26089,8.29247],[81.26202,8.28866],[81.25933,8.28716],[81.24961,8.29169],[81.2016,8.29281],[81.17696,8.31038],[81.17161,8.31236],[81.32091,8.25926]]]},"properties":{"name":null,"ha":1644}},{"type":"Feature","geometry":{"type":"Polygon","coordinates":[[[80.59968,6.67909],[80.59637,6.67817],[80.59427,6.67846],[80.594,6.67931],[80.59247,6.67747],[80.58947,6.67825],[80.59218,6.67618],[80.5917,6.67449],[80.59418,6.67191],[80.58741,6.67448],[80.58894,6.67296],[80.58816,6.67291],[80.5868,6.6741],[80.58693,6.67539],[80.58421,6.67606],[80.58269,6.67416],[80.58365,6.67708],[80.58207,6.67742],[80.58109,6.67566],[80.57825,6.67639],[80.57994,6.67753],[80.57936,6.67872],[80.58014,6.67909],[80.57896,6.67913],[80.57627,6.67713],[80.57728,6.67615],[80.57502,6.67521],[80.57442,6.67363],[80.57317,6.67505],[80.57046,6.67441],[80.56111,6.66257],[80.56875,6.65949],[80.56795,6.6574],[80.57087,6.65476],[80.57099,6.6535],[80.57263,6.65415],[80.57357,6.65311],[80.57602,6.65338],[80.57731,6.6562],[80.57679,6.65326],[80.57994,6.655],[80.58254,6.65305],[80.58135,6.65245],[80.58296,6.64828],[80.58387,6.65038],[80.58309,6.65278],[80.58522,6.65179],[80.58481,6.64596],[80.58161,6.64388],[80.57847,6.638],[80.57514,6.63677],[80.57496,6.6345],[80.57351,6.6333],[80.57522,6.6299],[80.57856,6.62931],[80.57876,6.62657],[80.58119,6.62886],[80.58243,6.62857],[80.58117,6.62671],[80.58309,6.6276],[80.5833,6.63043],[80.5871,6.63671],[80.58944,6.63856],[80.59129,6.64417],[80.59247,6.64443],[80.59329,6.64204],[80.59405,6.64345],[80.59835,6.64284],[80.60186,6.64451],[80.61564,6.66618],[80.61537,6.66734],[80.61709,6.66736],[80.61029,6.66978],[80.60975,6.67129],[80.60614,6.6704],[80.59968,6.67909]]]},"properties":{"name":null,"ha":1632}},{"type":"Feature","geometry":{"type":"Polygon","coordinates":[[[81.34724,6.81847],[81.34803,6.82321],[81.34948,6.82248],[81.35386,6.81754],[81.35532,6.81388],[81.35547,6.80761],[81.35426,6.80699],[81.34896,6.81864],[81.34609,6.81503],[81.3517,6.80968],[81.35856,6.7992],[81.35772,6.79816],[81.36118,6.79063],[81.36037,6.78288],[81.36161,6.78002],[81.35835,6.77538],[81.35565,6.77419],[81.35342,6.76873],[81.34865,6.76596],[81.34844,6.76443],[81.34213,6.76183],[81.33925,6.76196],[81.33663,6.76408],[81.33693,6.76584],[81.33872,6.76622],[81.3393,6.76757],[81.33837,6.76817],[81.33977,6.77022],[81.33938,6.77597],[81.33863,6.77624],[81.33805,6.77149],[81.33517,6.77024],[81.33453,6.78171],[81.33409,6.78335],[81.33319,6.78349],[81.33293,6.78227],[81.33204,6.78446],[81.33202,6.7891],[81.33059,6.7936],[81.33091,6.79537],[81.33246,6.79612],[81.33367,6.79551],[81.33386,6.79781],[81.3352,6.79963],[81.33393,6.80063],[81.3322,6.79981],[81.33095,6.80371],[81.32867,6.80301],[81.32887,6.80801],[81.32746,6.80826],[81.32648,6.8111],[81.32708,6.81206],[81.32883,6.81188],[81.33009,6.81356],[81.33174,6.8193],[81.33247,6.81894],[81.33286,6.8199],[81.33468,6.81857],[81.3371,6.81897],[81.33806,6.82023],[81.33965,6.81993],[81.33872,6.81867],[81.34019,6.81835],[81.3418,6.81968],[81.3466,6.81973],[81.34724,6.81847]]]},"properties":{"name":"Suduwathura Ara Forest Reserve","ha":1625}},{"type":"Feature","geometry":{"type":"Polygon","coordinates":[[[81.41626,7.82633],[81.41251,7.83329],[81.41236,7.83799],[81.41957,7.83827],[81.4152,7.84103],[81.41392,7.83957],[81.41258,7.83998],[81.41297,7.84153],[81.41106,7.84162],[81.41202,7.84245],[81.41158,7.84379],[81.41327,7.84406],[81.41369,7.84599],[81.41491,7.84641],[81.4151,7.84875],[81.41679,7.8487],[81.41765,7.85023],[81.41903,7.84972],[81.41968,7.84745],[81.42144,7.84575],[81.42254,7.8486],[81.42147,7.85059],[81.42344,7.85262],[81.4254,7.85231],[81.42615,7.85068],[81.42724,7.85331],[81.42648,7.85412],[81.42796,7.85453],[81.4282,7.85566],[81.42724,7.85615],[81.42842,7.85703],[81.43073,7.85789],[81.43424,7.85593],[81.43463,7.8526],[81.43072,7.85283],[81.43073,7.84978],[81.43088,7.84829],[81.43334,7.84691],[81.43366,7.84509],[81.43173,7.84487],[81.43202,7.84371],[81.43409,7.84338],[81.43515,7.84185],[81.43799,7.84366],[81.43947,7.84962],[81.44079,7.84892],[81.44083,7.84553],[81.4416,7.84499],[81.44326,7.84687],[81.44374,7.84508],[81.44476,7.84538],[81.44518,7.84851],[81.44718,7.84832],[81.44562,7.85128],[81.44571,7.85481],[81.45102,7.85213],[81.45571,7.84673],[81.45512,7.84551],[81.45637,7.84349],[81.45541,7.84291],[81.45351,7.84487],[81.45204,7.84418],[81.45288,7.84319],[81.45142,7.8348],[81.44847,7.83228],[81.44962,7.83151],[81.44916,7.82949],[81.45172,7.82863],[81.4566,7.82417],[81.43393,7.81377],[81.40891,7.81878],[81.40875,7.82963],[81.40985,7.82974],[81.41221,7.8266],[81.41317,7.82717],[81.41156,7.83453],[81.41216,7.83479],[81.41626,7.82633]]]},"properties":{"name":"Nadukkadu","ha":1621}},{"type":"Feature","geometry":{"type":"Polygon","coordinates":[[[80.974,8.33192],[80.97245,8.33705],[80.97093,8.3377],[80.96767,8.33193],[80.96604,8.32313],[80.96431,8.32006],[80.96025,8.32296],[80.95968,8.32479],[80.95752,8.32651],[80.95853,8.32855],[80.95571,8.33167],[80.9591,8.33415],[80.9576,8.33667],[80.9581,8.34044],[80.95759,8.34087],[80.95502,8.33709],[80.95364,8.33698],[80.95491,8.34105],[80.95386,8.34168],[80.95656,8.34578],[80.95734,8.34574],[80.95811,8.34354],[80.96057,8.34709],[80.96121,8.35009],[80.96022,8.35279],[80.95648,8.34956],[80.95559,8.35124],[80.95831,8.36012],[80.9598,8.3606],[80.9617,8.35663],[80.96396,8.35983],[80.96627,8.3684],[80.96257,8.36711],[80.96343,8.37036],[80.96494,8.37201],[80.96761,8.37238],[80.96988,8.3746],[80.97131,8.37388],[80.97122,8.3719],[80.97207,8.37182],[80.97416,8.37632],[80.97389,8.37753],[80.97115,8.37742],[80.97693,8.3911],[80.97629,8.39304],[80.9737,8.39116],[80.97284,8.39233],[80.97532,8.39625],[80.97562,8.4014],[80.97861,8.40385],[80.9832,8.40429],[80.98375,8.40046],[80.98079,8.39585],[80.9813,8.39471],[80.98448,8.39673],[80.9861,8.39625],[80.98682,8.39302],[80.98579,8.39043],[80.98742,8.38956],[80.98956,8.39457],[80.99106,8.39491],[80.99113,8.39329],[80.993,8.39245],[80.974,8.33192]]]},"properties":{"name":null,"ha":1612}},{"type":"Feature","geometry":{"type":"Polygon","coordinates":[[[81.38666,7.81217],[81.38394,7.81251],[81.38272,7.81148],[81.3817,7.8127],[81.38293,7.81225],[81.38391,7.81576],[81.37957,7.81606],[81.37848,7.81917],[81.37728,7.81911],[81.37618,7.81537],[81.37323,7.81716],[81.37265,7.81831],[81.37528,7.81868],[81.37631,7.81972],[81.37486,7.82493],[81.37611,7.82588],[81.39424,7.82191],[81.39916,7.81966],[81.4055,7.81975],[81.42777,7.81521],[81.42953,7.81475],[81.42975,7.81286],[81.42785,7.81185],[81.42501,7.81211],[81.4233,7.81067],[81.42388,7.8075],[81.427,7.80608],[81.4283,7.80673],[81.42856,7.80467],[81.43114,7.80292],[81.43235,7.80306],[81.43219,7.80215],[81.43346,7.80218],[81.43365,7.80104],[81.43666,7.80227],[81.43751,7.80098],[81.43701,7.7995],[81.43807,7.79908],[81.43736,7.79835],[81.43067,7.79992],[81.43067,7.79811],[81.43358,7.79789],[81.43556,7.79634],[81.43595,7.79432],[81.43821,7.79449],[81.43966,7.79642],[81.44225,7.79472],[81.44232,7.79573],[81.4436,7.79535],[81.44539,7.7975],[81.44694,7.79656],[81.4495,7.79875],[81.45052,7.79733],[81.44823,7.79385],[81.4461,7.79314],[81.44738,7.79118],[81.44584,7.79138],[81.44469,7.78943],[81.44456,7.78855],[81.4463,7.78712],[81.44379,7.7835],[81.44288,7.78546],[81.43696,7.78715],[81.43577,7.79076],[81.4348,7.7904],[81.43353,7.78721],[81.43131,7.78562],[81.43178,7.78399],[81.43355,7.78372],[81.43441,7.78239],[81.43276,7.78138],[81.43151,7.78222],[81.43032,7.78171],[81.42557,7.7861],[81.42231,7.78705],[81.42249,7.78877],[81.42039,7.79107],[81.41906,7.79084],[81.41967,7.78697],[81.41743,7.78565],[81.41455,7.78671],[81.41439,7.78946],[81.41253,7.78873],[81.41082,7.78984],[81.41092,7.79085],[81.40659,7.79111],[81.4037,7.79393],[81.40208,7.7924],[81.40101,7.79711],[81.39907,7.79837],[81.40151,7.79888],[81.39602,7.80385],[81.39671,7.80841],[81.39098,7.80905],[81.38972,7.81096],[81.38666,7.81217]]]},"properties":{"name":"Kandaththu kaadu","ha":1608}},{"type":"Feature","geometry":{"type":"Polygon","coordinates":[[[81.10761,8.07255],[81.10654,8.06764],[81.10305,8.06672],[81.10359,8.06574],[81.10243,8.06445],[81.10424,8.06458],[81.1025,8.05829],[81.10416,8.05711],[81.10524,8.05772],[81.10679,8.0546],[81.10563,8.05356],[81.10581,8.05254],[81.1039,8.05188],[81.10473,8.0511],[81.10335,8.04902],[81.10437,8.04854],[81.10387,8.04748],[81.10496,8.04721],[81.10508,8.0446],[81.10662,8.04369],[81.10611,8.04032],[81.10385,8.03887],[81.10237,8.03649],[81.10165,8.03215],[81.10239,8.02916],[81.10018,8.02625],[81.10247,8.02552],[81.10306,8.02662],[81.10518,8.02686],[81.10544,8.02874],[81.10805,8.02953],[81.10929,8.02808],[81.10929,8.02591],[81.11237,8.02602],[81.11322,8.02512],[81.11226,8.02183],[81.10926,8.02024],[81.1091,8.01767],[81.10597,8.01513],[81.10473,8.01254],[81.10474,8.01103],[81.10649,8.01018],[81.10378,8.00869],[81.10564,8.0076],[81.10467,8.00667],[81.10501,8.00577],[81.10651,8.00561],[81.10563,8.0033],[81.10709,8.00252],[81.107,8.00051],[81.10475,7.99853],[81.10622,7.99637],[81.10371,7.9918],[81.09795,7.99181],[81.09734,7.99095],[81.09784,7.98874],[81.10097,7.98629],[81.10159,7.9847],[81.10112,7.98124],[81.10217,7.97584],[81.10038,7.97233],[81.10121,7.97018],[81.09973,7.96599],[81.10208,7.96113],[81.09788,7.95605],[81.09823,7.95104],[81.09666,7.947],[81.09275,7.94216],[81.08906,7.9412],[81.08694,7.939],[81.08478,7.93846],[81.08466,7.93742],[81.08694,7.93735],[81.08834,7.93834],[81.08962,7.9378],[81.08942,7.93609],[81.08794,7.93605],[81.08661,7.93417],[81.08436,7.93317],[81.08216,7.93324],[81.08068,7.93479],[81.07955,7.93446],[81.08198,7.9296],[81.08099,7.92716],[81.08278,7.91674],[81.08164,7.91601],[81.08074,7.91727],[81.07953,7.91587],[81.07769,7.91633],[81.07647,7.91372],[81.07744,7.91143],[81.0753,7.91122],[81.0761,7.90936],[81.07382,7.90809],[81.07379,7.9071],[81.10761,8.07255]]]},"properties":{"name":null,"ha":1607}},{"type":"Feature","geometry":{"type":"Polygon","coordinates":[[[80.8307,6.96111],[80.83044,6.96223],[80.83366,6.96384],[80.8357,6.96355],[80.83532,6.96444],[80.83403,6.96441],[80.83398,6.96548],[80.83157,6.96501],[80.83178,6.96607],[80.8339,6.96661],[80.83313,6.96992],[80.83159,6.9714],[80.83785,6.96736],[80.83713,6.97057],[80.83921,6.96789],[80.84187,6.97005],[80.84161,6.97154],[80.84514,6.97316],[80.84813,6.97169],[80.85409,6.97095],[80.85147,6.97408],[80.85436,6.97677],[80.85493,6.97558],[80.85557,6.97607],[80.85751,6.97508],[80.85899,6.9763],[80.86153,6.97653],[80.86247,6.97483],[80.86425,6.9755],[80.86907,6.97308],[80.8677,6.97463],[80.87198,6.97596],[80.8697,6.97745],[80.87147,6.97931],[80.86864,6.97913],[80.86814,6.97779],[80.86388,6.9791],[80.86179,6.98063],[80.86182,6.98224],[80.85867,6.98046],[80.85811,6.98174],[80.8556,6.98105],[80.8581,6.98505],[80.85725,6.98868],[80.85876,6.98915],[80.85925,6.99435],[80.85219,6.99302],[80.84762,6.99441],[80.84403,6.99802],[80.841,6.99822],[80.84012,7.00065],[80.8392,7.00017],[80.83895,6.9976],[80.83539,6.99744],[80.83371,6.99538],[80.84893,6.98671],[80.84317,6.98234],[80.8368,6.98292],[80.82937,6.98723],[80.82891,6.98822],[80.83046,6.99034],[80.82996,6.9915],[80.82775,6.9917],[80.82641,6.99073],[80.8222,6.99336],[80.81976,6.99262],[80.82113,6.99022],[80.82086,6.98899],[80.82075,6.98979],[80.81732,6.98872],[80.81397,6.98506],[80.81533,6.98389],[80.81672,6.98571],[80.81686,6.98466],[80.81949,6.98555],[80.81836,6.98424],[80.80901,6.97979],[80.81012,6.97783],[80.81268,6.9769],[80.81158,6.97561],[80.81057,6.97577],[80.81234,6.97468],[80.81202,6.97339],[80.80983,6.97151],[80.80823,6.97167],[80.80951,6.97518],[80.80511,6.97065],[80.80581,6.96934],[80.80399,6.96795],[80.8029,6.96844],[80.80306,6.96742],[80.805,6.96745],[80.80689,6.96535],[80.80606,6.96421],[80.80265,6.96451],[80.80265,6.96668],[80.8001,6.96714],[80.80067,6.96584],[80.79575,6.96698],[80.79732,6.96383],[80.79606,6.96224],[80.79402,6.96274],[80.7927,6.96002],[80.79592,6.9579],[80.8307,6.96111]]]},"properties":{"name":"Kandapola - Seetha Eliya Forest Reserve","ha":1589}},{"type":"Feature","geometry":{"type":"Polygon","coordinates":[[[80.99834,6.42552],[80.98948,6.42281],[80.98399,6.42],[80.97868,6.41964],[80.96601,6.41582],[80.96215,6.41337],[80.95959,6.4132],[80.95482,6.41476],[80.94914,6.41894],[80.90923,6.42121],[80.89424,6.4308],[80.88886,6.43865],[80.88643,6.44051],[80.87904,6.444],[80.87061,6.4444],[80.86429,6.44299],[80.85189,6.43232],[80.83267,6.42542],[80.81775,6.42439],[80.80938,6.43968],[80.80624,6.44147],[80.80015,6.44199],[80.99834,6.42552]]]},"properties":{"name":"Udawalawe National Park","ha":1587}},{"type":"Feature","geometry":{"type":"Polygon","coordinates":[[[80.4052,7.65443],[80.40488,7.65313],[80.40029,7.65371],[80.3973,7.65133],[80.39335,7.65379],[80.39003,7.65413],[80.38788,7.65177],[80.3849,7.65124],[80.38672,7.64739],[80.39295,7.64131],[80.39381,7.63508],[80.39621,7.62976],[80.39578,7.62768],[80.40026,7.61877],[80.39805,7.61568],[80.3988,7.61361],[80.40176,7.6125],[80.40281,7.61115],[80.40484,7.60129],[80.40647,7.59931],[80.40961,7.59831],[80.41264,7.59304],[80.41474,7.59276],[80.41769,7.59417],[80.41813,7.59575],[80.41814,7.60156],[80.4194,7.60473],[80.41876,7.60971],[80.4194,7.61655],[80.42067,7.61915],[80.42415,7.62317],[80.43054,7.62008],[80.42312,7.63076],[80.42005,7.63221],[80.42009,7.63442],[80.42294,7.63353],[80.4241,7.63404],[80.42192,7.63967],[80.41187,7.64665],[80.41104,7.64748],[80.41144,7.64892],[80.40838,7.65301],[80.4052,7.65443]]]},"properties":{"name":"Dolukanda Conservation Forest","ha":1580}},{"type":"Feature","geometry":{"type":"Polygon","coordinates":[[[80.81819,7.194],[80.81875,7.1945],[80.82256,7.19133],[80.8247,7.19072],[80.82579,7.19143],[80.8257,7.18965],[80.82694,7.18977],[80.82715,7.18849],[80.82894,7.18772],[80.8296,7.18829],[80.82872,7.19056],[80.8299,7.18825],[80.83272,7.18795],[80.83131,7.18872],[80.83165,7.19004],[80.82993,7.19163],[80.8311,7.19362],[80.83226,7.19283],[80.83379,7.19375],[80.83536,7.1921],[80.83715,7.19353],[80.83955,7.19162],[80.84154,7.19241],[80.84382,7.19165],[80.8445,7.19076],[80.8421,7.18854],[80.83885,7.18972],[80.83729,7.1882],[80.83849,7.18835],[80.83877,7.18691],[80.84446,7.18365],[80.84501,7.18208],[80.84297,7.17993],[80.8431,7.17791],[80.84595,7.17503],[80.8458,7.17365],[80.84654,7.17528],[80.84388,7.17808],[80.84349,7.17971],[80.84731,7.18136],[80.84741,7.18405],[80.84195,7.18688],[80.84533,7.18917],[80.84791,7.18905],[80.8482,7.18595],[80.85329,7.18855],[80.8559,7.18787],[80.85593,7.18893],[80.86011,7.18887],[80.86281,7.19001],[80.86318,7.18829],[80.86538,7.18912],[80.86608,7.18816],[80.86616,7.19024],[80.86768,7.18832],[80.86809,7.1893],[80.87024,7.18833],[80.87031,7.19027],[80.87197,7.19201],[80.8736,7.18911],[80.87539,7.19259],[80.87832,7.193],[80.87893,7.19218],[80.87667,7.18588],[80.87765,7.1823],[80.87358,7.17766],[80.87258,7.17787],[80.87859,7.17724],[80.88034,7.17905],[80.88034,7.17521],[80.87939,7.1732],[80.87821,7.17362],[80.87772,7.17284],[80.87796,7.16622],[80.88,7.16747],[80.88218,7.16622],[80.8826,7.16422],[80.88357,7.16453],[80.88425,7.16361],[80.88343,7.16543],[80.88426,7.1663],[80.8842,7.16906],[80.88302,7.17025],[80.88502,7.17147],[80.88545,7.16732],[80.88725,7.16719],[80.8877,7.16582],[80.8895,7.16782],[80.88868,7.1662],[80.88954,7.16442],[80.88855,7.16012],[80.88487,7.15632],[80.88589,7.15634],[80.88589,7.15434],[80.88514,7.15409],[80.884,7.14645],[80.88294,7.14512],[80.88438,7.14621],[80.88426,7.14885],[80.88604,7.15042],[80.88689,7.15359],[80.88889,7.15534],[80.88889,7.15859],[80.89089,7.16009],[80.89064,7.16284],[80.89239,7.16534],[80.89199,7.16765],[80.8928,7.16888],[80.89488,7.16439],[80.89451,7.16314],[80.89764,7.16134],[80.89958,7.16148],[80.89939,7.15934],[80.90064,7.15984],[80.90197,7.16281],[80.90151,7.16564],[80.89889,7.16934],[80.89893,7.17198],[80.90096,7.17329],[80.90098,7.17434],[80.89939,7.17659],[80.89847,7.17433],[80.8968,7.17527],[80.89597,7.18153],[80.89653,7.1835],[80.89789,7.18205],[80.89945,7.1822],[80.89962,7.18027],[80.9006,7.18327],[80.90094,7.1812],[80.90164,7.18559],[80.90089,7.18634],[80.90164,7.18734],[80.89989,7.18859],[80.89939,7.18759],[80.89839,7.19009],[80.89929,7.19002],[80.8993,7.19203],[80.90152,7.19017],[80.90058,7.19409],[80.90551,7.19595],[80.90808,7.19429],[80.90762,7.19247],[80.90439,7.18884],[80.90964,7.18834],[80.90889,7.18584],[80.90614,7.18284],[80.90764,7.18134],[80.90639,7.17859],[80.90789,7.17859],[80.90964,7.17934],[80.91039,7.18259],[80.91364,7.18334],[80.91389,7.18584],[80.91589,7.18709],[80.91414,7.18659],[80.91389,7.18834],[80.91714,7.18809],[80.91742,7.1921],[80.91964,7.19259],[80.92263,7.19936],[80.92442,7.1996],[80.81819,7.194]]]},"properties":{"name":null,"ha":1575}},{"type":"Feature","geometry":{"type":"Polygon","coordinates":[[[80.69422,8.41409],[80.69711,8.41239],[80.69928,8.41496],[80.70016,8.41432],[80.69937,8.41235],[80.70007,8.41226],[80.7014,8.41439],[80.70522,8.41409],[80.70771,8.41309],[80.70743,8.41088],[80.70973,8.41316],[80.71041,8.41243],[80.70984,8.41129],[80.71121,8.411],[80.71085,8.40683],[80.71406,8.40676],[80.71397,8.40482],[80.71029,8.40497],[80.71033,8.40372],[80.71138,8.40312],[80.71127,8.40076],[80.71605,8.40074],[80.71643,8.39808],[80.71459,8.39826],[80.71418,8.39516],[80.71729,8.39511],[80.71569,8.39448],[80.71742,8.39311],[80.71787,8.39496],[80.71888,8.3947],[80.7196,8.39238],[80.72104,8.39243],[80.72141,8.39077],[80.7226,8.39161],[80.72312,8.39026],[80.72524,8.39064],[80.72509,8.38964],[80.72721,8.38842],[80.72649,8.38624],[80.72727,8.38512],[80.73012,8.38521],[80.73023,8.38419],[80.7265,8.38458],[80.72467,8.38307],[80.72333,8.38353],[80.72341,8.3847],[80.71941,8.38667],[80.72053,8.38191],[80.71898,8.38176],[80.71845,8.37991],[80.71259,8.38053],[80.71078,8.38329],[80.70931,8.38304],[80.70798,8.38179],[80.70833,8.38018],[80.70708,8.37967],[80.70594,8.3756],[80.70484,8.37547],[80.70438,8.37971],[80.70369,8.37978],[80.70327,8.37854],[80.69958,8.37726],[80.69949,8.37411],[80.69769,8.37301],[80.69652,8.3741],[80.69584,8.37127],[80.69278,8.37083],[80.69344,8.36644],[80.69238,8.35544],[80.69011,8.34657],[80.69031,8.33476],[80.6897,8.33461],[80.6957,8.32282],[80.69727,8.32316],[80.70016,8.31894],[80.69893,8.31917],[80.69802,8.31729],[80.69684,8.31747],[80.6931,8.32178],[80.68846,8.32887],[80.68821,8.32943],[80.68938,8.32933],[80.68658,8.33756],[80.68746,8.34159],[80.68689,8.34511],[80.68565,8.345],[80.68516,8.34661],[80.68285,8.34565],[80.68357,8.34778],[80.68162,8.34773],[80.68035,8.35274],[80.68143,8.35274],[80.68166,8.35473],[80.68733,8.35482],[80.68735,8.35609],[80.68585,8.35679],[80.68724,8.35696],[80.68801,8.35936],[80.68563,8.35972],[80.68623,8.36125],[80.68806,8.36093],[80.68842,8.36303],[80.68711,8.36441],[80.68958,8.36323],[80.68969,8.36828],[80.68879,8.36813],[80.69007,8.36949],[80.68949,8.37087],[80.6869,8.37072],[80.68662,8.37288],[80.68444,8.37229],[80.68412,8.37487],[80.6849,8.37823],[80.68596,8.37888],[80.68659,8.37744],[80.69097,8.38085],[80.69025,8.38488],[80.68937,8.38507],[80.69042,8.38868],[80.68907,8.38921],[80.68827,8.39118],[80.68849,8.39456],[80.68677,8.39787],[80.68801,8.39965],[80.68844,8.40318],[80.69059,8.40449],[80.69029,8.40814],[80.69243,8.40948],[80.69308,8.41116],[80.69231,8.41458],[80.69366,8.41519],[80.69422,8.41409]]]},"properties":{"name":null,"ha":1564}},{"type":"Feature","geometry":{"type":"Polygon","coordinates":[[[81.4684,7.58787],[81.46381,7.58639],[81.46189,7.58449],[81.46203,7.58356],[81.45948,7.58223],[81.45734,7.58291],[81.4578,7.58528],[81.457,7.58521],[81.45727,7.58367],[81.45395,7.58319],[81.45128,7.58681],[81.45112,7.59165],[81.45325,7.59148],[81.45391,7.59364],[81.45321,7.59453],[81.45121,7.59377],[81.4497,7.59591],[81.45029,7.59759],[81.44855,7.59893],[81.44992,7.59908],[81.45037,7.60049],[81.44775,7.6014],[81.44763,7.60037],[81.44525,7.6016],[81.44432,7.60029],[81.44272,7.60006],[81.44102,7.60296],[81.44231,7.60408],[81.4413,7.60547],[81.44025,7.60423],[81.44488,7.6149],[81.44561,7.61886],[81.44758,7.62035],[81.44735,7.62247],[81.45008,7.62148],[81.45314,7.62306],[81.45419,7.62477],[81.45899,7.62654],[81.46375,7.62654],[81.46961,7.63108],[81.4746,7.62912],[81.47504,7.62648],[81.48121,7.61943],[81.47429,7.61128],[81.47432,7.60926],[81.47715,7.61019],[81.48,7.61495],[81.48269,7.61617],[81.48378,7.61506],[81.48223,7.61202],[81.48442,7.61229],[81.48513,7.61102],[81.48219,7.60876],[81.48208,7.60751],[81.48425,7.60742],[81.48118,7.60457],[81.47939,7.60445],[81.47668,7.60245],[81.47963,7.5985],[81.47956,7.59731],[81.47782,7.59652],[81.47612,7.59798],[81.47454,7.59721],[81.47551,7.59254],[81.4749,7.59117],[81.46887,7.59082],[81.46608,7.5933],[81.46575,7.59015],[81.46832,7.58949],[81.469,7.58858],[81.4684,7.58787]]]},"properties":{"name":null,"ha":1546}},{"type":"Feature","geometry":{"type":"Polygon","coordinates":[[[80.35997,7.52886],[80.36305,7.52476],[80.36206,7.52353],[80.3627,7.52376],[80.36217,7.52295],[80.3636,7.5218],[80.36187,7.52071],[80.36623,7.51433],[80.36671,7.51103],[80.37223,7.50872],[80.37261,7.50677],[80.37533,7.50668],[80.37563,7.50766],[80.37017,7.52655],[80.37196,7.52984],[80.36936,7.5362],[80.36582,7.53776],[80.36631,7.54228],[80.36403,7.54569],[80.36218,7.54639],[80.36366,7.54843],[80.36068,7.55084],[80.35846,7.55088],[80.35723,7.55295],[80.35652,7.55178],[80.35568,7.55347],[80.35663,7.55416],[80.35606,7.55553],[80.35185,7.55842],[80.35064,7.56173],[80.34458,7.56644],[80.34246,7.57008],[80.33208,7.57995],[80.3308,7.5816],[80.3311,7.58249],[80.32985,7.58231],[80.32965,7.58536],[80.32569,7.58928],[80.32197,7.59482],[80.31782,7.59792],[80.31463,7.5976],[80.3158,7.6074],[80.31765,7.60883],[80.31713,7.61886],[80.32339,7.61294],[80.32686,7.61234],[80.32788,7.61517],[80.32172,7.62105],[80.31999,7.6236],[80.32011,7.62629],[80.31935,7.62565],[80.3185,7.6271],[80.31692,7.62682],[80.31756,7.6278],[80.31475,7.62682],[80.31392,7.62883],[80.31219,7.62751],[80.3128,7.62758],[80.31249,7.62644],[80.31207,7.62743],[80.31221,7.62579],[80.31052,7.62436],[80.30968,7.62713],[80.31206,7.62772],[80.31034,7.62739],[80.31045,7.6283],[80.30621,7.63053],[80.30716,7.6264],[80.30602,7.62542],[80.30725,7.62535],[80.30835,7.622],[80.30946,7.62219],[80.30908,7.62055],[80.30822,7.62038],[80.30948,7.61955],[80.30704,7.60767],[80.30798,7.59697],[80.30985,7.59206],[80.316,7.581],[80.31868,7.57854],[80.32294,7.57745],[80.33002,7.57164],[80.331,7.57176],[80.3322,7.56896],[80.33842,7.56356],[80.34171,7.56195],[80.34402,7.55916],[80.34614,7.55895],[80.35136,7.55244],[80.35771,7.53893],[80.35745,7.53624],[80.35225,7.53598],[80.35176,7.535],[80.35576,7.53411],[80.35765,7.53496],[80.35737,7.53426],[80.35873,7.53386],[80.35837,7.53312],[80.35884,7.53397],[80.35948,7.53355],[80.35991,7.53085],[80.36084,7.53075],[80.35997,7.52886]]]},"properties":{"name":null,"ha":1532}},{"type":"Feature","geometry":{"type":"Polygon","coordinates":[[[81.01673,7.13237],[81.0191,7.12386],[81.0179,7.12278],[81.019,7.12117],[81.01817,7.11815],[81.01946,7.11402],[81.01911,7.11176],[81.02284,7.11018],[81.02431,7.10842],[81.02391,7.10713],[81.02678,7.10427],[81.02401,7.10374],[81.02346,7.10198],[81.02236,7.10168],[81.01631,7.10742],[81.01417,7.10158],[81.0166,7.09771],[81.02156,7.0963],[81.02635,7.09618],[81.02753,7.099],[81.02986,7.0975],[81.02967,7.09634],[81.02784,7.09567],[81.02781,7.09338],[81.02593,7.09267],[81.0249,7.0876],[81.02703,7.08712],[81.0301,7.08213],[81.03812,7.07384],[81.03843,7.07243],[81.03653,7.06821],[81.03972,7.06646],[81.03958,7.06378],[81.0417,7.06351],[81.04349,7.06092],[81.04192,7.0581],[81.04379,7.05767],[81.04492,7.055],[81.04682,7.05377],[81.0466,7.05273],[81.03982,7.05198],[81.03728,7.05007],[81.04012,7.04874],[81.04243,7.051],[81.04622,7.04768],[81.04675,7.04396],[81.04463,7.04101],[81.04596,7.03945],[81.04611,7.036],[81.044,7.03121],[81.04509,7.02474],[81.04767,7.02448],[81.04966,7.02754],[81.05243,7.02844],[81.04919,7.02947],[81.04835,7.03194],[81.0502,7.03438],[81.04911,7.03762],[81.04939,7.04025],[81.05096,7.0421],[81.0536,7.04233],[81.05283,7.04388],[81.05298,7.04893],[81.0566,7.05114],[81.05508,7.04675],[81.0566,7.04317],[81.06159,7.04303],[81.0624,7.04419],[81.06039,7.04717],[81.06055,7.05111],[81.05734,7.05548],[81.05634,7.05233],[81.05469,7.0523],[81.05225,7.0494],[81.05147,7.04954],[81.05268,7.05284],[81.05224,7.05531],[81.05337,7.05703],[81.05323,7.05968],[81.05126,7.06256],[81.0495,7.06062],[81.04871,7.06087],[81.04964,7.06302],[81.04886,7.06845],[81.04639,7.07039],[81.04534,7.07317],[81.04203,7.07364],[81.04349,7.07479],[81.04652,7.07373],[81.04866,7.07479],[81.04864,7.07667],[81.04566,7.0786],[81.04087,7.07731],[81.0396,7.0806],[81.04007,7.08286],[81.03686,7.08356],[81.03754,7.08128],[81.03638,7.08075],[81.03405,7.08207],[81.03285,7.0846],[81.03213,7.08866],[81.03326,7.08866],[81.03468,7.08637],[81.03586,7.08615],[81.03697,7.08777],[81.03986,7.08795],[81.0394,7.08975],[81.04117,7.09025],[81.04,7.09329],[81.04134,7.09596],[81.04087,7.09718],[81.04321,7.09967],[81.04396,7.1037],[81.04118,7.10816],[81.0409,7.11125],[81.04173,7.11286],[81.03584,7.11934],[81.03406,7.12386],[81.02523,7.12242],[81.02457,7.12346],[81.02508,7.12739],[81.02259,7.12851],[81.021,7.13236],[81.01673,7.13237]]]},"properties":{"name":null,"ha":1532}},{"type":"Feature","geometry":{"type":"Polygon","coordinates":[[[80.16893,8.7507],[80.16315,8.75123],[80.16148,8.75245],[80.15559,8.7596],[80.15231,8.76787],[80.14903,8.77159],[80.14316,8.77216],[80.13547,8.77752],[80.13353,8.77683],[80.13151,8.77849],[80.12729,8.77803],[80.12437,8.77907],[80.12147,8.78085],[80.1154,8.78755],[80.111,8.7892],[80.10305,8.79016],[80.09923,8.79557],[80.097,8.7968],[80.09415,8.79491],[80.09444,8.79067],[80.09279,8.78854],[80.08241,8.78289],[80.08046,8.78289],[80.07838,8.78604],[80.07583,8.78734],[80.06793,8.78384],[80.06198,8.78287],[80.05409,8.78473],[80.04595,8.78848],[80.16893,8.7507]]]},"properties":{"name":"Periyamarippu Forest Reserve","ha":1524}},{"type":"Feature","geometry":{"type":"Polygon","coordinates":[[[80.71622,6.99466],[80.71421,6.99565],[80.71459,6.99649],[80.71331,6.99727],[80.71532,6.99804],[80.71411,7.00009],[80.71262,7.00062],[80.71168,6.99963],[80.71023,7.00053],[80.7099,7.00845],[80.70354,7.00884],[80.70392,7.01242],[80.70517,7.01326],[80.70458,7.01444],[80.70239,7.01319],[80.69952,7.01306],[80.6957,7.01631],[80.69666,7.01952],[80.69073,7.0225],[80.68984,7.02174],[80.68827,7.02247],[80.68882,7.02324],[80.68617,7.02524],[80.68655,7.02636],[80.67924,7.02854],[80.67767,7.02753],[80.67329,7.03032],[80.67183,7.02763],[80.66819,7.02688],[80.67035,7.03001],[80.66917,7.03615],[80.6762,7.03915],[80.67706,7.03832],[80.67903,7.03923],[80.68117,7.03768],[80.68437,7.04256],[80.68741,7.03843],[80.68892,7.03956],[80.68784,7.04112],[80.69041,7.0427],[80.69191,7.04244],[80.69315,7.04011],[80.69327,7.03533],[80.69092,7.03326],[80.69183,7.03234],[80.69526,7.03044],[80.69713,7.03237],[80.70075,7.03198],[80.70754,7.02925],[80.7025,7.02318],[80.70553,7.01975],[80.71259,7.01753],[80.71614,7.01844],[80.71771,7.01584],[80.72037,7.01802],[80.72384,7.01681],[80.72338,7.01152],[80.72414,7.01063],[80.72531,7.01138],[80.72674,7.01092],[80.72664,7.00801],[80.72901,7.00537],[80.72893,7.00392],[80.72647,7.00599],[80.72559,7.00538],[80.72464,7.00682],[80.72266,7.00699],[80.72375,7.00762],[80.7224,7.0088],[80.72211,7.00807],[80.72026,7.0084],[80.72021,7.00986],[80.71961,7.00827],[80.71842,7.00784],[80.71677,7.01012],[80.71553,7.00934],[80.71988,7.00319],[80.72017,7.00428],[80.72013,7.00297],[80.72079,7.0033],[80.72144,6.99451],[80.72246,6.99389],[80.72386,6.99555],[80.72355,6.99759],[80.7261,6.99714],[80.72842,7.00151],[80.72934,7.00199],[80.73153,7.00107],[80.73246,7.00279],[80.73414,7.00277],[80.73432,7.00155],[80.73573,7.00296],[80.73809,7.00025],[80.73715,6.9985],[80.74141,6.99346],[80.74532,6.99612],[80.74807,6.99344],[80.74837,6.99258],[80.74581,6.9911],[80.74682,6.98961],[80.74918,6.99074],[80.75001,6.98961],[80.74952,6.98463],[80.74638,6.98169],[80.74362,6.98148],[80.7416,6.97973],[80.74164,6.97554],[80.71622,6.99466]]]},"properties":{"name":"Kikiliyamana Forest Reserve","ha":1508}},{"type":"Feature","geometry":{"type":"Polygon","coordinates":[[[81.27768,6.73483],[81.27613,6.73469],[81.27298,6.74618],[81.2758,6.75027],[81.27501,6.75511],[81.27748,6.75696],[81.27616,6.75971],[81.27987,6.76219],[81.28005,6.76426],[81.27631,6.76578],[81.27703,6.76723],[81.27579,6.76877],[81.28024,6.77279],[81.27972,6.77667],[81.28108,6.77753],[81.27868,6.78026],[81.27852,6.78249],[81.27685,6.78296],[81.27667,6.784],[81.27361,6.7843],[81.26908,6.78107],[81.26634,6.77742],[81.26606,6.77477],[81.26746,6.77318],[81.26621,6.771],[81.26047,6.76805],[81.25946,6.76485],[81.26105,6.75667],[81.25973,6.75599],[81.26073,6.74695],[81.25908,6.74138],[81.26309,6.72619],[81.26212,6.72443],[81.26414,6.71667],[81.26277,6.71504],[81.26313,6.71194],[81.26069,6.71014],[81.26054,6.70745],[81.26894,6.69419],[81.27221,6.69353],[81.27341,6.69076],[81.27768,6.73483]]]},"properties":{"name":"Budu Gallena Forest Reserve","ha":1504}},{"type":"Feature","geometry":{"type":"Polygon","coordinates":[[[80.94311,7.32841],[80.94631,7.32792],[80.94467,7.32601],[80.94678,7.32265],[80.94452,7.32127],[80.94551,7.3205],[80.94548,7.31863],[80.94619,7.31863],[80.94892,7.3265],[80.94835,7.32703],[80.94739,7.32528],[80.94665,7.33104],[80.94949,7.3321],[80.94977,7.33021],[80.95079,7.33161],[80.95021,7.33378],[80.95464,7.33947],[80.95438,7.34288],[80.95671,7.3441],[80.95692,7.34693],[80.9603,7.34778],[80.9669,7.34289],[80.96782,7.34571],[80.96888,7.34651],[80.96955,7.34597],[80.971,7.33957],[80.9718,7.33905],[80.97097,7.33555],[80.97203,7.33301],[80.96951,7.3288],[80.97039,7.32605],[80.96948,7.32532],[80.96958,7.32027],[80.97297,7.31688],[80.97303,7.31334],[80.9704,7.30454],[80.96786,7.30391],[80.96749,7.30297],[80.96933,7.30079],[80.96965,7.29823],[80.97053,7.29851],[80.97266,7.29563],[80.97278,7.28879],[80.97533,7.2848],[80.97594,7.28444],[80.97728,7.28598],[80.98061,7.28473],[80.98181,7.28539],[80.98277,7.28435],[80.98311,7.28252],[80.98217,7.28305],[80.98181,7.28074],[80.98087,7.28154],[80.97939,7.28035],[80.9805,7.27514],[80.97938,7.27258],[80.97899,7.26736],[80.98206,7.26396],[80.98478,7.26552],[80.98561,7.26491],[80.98523,7.26736],[80.98601,7.26894],[80.98718,7.26869],[80.98815,7.26627],[80.98816,7.26194],[80.98487,7.26178],[80.98571,7.26007],[80.98515,7.258],[80.98658,7.257],[80.98384,7.25561],[80.9843,7.25376],[80.94311,7.32841]]]},"properties":{"name":null,"ha":1499}},{"type":"Feature","geometry":{"type":"Polygon","coordinates":[[[81.27173,8.24587],[81.27391,8.24296],[81.27244,8.24093],[81.27133,8.24062],[81.26814,8.24301],[81.26579,8.24108],[81.2663,8.2389],[81.26867,8.23972],[81.26966,8.23909],[81.27004,8.23642],[81.26864,8.23425],[81.26676,8.23603],[81.26544,8.23588],[81.2625,8.23055],[81.25975,8.23298],[81.25693,8.23228],[81.25831,8.2274],[81.25732,8.22518],[81.25388,8.22505],[81.25207,8.2273],[81.24964,8.22582],[81.24914,8.22079],[81.2522,8.2162],[81.25017,8.21311],[81.25185,8.21134],[81.2491,8.20864],[81.24911,8.20556],[81.24682,8.20398],[81.24655,8.20173],[81.24461,8.20202],[81.2433,8.19619],[81.24183,8.19579],[81.23895,8.19755],[81.23757,8.19628],[81.23665,8.19134],[81.23865,8.18892],[81.23948,8.18428],[81.24258,8.1828],[81.24298,8.18006],[81.24123,8.17837],[81.2374,8.17996],[81.23655,8.17875],[81.23683,8.17687],[81.23393,8.17414],[81.23399,8.17182],[81.23243,8.16932],[81.23539,8.16846],[81.23201,8.16408],[81.23398,8.16199],[81.23151,8.15974],[81.23195,8.15641],[81.23038,8.1558],[81.22957,8.15833],[81.22848,8.15892],[81.22586,8.15531],[81.22055,8.15445],[81.21912,8.15669],[81.21776,8.15675],[81.21559,8.15339],[81.21192,8.1531],[81.21093,8.14961],[81.20579,8.14825],[81.2042,8.15097],[81.20164,8.15004],[81.1957,8.15194],[81.19306,8.15165],[81.27173,8.24587]]]},"properties":{"name":null,"ha":1497}},{"type":"Feature","geometry":{"type":"Polygon","coordinates":[[[80.69081,7.77305],[80.69268,7.77051],[80.69376,7.76292],[80.69288,7.76179],[80.69331,7.76047],[80.69155,7.75895],[80.69041,7.75349],[80.68774,7.75051],[80.6878,7.74668],[80.68536,7.74193],[80.68499,7.73858],[80.68647,7.73529],[80.68479,7.73332],[80.68482,7.72966],[80.68752,7.72685],[80.69158,7.7298],[80.69487,7.72822],[80.6966,7.72839],[80.69689,7.72946],[80.69444,7.73064],[80.69379,7.73197],[80.69799,7.7314],[80.6991,7.7345],[80.69371,7.73472],[80.69652,7.73737],[80.70027,7.737],[80.70052,7.73852],[80.69757,7.73819],[80.69467,7.73909],[80.69283,7.73841],[80.69254,7.73945],[80.69677,7.74058],[80.70041,7.73985],[80.70231,7.74063],[80.69771,7.74232],[80.69297,7.74134],[80.69152,7.74215],[80.70004,7.7446],[80.70086,7.74348],[80.70512,7.74249],[80.70702,7.74052],[80.70768,7.73779],[80.70643,7.73692],[80.70441,7.73844],[80.70629,7.73416],[80.70367,7.73343],[80.70404,7.73166],[80.70188,7.73191],[80.70265,7.72789],[80.6987,7.72794],[80.69763,7.72685],[80.69788,7.72496],[80.70194,7.72265],[80.70646,7.72232],[80.7131,7.7271],[80.71327,7.7323],[80.71236,7.73492],[80.71634,7.73847],[80.71625,7.74077],[80.71324,7.74637],[80.71493,7.74819],[80.71688,7.74753],[80.71904,7.74961],[80.71977,7.7518],[80.71923,7.75315],[80.71662,7.75391],[80.71659,7.75695],[80.71977,7.7596],[80.72456,7.75874],[80.72591,7.76072],[80.72946,7.75996],[80.73369,7.76264],[80.73536,7.76174],[80.73957,7.76203],[80.7416,7.76378],[80.69081,7.77305]]]},"properties":{"name":null,"ha":1483}},{"type":"Feature","geometry":{"type":"Polygon","coordinates":[[[80.9285,8.89293],[80.92892,8.89587],[80.93182,8.89643],[80.93002,8.89914],[80.93089,8.90017],[80.93053,8.90304],[80.93137,8.90352],[80.93214,8.9023],[80.9344,8.90364],[80.93356,8.90544],[80.93471,8.90606],[80.93705,8.90403],[80.93642,8.90126],[80.93782,8.90058],[80.94031,8.90163],[80.94069,8.90312],[80.93976,8.9048],[80.94318,8.90504],[80.94176,8.90735],[80.93946,8.90857],[80.93862,8.90684],[80.93718,8.9073],[80.93712,8.90836],[80.93444,8.90869],[80.93332,8.91079],[80.9308,8.91181],[80.92954,8.91579],[80.93151,8.91505],[80.9325,8.91603],[80.93428,8.91342],[80.934,8.91473],[80.93542,8.91554],[80.94115,8.91041],[80.94462,8.90984],[80.94375,8.9124],[80.94637,8.9162],[80.94602,8.91678],[80.94307,8.91568],[80.94181,8.91726],[80.94025,8.91646],[80.93984,8.92003],[80.94653,8.92491],[80.94856,8.92277],[80.94747,8.92112],[80.94766,8.91899],[80.95041,8.92137],[80.95276,8.92025],[80.95252,8.92198],[80.95393,8.92064],[80.95374,8.91868],[80.95449,8.91965],[80.95749,8.91907],[80.95688,8.92102],[80.95764,8.92399],[80.95621,8.92226],[80.95562,8.9229],[80.95682,8.92379],[80.9535,8.92577],[80.9559,8.92766],[80.95564,8.92919],[80.95109,8.93079],[80.95221,8.93387],[80.9545,8.93398],[80.95456,8.93574],[80.95683,8.93581],[80.9582,8.93349],[80.96089,8.93274],[80.96107,8.93137],[80.9587,8.93055],[80.96093,8.92895],[80.9651,8.93322],[80.96395,8.93137],[80.96436,8.92888],[80.9663,8.92721],[80.96447,8.92371],[80.96836,8.92247],[80.96753,8.92138],[80.96882,8.91969],[80.96884,8.91788],[80.96562,8.91725],[80.96598,8.91637],[80.96502,8.91585],[80.96614,8.91532],[80.96579,8.91395],[80.96552,8.91529],[80.96408,8.91565],[80.96207,8.91469],[80.9649,8.91496],[80.96523,8.91341],[80.96657,8.91412],[80.96997,8.91256],[80.96793,8.90915],[80.96918,8.90923],[80.96898,8.90803],[80.96788,8.90596],[80.96549,8.90458],[80.9652,8.90629],[80.96621,8.90792],[80.9649,8.90829],[80.9649,8.90983],[80.964,8.9099],[80.9625,8.90678],[80.96045,8.90933],[80.95861,8.90852],[80.95683,8.90904],[80.9581,8.90767],[80.95365,8.9071],[80.95929,8.90554],[80.9605,8.90236],[80.957,8.9028],[80.95678,8.90015],[80.95612,8.90014],[80.95317,8.9009],[80.95323,8.90206],[80.95178,8.90256],[80.94846,8.89974],[80.94872,8.89781],[80.95129,8.89837],[80.95025,8.89546],[80.95139,8.89366],[80.95443,8.89678],[80.95584,8.89667],[80.95572,8.88432],[80.95307,8.88493],[80.9525,8.88865],[80.9506,8.88757],[80.95206,8.886],[80.95106,8.88446],[80.9534,8.88229],[80.95299,8.8807],[80.95443,8.87806],[80.95291,8.87819],[80.95216,8.87712],[80.95245,8.8758],[80.9509,8.87404],[80.95007,8.87038],[80.94738,8.86981],[80.94298,8.87192],[80.9285,8.89293]]]},"properties":{"name":null,"ha":1476}},{"type":"Feature","geometry":{"type":"Polygon","coordinates":[[[80.88121,9.00545],[80.88174,9.0097],[80.88025,9.01148],[80.87815,9.01186],[80.87392,9.01002],[80.87199,9.01102],[80.87074,9.00855],[80.86865,9.00902],[80.86846,9.01034],[80.86632,9.00956],[80.86422,9.01106],[80.86095,9.00812],[80.85849,9.00834],[80.85763,9.00956],[80.86165,9.01421],[80.86047,9.01624],[80.85848,9.01671],[80.85729,9.01816],[80.84758,9.00856],[80.84712,9.00136],[80.84974,9.00098],[80.84994,8.99762],[80.85676,8.99865],[80.85946,9.00061],[80.86088,9.00302],[80.86329,9.00282],[80.86523,8.99738],[80.86193,8.99343],[80.86284,8.99141],[80.86061,8.98972],[80.85953,8.98612],[80.86173,8.98489],[80.85923,8.98106],[80.86448,8.98183],[80.86712,8.98078],[80.86948,8.98252],[80.87023,8.98152],[80.86861,8.97953],[80.87237,8.97653],[80.87456,8.97849],[80.87559,8.97696],[80.86852,8.97305],[80.86883,8.96962],[80.87032,8.97039],[80.87722,8.96928],[80.88183,8.96975],[80.88651,8.97364],[80.88857,8.9815],[80.89453,8.98241],[80.89959,8.98172],[80.90049,8.98492],[80.90185,8.98596],[80.90154,8.98773],[80.90013,8.98815],[80.89944,8.99169],[80.89799,8.99303],[80.89179,8.99271],[80.8899,8.99655],[80.88799,8.99711],[80.88673,8.99899],[80.88371,8.99978],[80.8836,9.0016],[80.88121,9.00545]]]},"properties":{"name":null,"ha":1468}},{"type":"Feature","geometry":{"type":"Polygon","coordinates":[[[80.21771,8.73914],[80.21814,8.73596],[80.22346,8.73112],[80.24693,8.71258],[80.24803,8.7144],[80.24683,8.71518],[80.24896,8.71746],[80.25153,8.71745],[80.25322,8.72227],[80.25601,8.72496],[80.25532,8.72633],[80.25609,8.7298],[80.25223,8.73057],[80.25339,8.73312],[80.25541,8.73314],[80.25308,8.73909],[80.25379,8.74389],[80.25558,8.74388],[80.25711,8.74656],[80.25453,8.74715],[80.24988,8.74479],[80.24758,8.74609],[80.24999,8.75057],[80.25235,8.75029],[80.25571,8.7531],[80.2549,8.75599],[80.24756,8.75418],[80.24518,8.75856],[80.24079,8.75733],[80.2425,8.75274],[80.24209,8.74877],[80.24083,8.74811],[80.24085,8.74372],[80.23912,8.74447],[80.23843,8.74209],[80.237,8.74185],[80.23506,8.74348],[80.23691,8.74674],[80.23446,8.7479],[80.23364,8.75301],[80.23104,8.75413],[80.22696,8.75429],[80.22273,8.74754],[80.22124,8.74905],[80.2198,8.74914],[80.21682,8.74666],[80.21256,8.74703],[80.20925,8.74438],[80.20888,8.7455],[80.20747,8.74534],[80.20897,8.74866],[80.20644,8.74813],[80.202,8.75051],[80.20091,8.74858],[80.19895,8.74879],[80.19712,8.75193],[80.19881,8.75583],[80.19663,8.75607],[80.19514,8.75401],[80.19056,8.75104],[80.18995,8.75002],[80.19145,8.74924],[80.19062,8.74831],[80.21362,8.74004],[80.21543,8.73845],[80.21771,8.73914]]]},"properties":{"name":null,"ha":1467}},{"type":"Feature","geometry":{"type":"Polygon","coordinates":[[[80.54421,7.99214],[80.54589,7.9938],[80.54663,7.99666],[80.54871,7.99842],[80.54673,7.99987],[80.54396,8.00003],[80.54412,8.00334],[80.5472,8.00149],[80.54995,8.00288],[80.55151,8.00265],[80.55223,8.00074],[80.55514,8.00049],[80.55655,7.99936],[80.55613,7.99693],[80.55934,7.99352],[80.56041,7.98692],[80.56351,7.99158],[80.56529,7.99222],[80.56588,7.99399],[80.5685,7.99187],[80.5679,7.98893],[80.56909,7.98798],[80.57123,7.9881],[80.57337,7.99246],[80.57528,7.99316],[80.57266,7.99811],[80.57444,7.99941],[80.57456,8.00094],[80.57147,7.99964],[80.56969,8.0007],[80.57064,8.00412],[80.5675,8.00454],[80.56432,8.00705],[80.56314,8.01026],[80.57183,8.00776],[80.57386,8.00908],[80.57775,8.00533],[80.57944,8.00623],[80.58431,8.00247],[80.58879,8.00251],[80.59112,8.00477],[80.58696,8.00748],[80.5885,8.00831],[80.58847,8.00985],[80.58,8.01162],[80.58193,8.01501],[80.57742,8.01435],[80.57581,8.01544],[80.57694,8.01765],[80.57991,8.0193],[80.58277,8.0226],[80.58193,8.02413],[80.58063,8.02236],[80.57849,8.0226],[80.57648,8.02808],[80.57423,8.02284],[80.57236,8.02158],[80.57106,8.01775],[80.56743,8.0175],[80.56645,8.02003],[80.56859,8.02283],[80.56761,8.02495],[80.56902,8.02912],[80.56841,8.03386],[80.56633,8.03296],[80.56243,8.02578],[80.55993,8.0312],[80.55791,8.0292],[80.5544,8.03374],[80.55389,8.03093],[80.55632,8.02518],[80.55461,8.02444],[80.55517,8.02256],[80.55433,8.02058],[80.54709,8.02825],[80.5467,8.02574],[80.5452,8.02564],[80.54376,8.02684],[80.54139,8.02983],[80.5409,8.03214],[80.53813,8.03364],[80.5388,8.03488],[80.53577,8.0341],[80.53545,8.03136],[80.53691,8.02839],[80.54421,7.99214]]]},"properties":{"name":"Kala-Blalu reservation wood","ha":1467}},{"type":"Feature","geometry":{"type":"Polygon","coordinates":[[[80.54754,8.59925],[80.54561,8.60121],[80.54706,8.60239],[80.54634,8.60621],[80.55242,8.60505],[80.55043,8.60682],[80.55002,8.60966],[80.5476,8.60997],[80.54738,8.61135],[80.55123,8.61338],[80.55526,8.612],[80.55668,8.61447],[80.55719,8.61209],[80.55975,8.61118],[80.56092,8.60655],[80.56088,8.60386],[80.55896,8.60329],[80.55867,8.60109],[80.556,8.60039],[80.55854,8.59825],[80.55592,8.59689],[80.55581,8.59437],[80.55053,8.59121],[80.54581,8.59163],[80.54316,8.58884],[80.54131,8.58957],[80.54023,8.58755],[80.54065,8.5835],[80.54209,8.58125],[80.54124,8.58086],[80.54058,8.57681],[80.54116,8.57476],[80.54292,8.575],[80.54361,8.57381],[80.53904,8.57283],[80.53636,8.57452],[80.53519,8.57402],[80.53454,8.56874],[80.53633,8.56351],[80.53371,8.56438],[80.53304,8.56348],[80.52945,8.56502],[80.52921,8.55363],[80.52666,8.55296],[80.52299,8.55004],[80.52311,8.54862],[80.52518,8.54907],[80.52649,8.54418],[80.52153,8.53788],[80.52046,8.53846],[80.52026,8.54019],[80.51539,8.53926],[80.51408,8.54361],[80.51484,8.55193],[80.51125,8.55735],[80.50874,8.5573],[80.50845,8.55841],[80.51216,8.56106],[80.51053,8.56381],[80.51141,8.56617],[80.51347,8.56525],[80.51922,8.56556],[80.5205,8.57182],[80.51982,8.57253],[80.51832,8.56923],[80.51496,8.57229],[80.51498,8.57689],[80.51376,8.57946],[80.51726,8.57934],[80.51789,8.58148],[80.51879,8.5817],[80.52171,8.57884],[80.52624,8.57832],[80.5278,8.57653],[80.52888,8.57658],[80.52849,8.57853],[80.53087,8.58135],[80.53144,8.586],[80.5336,8.58913],[80.53344,8.59251],[80.53154,8.59578],[80.5349,8.60439],[80.53793,8.6045],[80.53933,8.60587],[80.54,8.60426],[80.54211,8.60555],[80.5436,8.60244],[80.54139,8.59981],[80.54484,8.6009],[80.54458,8.59863],[80.54962,8.59787],[80.54754,8.59925]]]},"properties":{"name":null,"ha":1414}},{"type":"Feature","geometry":{"type":"Polygon","coordinates":[[[81.13043,8.34443],[81.13065,8.34575],[81.12846,8.34617],[81.11985,8.34619],[81.11852,8.34501],[81.11642,8.34605],[81.10199,8.34618],[81.09869,8.34507],[81.09724,8.3422],[81.09603,8.34238],[81.0964,8.34371],[81.09321,8.34621],[81.0874,8.3464],[81.08789,8.3414],[81.08627,8.3376],[81.08795,8.3339],[81.09541,8.33026],[81.09648,8.32888],[81.10237,8.31382],[81.11009,8.31111],[81.111,8.30847],[81.11258,8.30748],[81.11956,8.30737],[81.12194,8.30903],[81.12427,8.30926],[81.12736,8.31253],[81.12506,8.31333],[81.12781,8.31391],[81.12649,8.31623],[81.12676,8.31798],[81.12569,8.31964],[81.12393,8.31997],[81.12506,8.32176],[81.1244,8.32353],[81.12238,8.32353],[81.12459,8.32678],[81.1256,8.32724],[81.12662,8.3264],[81.12748,8.32817],[81.12699,8.32944],[81.12514,8.32871],[81.12483,8.33155],[81.12364,8.33272],[81.12456,8.33693],[81.12678,8.33795],[81.12771,8.34033],[81.12977,8.34103],[81.13013,8.33912],[81.1318,8.33805],[81.1326,8.33996],[81.13413,8.34038],[81.13538,8.34345],[81.13407,8.34416],[81.13421,8.34519],[81.13267,8.34567],[81.13137,8.34304],[81.13046,8.34331],[81.13043,8.34443]]]},"properties":{"name":null,"ha":1412}},{"type":"Feature","geometry":{"type":"Polygon","coordinates":[[[80.55175,8.75034],[80.54769,8.75198],[80.54644,8.75068],[80.54408,8.75242],[80.54589,8.75478],[80.54471,8.75481],[80.5454,8.75628],[80.54835,8.75825],[80.5474,8.76],[80.54851,8.76217],[80.55175,8.76156],[80.54987,8.7623],[80.54913,8.76397],[80.54816,8.76299],[80.54595,8.76336],[80.54607,8.76612],[80.54925,8.76515],[80.54915,8.76722],[80.55148,8.77072],[80.55298,8.77014],[80.55578,8.76667],[80.55519,8.76988],[80.55759,8.76898],[80.55601,8.77245],[80.55753,8.77531],[80.55639,8.77574],[80.55474,8.77305],[80.55376,8.77322],[80.5533,8.77437],[80.55459,8.7766],[80.56023,8.7766],[80.56037,8.77578],[80.56251,8.77664],[80.57865,8.77651],[80.57971,8.77488],[80.58026,8.77566],[80.57956,8.77519],[80.57901,8.77649],[80.58163,8.77645],[80.58216,8.77322],[80.58387,8.77315],[80.5834,8.77135],[80.58504,8.77015],[80.58387,8.76662],[80.58424,8.76414],[80.57942,8.76117],[80.57706,8.75667],[80.57825,8.75331],[80.58061,8.75477],[80.58649,8.75475],[80.58412,8.75431],[80.57961,8.75005],[80.57872,8.75216],[80.57684,8.75227],[80.57524,8.74952],[80.57764,8.74801],[80.56922,8.73925],[80.56736,8.74178],[80.56625,8.74064],[80.56866,8.73868],[80.56707,8.7371],[80.5655,8.73867],[80.5641,8.73674],[80.56549,8.73559],[80.56215,8.73223],[80.56249,8.73342],[80.56133,8.73318],[80.5613,8.73423],[80.56034,8.73355],[80.55985,8.73255],[80.56109,8.73086],[80.56046,8.73023],[80.5588,8.73088],[80.55765,8.73005],[80.55627,8.73142],[80.55486,8.72974],[80.55376,8.73075],[80.5544,8.73124],[80.55276,8.73074],[80.55267,8.73155],[80.55165,8.73143],[80.55174,8.73309],[80.55259,8.73312],[80.55195,8.73701],[80.55467,8.73867],[80.55315,8.73948],[80.55391,8.74111],[80.55233,8.74105],[80.55175,8.74572],[80.55453,8.74519],[80.5555,8.7474],[80.55175,8.75034]]]},"properties":{"name":null,"ha":1411}},{"type":"Feature","geometry":{"type":"Polygon","coordinates":[[[80.85927,8.62436],[80.86122,8.62497],[80.86324,8.62373],[80.86468,8.62189],[80.86474,8.61923],[80.86554,8.61896],[80.87127,8.62571],[80.87047,8.62684],[80.87173,8.62756],[80.87531,8.63425],[80.87442,8.63491],[80.87471,8.63618],[80.87723,8.63666],[80.87879,8.63623],[80.88057,8.63334],[80.8783,8.62926],[80.87911,8.6212],[80.87783,8.61914],[80.88144,8.61878],[80.88384,8.62281],[80.88299,8.62399],[80.88395,8.62549],[80.88151,8.62416],[80.88078,8.62466],[80.88067,8.6314],[80.882,8.63059],[80.88515,8.63474],[80.88489,8.63068],[80.88577,8.63043],[80.88649,8.63233],[80.889,8.63208],[80.89101,8.63554],[80.89705,8.63321],[80.89723,8.62944],[80.89629,8.62834],[80.89692,8.62721],[80.89585,8.62628],[80.89521,8.6231],[80.8942,8.62151],[80.8905,8.62],[80.89108,8.61906],[80.88898,8.6187],[80.88981,8.61481],[80.88848,8.61115],[80.88829,8.60622],[80.88695,8.60581],[80.88653,8.6042],[80.88444,8.60461],[80.88469,8.60359],[80.88257,8.60089],[80.88441,8.59888],[80.88184,8.59533],[80.88197,8.59284],[80.8796,8.59071],[80.88102,8.58843],[80.87825,8.58464],[80.87655,8.58413],[80.87747,8.58088],[80.87611,8.57792],[80.87448,8.5935],[80.87214,8.59298],[80.8707,8.5941],[80.86755,8.59343],[80.86638,8.59405],[80.86587,8.59192],[80.86417,8.59198],[80.86406,8.59036],[80.85988,8.58732],[80.86052,8.59171],[80.86311,8.59644],[80.86198,8.59708],[80.85856,8.59288],[80.85897,8.59077],[80.85645,8.59119],[80.86084,8.60366],[80.85902,8.60843],[80.85541,8.60982],[80.85927,8.62436]]]},"properties":{"name":"Horowpothana National Park","ha":1397}},{"type":"Feature","geometry":{"type":"Polygon","coordinates":[[[80.62382,6.22291],[80.62384,6.22656],[80.62488,6.22755],[80.6263,6.22381],[80.62904,6.22496],[80.63012,6.22791],[80.6332,6.23066],[80.63244,6.23211],[80.63029,6.23084],[80.6305,6.23213],[80.63481,6.23557],[80.63655,6.24056],[80.6401,6.24341],[80.64193,6.24621],[80.64528,6.24721],[80.64535,6.24968],[80.64659,6.25144],[80.64914,6.25196],[80.64796,6.25772],[80.64678,6.25907],[80.63789,6.26277],[80.63482,6.26287],[80.63286,6.25803],[80.63162,6.25823],[80.63058,6.25615],[80.62883,6.2555],[80.62511,6.25696],[80.62211,6.26136],[80.62112,6.2611],[80.61941,6.25516],[80.62053,6.25387],[80.61835,6.24909],[80.61891,6.2472],[80.61669,6.24484],[80.61792,6.24406],[80.62057,6.24473],[80.62114,6.24202],[80.6156,6.24159],[80.61683,6.2379],[80.61527,6.23585],[80.61023,6.23915],[80.60797,6.23712],[80.60702,6.2354],[80.60983,6.23101],[80.61105,6.232],[80.6103,6.23049],[80.61191,6.22988],[80.61201,6.22707],[80.60778,6.22629],[80.60418,6.22382],[80.60464,6.2221],[80.60643,6.22073],[80.60646,6.21736],[80.6035,6.21718],[80.60315,6.21599],[80.60421,6.21481],[80.6066,6.21519],[80.60703,6.21452],[80.60609,6.21297],[80.60427,6.21265],[80.60414,6.2087],[80.60284,6.21045],[80.60295,6.21193],[80.60028,6.21226],[80.60066,6.21125],[80.59953,6.21043],[80.59942,6.20762],[80.59798,6.20599],[80.59727,6.20304],[80.60027,6.20166],[80.5996,6.1996],[80.60102,6.1989],[80.60019,6.19621],[80.62382,6.22291]]]},"properties":{"name":null,"ha":1394}},{"type":"Feature","geometry":{"type":"Polygon","coordinates":[[[80.5459,8.90495],[80.54149,8.90788],[80.53304,8.90501],[80.53224,8.90539],[80.5325,8.90671],[80.52918,8.90595],[80.52545,8.90337],[80.52606,8.89974],[80.52825,8.8988],[80.52645,8.89765],[80.52269,8.89807],[80.5197,8.89687],[80.52041,8.89451],[80.52313,8.89387],[80.52277,8.89153],[80.52616,8.89025],[80.5279,8.88751],[80.52805,8.88468],[80.52212,8.8858],[80.5206,8.88507],[80.51889,8.88114],[80.51534,8.88063],[80.51412,8.87598],[80.5156,8.87505],[80.51892,8.87619],[80.52007,8.87495],[80.52152,8.8691],[80.52025,8.86746],[80.52168,8.86634],[80.52681,8.86777],[80.5274,8.87018],[80.52884,8.87124],[80.53185,8.87035],[80.53533,8.87213],[80.5368,8.87181],[80.53809,8.86719],[80.53681,8.86401],[80.54165,8.86311],[80.54511,8.8651],[80.55384,8.87427],[80.55374,8.87853],[80.5546,8.8786],[80.55499,8.88398],[80.55333,8.88205],[80.55198,8.88213],[80.55016,8.88069],[80.55071,8.87934],[80.55229,8.87874],[80.55183,8.87761],[80.55123,8.87796],[80.54865,8.87566],[80.54674,8.87859],[80.54699,8.8815],[80.55088,8.88563],[80.54948,8.88732],[80.5519,8.88877],[80.55158,8.89087],[80.54934,8.89205],[80.54973,8.89514],[80.55248,8.89763],[80.55295,8.89939],[80.54932,8.90554],[80.5459,8.90495]]]},"properties":{"name":null,"ha":1341}},{"type":"Feature","geometry":{"type":"Polygon","coordinates":[[[81.38758,8.10273],[81.38153,8.10274],[81.37984,8.105],[81.38023,8.10854],[81.37773,8.10852],[81.37745,8.11087],[81.37892,8.11072],[81.37895,8.11222],[81.37682,8.11218],[81.37642,8.11379],[81.37466,8.11338],[81.37375,8.11636],[81.37292,8.11626],[81.36712,8.12263],[81.36985,8.12369],[81.37174,8.12239],[81.37025,8.12537],[81.36881,8.12601],[81.37166,8.12618],[81.37309,8.12454],[81.37221,8.12625],[81.37312,8.12668],[81.37186,8.12827],[81.37145,8.1273],[81.36961,8.12868],[81.36822,8.12858],[81.36818,8.12714],[81.36677,8.12771],[81.36648,8.12683],[81.36458,8.12671],[81.36551,8.12683],[81.36498,8.12891],[81.36642,8.12834],[81.36794,8.12949],[81.36733,8.12997],[81.36794,8.13127],[81.37164,8.13123],[81.36986,8.13437],[81.36715,8.13176],[81.36272,8.13364],[81.36206,8.12804],[81.3611,8.12898],[81.36121,8.13372],[81.35956,8.13047],[81.35692,8.13432],[81.35188,8.13691],[81.35323,8.14017],[81.35421,8.13947],[81.35493,8.14139],[81.35719,8.14174],[81.3573,8.14108],[81.35999,8.14206],[81.35892,8.14045],[81.35933,8.13958],[81.36335,8.13776],[81.3642,8.13635],[81.36558,8.14148],[81.36654,8.14213],[81.36837,8.14207],[81.36907,8.13975],[81.37057,8.14086],[81.37427,8.13928],[81.37777,8.14222],[81.38253,8.14013],[81.38501,8.13672],[81.39169,8.13454],[81.39291,8.1315],[81.39237,8.12801],[81.39415,8.12632],[81.39879,8.12491],[81.39732,8.12131],[81.39827,8.11712],[81.40362,8.11244],[81.40574,8.10482],[81.40447,8.1032],[81.40626,8.10274],[81.40229,8.1011],[81.39973,8.09858],[81.39781,8.09879],[81.39435,8.09681],[81.39308,8.09692],[81.39174,8.09909],[81.3893,8.09917],[81.38836,8.10107],[81.38739,8.10114],[81.38758,8.10273]]]},"properties":{"name":null,"ha":1341}},{"type":"Feature","geometry":{"type":"Polygon","coordinates":[[[79.9769,8.72219],[79.97825,8.72513],[79.97917,8.72531],[79.97998,8.72333],[79.98109,8.72418],[79.98028,8.72525],[79.98244,8.72864],[79.98405,8.72684],[79.9889,8.73246],[79.9986,8.72319],[80.00072,8.72466],[80.00169,8.72349],[80.00414,8.72495],[80.0069,8.72294],[80.00886,8.72349],[80.03253,8.70937],[80.03448,8.70317],[80.0319,8.70107],[80.01978,8.69677],[80.01847,8.69706],[80.01792,8.69993],[80.00847,8.69827],[80.00888,8.69532],[80.01201,8.69282],[80.01122,8.69155],[80.01459,8.68854],[80.01386,8.68805],[80.02373,8.67905],[80.02577,8.68067],[80.0257,8.68207],[80.0283,8.68518],[80.03441,8.67986],[80.02982,8.67566],[80.0309,8.67218],[79.9769,8.72219]]]},"properties":{"name":"Mavillu Forest Reserve","ha":1331}},{"type":"Feature","geometry":{"type":"Polygon","coordinates":[[[80.33212,8.69305],[80.33374,8.6947],[80.33791,8.69089],[80.34016,8.69366],[80.34089,8.6972],[80.34673,8.697],[80.35143,8.69432],[80.35059,8.69364],[80.34774,8.69399],[80.3463,8.69291],[80.34612,8.69153],[80.34992,8.68799],[80.35399,8.68969],[80.35386,8.69759],[80.35632,8.69792],[80.35716,8.69929],[80.35774,8.69825],[80.3561,8.6977],[80.35607,8.69683],[80.36009,8.69803],[80.36096,8.69736],[80.36679,8.70191],[80.37051,8.70246],[80.373,8.70457],[80.37336,8.70374],[80.37097,8.70205],[80.36631,8.70119],[80.36616,8.70005],[80.36772,8.69845],[80.36942,8.69908],[80.37009,8.69843],[80.37416,8.70031],[80.37425,8.69947],[80.3715,8.6985],[80.37125,8.69738],[80.36391,8.69875],[80.364,8.69663],[80.36161,8.69655],[80.36153,8.69589],[80.36368,8.6937],[80.35913,8.69489],[80.35979,8.69615],[80.35711,8.69555],[80.35684,8.69458],[80.35882,8.69362],[80.35777,8.69217],[80.35885,8.69045],[80.36169,8.68954],[80.36615,8.68504],[80.36921,8.68594],[80.36971,8.68443],[80.37423,8.68343],[80.37582,8.68712],[80.37578,8.68002],[80.37405,8.68137],[80.37302,8.68057],[80.37438,8.68266],[80.37229,8.68318],[80.3713,8.68159],[80.37179,8.67991],[80.36968,8.6809],[80.36812,8.67969],[80.37126,8.67685],[80.36987,8.67633],[80.36984,8.67514],[80.37479,8.67353],[80.37569,8.67492],[80.37614,8.67312],[80.37409,8.67377],[80.37261,8.67301],[80.37485,8.67087],[80.37453,8.67018],[80.37222,8.6721],[80.37206,8.67419],[80.37022,8.67439],[80.36945,8.67576],[80.36869,8.67448],[80.36772,8.67466],[80.36751,8.67586],[80.36587,8.67454],[80.36669,8.67928],[80.36483,8.68336],[80.3626,8.68288],[80.36296,8.67829],[80.36152,8.67809],[80.36198,8.68298],[80.36003,8.68669],[80.35297,8.68372],[80.35361,8.6847],[80.35293,8.68507],[80.34723,8.68295],[80.34609,8.67814],[80.35183,8.67353],[80.35183,8.67016],[80.35398,8.66844],[80.35527,8.66849],[80.35443,8.66781],[80.3559,8.66655],[80.3585,8.66737],[80.35778,8.66897],[80.36111,8.67162],[80.3644,8.67123],[80.36465,8.66801],[80.36218,8.66618],[80.36473,8.66184],[80.36534,8.65575],[80.36413,8.65467],[80.36245,8.65416],[80.36056,8.65546],[80.35952,8.65399],[80.35836,8.65422],[80.35712,8.65569],[80.35733,8.65785],[80.35583,8.65836],[80.3548,8.65738],[80.35146,8.65749],[80.34843,8.6593],[80.34816,8.66151],[80.34696,8.66262],[80.34271,8.66426],[80.34177,8.6622],[80.3393,8.66322],[80.33331,8.66279],[80.33216,8.66519],[80.33536,8.66709],[80.33622,8.66984],[80.33466,8.67078],[80.32698,8.66804],[80.32547,8.66642],[80.32034,8.66987],[80.32147,8.67385],[80.32741,8.68179],[80.32761,8.68437],[80.32653,8.68572],[80.33208,8.69053],[80.33212,8.69305]]]},"properties":{"name":null,"ha":1312}},{"type":"Feature","geometry":{"type":"Polygon","coordinates":[[[80.90657,6.55004],[80.90499,6.54504],[80.90684,6.54259],[80.90725,6.53975],[80.91217,6.53742],[80.91249,6.53542],[80.91451,6.5335],[80.91573,6.52775],[80.92165,6.52762],[80.92393,6.52417],[80.92388,6.521],[80.92563,6.52177],[80.92581,6.52393],[80.92862,6.52406],[80.92791,6.5209],[80.92891,6.5167],[80.92857,6.51225],[80.9226,6.51173],[80.92153,6.50756],[80.92212,6.50564],[80.92435,6.50487],[80.92595,6.50715],[80.92973,6.50664],[80.93648,6.50779],[80.93785,6.50467],[80.94394,6.50529],[80.95747,6.50227],[80.95976,6.50822],[80.96403,6.50872],[80.96386,6.51079],[80.96692,6.51249],[80.96954,6.51142],[80.90657,6.55004]]]},"properties":{"name":"Udawalawe National Park","ha":1298}},{"type":"Feature","geometry":{"type":"Polygon","coordinates":[[[80.97923,8.26299],[80.98003,8.26457],[80.98336,8.26578],[80.98375,8.2642],[80.9824,8.2612],[80.98726,8.26068],[80.98718,8.2647],[80.99282,8.26486],[80.99407,8.2677],[81.00127,8.27222],[81.01111,8.27549],[81.01518,8.2747],[81.01754,8.27191],[81.0198,8.27207],[81.02297,8.27457],[81.0257,8.27451],[81.03036,8.27028],[81.03376,8.2723],[81.03618,8.27667],[81.03844,8.27696],[81.04288,8.27585],[81.04639,8.27656],[81.05,8.27378],[81.0596,8.27333],[81.05984,8.27467],[81.05646,8.27838],[81.05835,8.27914],[81.06404,8.2787],[81.0671,8.27596],[81.06765,8.27375],[81.06951,8.27296],[81.07203,8.27332],[81.07097,8.27561],[81.07206,8.27584],[81.07253,8.27474],[81.07778,8.27255],[81.08995,8.26326],[81.09867,8.26209],[80.97923,8.26299]]]},"properties":{"name":null,"ha":1292}},{"type":"Feature","geometry":{"type":"Polygon","coordinates":[[[80.44311,6.10269],[80.43734,6.10092],[80.43508,6.09867],[80.43333,6.09275],[80.43055,6.0893],[80.43063,6.08586],[80.4249,6.08284],[80.42457,6.07998],[80.42764,6.07475],[80.42607,6.07112],[80.4265,6.06815],[80.44143,6.06441],[80.45135,6.06059],[80.45917,6.06067],[80.45946,6.06757],[80.45855,6.07054],[80.4619,6.08114],[80.46033,6.08401],[80.46008,6.08923],[80.45234,6.09395],[80.4461,6.0938],[80.44453,6.09649],[80.44636,6.09932],[80.44555,6.10164],[80.44311,6.10269]]]},"properties":{"name":null,"ha":1278}},{"type":"Feature","geometry":{"type":"Polygon","coordinates":[[[80.80885,8.01482],[80.80667,8.01493],[80.80205,8.01163],[80.79936,8.01178],[80.79611,8.01449],[80.79531,8.01711],[80.79342,8.01803],[80.79142,8.02149],[80.78385,8.02597],[80.7806,8.02553],[80.77891,8.02845],[80.77644,8.02978],[80.77441,8.02694],[80.77158,8.02738],[80.76977,8.02654],[80.76708,8.02845],[80.75981,8.02448],[80.75903,8.02225],[80.76311,8.02028],[80.76363,8.01885],[80.76043,8.01803],[80.75648,8.01898],[80.75479,8.01563],[80.75272,8.01851],[80.75039,8.0186],[80.74793,8.01706],[80.74658,8.01429],[80.74735,8.01022],[80.75042,8.01062],[80.75388,8.00949],[80.75317,8.00719],[80.74971,8.00755],[80.74758,8.00547],[80.7492,7.99971],[80.75133,7.99948],[80.75263,7.99802],[80.75544,7.99861],[80.76111,7.99576],[80.80885,8.01482]]]},"properties":{"name":null,"ha":1275}},{"type":"Feature","geometry":{"type":"Polygon","coordinates":[[[80.4444,6.17545],[80.42584,6.20127],[80.39731,6.19596],[80.40572,6.17268],[80.41773,6.16582],[80.4444,6.17545]]]},"properties":{"name":null,"ha":1260}},{"type":"Feature","geometry":{"type":"Polygon","coordinates":[[[80.4444,6.17545],[80.42584,6.20127],[80.39731,6.19596],[80.40572,6.17268],[80.41773,6.16582],[80.4444,6.17545]]]},"properties":{"name":"Dediyagala Oladola Forest Reserve","ha":1260}},{"type":"Feature","geometry":{"type":"Polygon","coordinates":[[[81.32136,8.25879],[81.32255,8.25752],[81.30098,8.20825],[81.29633,8.19331],[81.29497,8.18804],[81.29544,8.17374],[81.27731,8.14049],[81.25822,8.13037],[81.32136,8.25879]]]},"properties":{"name":null,"ha":1251}},{"type":"Feature","geometry":{"type":"Polygon","coordinates":[[[80.57049,6.9906],[80.5691,6.98919],[80.56732,6.98987],[80.56954,6.98789],[80.56956,6.98649],[80.56882,6.98711],[80.56823,6.98579],[80.56701,6.9858],[80.56688,6.98419],[80.56577,6.98566],[80.56289,6.98138],[80.5626,6.97947],[80.56429,6.97894],[80.56351,6.97775],[80.56407,6.97708],[80.5652,6.97763],[80.56494,6.97619],[80.56296,6.97672],[80.56242,6.97889],[80.56064,6.97664],[80.56103,6.97387],[80.56326,6.97413],[80.56631,6.97266],[80.56249,6.96828],[80.56367,6.96616],[80.56181,6.96495],[80.56056,6.96573],[80.55845,6.96484],[80.55989,6.96376],[80.56475,6.96329],[80.56621,6.95658],[80.56326,6.95404],[80.56257,6.95168],[80.56351,6.9506],[80.56689,6.95106],[80.56709,6.94908],[80.56923,6.94637],[80.57024,6.95038],[80.57092,6.95102],[80.57174,6.95012],[80.57014,6.94731],[80.57104,6.94664],[80.5748,6.95445],[80.57543,6.94973],[80.57791,6.95015],[80.57798,6.95336],[80.57962,6.95528],[80.58223,6.95491],[80.58254,6.95074],[80.58591,6.94978],[80.58712,6.95077],[80.58661,6.95158],[80.58303,6.95244],[80.58446,6.95508],[80.59413,6.95534],[80.60013,6.96037],[80.60039,6.96159],[80.59899,6.96337],[80.59853,6.96106],[80.59731,6.96042],[80.59625,6.96221],[80.59805,6.96618],[80.59982,6.96725],[80.5977,6.96774],[80.59655,6.96991],[80.59661,6.96705],[80.59418,6.96555],[80.59311,6.96783],[80.59347,6.9727],[80.59251,6.9734],[80.58908,6.97087],[80.58554,6.97487],[80.58592,6.98279],[80.58908,6.98463],[80.587,6.98628],[80.5859,6.98606],[80.58559,6.98987],[80.58064,6.99032],[80.5793,6.9873],[80.57808,6.98934],[80.57396,6.99053],[80.57372,6.98964],[80.57293,6.99036],[80.57225,6.98977],[80.57166,6.99102],[80.57049,6.9906]]]},"properties":{"name":"Rilagala Forest","ha":1244}},{"type":"Feature","geometry":{"type":"Polygon","coordinates":[[[81.24116,7.21719],[81.244,7.20907],[81.24725,7.20363],[81.25,7.20278],[81.2525,7.20408],[81.25613,7.20872],[81.25898,7.20918],[81.26451,7.19938],[81.26562,7.19489],[81.27,7.19416],[81.2768,7.19586],[81.2803,7.19576],[81.28302,7.19427],[81.28596,7.19101],[81.28955,7.18418],[81.29229,7.18401],[81.30389,7.18652],[81.30642,7.18967],[81.30218,7.20137],[81.30266,7.20797],[81.24116,7.21719]]]},"properties":{"name":"Forests between Dankumbura and Bulupitiya","ha":1234}},{"type":"Feature","geometry":{"type":"Polygon","coordinates":[[[81.09867,8.26209],[81.10012,8.26187],[81.10226,8.25936],[81.10512,8.26134],[81.10424,8.26334],[81.1048,8.26467],[81.10295,8.26489],[81.10338,8.26622],[81.10563,8.26671],[81.10788,8.26572],[81.10968,8.26648],[81.11222,8.26333],[81.10795,8.26942],[81.10775,8.27112],[81.10921,8.27273],[81.1102,8.27801],[81.10756,8.28251],[81.10883,8.28604],[81.11535,8.28897],[81.11533,8.29218],[81.11686,8.29306],[81.11563,8.29383],[81.11709,8.29854],[81.11615,8.30234],[81.11992,8.30315],[81.12091,8.30038],[81.12255,8.30209],[81.1231,8.30492],[81.1253,8.30426],[81.12621,8.30483],[81.12584,8.30578],[81.12757,8.30658],[81.12855,8.30584],[81.12783,8.30421],[81.1306,8.30498],[81.1324,8.30791],[81.13388,8.30851],[81.13418,8.31129],[81.13271,8.31179],[81.13373,8.3159],[81.13656,8.31932],[81.13931,8.32037],[81.13975,8.32248],[81.14175,8.32219],[81.14533,8.31194],[81.14967,8.30876],[81.14911,8.30693],[81.14708,8.30662],[81.14772,8.30496],[81.14476,8.3024],[81.14707,8.30006],[81.14887,8.29983],[81.14924,8.29706],[81.14825,8.29673],[81.1496,8.29599],[81.14948,8.29436],[81.15038,8.29464],[81.15121,8.29356],[81.09867,8.26209]]]},"properties":{"name":null,"ha":1232}},{"type":"Feature","geometry":{"type":"Polygon","coordinates":[[[80.42651,6.3761],[80.41925,6.37753],[80.41327,6.37712],[80.41096,6.37251],[80.41384,6.36903],[80.41247,6.36878],[80.41292,6.36705],[80.41099,6.36628],[80.41545,6.36639],[80.4173,6.36389],[80.42004,6.36402],[80.42219,6.36276],[80.42221,6.3578],[80.42127,6.35549],[80.42247,6.3531],[80.42796,6.35101],[80.43195,6.34662],[80.43457,6.34555],[80.43714,6.34577],[80.43899,6.34752],[80.44011,6.35178],[80.44178,6.35136],[80.44414,6.34632],[80.44345,6.34295],[80.4444,6.3395],[80.44744,6.33647],[80.45169,6.3276],[80.45676,6.32696],[80.45985,6.32529],[80.45916,6.32337],[80.4553,6.3232],[80.45319,6.32128],[80.4477,6.31975],[80.44659,6.31826],[80.44684,6.3157],[80.44423,6.31237],[80.44907,6.30904],[80.45405,6.30776],[80.45961,6.30375],[80.46317,6.3038],[80.47077,6.30196],[80.47839,6.29846],[80.42651,6.3761]]]},"properties":{"name":"Sinharaja Forest Reserve","ha":1216}},{"type":"Feature","geometry":{"type":"Polygon","coordinates":[[[81.17161,8.31236],[81.17073,8.31075],[81.17222,8.30723],[81.17072,8.30623],[81.16592,8.30613],[81.16103,8.29777],[81.16548,8.29516],[81.16901,8.28656],[81.16976,8.27669],[81.16691,8.27147],[81.16697,8.26925],[81.17151,8.26388],[81.17975,8.25935],[81.18001,8.257],[81.17853,8.25477],[81.17617,8.25451],[81.17312,8.25603],[81.1723,8.25381],[81.17645,8.25213],[81.17981,8.24709],[81.18493,8.24459],[81.18755,8.24007],[81.18701,8.23842],[81.18081,8.23425],[81.18008,8.23242],[81.18075,8.23085],[81.18657,8.22743],[81.19295,8.23196],[81.19538,8.23247],[81.19914,8.23082],[81.20279,8.22778],[81.20371,8.22076],[81.20591,8.21694],[81.20625,8.21322],[81.20396,8.20138],[81.20147,8.19708],[81.20158,8.19561],[81.20423,8.19291],[81.20533,8.19011],[81.20314,8.18352],[81.20568,8.18214],[81.21108,8.18363],[81.21346,8.18154],[81.21289,8.17778],[81.21004,8.17333],[81.21003,8.16904],[81.20895,8.1662],[81.20437,8.16047],[81.19866,8.16141],[81.19676,8.15825],[81.19235,8.1553],[81.19228,8.15232],[81.19306,8.15165],[81.17161,8.31236]]]},"properties":{"name":null,"ha":1200}},{"type":"Feature","geometry":{"type":"Polygon","coordinates":[[[81.06324,7.87893],[81.05875,7.87729],[81.057,7.87544],[81.04899,7.87255],[81.04307,7.87251],[81.03761,7.87367],[81.02493,7.87751],[81.02183,7.88675],[81.02205,7.89079],[81.02683,7.89231],[81.02832,7.88662],[81.03158,7.88568],[81.03332,7.88778],[81.03533,7.89659],[81.03669,7.89437],[81.03818,7.89519],[81.0426,7.89478],[81.04259,7.89895],[81.04116,7.89898],[81.0402,7.89703],[81.03949,7.89982],[81.03799,7.90039],[81.03806,7.90203],[81.04002,7.90203],[81.04384,7.90014],[81.04467,7.89568],[81.04685,7.89513],[81.05017,7.89628],[81.05293,7.90355],[81.06211,7.90149],[81.06393,7.90229],[81.06579,7.90516],[81.07379,7.9071],[81.06324,7.87893]]]},"properties":{"name":null,"ha":1198}},{"type":"Feature","geometry":{"type":"Polygon","coordinates":[[[81.05751,8.63189],[81.05974,8.6328],[81.06573,8.63854],[81.06812,8.63885],[81.07262,8.63837],[81.07514,8.63526],[81.07744,8.63464],[81.0785,8.63307],[81.08095,8.63321],[81.08318,8.63058],[81.08494,8.63089],[81.08692,8.63343],[81.09207,8.63267],[81.09477,8.63404],[81.09866,8.63201],[81.1015,8.63182],[81.11051,8.62857],[81.11315,8.62682],[81.11142,8.62561],[81.1107,8.62361],[81.10781,8.62059],[81.10553,8.62198],[81.10117,8.61837],[81.10275,8.61709],[81.10546,8.61837],[81.10749,8.6173],[81.1101,8.61972],[81.11232,8.62],[81.11376,8.62202],[81.11728,8.62143],[81.11799,8.61991],[81.12054,8.61847],[81.12288,8.6134],[81.12722,8.61389],[81.12898,8.61165],[81.13304,8.61191],[81.13091,8.61023],[81.13038,8.60853],[81.13128,8.60756],[81.13367,8.60804],[81.13221,8.60541],[81.13249,8.60406],[81.1363,8.60054],[81.141,8.6019],[81.14399,8.60446],[81.14648,8.60849],[81.14924,8.60774],[81.14971,8.60551],[81.15132,8.60433],[81.15237,8.60691],[81.15224,8.6103],[81.15392,8.60735],[81.1567,8.60655],[81.15685,8.60771],[81.15504,8.60884],[81.15524,8.61207],[81.16033,8.61242],[81.16073,8.6148],[81.16248,8.61482],[81.1663,8.61715],[81.16963,8.61698],[81.17357,8.61414],[81.1686,8.60607],[81.16869,8.60488],[81.17153,8.6035],[81.17392,8.60651],[81.17688,8.60497],[81.17378,8.60074],[81.17144,8.59517],[81.17134,8.59087],[81.17837,8.59288],[81.18086,8.59208],[81.1826,8.59424],[81.18376,8.59371],[81.1847,8.59024],[81.05751,8.63189]]]},"properties":{"name":null,"ha":1193}},{"type":"Feature","geometry":{"type":"Polygon","coordinates":[[[81.19717,8.09507],[81.19926,8.09713],[81.19794,8.10477],[81.20303,8.10845],[81.20378,8.10995],[81.2072,8.11143],[81.20815,8.11422],[81.21092,8.11454],[81.21537,8.11862],[81.21992,8.12057],[81.22107,8.12289],[81.21975,8.1267],[81.21989,8.13033],[81.22368,8.13457],[81.22621,8.1358],[81.23164,8.13635],[81.23515,8.13969],[81.23735,8.13781],[81.2388,8.13897],[81.24254,8.1339],[81.24668,8.1378],[81.24738,8.14031],[81.2484,8.14006],[81.24933,8.14137],[81.25206,8.14],[81.2539,8.14149],[81.2535,8.14383],[81.25176,8.14734],[81.25032,8.14827],[81.25071,8.14956],[81.24817,8.1538],[81.24687,8.16112],[81.24956,8.16542],[81.25144,8.16619],[81.25291,8.16567],[81.25445,8.16708],[81.25751,8.17203],[81.25666,8.17872],[81.25759,8.18723],[81.25659,8.18782],[81.25626,8.19037],[81.25432,8.19091],[81.25349,8.19379],[81.19717,8.09507]]]},"properties":{"name":null,"ha":1189}},{"type":"Feature","geometry":{"type":"Polygon","coordinates":[[[80.50624,6.20002],[80.50718,6.20048],[80.50779,6.20302],[80.50923,6.2012],[80.51102,6.20114],[80.5222,6.19439],[80.52419,6.19403],[80.52593,6.19589],[80.529,6.19576],[80.53866,6.19857],[80.54945,6.20939],[80.55672,6.21288],[80.55741,6.21198],[80.5614,6.2126],[80.56655,6.21195],[80.56824,6.21287],[80.57505,6.21168],[80.57798,6.21067],[80.58026,6.20639],[80.57054,6.20297],[80.57405,6.1991],[80.57369,6.19801],[80.56664,6.19827],[80.5646,6.20063],[80.56119,6.20035],[80.55988,6.19802],[80.55944,6.19316],[80.55208,6.19211],[80.55014,6.18997],[80.54819,6.18999],[80.54157,6.18526],[80.53808,6.1846],[80.53642,6.18214],[80.52736,6.18352],[80.52503,6.18272],[80.51234,6.19112],[80.5111,6.18919],[80.50863,6.18969],[80.5066,6.1942],[80.50747,6.198],[80.50624,6.20002]]]},"properties":{"name":null,"ha":1185}},{"type":"Feature","geometry":{"type":"Polygon","coordinates":[[[81.62739,7.21531],[81.62934,7.2139],[81.6302,7.21586],[81.63661,7.21454],[81.63928,7.21171],[81.64352,7.21045],[81.6461,7.20658],[81.64468,7.20345],[81.64621,7.2007],[81.64449,7.19926],[81.64447,7.19764],[81.64698,7.19674],[81.64423,7.19281],[81.64136,7.191],[81.64009,7.19191],[81.63273,7.18584],[81.62833,7.18755],[81.62758,7.18627],[81.62889,7.18444],[81.6278,7.18254],[81.62891,7.18169],[81.62614,7.18101],[81.62415,7.17901],[81.62149,7.18014],[81.61746,7.17619],[81.61417,7.17465],[81.61109,7.17601],[81.61043,7.17869],[81.60829,7.18045],[81.60546,7.18566],[81.60933,7.18596],[81.60877,7.18769],[81.60284,7.18878],[81.60416,7.19099],[81.60202,7.19267],[81.60361,7.19576],[81.60242,7.20021],[81.60354,7.20014],[81.60413,7.19801],[81.60751,7.19539],[81.60949,7.19615],[81.61064,7.19434],[81.61414,7.19324],[81.61462,7.19559],[81.61379,7.1986],[81.61211,7.20158],[81.60987,7.20273],[81.61101,7.20531],[81.6109,7.20934],[81.61319,7.21057],[81.61278,7.20763],[81.61416,7.20489],[81.61569,7.20668],[81.61674,7.20658],[81.61553,7.20333],[81.61843,7.20438],[81.61958,7.20172],[81.62511,7.20018],[81.62497,7.19901],[81.62593,7.1985],[81.626,7.20619],[81.62431,7.20688],[81.62409,7.20833],[81.62174,7.21019],[81.62317,7.21191],[81.6265,7.21204],[81.62651,7.21448],[81.62739,7.21531]]]},"properties":{"name":"Nelli Kele Forest Reserve","ha":1179}},{"type":"Feature","geometry":{"type":"Polygon","coordinates":[[[80.38052,7.97014],[80.38125,7.97242],[80.38243,7.972],[80.38203,7.97073],[80.38549,7.96964],[80.38576,7.97077],[80.38956,7.97192],[80.3911,7.96954],[80.38881,7.95872],[80.39231,7.95694],[80.39207,7.95575],[80.39012,7.95535],[80.38932,7.9495],[80.38814,7.94823],[80.38868,7.94219],[80.38992,7.94123],[80.39055,7.93622],[80.3871,7.9266],[80.38684,7.92255],[80.38515,7.92058],[80.38467,7.91609],[80.38132,7.91363],[80.38,7.91374],[80.3796,7.91535],[80.3786,7.91504],[80.37887,7.91316],[80.38044,7.91232],[80.38065,7.90805],[80.37856,7.90685],[80.37779,7.90742],[80.37814,7.90849],[80.37677,7.90872],[80.3785,7.90992],[80.37779,7.91177],[80.37582,7.91141],[80.37491,7.90992],[80.37596,7.90947],[80.37607,7.90767],[80.37438,7.90843],[80.37403,7.90688],[80.37543,7.90703],[80.37498,7.90505],[80.37309,7.90486],[80.37211,7.90567],[80.37283,7.90698],[80.37058,7.90631],[80.37002,7.91116],[80.36662,7.91388],[80.36612,7.91542],[80.36686,7.91696],[80.36619,7.91622],[80.36558,7.91762],[80.3684,7.92021],[80.36805,7.92259],[80.36902,7.92312],[80.36772,7.9231],[80.36856,7.92428],[80.36731,7.92438],[80.36951,7.92543],[80.36792,7.92634],[80.37122,7.92889],[80.37045,7.93004],[80.37197,7.93134],[80.37002,7.93183],[80.36934,7.93313],[80.37146,7.93394],[80.37313,7.93325],[80.3704,7.9349],[80.37312,7.9386],[80.37404,7.93816],[80.37507,7.93904],[80.37459,7.94111],[80.37532,7.94247],[80.37243,7.94227],[80.37218,7.9434],[80.37313,7.94527],[80.37481,7.94414],[80.37638,7.94477],[80.37835,7.94396],[80.37765,7.945],[80.37574,7.94505],[80.37561,7.94634],[80.37686,7.949],[80.37805,7.94669],[80.37887,7.94691],[80.37766,7.94839],[80.37979,7.9507],[80.38001,7.95256],[80.37953,7.95351],[80.37923,7.95206],[80.3762,7.95185],[80.37615,7.9537],[80.37805,7.95412],[80.37568,7.95417],[80.37511,7.95504],[80.3773,7.95673],[80.37564,7.95812],[80.37639,7.95884],[80.37484,7.95847],[80.37531,7.95945],[80.37429,7.96013],[80.3751,7.96156],[80.37412,7.96222],[80.37455,7.96323],[80.37587,7.96329],[80.37419,7.9647],[80.37479,7.96616],[80.37629,7.9657],[80.37561,7.96719],[80.37704,7.96882],[80.37884,7.96822],[80.37907,7.96894],[80.37748,7.96906],[80.37788,7.97032],[80.37959,7.97129],[80.38052,7.97014]]]},"properties":{"name":null,"ha":1167}},{"type":"Feature","geometry":{"type":"Polygon","coordinates":[[[81.45928,7.95087],[81.45694,7.95205],[81.44512,7.95208],[81.44441,7.95282],[81.44425,7.95217],[81.43277,7.95215],[81.42566,7.95712],[81.42833,7.95818],[81.42986,7.96045],[81.43069,7.9597],[81.43723,7.965],[81.43969,7.96547],[81.44309,7.96499],[81.44231,7.95899],[81.44434,7.95848],[81.4448,7.96254],[81.44704,7.96401],[81.44567,7.9668],[81.4483,7.96777],[81.45203,7.96383],[81.45262,7.96478],[81.45104,7.96784],[81.44889,7.96962],[81.45068,7.97219],[81.47461,7.9722],[81.4747,7.97513],[81.4772,7.9788],[81.4795,7.97727],[81.48262,7.97672],[81.48382,7.97355],[81.48609,7.97221],[81.48944,7.97183],[81.48786,7.97169],[81.48838,7.969],[81.48993,7.96809],[81.48859,7.96595],[81.48475,7.96658],[81.48483,7.96863],[81.48291,7.96782],[81.48028,7.96881],[81.48045,7.97028],[81.47849,7.97068],[81.47868,7.96869],[81.47714,7.96794],[81.47459,7.96923],[81.47462,7.96494],[81.47894,7.9631],[81.47949,7.96478],[81.48176,7.96505],[81.48456,7.96228],[81.48462,7.96091],[81.48149,7.95878],[81.47924,7.95999],[81.47845,7.95621],[81.47564,7.95563],[81.47252,7.95628],[81.46661,7.95887],[81.46682,7.95563],[81.46278,7.95798],[81.46476,7.95483],[81.46263,7.95502],[81.46204,7.9526],[81.4632,7.95096],[81.46543,7.95052],[81.46549,7.9516],[81.46778,7.95163],[81.4677,7.95235],[81.46986,7.95307],[81.47358,7.9523],[81.47422,7.95061],[81.47748,7.95131],[81.48129,7.95071],[81.48253,7.94886],[81.4807,7.94697],[81.48129,7.9448],[81.47157,7.94496],[81.46046,7.95024],[81.46084,7.95108],[81.45961,7.95162],[81.45928,7.95087]]]},"properties":{"name":null,"ha":1163}},{"type":"Feature","geometry":{"type":"Polygon","coordinates":[[[80.34217,6.23635],[80.34326,6.23495],[80.34377,6.23142],[80.34869,6.2299],[80.34918,6.22771],[80.34678,6.22602],[80.34886,6.22585],[80.3512,6.22283],[80.35307,6.22249],[80.35616,6.22451],[80.35763,6.22367],[80.3589,6.22429],[80.35966,6.22726],[80.35734,6.22882],[80.355,6.22885],[80.35446,6.22963],[80.35005,6.22753],[80.35107,6.23005],[80.35404,6.23093],[80.35717,6.22993],[80.35812,6.23065],[80.36212,6.23008],[80.36218,6.22806],[80.36368,6.22855],[80.36413,6.22645],[80.36544,6.22546],[80.36443,6.22225],[80.3651,6.22036],[80.36663,6.21961],[80.3685,6.22089],[80.36606,6.22833],[80.36772,6.22843],[80.36797,6.22953],[80.37138,6.22817],[80.3714,6.22659],[80.36949,6.22697],[80.36973,6.22555],[80.37364,6.22374],[80.36933,6.22097],[80.37082,6.2196],[80.37022,6.21763],[80.37112,6.21742],[80.37105,6.21531],[80.37232,6.21534],[80.3719,6.21427],[80.37385,6.21253],[80.37332,6.21502],[80.37412,6.21581],[80.37521,6.21367],[80.37655,6.21385],[80.38331,6.21014],[80.37802,6.20634],[80.37929,6.20181],[80.37727,6.20326],[80.37676,6.20583],[80.3742,6.20549],[80.37496,6.20267],[80.37228,6.20575],[80.36991,6.20544],[80.37256,6.20145],[80.3701,6.20126],[80.37124,6.19667],[80.36989,6.19555],[80.3676,6.19621],[80.36748,6.1943],[80.36614,6.19296],[80.36713,6.19107],[80.36553,6.19213],[80.3657,6.19098],[80.36438,6.18975],[80.36641,6.19038],[80.36587,6.18877],[80.36792,6.18825],[80.36835,6.18745],[80.36729,6.18737],[80.36828,6.18616],[80.36971,6.18614],[80.3679,6.18562],[80.36806,6.18406],[80.36928,6.18524],[80.37203,6.18224],[80.37202,6.18036],[80.37321,6.18015],[80.3735,6.18097],[80.37431,6.1797],[80.37616,6.17998],[80.37597,6.17801],[80.37711,6.17788],[80.37751,6.17659],[80.38351,6.17332],[80.38128,6.17151],[80.38242,6.16979],[80.38312,6.17018],[80.38542,6.16861],[80.38824,6.16892],[80.39156,6.16641],[80.3941,6.16666],[80.39405,6.16829],[80.39532,6.16657],[80.39662,6.1671],[80.39665,6.166],[80.39939,6.16574],[80.39714,6.16351],[80.39365,6.1648],[80.39564,6.16489],[80.39544,6.16621],[80.39051,6.16627],[80.39092,6.16559],[80.3899,6.16483],[80.39164,6.16267],[80.39367,6.16291],[80.39499,6.16154],[80.39613,6.16214],[80.39642,6.15908],[80.39927,6.15727],[80.3997,6.15443],[80.40207,6.15249],[80.40346,6.15231],[80.4036,6.15368],[80.40478,6.15411],[80.40413,6.15216],[80.40647,6.15129],[80.41025,6.15257],[80.41096,6.15409],[80.41383,6.15421],[80.41507,6.15577],[80.41382,6.15904],[80.41649,6.15965],[80.41631,6.16068],[80.41905,6.16054],[80.41789,6.1615],[80.41861,6.16441],[80.41773,6.16582],[80.34217,6.23635]]]},"properties":{"name":null,"ha":1147}},{"type":"Feature","geometry":{"type":"Polygon","coordinates":[[[81.54109,7.35617],[81.54135,7.35365],[81.54469,7.35354],[81.54898,7.35141],[81.55111,7.3515],[81.55472,7.35611],[81.55782,7.35752],[81.56864,7.36736],[81.57422,7.36906],[81.57666,7.36481],[81.5781,7.36468],[81.57872,7.36864],[81.57701,7.37183],[81.57889,7.37428],[81.58374,7.374],[81.58555,7.37121],[81.58881,7.36891],[81.58862,7.36307],[81.5855,7.36106],[81.58595,7.36021],[81.58801,7.36025],[81.58812,7.35921],[81.58518,7.3577],[81.5828,7.35223],[81.58179,7.35181],[81.57995,7.35289],[81.57855,7.35215],[81.57904,7.34808],[81.57613,7.34508],[81.57525,7.34497],[81.57454,7.34642],[81.57314,7.34606],[81.5734,7.34159],[81.57033,7.3388],[81.5702,7.33465],[81.56726,7.33413],[81.56669,7.33546],[81.56547,7.33554],[81.55877,7.32833],[81.54109,7.35617]]]},"properties":{"name":"Namal Oya Wildlife Sanctuary","ha":1135}},{"type":"Feature","geometry":{"type":"Polygon","coordinates":[[[80.54423,6.28973],[80.54518,6.29096],[80.54463,6.29356],[80.53939,6.2958],[80.54156,6.29812],[80.54119,6.30305],[80.54184,6.30853],[80.54347,6.31058],[80.54383,6.31919],[80.54587,6.32096],[80.5489,6.32642],[80.55312,6.32751],[80.56295,6.32798],[80.56446,6.33007],[80.56329,6.33255],[80.55967,6.33257],[80.55836,6.33555],[80.55638,6.33655],[80.55342,6.3357],[80.55166,6.33896],[80.54503,6.33896],[80.54115,6.33717],[80.53621,6.33257],[80.52707,6.3283],[80.52585,6.32547],[80.52308,6.32395],[80.52259,6.31433],[80.51991,6.31015],[80.52096,6.30638],[80.51913,6.29977],[80.51903,6.29546],[80.51448,6.29475],[80.51237,6.29198],[80.50967,6.29232],[80.50456,6.29027],[80.50077,6.29181],[80.5001,6.29341],[80.49761,6.29275],[80.49454,6.29614],[80.48931,6.29704],[80.48881,6.29953],[80.48671,6.30177],[80.48233,6.30203],[80.54423,6.28973]]]},"properties":{"name":"Diyadawa Forest","ha":1131}},{"type":"Feature","geometry":{"type":"Polygon","coordinates":[[[80.77237,6.77174],[80.77614,6.77236],[80.77837,6.77625],[80.77875,6.77926],[80.7826,6.78377],[80.78174,6.7853],[80.78377,6.78668],[80.78376,6.78815],[80.7857,6.78844],[80.78261,6.79008],[80.79006,6.79082],[80.79112,6.79206],[80.78973,6.79442],[80.7936,6.79495],[80.79478,6.79789],[80.79612,6.79866],[80.79595,6.79772],[80.79714,6.79892],[80.79544,6.80348],[80.80159,6.80287],[80.80188,6.80494],[80.80311,6.80394],[80.80274,6.80288],[80.80402,6.801],[80.80611,6.80274],[80.80605,6.80525],[80.80476,6.80471],[80.80527,6.80569],[80.8043,6.80562],[80.80375,6.80783],[80.80284,6.80737],[80.80129,6.81053],[80.79999,6.81041],[80.79999,6.80935],[80.79879,6.80922],[80.79831,6.80806],[80.79901,6.8102],[80.79834,6.81299],[80.79955,6.81291],[80.80009,6.81385],[80.80059,6.81286],[80.80192,6.81347],[80.80628,6.81109],[80.80604,6.81233],[80.80496,6.81219],[80.80398,6.81344],[80.8049,6.81328],[80.80516,6.81425],[80.80555,6.81315],[80.80717,6.81279],[80.80692,6.81403],[80.80403,6.81538],[80.80488,6.81717],[80.80218,6.81684],[80.80314,6.81854],[80.80226,6.82054],[80.80374,6.82058],[80.80482,6.82177],[80.8026,6.82539],[80.80289,6.82608],[80.80452,6.82495],[80.80473,6.82594],[80.80703,6.82557],[80.8076,6.82749],[80.80662,6.82822],[80.80569,6.82772],[80.80559,6.82886],[80.80697,6.8292],[80.80738,6.83051],[80.80882,6.83039],[80.80873,6.83186],[80.80993,6.83157],[80.81068,6.83375],[80.81024,6.83182],[80.81129,6.83095],[80.80961,6.83014],[80.80867,6.82711],[80.8104,6.82672],[80.80863,6.8261],[80.80784,6.82467],[80.80911,6.82405],[80.81098,6.82484],[80.80807,6.82361],[80.80858,6.82242],[80.80986,6.82273],[80.81069,6.82042],[80.81155,6.82295],[80.81675,6.82285],[80.81705,6.82135],[80.81914,6.8214],[80.82,6.81795],[80.81878,6.8177],[80.81825,6.8156],[80.82014,6.8144],[80.82104,6.8172],[80.82047,6.81771],[80.82137,6.81807],[80.82382,6.8168],[80.82133,6.81528],[80.82098,6.81403],[80.82333,6.81226],[80.82413,6.81255],[80.82511,6.81642],[80.82752,6.81476],[80.82506,6.81289],[80.82514,6.81093],[80.8223,6.81159],[80.82019,6.81057],[80.82145,6.80855],[80.82587,6.81029],[80.82733,6.81218],[80.82838,6.81089],[80.82932,6.81285],[80.831,6.81242],[80.83199,6.81062],[80.83404,6.80976],[80.83323,6.81098],[80.83612,6.80932],[80.83678,6.80797],[80.77237,6.77174]]]},"properties":{"name":null,"ha":1114}},{"type":"Feature","geometry":{"type":"Polygon","coordinates":[[[81.25054,8.20976],[81.24924,8.20854],[81.24924,8.2054],[81.24697,8.20366],[81.24668,8.20157],[81.24492,8.20191],[81.24323,8.19576],[81.24218,8.19548],[81.23897,8.19734],[81.23786,8.19642],[81.23667,8.192],[81.23896,8.18887],[81.23949,8.18462],[81.2428,8.18284],[81.24313,8.18004],[81.24125,8.17816],[81.23753,8.17984],[81.23696,8.17671],[81.23423,8.17437],[81.23418,8.17181],[81.23264,8.16938],[81.23567,8.16865],[81.23227,8.16419],[81.2339,8.16306],[81.23411,8.16165],[81.23178,8.15965],[81.23231,8.15696],[81.23139,8.15552],[81.23034,8.1555],[81.22864,8.15859],[81.22607,8.15513],[81.22061,8.15414],[81.21857,8.15658],[81.21729,8.15602],[81.2158,8.1531],[81.21197,8.15264],[81.21097,8.14938],[81.2061,8.14804],[81.20498,8.14849],[81.20413,8.15072],[81.20162,8.1496],[81.19488,8.15164],[81.19319,8.15101],[81.25054,8.20976]]]},"properties":{"name":null,"ha":1105}},{"type":"Feature","geometry":{"type":"Polygon","coordinates":[[[81.10923,7.70117],[81.10954,7.69975],[81.10636,7.69335],[81.09773,7.68866],[81.09821,7.6857],[81.09642,7.68554],[81.0976,7.68213],[81.09698,7.67915],[81.1016,7.67562],[81.1019,7.67133],[81.10355,7.66871],[81.10643,7.66771],[81.10868,7.66979],[81.10827,7.67302],[81.11177,7.67271],[81.11429,7.67507],[81.11407,7.67762],[81.11235,7.68024],[81.11276,7.6853],[81.11858,7.68921],[81.12077,7.69328],[81.11911,7.69767],[81.12131,7.69831],[81.12208,7.70035],[81.11988,7.70327],[81.11897,7.71441],[81.1177,7.71485],[81.11549,7.71903],[81.11594,7.72114],[81.11283,7.72443],[81.11223,7.72654],[81.11582,7.72816],[81.11541,7.73226],[81.11988,7.73228],[81.11587,7.73553],[81.11221,7.73572],[81.10971,7.73267],[81.1075,7.73455],[81.1049,7.73416],[81.09979,7.73944],[81.09693,7.73984],[81.09489,7.74128],[81.09415,7.73897],[81.0899,7.73613],[81.08963,7.73467],[81.09511,7.73362],[81.09863,7.73068],[81.09818,7.72907],[81.10095,7.72588],[81.10092,7.72419],[81.10442,7.72183],[81.10605,7.72198],[81.10904,7.71538],[81.10856,7.71256],[81.10979,7.70551],[81.10923,7.70117]]]},"properties":{"name":"Weeralanda Reserved Forest","ha":1101}},{"type":"Feature","geometry":{"type":"Polygon","coordinates":[[[80.30813,8.78182],[80.3058,8.78161],[80.30437,8.77876],[80.30052,8.77917],[80.29342,8.77696],[80.2973,8.77078],[80.3005,8.77221],[80.30133,8.77002],[80.30658,8.76717],[80.3104,8.76778],[80.31147,8.76642],[80.31502,8.76637],[80.3213,8.7637],[80.32179,8.76571],[80.32352,8.76626],[80.32562,8.76505],[80.32714,8.76145],[80.33306,8.75923],[80.33534,8.75992],[80.33798,8.76259],[80.34057,8.76198],[80.34042,8.76373],[80.34665,8.76229],[80.34818,8.76273],[80.34952,8.76116],[80.34872,8.7592],[80.35057,8.75905],[80.3491,8.76629],[80.34673,8.7663],[80.34641,8.7676],[80.35143,8.76947],[80.35009,8.77134],[80.34838,8.77131],[80.34795,8.77243],[80.3487,8.77311],[80.34736,8.77533],[80.34568,8.77542],[80.34502,8.7742],[80.34168,8.77488],[80.34193,8.77772],[80.34366,8.77656],[80.34591,8.77678],[80.34182,8.78165],[80.3309,8.78533],[80.32392,8.78408],[80.31937,8.78065],[80.31415,8.78203],[80.31101,8.78471],[80.30936,8.7848],[80.30813,8.78182]]]},"properties":{"name":null,"ha":1080}},{"type":"Feature","geometry":{"type":"Polygon","coordinates":[[[80.42259,6.8761],[80.42097,6.87805],[80.42133,6.87979],[80.42001,6.88236],[80.42059,6.88376],[80.42278,6.88448],[80.42147,6.88682],[80.42217,6.88808],[80.42351,6.88789],[80.42551,6.88477],[80.42927,6.88458],[80.43109,6.882],[80.43417,6.8835],[80.43476,6.88261],[80.43405,6.88047],[80.43858,6.87712],[80.43977,6.87467],[80.44141,6.8745],[80.44165,6.87344],[80.44066,6.87263],[80.44176,6.87207],[80.44189,6.87383],[80.44276,6.8737],[80.44412,6.87039],[80.44337,6.86831],[80.44419,6.86748],[80.44376,6.86667],[80.4425,6.86686],[80.44596,6.86455],[80.44417,6.86389],[80.44494,6.86219],[80.44599,6.86197],[80.44746,6.86346],[80.448,6.8648],[80.44674,6.86739],[80.44505,6.86769],[80.44403,6.8696],[80.44672,6.87046],[80.44681,6.87135],[80.44408,6.87151],[80.44476,6.87475],[80.44391,6.87532],[80.44262,6.87431],[80.44237,6.87979],[80.44524,6.87965],[80.44773,6.87821],[80.4488,6.87907],[80.44667,6.8822],[80.44489,6.88228],[80.44381,6.88356],[80.44607,6.88455],[80.45664,6.88131],[80.45602,6.88283],[80.45471,6.88275],[80.45547,6.88371],[80.45414,6.88278],[80.45399,6.88371],[80.45642,6.88412],[80.45563,6.88341],[80.45704,6.88309],[80.45817,6.88444],[80.45963,6.88308],[80.46006,6.88539],[80.46197,6.88431],[80.46106,6.88536],[80.46289,6.8865],[80.45939,6.88677],[80.45929,6.8858],[80.45793,6.8862],[80.45866,6.88546],[80.45815,6.88486],[80.45595,6.88414],[80.45164,6.88771],[80.45095,6.88764],[80.45137,6.88525],[80.45055,6.88483],[80.44764,6.88833],[80.44644,6.88773],[80.44196,6.88854],[80.44267,6.88986],[80.44173,6.89133],[80.44722,6.88984],[80.44826,6.89056],[80.44987,6.88987],[80.45061,6.89114],[80.45045,6.89324],[80.4457,6.89142],[80.44527,6.89248],[80.44157,6.89197],[80.44329,6.89565],[80.44378,6.89455],[80.44437,6.89507],[80.44519,6.9017],[80.44886,6.90138],[80.44637,6.9048],[80.44664,6.90655],[80.44915,6.90516],[80.45402,6.90632],[80.45948,6.90031],[80.46255,6.89969],[80.46426,6.90125],[80.46734,6.9017],[80.47332,6.8981],[80.47918,6.89864],[80.48699,6.8933],[80.4967,6.88917],[80.50792,6.88771],[80.42259,6.8761]]]},"properties":{"name":"Peak Wilderness Sanctuary","ha":1071}},{"type":"Feature","geometry":{"type":"Polygon","coordinates":[[[79.88983,8.0078],[79.88674,8.03271],[79.88793,8.03599],[79.90097,8.03832],[79.91747,8.03662],[79.91563,8.01936],[79.91022,8.00974],[79.90236,8.00535],[79.89936,8.00195],[79.89498,8.00169],[79.89301,8.00066],[79.89294,7.99837],[79.89104,8.00021],[79.88983,8.0078]]]},"properties":{"name":null,"ha":1062}},{"type":"Feature","geometry":{"type":"Polygon","coordinates":[[[80.459,6.7961],[80.46179,6.79433],[80.46079,6.79158],[80.46237,6.79143],[80.46151,6.791],[80.46176,6.78971],[80.46391,6.79018],[80.46424,6.79148],[80.4633,6.79228],[80.465,6.79215],[80.46443,6.79101],[80.46554,6.7879],[80.46399,6.7877],[80.46558,6.78709],[80.46416,6.78644],[80.46518,6.78612],[80.46476,6.78563],[80.46188,6.78682],[80.45769,6.78534],[80.45721,6.78391],[80.46015,6.78373],[80.45947,6.78244],[80.45719,6.78257],[80.45747,6.78028],[80.45923,6.78053],[80.45956,6.77978],[80.4583,6.77758],[80.45655,6.77797],[80.45628,6.77531],[80.45825,6.77674],[80.4601,6.77436],[80.46127,6.77423],[80.46211,6.77553],[80.46139,6.77644],[80.46231,6.77701],[80.46296,6.77556],[80.46466,6.77582],[80.46709,6.77445],[80.46933,6.77661],[80.47032,6.77554],[80.46956,6.77493],[80.47055,6.77355],[80.4717,6.77357],[80.4716,6.77264],[80.47238,6.77289],[80.4718,6.77142],[80.4731,6.7705],[80.47126,6.77015],[80.47096,6.76894],[80.47391,6.76855],[80.47506,6.76948],[80.47687,6.76739],[80.47917,6.76709],[80.47947,6.76509],[80.47856,6.76383],[80.4799,6.76361],[80.47908,6.76185],[80.48093,6.76334],[80.48287,6.7618],[80.48522,6.76225],[80.48623,6.76001],[80.48579,6.75769],[80.48816,6.75772],[80.48812,6.75917],[80.48679,6.76029],[80.48803,6.76071],[80.48875,6.75965],[80.49028,6.75956],[80.49185,6.75661],[80.495,6.75807],[80.49652,6.75783],[80.4981,6.75544],[80.50526,6.75694],[80.50492,6.75359],[80.5066,6.75225],[80.50863,6.74811],[80.50322,6.74795],[80.5003,6.74653],[80.49823,6.74663],[80.50136,6.74464],[80.49993,6.74418],[80.49853,6.74086],[80.50703,6.74286],[80.5121,6.73912],[80.51855,6.7437],[80.5187,6.7422],[80.51482,6.74013],[80.51468,6.7379],[80.51331,6.739],[80.51207,6.73833],[80.51215,6.73718],[80.51456,6.73735],[80.51623,6.73596],[80.51766,6.73736],[80.51722,6.73928],[80.52174,6.74018],[80.51982,6.74131],[80.52073,6.74191],[80.52029,6.74277],[80.52558,6.74502],[80.52651,6.74345],[80.52559,6.74206],[80.52615,6.74176],[80.53159,6.7445],[80.53477,6.74815],[80.53643,6.74848],[80.53764,6.74776],[80.53808,6.7446],[80.54004,6.74435],[80.54018,6.7433],[80.54181,6.74252],[80.54406,6.74257],[80.54426,6.73975],[80.54228,6.73458],[80.54339,6.73326],[80.54306,6.7311],[80.54486,6.73062],[80.5456,6.72913],[80.54951,6.72878],[80.5517,6.72642],[80.55342,6.7262],[80.459,6.7961]]]},"properties":{"name":"Peak Wilderness Sanctuary","ha":1044}},{"type":"Feature","geometry":{"type":"Polygon","coordinates":[[[80.71736,9.0381],[80.70921,9.04569],[80.70707,9.04528],[80.70446,9.04326],[80.70276,9.04397],[80.70456,9.04814],[80.70108,9.04658],[80.69798,9.04839],[80.69355,9.04937],[80.69563,9.04793],[80.69662,9.04463],[80.69593,9.04382],[80.6909,9.04401],[80.68972,9.04318],[80.68566,9.03387],[80.68271,9.03307],[80.68184,9.03093],[80.67885,9.02969],[80.67746,9.02747],[80.68068,9.02413],[80.67938,9.0206],[80.67948,9.0174],[80.68137,9.01534],[80.68465,9.01385],[80.68849,9.01442],[80.69022,9.01526],[80.6923,9.01978],[80.69106,9.02161],[80.69212,9.0236],[80.69655,9.02445],[80.69899,9.02291],[80.6978,9.01887],[80.69882,9.01727],[80.69818,9.01568],[80.70067,9.01598],[80.7023,9.01944],[80.70132,9.0214],[80.70281,9.02286],[80.70929,9.02111],[80.70415,9.01652],[80.70334,9.01308],[80.71368,9.01682],[80.71922,9.02136],[80.7204,9.02514],[80.71886,9.03098],[80.71649,9.03157],[80.71067,9.02795],[80.70864,9.02811],[80.70741,9.02475],[80.70355,9.02831],[80.70666,9.03464],[80.70973,9.03518],[80.71357,9.03353],[80.71736,9.0381]]]},"properties":{"name":null,"ha":1026}},{"type":"Feature","geometry":{"type":"Polygon","coordinates":[[[81.54221,7.04396],[81.54511,7.04315],[81.54722,7.04658],[81.54903,7.04697],[81.54983,7.04559],[81.54868,7.04215],[81.55048,7.04162],[81.55141,7.03897],[81.55549,7.03718],[81.55871,7.03414],[81.56348,7.03322],[81.56473,7.03394],[81.56392,7.03248],[81.56272,7.03246],[81.5611,7.02896],[81.56431,7.02866],[81.56379,7.02037],[81.56772,7.02175],[81.56605,7.01812],[81.56737,7.01755],[81.56591,7.01219],[81.56676,7.01084],[81.56624,7.00851],[81.56753,7.00685],[81.56708,7.00509],[81.56376,7.00293],[81.56024,6.99811],[81.55824,6.99806],[81.56064,7.00041],[81.56043,7.00252],[81.55692,6.99962],[81.55073,7.0007],[81.55066,7.00756],[81.54806,7.00808],[81.54578,7.01142],[81.5453,7.01631],[81.54298,7.0207],[81.54292,7.02801],[81.5413,7.03025],[81.53705,7.03228],[81.53484,7.03232],[81.53672,7.03865],[81.53975,7.04306],[81.54221,7.04396]]]},"properties":{"name":"Govindahela Forest Reserve","ha":1025}},{"type":"Feature","geometry":{"type":"Polygon","coordinates":[[[80.46317,7.78492],[80.46362,7.78211],[80.46172,7.77747],[80.45969,7.77885],[80.45705,7.77324],[80.45435,7.77274],[80.45213,7.77544],[80.45168,7.78592],[80.44932,7.78792],[80.44863,7.79],[80.44711,7.79147],[80.44593,7.79113],[80.44554,7.78983],[80.44458,7.78981],[80.44408,7.78541],[80.44333,7.78594],[80.44307,7.80012],[80.44217,7.80143],[80.44321,7.80158],[80.44318,7.80673],[80.44374,7.80803],[80.44716,7.80725],[80.44606,7.7994],[80.44818,7.79782],[80.44932,7.79852],[80.44803,7.80295],[80.44928,7.80354],[80.44805,7.80728],[80.44985,7.80834],[80.45058,7.80558],[80.45127,7.80603],[80.45119,7.81487],[80.44923,7.81458],[80.44812,7.80918],[80.44546,7.80877],[80.44479,7.81122],[80.44642,7.81664],[80.44741,7.81936],[80.45056,7.82213],[80.44977,7.82056],[80.45215,7.81904],[80.45135,7.81798],[80.45179,7.81661],[80.45454,7.8173],[80.45341,7.8178],[80.45321,7.81975],[80.4524,7.81974],[80.45296,7.82213],[80.45168,7.82192],[80.45151,7.82044],[80.45087,7.82297],[80.4571,7.82619],[80.45756,7.82976],[80.45599,7.82915],[80.45548,7.8312],[80.45745,7.83377],[80.45943,7.83409],[80.46065,7.83143],[80.46593,7.82997],[80.46683,7.82529],[80.46786,7.82455],[80.4694,7.82625],[80.47269,7.82202],[80.47281,7.82038],[80.47378,7.8208],[80.47387,7.81972],[80.47266,7.81953],[80.47404,7.81776],[80.47243,7.81713],[80.47131,7.81785],[80.47052,7.81621],[80.46921,7.81659],[80.46968,7.81492],[80.47578,7.81222],[80.47477,7.81064],[80.47202,7.80932],[80.46889,7.81049],[80.46597,7.80722],[80.46222,7.80492],[80.46205,7.80364],[80.46061,7.80492],[80.45707,7.80218],[80.45922,7.79908],[80.4572,7.79947],[80.45524,7.78711],[80.45359,7.78694],[80.45425,7.78534],[80.45567,7.78556],[80.45775,7.78428],[80.459,7.78466],[80.4591,7.78568],[80.46317,7.78492]]]},"properties":{"name":null,"ha":1022}},{"type":"Feature","geometry":{"type":"Polygon","coordinates":[[[80.46317,7.78492],[80.46362,7.78211],[80.46172,7.77747],[80.45969,7.77885],[80.45705,7.77324],[80.45435,7.77274],[80.45213,7.77544],[80.45168,7.78592],[80.44932,7.78792],[80.44863,7.79],[80.44711,7.79147],[80.44593,7.79113],[80.44554,7.78983],[80.44458,7.78981],[80.44408,7.78541],[80.44333,7.78594],[80.44307,7.80012],[80.44217,7.80143],[80.44321,7.80158],[80.44318,7.80673],[80.44374,7.80803],[80.44716,7.80725],[80.44606,7.7994],[80.44818,7.79782],[80.44932,7.79852],[80.44803,7.80295],[80.44928,7.80354],[80.44805,7.80728],[80.44985,7.80834],[80.45058,7.80558],[80.45127,7.80603],[80.45119,7.81487],[80.44923,7.81458],[80.44812,7.80918],[80.44546,7.80877],[80.44479,7.81122],[80.44642,7.81664],[80.44741,7.81936],[80.45056,7.82213],[80.44977,7.82056],[80.45215,7.81904],[80.45135,7.81798],[80.45179,7.81661],[80.45454,7.8173],[80.45341,7.8178],[80.45321,7.81975],[80.4524,7.81974],[80.45296,7.82213],[80.45168,7.82192],[80.45151,7.82044],[80.45087,7.82297],[80.4571,7.82619],[80.45756,7.82976],[80.45599,7.82915],[80.45548,7.8312],[80.45745,7.83377],[80.45943,7.83409],[80.46065,7.83143],[80.46593,7.82997],[80.46683,7.82529],[80.46786,7.82455],[80.4694,7.82625],[80.47269,7.82202],[80.47281,7.82038],[80.47378,7.8208],[80.47387,7.81972],[80.47266,7.81953],[80.47404,7.81776],[80.47243,7.81713],[80.47131,7.81785],[80.47052,7.81621],[80.46921,7.81659],[80.46968,7.81492],[80.47578,7.81222],[80.47477,7.81064],[80.47202,7.80932],[80.46889,7.81049],[80.46597,7.80722],[80.46222,7.80492],[80.46205,7.80364],[80.46061,7.80492],[80.45707,7.80218],[80.45922,7.79908],[80.4572,7.79947],[80.45524,7.78711],[80.45359,7.78694],[80.45425,7.78534],[80.45567,7.78556],[80.45775,7.78428],[80.459,7.78466],[80.4591,7.78568],[80.46317,7.78492]]]},"properties":{"name":null,"ha":1022}},{"type":"Feature","geometry":{"type":"Polygon","coordinates":[[[80.73273,6.73013],[80.72688,6.73335],[80.72787,6.73596],[80.73097,6.7363],[80.73148,6.73488],[80.7331,6.73642],[80.7349,6.73604],[80.73365,6.73428],[80.73345,6.73083],[80.73883,6.73554],[80.74074,6.73445],[80.74417,6.73627],[80.74966,6.73566],[80.75087,6.73452],[80.75127,6.73228],[80.7568,6.72878],[80.7599,6.72405],[80.76234,6.72435],[80.76379,6.72285],[80.76514,6.71793],[80.76653,6.71649],[80.76888,6.71602],[80.76797,6.71298],[80.76633,6.7123],[80.76526,6.71332],[80.76491,6.71198],[80.7636,6.71184],[80.76353,6.71036],[80.75998,6.70921],[80.75888,6.70753],[80.75723,6.70706],[80.75526,6.70793],[80.75426,6.70626],[80.75284,6.7079],[80.75326,6.70579],[80.75211,6.70587],[80.75169,6.70472],[80.75017,6.70448],[80.74959,6.70572],[80.74843,6.70527],[80.74716,6.70276],[80.74714,6.69978],[80.74648,6.70192],[80.73902,6.70194],[80.73951,6.70408],[80.74245,6.70304],[80.74195,6.70522],[80.73916,6.70738],[80.73834,6.71147],[80.73958,6.71481],[80.7363,6.71688],[80.73481,6.71664],[80.73505,6.71845],[80.73188,6.71746],[80.73023,6.71769],[80.72911,6.71905],[80.72668,6.71881],[80.73273,6.73013]]]},"properties":{"name":null,"ha":1021}},{"type":"Feature","geometry":{"type":"Polygon","coordinates":[[[80.98485,6.24689],[80.99671,6.24303],[81.00533,6.2305],[81.00864,6.22948],[81.01739,6.22944],[81.02194,6.22751],[81.02223,6.23144],[81.01906,6.23755],[81.02154,6.24657],[81.02062,6.25589],[81.01592,6.25844],[81.00857,6.26962],[81.00775,6.26929],[81.00779,6.26677],[81.00392,6.26462],[81.00458,6.26015],[81.00203,6.25944],[80.99986,6.26042],[80.99888,6.25807],[80.99477,6.25758],[80.9933,6.25597],[80.98875,6.25452],[80.98805,6.25189],[80.98543,6.25287],[80.98405,6.2513],[80.98485,6.24689]]]},"properties":{"name":"Madunagala Sanctuary","ha":1017}},{"type":"Feature","geometry":{"type":"Polygon","coordinates":[[[80.47616,7.28596],[80.47334,7.28846],[80.46734,7.29009],[80.46572,7.28966],[80.46768,7.28811],[80.46613,7.28691],[80.46316,7.28905],[80.46033,7.28819],[80.45975,7.29057],[80.45759,7.29058],[80.45744,7.29376],[80.456,7.29367],[80.45541,7.29458],[80.45798,7.29592],[80.45699,7.29817],[80.45035,7.30388],[80.4501,7.30563],[80.44685,7.3058],[80.44918,7.31045],[80.44669,7.3122],[80.44915,7.31148],[80.44981,7.31252],[80.44514,7.31412],[80.44331,7.31757],[80.4371,7.31589],[80.43399,7.31778],[80.43284,7.3205],[80.43016,7.32222],[80.4282,7.32567],[80.42993,7.32876],[80.42829,7.33152],[80.43183,7.33008],[80.43347,7.32782],[80.43661,7.32843],[80.44113,7.32476],[80.44449,7.32519],[80.44547,7.32079],[80.45121,7.31807],[80.4556,7.31665],[80.45686,7.3179],[80.46016,7.3181],[80.46051,7.31545],[80.465,7.31557],[80.46903,7.31219],[80.4719,7.31358],[80.47371,7.31321],[80.47422,7.31198],[80.47198,7.31122],[80.47294,7.30864],[80.46829,7.30657],[80.46782,7.30528],[80.46995,7.30412],[80.47098,7.30188],[80.47339,7.30165],[80.47525,7.2977],[80.47909,7.29354],[80.47594,7.29111],[80.47024,7.2928],[80.4695,7.29186],[80.47261,7.2902],[80.47812,7.29016],[80.48089,7.28421],[80.48372,7.2819],[80.48375,7.27879],[80.48612,7.27508],[80.48824,7.27495],[80.48997,7.27711],[80.49477,7.27196],[80.49375,7.27084],[80.49199,7.27085],[80.48948,7.27288],[80.48594,7.27313],[80.4838,7.27507],[80.48049,7.27476],[80.47993,7.28112],[80.47616,7.28596]]]},"properties":{"name":"Alagalla Conservation Forest","ha":1010}},{"type":"Feature","geometry":{"type":"Polygon","coordinates":[[[80.02322,8.21297],[80.02543,8.21499],[80.02647,8.21482],[80.02727,8.21646],[80.03021,8.2152],[80.03124,8.21293],[80.03314,8.21388],[80.03519,8.21031],[80.03435,8.2082],[80.03609,8.2038],[80.03752,8.20345],[80.04051,8.20669],[80.04141,8.20578],[80.04108,8.20293],[80.04235,8.20319],[80.04319,8.20189],[80.04455,8.20302],[80.04624,8.2023],[80.04562,8.19937],[80.0473,8.19946],[80.04871,8.20182],[80.05033,8.20061],[80.05172,8.20101],[80.05246,8.20046],[80.05168,8.19811],[80.05294,8.19834],[80.05511,8.19662],[80.05436,8.19578],[80.05522,8.19475],[80.0547,8.19355],[80.05235,8.19213],[80.05434,8.19155],[80.05096,8.18673],[80.04885,8.18054],[80.04484,8.17384],[80.04157,8.17238],[80.03936,8.17283],[80.03803,8.1748],[80.03716,8.17354],[80.03605,8.17511],[80.0373,8.17588],[80.03649,8.17708],[80.02926,8.17749],[80.02611,8.18137],[80.02506,8.18391],[80.0277,8.18883],[80.02469,8.19084],[80.02481,8.19233],[80.02371,8.19264],[80.02694,8.19564],[80.02393,8.19663],[80.02554,8.19861],[80.02404,8.19959],[80.02487,8.20089],[80.02381,8.20374],[80.025,8.20421],[80.02439,8.2054],[80.02498,8.2066],[80.02386,8.20759],[80.02395,8.21228],[80.02322,8.21297]]]},"properties":{"name":null,"ha":999}},{"type":"Feature","geometry":{"type":"Polygon","coordinates":[[[80.36461,8.30529],[80.36371,8.3067],[80.36611,8.30745],[80.36622,8.30947],[80.36441,8.30929],[80.36279,8.30615],[80.3606,8.30499],[80.35986,8.3103],[80.36297,8.3193],[80.36085,8.32034],[80.36069,8.32148],[80.36172,8.3217],[80.36329,8.31975],[80.36466,8.32106],[80.36484,8.32271],[80.36179,8.32428],[80.35913,8.31894],[80.3552,8.31976],[80.35435,8.31823],[80.35306,8.31965],[80.3513,8.31872],[80.34978,8.3204],[80.33324,8.3105],[80.33456,8.30804],[80.33448,8.30493],[80.33737,8.30275],[80.33584,8.3012],[80.33686,8.29987],[80.33345,8.29598],[80.33378,8.29465],[80.33506,8.29363],[80.33648,8.28897],[80.34179,8.28771],[80.3468,8.28518],[80.34857,8.28987],[80.35308,8.28819],[80.35619,8.28865],[80.3581,8.28653],[80.36181,8.2871],[80.36411,8.28619],[80.36435,8.28851],[80.36329,8.28863],[80.36136,8.29341],[80.36216,8.29583],[80.36113,8.29753],[80.36205,8.29891],[80.3647,8.2988],[80.36468,8.2999],[80.36252,8.30025],[80.36434,8.30093],[80.36435,8.30185],[80.36281,8.30249],[80.3634,8.30488],[80.36461,8.30529]]]},"properties":{"name":null,"ha":996}},{"type":"Feature","geometry":{"type":"Polygon","coordinates":[[[80.66575,9.13737],[80.65182,9.13771],[80.65317,9.13534],[80.65272,9.13162],[80.65455,9.12847],[80.65492,9.12497],[80.65233,9.12132],[80.64757,9.11775],[80.6497,9.10711],[80.65053,9.10962],[80.65209,9.11057],[80.65442,9.10978],[80.65524,9.1085],[80.65477,9.10247],[80.65364,9.10112],[80.65116,9.10144],[80.65235,9.09306],[80.65411,9.09388],[80.65755,9.09227],[80.66178,9.09565],[80.66339,9.1013],[80.6664,9.10332],[80.66787,9.10279],[80.666,9.09865],[80.67053,9.09929],[80.67102,9.10295],[80.67023,9.1054],[80.66852,9.10658],[80.67108,9.11309],[80.67791,9.11068],[80.67952,9.11447],[80.67839,9.11584],[80.67834,9.11856],[80.67627,9.11767],[80.67474,9.12214],[80.67576,9.12293],[80.67279,9.12407],[80.67144,9.12582],[80.67182,9.13057],[80.66925,9.13381],[80.66893,9.13699],[80.66575,9.13737]]]},"properties":{"name":null,"ha":990}},{"type":"Feature","geometry":{"type":"Polygon","coordinates":[[[80.96954,6.51142],[80.97261,6.51306],[80.97263,6.51552],[80.97538,6.51624],[80.97897,6.51299],[80.97974,6.51103],[80.98262,6.51015],[80.98204,6.50734],[80.98296,6.50554],[80.98466,6.50573],[80.98973,6.51013],[80.98943,6.51567],[80.99283,6.5171],[80.99465,6.51929],[80.99536,6.51814],[80.99393,6.5162],[80.997,6.51577],[80.99857,6.51261],[81.00302,6.5141],[81.00543,6.51276],[81.00666,6.50953],[81.00153,6.50687],[81.00274,6.50438],[81.00518,6.50482],[81.00627,6.50363],[81.00775,6.49778],[81.00744,6.49669],[81.00418,6.49544],[81.0041,6.49435],[81.00577,6.49376],[81.00623,6.49225],[81.01014,6.4921],[81.00883,6.48439],[81.00681,6.48222],[81.00832,6.47634],[81.0058,6.47444],[81.00675,6.47131],[80.96954,6.51142]]]},"properties":{"name":"Udawalawe National Park","ha":988}},{"type":"Feature","geometry":{"type":"Polygon","coordinates":[[[80.62329,9.04262],[80.62146,9.04705],[80.61885,9.04857],[80.61571,9.05365],[80.61126,9.05554],[80.61198,9.05889],[80.61042,9.06],[80.59184,9.06276],[80.58953,9.06157],[80.58358,9.06141],[80.58171,9.05892],[80.57993,9.05842],[80.57896,9.05635],[80.58016,9.05457],[80.58437,9.05293],[80.58758,9.04784],[80.59273,9.04537],[80.59092,9.0394],[80.59153,9.03742],[80.59496,9.03378],[80.59734,9.03279],[80.60202,9.03286],[80.60313,9.03197],[80.61444,9.03718],[80.61812,9.04009],[80.62327,9.04128],[80.62329,9.04262]]]},"properties":{"name":null,"ha":985}},{"type":"Feature","geometry":{"type":"Polygon","coordinates":[[[80.39379,8.18961],[80.39327,8.18877],[80.39619,8.18422],[80.3961,8.1829],[80.39529,8.18163],[80.39143,8.1806],[80.39104,8.17976],[80.39282,8.17673],[80.38705,8.17262],[80.38838,8.17288],[80.38907,8.17165],[80.39314,8.17373],[80.39422,8.17143],[80.39598,8.17386],[80.39713,8.17233],[80.39662,8.1708],[80.39838,8.17211],[80.39882,8.17056],[80.40059,8.17001],[80.40233,8.16709],[80.40662,8.16758],[80.41475,8.16324],[80.41764,8.16488],[80.42174,8.16352],[80.42258,8.1685],[80.4222,8.16923],[80.42082,8.16833],[80.42052,8.16986],[80.42254,8.17054],[80.42357,8.1702],[80.42421,8.16838],[80.4252,8.16863],[80.42524,8.17152],[80.42683,8.17101],[80.42756,8.17173],[80.42705,8.17364],[80.4282,8.1781],[80.4299,8.17852],[80.42948,8.18069],[80.42353,8.1829],[80.4228,8.18549],[80.42451,8.18664],[80.4228,8.18736],[80.42112,8.18647],[80.42035,8.18745],[80.42069,8.19531],[80.41383,8.19645],[80.40825,8.19539],[80.40743,8.1942],[80.40821,8.19289],[80.40773,8.18964],[80.40503,8.18877],[80.40379,8.18966],[80.40387,8.18715],[80.40018,8.18898],[80.39919,8.19063],[80.39696,8.19119],[80.39628,8.18898],[80.39469,8.19068],[80.39379,8.18961]]]},"properties":{"name":null,"ha":975}},{"type":"Feature","geometry":{"type":"Polygon","coordinates":[[[80.58094,6.26657],[80.58126,6.26534],[80.5828,6.26472],[80.58297,6.26209],[80.58429,6.26054],[80.58404,6.25946],[80.57833,6.25791],[80.57965,6.25647],[80.57873,6.25376],[80.57593,6.25443],[80.57363,6.25309],[80.5712,6.25485],[80.56775,6.25258],[80.56589,6.25292],[80.5652,6.25422],[80.56228,6.25358],[80.56315,6.25186],[80.56571,6.25243],[80.56847,6.25162],[80.56929,6.25012],[80.57061,6.25038],[80.57082,6.24731],[80.56899,6.24337],[80.5649,6.2421],[80.56526,6.24019],[80.56279,6.24109],[80.55886,6.24066],[80.55864,6.24003],[80.56019,6.23938],[80.55913,6.23804],[80.55756,6.23826],[80.55692,6.23666],[80.55273,6.23706],[80.55385,6.23483],[80.5496,6.23202],[80.54916,6.23022],[80.54705,6.22992],[80.54634,6.22884],[80.54344,6.22886],[80.53764,6.22141],[80.53329,6.22206],[80.53368,6.22463],[80.5368,6.2272],[80.5349,6.22959],[80.53727,6.23187],[80.53675,6.23242],[80.53379,6.2303],[80.53439,6.23322],[80.53663,6.23569],[80.54204,6.23739],[80.54051,6.23841],[80.54374,6.2429],[80.54283,6.24458],[80.54891,6.24914],[80.54828,6.25105],[80.55386,6.2512],[80.55578,6.2537],[80.55936,6.25303],[80.56053,6.25607],[80.55973,6.25792],[80.56447,6.26054],[80.56189,6.26545],[80.558,6.26773],[80.56189,6.27239],[80.56424,6.27302],[80.56647,6.27217],[80.56765,6.26507],[80.56885,6.26559],[80.56933,6.2634],[80.57224,6.26442],[80.57373,6.2667],[80.58094,6.26657]]]},"properties":{"name":null,"ha":966}},{"type":"Feature","geometry":{"type":"Polygon","coordinates":[[[80.55211,8.83084],[80.55355,8.83449],[80.5578,8.8331],[80.56296,8.83828],[80.56895,8.8397],[80.57675,8.84505],[80.57803,8.84875],[80.57651,8.85051],[80.57269,8.8501],[80.57114,8.84893],[80.57072,8.84695],[80.569,8.8463],[80.56798,8.84631],[80.56727,8.84775],[80.56793,8.84956],[80.56936,8.84978],[80.5704,8.85323],[80.56853,8.85383],[80.57114,8.85488],[80.5737,8.85838],[80.56941,8.85951],[80.5689,8.86126],[80.56459,8.85998],[80.56,8.85718],[80.55642,8.85657],[80.53619,8.86267],[80.53484,8.86163],[80.53471,8.85959],[80.53231,8.85802],[80.52889,8.85793],[80.52744,8.85475],[80.53111,8.84804],[80.53428,8.84875],[80.5393,8.85457],[80.54245,8.85451],[80.54322,8.85276],[80.5427,8.85136],[80.53812,8.84787],[80.53675,8.84481],[80.53766,8.84339],[80.53953,8.84335],[80.5422,8.84662],[80.5468,8.84842],[80.5474,8.84786],[80.54657,8.84099],[80.54548,8.83919],[80.547,8.83529],[80.54651,8.83318],[80.55034,8.83313],[80.55156,8.83245],[80.55104,8.83067],[80.55211,8.83084]]]},"properties":{"name":null,"ha":965}},{"type":"Feature","geometry":{"type":"Polygon","coordinates":[[[81.1271,7.87242],[81.12979,7.87235],[81.13576,7.86855],[81.13838,7.87001],[81.13878,7.86843],[81.14076,7.86996],[81.1434,7.86871],[81.14601,7.86941],[81.14889,7.86737],[81.14798,7.86486],[81.15139,7.86382],[81.15101,7.86292],[81.14955,7.86354],[81.15015,7.86083],[81.1531,7.85988],[81.15098,7.8559],[81.15291,7.85762],[81.1545,7.85698],[81.1553,7.85818],[81.15573,7.85632],[81.14331,7.85128],[81.14232,7.84985],[81.13698,7.84982],[81.13664,7.84674],[81.13478,7.84695],[81.1357,7.84982],[81.13418,7.85015],[81.13264,7.84895],[81.13328,7.84657],[81.13663,7.84473],[81.13555,7.84363],[81.13341,7.8435],[81.13172,7.84165],[81.13033,7.84287],[81.12942,7.84251],[81.13005,7.84378],[81.12925,7.84441],[81.12813,7.84321],[81.12825,7.84478],[81.12673,7.8436],[81.12489,7.84436],[81.12423,7.84369],[81.12024,7.84396],[81.11929,7.84502],[81.12354,7.84874],[81.12271,7.85072],[81.12183,7.85179],[81.11753,7.85169],[81.11664,7.85402],[81.11416,7.85581],[81.11302,7.85761],[81.11497,7.85771],[81.11532,7.86005],[81.1127,7.86136],[81.11016,7.86027],[81.11078,7.86207],[81.10986,7.85982],[81.10947,7.86053],[81.10814,7.8596],[81.10799,7.86051],[81.11007,7.86402],[81.1241,7.87146],[81.12577,7.87175],[81.12582,7.87062],[81.1271,7.87242]]]},"properties":{"name":null,"ha":958}},{"type":"Feature","geometry":{"type":"Polygon","coordinates":[[[80.80015,6.44199],[80.79902,6.44443],[80.80284,6.44868],[80.80144,6.45629],[80.80487,6.46497],[80.80357,6.47019],[80.80004,6.47562],[80.80089,6.4781],[80.79987,6.48425],[80.79558,6.49287],[80.79694,6.49556],[80.79769,6.50362],[80.79187,6.50604],[80.78639,6.50399],[80.78282,6.50513],[80.78177,6.51075],[80.77995,6.51219],[80.77752,6.51242],[80.77659,6.51475],[80.77359,6.51516],[80.80015,6.44199]]]},"properties":{"name":"Udawalawe National Park","ha":953}},{"type":"Feature","geometry":{"type":"Polygon","coordinates":[[[81.56249,7.50859],[81.55483,7.50869],[81.55584,7.50514],[81.55478,7.50173],[81.55187,7.49752],[81.54703,7.4932],[81.55839,7.4932],[81.55827,7.49135],[81.56156,7.48158],[81.58021,7.48228],[81.58032,7.48332],[81.58371,7.48354],[81.58192,7.48797],[81.58069,7.48822],[81.57951,7.49322],[81.57475,7.4932],[81.57657,7.49717],[81.57488,7.49703],[81.57389,7.50022],[81.57084,7.50071],[81.57174,7.50136],[81.5714,7.50302],[81.57252,7.50188],[81.57531,7.50164],[81.57519,7.50289],[81.5769,7.5016],[81.57727,7.50261],[81.57539,7.50701],[81.57189,7.5069],[81.57199,7.51012],[81.5739,7.5091],[81.57561,7.50907],[81.57575,7.5098],[81.57115,7.51578],[81.57365,7.5155],[81.57524,7.51408],[81.57562,7.51712],[81.57051,7.52084],[81.56604,7.51916],[81.56088,7.5199],[81.55428,7.51878],[81.55419,7.5159],[81.558,7.5115],[81.56249,7.50966],[81.56249,7.50859]]]},"properties":{"name":null,"ha":933}},{"type":"Feature","geometry":{"type":"Polygon","coordinates":[[[80.71979,9.02061],[80.71426,9.01662],[80.70415,9.01299],[80.70257,9.01149],[80.70013,9.01177],[80.6983,9.0102],[80.69778,9.01067],[80.69708,9.01014],[80.69787,9.00896],[80.69877,9.00851],[80.69881,9.0099],[80.70001,9.01091],[80.70179,9.01082],[80.70178,9.00883],[80.70061,9.00951],[80.69992,9.0085],[80.70062,9.00668],[80.7099,8.99816],[80.71244,8.9939],[80.716,8.99404],[80.72012,8.99119],[80.72518,8.98963],[80.73195,8.99204],[80.73414,8.99058],[80.73575,8.99203],[80.73673,8.99489],[80.7367,8.9929],[80.73865,8.99424],[80.73863,8.99292],[80.74084,8.99322],[80.74116,8.99398],[80.73801,8.99675],[80.73925,8.99911],[80.73857,9.00103],[80.73717,9.00166],[80.73768,9.00362],[80.73535,9.00465],[80.73661,9.007],[80.73426,9.00856],[80.73427,9.01035],[80.73218,9.01293],[80.73215,9.01636],[80.72921,9.01968],[80.72902,9.02128],[80.72671,9.02182],[80.72182,9.02013],[80.72588,9.02046],[80.72734,9.01875],[80.72669,9.01726],[80.72363,9.01599],[80.72307,9.01051],[80.72205,9.01005],[80.72068,9.01034],[80.71986,9.01174],[80.72108,9.01847],[80.71979,9.02061]]]},"properties":{"name":null,"ha":924}},{"type":"Feature","geometry":{"type":"Polygon","coordinates":[[[81.19797,7.70947],[81.19881,7.71058],[81.19776,7.71084],[81.19498,7.70847],[81.1927,7.70306],[81.19079,7.70292],[81.19028,7.70028],[81.18567,7.69214],[81.1863,7.68636],[81.18438,7.68458],[81.18571,7.68346],[81.18759,7.68359],[81.19052,7.67712],[81.18892,7.67676],[81.18878,7.67866],[81.1866,7.67802],[81.18777,7.6799],[81.18627,7.67955],[81.18648,7.68112],[81.18363,7.68248],[81.18275,7.67954],[81.18444,7.67882],[81.18666,7.6758],[81.1855,7.67488],[81.18394,7.67526],[81.18137,7.68033],[81.18207,7.68357],[81.18063,7.68246],[81.17899,7.67847],[81.1821,7.67684],[81.18568,7.67044],[81.19328,7.66629],[81.19466,7.66457],[81.19755,7.66665],[81.19891,7.66458],[81.20002,7.66542],[81.20007,7.66302],[81.21112,7.65262],[81.19797,7.70947]]]},"properties":{"name":null,"ha":910}},{"type":"Feature","geometry":{"type":"Polygon","coordinates":[[[81.15774,8.29078],[81.16058,8.28991],[81.16136,8.28826],[81.16047,8.28556],[81.15871,8.28422],[81.15918,8.28156],[81.15675,8.2692],[81.16273,8.26225],[81.16526,8.25518],[81.16318,8.25136],[81.15734,8.24633],[81.14947,8.2451],[81.14351,8.24578],[81.13991,8.24744],[81.1376,8.25008],[81.13653,8.26122],[81.15774,8.29078]]]},"properties":{"name":null,"ha":902}},{"type":"Feature","geometry":{"type":"Polygon","coordinates":[[[80.93661,8.1851],[80.93524,8.18553],[80.93683,8.18756],[80.93631,8.19062],[80.93511,8.19079],[80.93443,8.19316],[80.93202,8.19418],[80.93254,8.19656],[80.92756,8.19775],[80.92344,8.19452],[80.92378,8.19248],[80.92138,8.19146],[80.92035,8.19316],[80.91915,8.19096],[80.91949,8.18705],[80.92189,8.18535],[80.92069,8.18467],[80.92155,8.1794],[80.92344,8.17532],[80.92086,8.17549],[80.92189,8.17719],[80.92138,8.17821],[80.91898,8.17906],[80.91846,8.17787],[80.91623,8.17923],[80.91468,8.18161],[80.91348,8.18127],[80.91383,8.17634],[80.9128,8.17634],[80.91125,8.17906],[80.90988,8.17906],[80.90919,8.17566],[80.91022,8.17175],[80.90473,8.17142],[80.90473,8.1704],[80.90765,8.17006],[80.90919,8.1687],[80.91383,8.16887],[80.91245,8.16734],[80.91228,8.16513],[80.91451,8.16292],[80.91331,8.16156],[80.91194,8.16309],[80.90936,8.16275],[80.91022,8.15901],[80.9085,8.15867],[80.9085,8.15969],[80.90627,8.15986],[80.90483,8.15821],[80.90308,8.16033],[80.90181,8.15855],[80.90038,8.15965],[80.9026,8.15369],[80.90127,8.15358],[80.89856,8.14995],[80.9061,8.15017],[80.90429,8.14748],[80.90177,8.14666],[80.90201,8.14595],[80.90555,8.14365],[80.90706,8.14142],[80.91083,8.14113],[80.91296,8.13943],[80.91144,8.13907],[80.90987,8.14061],[80.90855,8.13908],[80.90353,8.13947],[80.90514,8.13706],[80.90394,8.13482],[80.9049,8.13352],[80.90945,8.13327],[80.90988,8.13207],[80.91238,8.13116],[80.90991,8.1311],[80.90871,8.12905],[80.90617,8.13146],[80.9044,8.12997],[80.90212,8.13044],[80.90214,8.12736],[80.90073,8.12461],[80.89728,8.12285],[80.93661,8.1851]]]},"properties":{"name":null,"ha":902}},{"type":"Feature","geometry":{"type":"Polygon","coordinates":[[[81.24989,6.58629],[81.2507,6.58623],[81.25136,6.58402],[81.25428,6.58391],[81.25299,6.58146],[81.25445,6.57743],[81.25596,6.57675],[81.25463,6.57381],[81.25692,6.57144],[81.25669,6.5701],[81.25853,6.56965],[81.25765,6.56743],[81.25922,6.56605],[81.25838,6.56407],[81.26083,6.56104],[81.26149,6.563],[81.26085,6.56426],[81.26374,6.56598],[81.26132,6.56767],[81.26349,6.56839],[81.26289,6.57031],[81.26362,6.57001],[81.26409,6.57165],[81.26222,6.57295],[81.2637,6.57379],[81.26162,6.5766],[81.26179,6.58169],[81.2645,6.58199],[81.26529,6.57792],[81.2675,6.5788],[81.26647,6.57637],[81.26874,6.57596],[81.26838,6.57332],[81.26943,6.57468],[81.27102,6.57466],[81.2711,6.57585],[81.27443,6.57568],[81.27512,6.57679],[81.27437,6.57856],[81.2763,6.57869],[81.27713,6.57769],[81.2764,6.57466],[81.27456,6.57253],[81.27505,6.56982],[81.27218,6.57144],[81.26943,6.56826],[81.26967,6.56744],[81.27236,6.56722],[81.27191,6.56589],[81.27364,6.56468],[81.26998,6.56299],[81.2724,6.5606],[81.27324,6.5611],[81.27306,6.55909],[81.27043,6.55829],[81.26948,6.55899],[81.26872,6.55815],[81.27316,6.55716],[81.27356,6.55622],[81.27476,6.55674],[81.27374,6.55551],[81.27419,6.55401],[81.27203,6.5534],[81.27065,6.5544],[81.26938,6.5531],[81.27201,6.55164],[81.27241,6.55046],[81.27512,6.55134],[81.27499,6.55029],[81.27598,6.5497],[81.2755,6.54882],[81.27662,6.54833],[81.27651,6.54531],[81.27417,6.5436],[81.27285,6.54421],[81.27125,6.54352],[81.27274,6.54122],[81.27115,6.54046],[81.26898,6.54139],[81.26921,6.54028],[81.26683,6.54017],[81.26774,6.53915],[81.26672,6.53827],[81.2554,6.53595],[81.24989,6.58629]]]},"properties":{"name":"Yala Forest Cover","ha":898}},{"type":"Feature","geometry":{"type":"Polygon","coordinates":[[[81.37466,8.18444],[81.37239,8.18453],[81.37251,8.1818],[81.37129,8.18107],[81.37003,8.18181],[81.36702,8.18119],[81.36771,8.18868],[81.36512,8.18973],[81.36466,8.1891],[81.358,8.18974],[81.35283,8.18258],[81.35099,8.17462],[81.35184,8.17198],[81.35352,8.17122],[81.35893,8.15944],[81.36445,8.15463],[81.36644,8.14762],[81.36876,8.14595],[81.37536,8.14813],[81.37849,8.14748],[81.37914,8.14836],[81.37907,8.15087],[81.37639,8.15383],[81.37455,8.15956],[81.37394,8.165],[81.3773,8.17615],[81.37678,8.17807],[81.37496,8.17944],[81.37466,8.18444]]]},"properties":{"name":null,"ha":896}},{"type":"Feature","geometry":{"type":"Polygon","coordinates":[[[80.58563,7.57684],[80.57615,7.57022],[80.57535,7.56791],[80.57706,7.56607],[80.5756,7.56485],[80.5675,7.57094],[80.56608,7.57108],[80.5679,7.5687],[80.56848,7.56532],[80.56223,7.5669],[80.56172,7.57108],[80.56645,7.57637],[80.56993,7.57583],[80.57092,7.57645],[80.56765,7.58664],[80.56373,7.59324],[80.56296,7.60027],[80.56507,7.59548],[80.5663,7.60165],[80.56872,7.60103],[80.56964,7.60231],[80.56748,7.60608],[80.56723,7.60832],[80.56872,7.60898],[80.56959,7.61295],[80.57853,7.61708],[80.58326,7.61764],[80.58377,7.62125],[80.58598,7.61896],[80.58593,7.61173],[80.58804,7.60501],[80.58567,7.60144],[80.5884,7.59966],[80.58896,7.59706],[80.58357,7.59054],[80.57905,7.59258],[80.57668,7.5964],[80.57524,7.59396],[80.57113,7.59396],[80.56897,7.59543],[80.56867,7.59339],[80.57252,7.58805],[80.57555,7.58917],[80.57386,7.58463],[80.57427,7.57944],[80.57689,7.57801],[80.58038,7.57781],[80.58254,7.57796],[80.5865,7.5801],[80.58732,7.57908],[80.58563,7.57684]]]},"properties":{"name":null,"ha":890}},{"type":"Feature","geometry":{"type":"Polygon","coordinates":[[[80.56811,8.60377],[80.56918,8.60623],[80.57135,8.60565],[80.57259,8.60712],[80.57534,8.60701],[80.5774,8.60918],[80.5798,8.60943],[80.58161,8.60845],[80.58255,8.60869],[80.5824,8.60954],[80.58336,8.60799],[80.5854,8.60767],[80.58468,8.60928],[80.5879,8.60978],[80.58773,8.60853],[80.58907,8.60795],[80.58947,8.60888],[80.59092,8.60771],[80.58978,8.60546],[80.59328,8.59757],[80.58602,8.59725],[80.58527,8.59578],[80.58732,8.59154],[80.58624,8.58976],[80.58834,8.58833],[80.58592,8.58744],[80.58588,8.58414],[80.58268,8.58201],[80.58259,8.58053],[80.58412,8.5794],[80.58303,8.5786],[80.57894,8.579],[80.57734,8.57799],[80.57859,8.5764],[80.57751,8.57416],[80.576,8.57363],[80.57437,8.57112],[80.57462,8.56969],[80.57358,8.56815],[80.57171,8.56774],[80.571,8.56563],[80.56862,8.56817],[80.56942,8.56923],[80.56847,8.57021],[80.5677,8.56944],[80.56711,8.57003],[80.56712,8.57232],[80.56811,8.57408],[80.56888,8.57351],[80.56955,8.57728],[80.56604,8.57582],[80.56468,8.57712],[80.56558,8.5784],[80.56418,8.57897],[80.56827,8.58553],[80.56619,8.58598],[80.56258,8.5818],[80.56203,8.58338],[80.56271,8.58554],[80.56181,8.58641],[80.56383,8.58688],[80.56714,8.58978],[80.57074,8.59069],[80.5697,8.5916],[80.57212,8.59596],[80.57096,8.59698],[80.56635,8.59323],[80.56505,8.59359],[80.56515,8.59473],[80.56277,8.59674],[80.56533,8.60249],[80.56465,8.60402],[80.56811,8.60377]]]},"properties":{"name":null,"ha":887}},{"type":"Feature","geometry":{"type":"Polygon","coordinates":[[[81.59697,7.1193],[81.60075,7.122],[81.60976,7.12456],[81.61753,7.12528],[81.62182,7.12384],[81.61838,7.1178],[81.62146,7.11456],[81.62261,7.11884],[81.62395,7.11988],[81.62609,7.11843],[81.62613,7.12209],[81.63026,7.12456],[81.63551,7.12364],[81.63921,7.12486],[81.63646,7.1276],[81.63279,7.1295],[81.62839,7.12965],[81.62593,7.12788],[81.62225,7.12757],[81.61598,7.12977],[81.61412,7.13461],[81.60767,7.13867],[81.60272,7.13769],[81.59995,7.13855],[81.58516,7.13928],[81.57715,7.13623],[81.57593,7.13336],[81.57761,7.13156],[81.5778,7.13316],[81.57957,7.13362],[81.58035,7.13037],[81.58131,7.13016],[81.58104,7.12704],[81.58213,7.12645],[81.58475,7.12571],[81.58778,7.12695],[81.58831,7.12356],[81.58652,7.1229],[81.58544,7.12107],[81.58548,7.11766],[81.58666,7.11636],[81.59153,7.11611],[81.59291,7.11839],[81.59574,7.11833],[81.59697,7.1193]]]},"properties":{"name":null,"ha":880}},{"type":"Feature","geometry":{"type":"Polygon","coordinates":[[[80.04346,8.67473],[80.05531,8.63699],[80.05394,8.61019],[80.05268,8.60567],[80.05168,8.59392],[80.05219,8.56988],[80.05042,8.54941],[80.05004,8.52498],[80.04346,8.67473]]]},"properties":{"name":"Wilpattu Forest Cover","ha":879}},{"type":"Feature","geometry":{"type":"Polygon","coordinates":[[[80.04346,8.67473],[80.05531,8.63699],[80.05394,8.61019],[80.05268,8.60567],[80.05168,8.59392],[80.05219,8.56988],[80.05042,8.54941],[80.05004,8.52498],[80.04346,8.67473]]]},"properties":{"name":"Veppal Reserved Forest","ha":879}},{"type":"Feature","geometry":{"type":"Polygon","coordinates":[[[81.12735,8.35724],[81.12941,8.35913],[81.12708,8.36035],[81.12733,8.36178],[81.12904,8.36115],[81.13224,8.36443],[81.13147,8.3656],[81.13206,8.36708],[81.13076,8.36856],[81.13119,8.36956],[81.13285,8.36808],[81.13332,8.36906],[81.13524,8.36894],[81.13305,8.37076],[81.13233,8.37204],[81.13291,8.37263],[81.1318,8.37364],[81.13376,8.37544],[81.13234,8.37636],[81.13152,8.37568],[81.13387,8.37993],[81.13378,8.37833],[81.1352,8.37699],[81.13667,8.37765],[81.13638,8.37549],[81.138,8.37564],[81.1374,8.374],[81.13631,8.37414],[81.13751,8.37301],[81.13974,8.37429],[81.14007,8.37572],[81.14414,8.37688],[81.14654,8.38017],[81.15008,8.38164],[81.14917,8.37934],[81.14714,8.37811],[81.14697,8.37604],[81.1496,8.37566],[81.15272,8.37854],[81.15526,8.37939],[81.15619,8.37818],[81.15751,8.37832],[81.15707,8.37983],[81.15802,8.38003],[81.16111,8.37693],[81.16045,8.37575],[81.16149,8.37541],[81.16136,8.37385],[81.15708,8.3747],[81.15591,8.37627],[81.15435,8.37587],[81.15426,8.37283],[81.15299,8.37267],[81.15413,8.36986],[81.15209,8.36733],[81.15129,8.36355],[81.14942,8.36216],[81.14754,8.36331],[81.1447,8.3611],[81.14412,8.35698],[81.14229,8.35735],[81.14083,8.35632],[81.1406,8.35421],[81.13358,8.34935],[81.13267,8.34769],[81.1314,8.3476],[81.13141,8.34969],[81.13011,8.34891],[81.12465,8.35053],[81.12362,8.34942],[81.12289,8.3505],[81.12567,8.35218],[81.12463,8.35274],[81.12037,8.35005],[81.11571,8.35196],[81.10951,8.35186],[81.10737,8.35041],[81.10647,8.34816],[81.09977,8.34961],[81.09934,8.35147],[81.10065,8.35264],[81.09979,8.35602],[81.10153,8.35693],[81.1049,8.35515],[81.10651,8.35544],[81.10943,8.36045],[81.11205,8.36084],[81.11346,8.36007],[81.112,8.35637],[81.1139,8.35863],[81.11652,8.35926],[81.11751,8.35888],[81.11672,8.35601],[81.11853,8.35849],[81.12038,8.35666],[81.12062,8.35779],[81.1187,8.35884],[81.12153,8.36192],[81.12249,8.36046],[81.12558,8.36195],[81.12536,8.35898],[81.12386,8.35867],[81.12408,8.35718],[81.1265,8.35598],[81.12735,8.35724]]]},"properties":{"name":null,"ha":873}},{"type":"Feature","geometry":{"type":"Polygon","coordinates":[[[80.69942,9.25095],[80.69816,9.24949],[80.69903,9.24782],[80.69857,9.24626],[80.6953,9.24502],[80.69296,9.24914],[80.69006,9.24965],[80.69148,9.25844],[80.69098,9.28827],[80.69376,9.29983],[80.7007,9.29878],[80.70253,9.30048],[80.70203,9.30145],[80.7034,9.30156],[80.70425,9.3028],[80.70607,9.2969],[80.71185,9.2906],[80.71223,9.28865],[80.70919,9.28431],[80.70995,9.28169],[80.70844,9.27807],[80.70747,9.27728],[80.70628,9.27842],[80.70292,9.2775],[80.70306,9.27525],[80.69817,9.27395],[80.70547,9.27356],[80.70645,9.27223],[80.70593,9.27104],[80.7086,9.26982],[80.70804,9.26822],[80.70355,9.268],[80.69759,9.26953],[80.69653,9.26808],[80.69413,9.26883],[80.6945,9.26724],[80.70156,9.26716],[80.70343,9.26523],[80.69995,9.25518],[80.69715,9.25572],[80.7,9.25189],[80.69942,9.25095]]]},"properties":{"name":null,"ha":873}},{"type":"Feature","geometry":{"type":"Polygon","coordinates":[[[81.36306,7.8399],[81.3554,7.83711],[81.35534,7.83522],[81.35786,7.8299],[81.39532,7.82148],[81.39869,7.82093],[81.39959,7.82215],[81.40013,7.82044],[81.40891,7.81878],[81.40875,7.82963],[81.40781,7.82867],[81.40482,7.83014],[81.40699,7.83244],[81.40693,7.83356],[81.4087,7.83461],[81.40761,7.83501],[81.40765,7.83772],[81.40672,7.83849],[81.40601,7.83744],[81.40175,7.83727],[81.3993,7.83878],[81.3988,7.84059],[81.39768,7.83956],[81.39044,7.84188],[81.39432,7.84006],[81.39346,7.83911],[81.39489,7.83812],[81.39447,7.83747],[81.39257,7.83907],[81.38887,7.8392],[81.38826,7.83827],[81.38606,7.84037],[81.38463,7.83816],[81.38346,7.838],[81.38217,7.83256],[81.3833,7.82857],[81.38238,7.8266],[81.38244,7.82837],[81.38109,7.82859],[81.38224,7.83185],[81.38091,7.83539],[81.37628,7.8328],[81.37572,7.83047],[81.37216,7.8331],[81.37034,7.83263],[81.36924,7.83499],[81.36961,7.83582],[81.37536,7.834],[81.37959,7.83758],[81.38074,7.84038],[81.37538,7.83957],[81.37048,7.8412],[81.36306,7.8399]]]},"properties":{"name":null,"ha":873}},{"type":"Feature","geometry":{"type":"Polygon","coordinates":[[[80.37343,8.33821],[80.37239,8.3412],[80.3718,8.34055],[80.36953,8.34258],[80.37248,8.34471],[80.37087,8.34832],[80.36905,8.3484],[80.36829,8.35264],[80.36696,8.35252],[80.36556,8.35406],[80.36614,8.35535],[80.36778,8.35448],[80.36916,8.35554],[80.37216,8.3546],[80.37226,8.35932],[80.35406,8.3693],[80.35351,8.3678],[80.35052,8.36904],[80.34922,8.36814],[80.3471,8.36832],[80.34644,8.37278],[80.3437,8.37392],[80.34312,8.36756],[80.34108,8.3641],[80.34216,8.36012],[80.34455,8.35988],[80.34582,8.35809],[80.34106,8.35607],[80.34191,8.35495],[80.34035,8.35253],[80.34174,8.35134],[80.34186,8.34867],[80.34893,8.34812],[80.34773,8.34694],[80.34922,8.34531],[80.34738,8.34315],[80.34878,8.34094],[80.35197,8.34297],[80.35758,8.34236],[80.36347,8.33837],[80.3695,8.33613],[80.37343,8.33821]]]},"properties":{"name":null,"ha":866}},{"type":"Feature","geometry":{"type":"Polygon","coordinates":[[[80.4444,6.17545],[80.44657,6.17509],[80.44931,6.17837],[80.44913,6.17937],[80.45165,6.17991],[80.45155,6.18208],[80.45053,6.18269],[80.45199,6.18446],[80.45088,6.18656],[80.4488,6.1879],[80.45142,6.18941],[80.45118,6.19466],[80.44701,6.19806],[80.44606,6.19705],[80.44666,6.20121],[80.44506,6.20583],[80.44358,6.20676],[80.44256,6.21111],[80.44327,6.21139],[80.44607,6.20722],[80.44812,6.20864],[80.45039,6.20767],[80.45003,6.2103],[80.45127,6.21127],[80.45072,6.21203],[80.45145,6.21329],[80.45063,6.21436],[80.4517,6.2159],[80.44806,6.22108],[80.447,6.21899],[80.44431,6.22173],[80.44174,6.22255],[80.44356,6.22039],[80.44142,6.22054],[80.44198,6.21946],[80.44054,6.21923],[80.44125,6.22118],[80.44002,6.22364],[80.43906,6.22339],[80.43886,6.22526],[80.43326,6.22185],[80.43283,6.21943],[80.43172,6.21971],[80.4275,6.22644],[80.42435,6.22685],[80.42369,6.22775],[80.42224,6.22724],[80.42072,6.22927],[80.42061,6.2316],[80.4444,6.17545]]]},"properties":{"name":null,"ha":858}},{"type":"Feature","geometry":{"type":"Polygon","coordinates":[[[80.94381,6.44386],[80.94301,6.44461],[80.93914,6.4425],[80.93963,6.44465],[80.9416,6.4469],[80.94444,6.44843],[80.94248,6.45005],[80.94206,6.45204],[80.93796,6.45263],[80.93729,6.45093],[80.93692,6.45169],[80.93439,6.45084],[80.93515,6.45253],[80.93998,6.4551],[80.93929,6.46001],[80.93516,6.46145],[80.93535,6.46249],[80.93353,6.46343],[80.93361,6.46416],[80.93736,6.46387],[80.9388,6.46699],[80.93619,6.46903],[80.93556,6.47112],[80.93748,6.4714],[80.93554,6.47249],[80.93324,6.47611],[80.93439,6.47687],[80.93563,6.47649],[80.94042,6.47084],[80.94083,6.47235],[80.94222,6.47184],[80.94187,6.47006],[80.94301,6.46926],[80.94343,6.47084],[80.94418,6.47037],[80.94141,6.46487],[80.94252,6.46404],[80.94236,6.46157],[80.94489,6.45955],[80.94453,6.45848],[80.94731,6.46284],[80.94711,6.45698],[80.94981,6.45878],[80.95204,6.45692],[80.94908,6.45613],[80.94737,6.453],[80.94954,6.45309],[80.9494,6.45177],[80.95027,6.45153],[80.9516,6.45302],[80.95131,6.44967],[80.94973,6.44839],[80.95191,6.44679],[80.95135,6.44426],[80.95359,6.44532],[80.95364,6.44217],[80.95485,6.44293],[80.9558,6.44558],[80.9572,6.44541],[80.95795,6.44629],[80.95702,6.4486],[80.95834,6.44923],[80.96037,6.44841],[80.96078,6.45166],[80.96287,6.45021],[80.96252,6.44708],[80.96409,6.44719],[80.96189,6.44502],[80.9631,6.4445],[80.96251,6.44337],[80.96338,6.44303],[80.96718,6.44633],[80.96703,6.45103],[80.96592,6.45165],[80.96662,6.45444],[80.96601,6.4571],[80.96955,6.4524],[80.97126,6.45311],[80.97182,6.4559],[80.97276,6.45606],[80.97343,6.45253],[80.96957,6.44982],[80.97083,6.4474],[80.97601,6.4506],[80.97624,6.45201],[80.97842,6.4516],[80.97858,6.45395],[80.98042,6.45326],[80.9812,6.45791],[80.98215,6.4579],[80.98411,6.45499],[80.98275,6.45123],[80.98105,6.45088],[80.97607,6.44536],[80.97845,6.44372],[80.9828,6.44443],[80.98085,6.43992],[80.9803,6.44113],[80.97753,6.44015],[80.97779,6.43881],[80.97465,6.4401],[80.97004,6.43901],[80.96925,6.43804],[80.96727,6.43872],[80.96592,6.43684],[80.96393,6.4383],[80.96343,6.43643],[80.96164,6.43666],[80.9615,6.43455],[80.95896,6.43261],[80.94659,6.43347],[80.944,6.43591],[80.94147,6.43439],[80.9418,6.4374],[80.93955,6.43886],[80.9431,6.44085],[80.94381,6.44386]]]},"properties":{"name":"Udawalawe National Park","ha":847}},{"type":"Feature","geometry":{"type":"Polygon","coordinates":[[[80.79966,7.24386],[80.80084,7.24321],[80.80015,7.24738],[80.80102,7.24822],[80.80139,7.25272],[80.79965,7.25411],[80.80133,7.255],[80.80126,7.25675],[80.79811,7.25726],[80.79705,7.25465],[80.79345,7.25603],[80.79186,7.25483],[80.7904,7.25573],[80.79094,7.25819],[80.78969,7.26022],[80.7908,7.26287],[80.78974,7.26359],[80.78913,7.27244],[80.78779,7.27289],[80.78759,7.27435],[80.78898,7.27533],[80.79161,7.27523],[80.79285,7.27715],[80.79395,7.27742],[80.79461,7.27608],[80.79656,7.2787],[80.79945,7.27883],[80.80066,7.27725],[80.80266,7.27676],[80.80259,7.27739],[80.80501,7.27724],[80.80836,7.27156],[80.80757,7.27111],[80.80584,7.27242],[80.80492,7.26787],[80.80675,7.26721],[80.80614,7.26615],[80.80345,7.26624],[80.80072,7.26464],[80.80118,7.26083],[80.80254,7.25674],[80.80413,7.25899],[80.8076,7.2565],[80.81231,7.25683],[80.81102,7.25042],[80.81138,7.24956],[80.8134,7.24968],[80.81334,7.24235],[80.82109,7.24507],[80.82528,7.24404],[80.82772,7.2446],[80.82805,7.24266],[80.82577,7.23811],[80.81938,7.23396],[80.81835,7.22908],[80.81605,7.22538],[80.81217,7.2247],[80.81305,7.22889],[80.81105,7.23208],[80.81112,7.23794],[80.80983,7.23855],[80.80661,7.23689],[80.80346,7.23817],[80.80275,7.24202],[80.80399,7.24216],[80.80425,7.24353],[80.80214,7.24666],[80.80067,7.24627],[80.80082,7.24266],[80.79966,7.24386]]]},"properties":{"name":null,"ha":845}},{"type":"Feature","geometry":{"type":"Polygon","coordinates":[[[81.25373,8.19389],[81.25463,8.19084],[81.25648,8.19041],[81.25685,8.18808],[81.25787,8.18726],[81.25708,8.17879],[81.25773,8.1719],[81.25343,8.16571],[81.25025,8.16553],[81.24736,8.16143],[81.24836,8.15401],[81.25418,8.14143],[81.25204,8.13971],[81.24931,8.14093],[81.24846,8.1398],[81.24755,8.14003],[81.24694,8.13784],[81.24238,8.1336],[81.23998,8.1358],[81.23883,8.13846],[81.237,8.13756],[81.23522,8.13934],[81.23196,8.13611],[81.22502,8.13491],[81.22008,8.12969],[81.22023,8.12592],[81.22178,8.12409],[81.25373,8.19389]]]},"properties":{"name":null,"ha":842}},{"type":"Feature","geometry":{"type":"Polygon","coordinates":[[[81.45812,7.75595],[81.45666,7.75641],[81.45727,7.75849],[81.45459,7.75769],[81.45351,7.75539],[81.45181,7.75565],[81.45299,7.75455],[81.44509,7.75462],[81.4443,7.75281],[81.43033,7.75283],[81.42754,7.75385],[81.4299,7.76138],[81.43182,7.75989],[81.43569,7.76476],[81.43799,7.76593],[81.43741,7.76768],[81.43433,7.76765],[81.43362,7.76896],[81.43514,7.76971],[81.43687,7.76867],[81.4379,7.76968],[81.43994,7.77012],[81.44041,7.76939],[81.44151,7.77055],[81.44274,7.77041],[81.44163,7.76895],[81.44277,7.76527],[81.44837,7.76416],[81.4492,7.76502],[81.44843,7.76917],[81.44974,7.77051],[81.4527,7.77133],[81.45672,7.769],[81.45837,7.77191],[81.45829,7.77349],[81.45626,7.77452],[81.45674,7.77644],[81.45846,7.77554],[81.46007,7.77632],[81.45966,7.77815],[81.46053,7.77902],[81.46159,7.77855],[81.46185,7.78058],[81.46272,7.77989],[81.46327,7.78054],[81.46432,7.77917],[81.4667,7.77992],[81.46572,7.78153],[81.46704,7.78159],[81.46788,7.78291],[81.46749,7.78506],[81.47144,7.781],[81.47056,7.77687],[81.47279,7.77381],[81.47468,7.7728],[81.47478,7.76983],[81.47616,7.76892],[81.47573,7.77199],[81.47868,7.77004],[81.47737,7.7697],[81.47635,7.76726],[81.47409,7.76846],[81.47104,7.76855],[81.4699,7.76994],[81.4681,7.76897],[81.46808,7.77097],[81.46589,7.77119],[81.4666,7.77128],[81.46547,7.77241],[81.46383,7.77189],[81.46332,7.77085],[81.4646,7.76983],[81.4648,7.76612],[81.46318,7.76493],[81.46586,7.75982],[81.46666,7.75999],[81.47026,7.75643],[81.46769,7.7537],[81.46692,7.74866],[81.46362,7.74893],[81.46392,7.75022],[81.46192,7.74995],[81.46201,7.753],[81.4599,7.75323],[81.45812,7.75595]]]},"properties":{"name":null,"ha":840}},{"type":"Feature","geometry":{"type":"Polygon","coordinates":[[[80.7189,8.94414],[80.71612,8.94588],[80.71233,8.95112],[80.71221,8.95268],[80.70787,8.95519],[80.70446,8.96019],[80.70297,8.95956],[80.70174,8.95742],[80.70366,8.95708],[80.70365,8.9553],[80.70102,8.95275],[80.69793,8.95336],[80.69652,8.95274],[80.69465,8.94898],[80.69736,8.94503],[80.69781,8.94209],[80.69228,8.94881],[80.69278,8.95009],[80.69173,8.95331],[80.6925,8.95354],[80.6922,8.95486],[80.69943,8.95549],[80.69913,8.95744],[80.69707,8.95747],[80.69294,8.96252],[80.68784,8.96525],[80.68792,8.97186],[80.68061,8.97131],[80.68081,8.9694],[80.67984,8.96831],[80.68158,8.96383],[80.67979,8.96029],[80.67964,8.95764],[80.67681,8.96078],[80.67549,8.96093],[80.67598,8.95869],[80.67733,8.95797],[80.6774,8.95573],[80.67966,8.95463],[80.67843,8.95181],[80.67941,8.94877],[80.68183,8.94839],[80.68221,8.9497],[80.68372,8.94919],[80.68331,8.94815],[80.68687,8.9463],[80.69103,8.9387],[80.69015,8.93778],[80.68371,8.93997],[80.68293,8.93908],[80.68511,8.93393],[80.68872,8.93391],[80.6955,8.93664],[80.69984,8.93648],[80.70605,8.94117],[80.7189,8.94414]]]},"properties":{"name":null,"ha":838}},{"type":"Feature","geometry":{"type":"Polygon","coordinates":[[[80.60523,6.67181],[80.60793,6.67332],[80.61082,6.67249],[80.61242,6.67383],[80.61176,6.6713],[80.61393,6.67319],[80.61468,6.67174],[80.61581,6.67173],[80.61581,6.67483],[80.61461,6.67596],[80.61506,6.67749],[80.61368,6.6804],[80.61468,6.68087],[80.61611,6.67981],[80.6181,6.68176],[80.62618,6.67968],[80.62725,6.6764],[80.63053,6.67438],[80.63572,6.67241],[80.64015,6.67229],[80.64274,6.67125],[80.64308,6.67007],[80.63996,6.66973],[80.63919,6.67086],[80.6382,6.67056],[80.63751,6.66845],[80.63643,6.66921],[80.63666,6.67081],[80.63547,6.67098],[80.6351,6.66967],[80.63649,6.66831],[80.64279,6.66782],[80.64417,6.6694],[80.64403,6.6676],[80.64479,6.66921],[80.64647,6.66853],[80.64705,6.66934],[80.645,6.67007],[80.64457,6.67216],[80.64322,6.67332],[80.64473,6.67464],[80.64786,6.67405],[80.64674,6.67549],[80.64697,6.67717],[80.65113,6.67713],[80.64801,6.67897],[80.65056,6.67997],[80.6501,6.6807],[80.64531,6.68174],[80.64161,6.68418],[80.63969,6.68262],[80.63946,6.68388],[80.64108,6.68444],[80.64031,6.68518],[80.6376,6.68256],[80.63734,6.68457],[80.63649,6.6846],[80.6353,6.68309],[80.63555,6.68169],[80.633,6.68184],[80.63149,6.68005],[80.63039,6.68128],[80.62707,6.68049],[80.62761,6.68402],[80.6255,6.68482],[80.62266,6.6879],[80.61534,6.68853],[80.61814,6.6927],[80.61517,6.69246],[80.61435,6.69341],[80.61743,6.69506],[80.6179,6.69646],[80.61434,6.69768],[80.61391,6.69695],[80.61234,6.69813],[80.61137,6.6975],[80.60968,6.69942],[80.60408,6.70031],[80.6038,6.69935],[80.60562,6.69694],[80.60278,6.6962],[80.60128,6.6973],[80.60163,6.69583],[80.59947,6.69437],[80.59868,6.69249],[80.59738,6.69308],[80.59843,6.69391],[80.59891,6.69333],[80.59909,6.69502],[80.59781,6.69551],[80.59722,6.69403],[80.59568,6.6936],[80.5949,6.69069],[80.59621,6.69047],[80.59702,6.68852],[80.59909,6.68895],[80.59937,6.68735],[80.60085,6.68741],[80.60348,6.68506],[80.60224,6.68475],[80.60135,6.6807],[80.59968,6.67909],[80.60523,6.67181]]]},"properties":{"name":null,"ha":833}},{"type":"Feature","geometry":{"type":"Polygon","coordinates":[[[81.49238,7.35759],[81.49453,7.36055],[81.49575,7.36072],[81.49635,7.36273],[81.50446,7.36411],[81.51047,7.36931],[81.51279,7.36954],[81.51427,7.36724],[81.51882,7.36806],[81.5217,7.37095],[81.52268,7.3747],[81.5203,7.37957],[81.51605,7.38006],[81.51389,7.38202],[81.51279,7.38957],[81.51043,7.38919],[81.50788,7.38364],[81.50693,7.38362],[81.50267,7.39056],[81.4964,7.39258],[81.49387,7.39721],[81.49559,7.40044],[81.49155,7.40417],[81.49117,7.40633],[81.49238,7.35759]]]},"properties":{"name":"Forests east of the Rambaken Oya reservior","ha":833}},{"type":"Feature","geometry":{"type":"Polygon","coordinates":[[[80.27045,6.77601],[80.27003,6.77471],[80.27245,6.7754],[80.27416,6.77478],[80.27327,6.77367],[80.27689,6.77337],[80.27729,6.77173],[80.27642,6.77079],[80.27571,6.77274],[80.27353,6.77067],[80.27558,6.76985],[80.27532,6.76826],[80.27848,6.76438],[80.277,6.76104],[80.27594,6.76087],[80.276,6.75984],[80.27795,6.75963],[80.27619,6.75415],[80.27749,6.75238],[80.27691,6.75156],[80.26774,6.75163],[80.26751,6.75402],[80.2659,6.75397],[80.26589,6.75583],[80.26672,6.75622],[80.2657,6.7588],[80.26302,6.76109],[80.25853,6.76975],[80.25911,6.77118],[80.25806,6.77374],[80.25951,6.77602],[80.25747,6.77811],[80.25641,6.77674],[80.25553,6.78578],[80.2531,6.7865],[80.25297,6.78744],[80.25433,6.78786],[80.25272,6.78956],[80.25441,6.79019],[80.25367,6.7907],[80.254,6.79277],[80.25208,6.79282],[80.25197,6.79376],[80.25049,6.79342],[80.24922,6.79555],[80.24952,6.79822],[80.25315,6.79546],[80.26144,6.79579],[80.26263,6.79662],[80.26448,6.79476],[80.26458,6.7956],[80.2727,6.79568],[80.27261,6.79482],[80.27096,6.79463],[80.27225,6.79163],[80.27112,6.79018],[80.2722,6.78928],[80.27023,6.78816],[80.2671,6.78975],[80.27025,6.7868],[80.26952,6.78464],[80.26813,6.78627],[80.26671,6.78565],[80.26819,6.78582],[80.26932,6.78403],[80.26799,6.78218],[80.27021,6.78055],[80.27052,6.78124],[80.27281,6.78097],[80.27292,6.78191],[80.27352,6.78091],[80.27257,6.77874],[80.27391,6.77812],[80.27394,6.77645],[80.27206,6.77568],[80.27106,6.77676],[80.27045,6.77601]]]},"properties":{"name":null,"ha":828}},{"type":"Feature","geometry":{"type":"Polygon","coordinates":[[[80.21152,6.79569],[80.21615,6.79567],[80.21681,6.79489],[80.21862,6.79582],[80.22564,6.79569],[80.22675,6.79362],[80.22519,6.793],[80.2253,6.79207],[80.22834,6.79051],[80.22615,6.79023],[80.22567,6.78734],[80.22707,6.78966],[80.22854,6.78798],[80.22651,6.78692],[80.2249,6.78239],[80.22366,6.7844],[80.22373,6.78225],[80.22222,6.78002],[80.22312,6.77916],[80.2202,6.77727],[80.21918,6.77958],[80.21988,6.78104],[80.21758,6.78594],[80.21841,6.78751],[80.2179,6.7888],[80.21632,6.7892],[80.21587,6.79312],[80.21368,6.79415],[80.21244,6.79246],[80.2137,6.79265],[80.21378,6.7918],[80.21261,6.7915],[80.21566,6.7882],[80.21517,6.78501],[80.21582,6.78402],[80.21737,6.78434],[80.21601,6.78144],[80.2167,6.77229],[80.21747,6.77222],[80.21623,6.76984],[80.21666,6.76871],[80.21908,6.7687],[80.21943,6.76668],[80.21899,6.76575],[80.21802,6.76648],[80.21714,6.76564],[80.21834,6.7637],[80.21778,6.76252],[80.21418,6.7626],[80.21307,6.76442],[80.21459,6.76565],[80.21233,6.76677],[80.21126,6.76848],[80.21096,6.77286],[80.20982,6.7736],[80.20968,6.7761],[80.20824,6.77828],[80.2076,6.77646],[80.20541,6.77539],[80.2064,6.77468],[80.20757,6.77521],[80.21003,6.77047],[80.20849,6.76917],[80.21032,6.76932],[80.20964,6.76845],[80.21028,6.76822],[80.20904,6.76757],[80.21016,6.76198],[80.21228,6.76154],[80.21177,6.76352],[80.21435,6.75989],[80.21475,6.76267],[80.21655,6.76288],[80.2155,6.76028],[80.21673,6.76034],[80.21815,6.75595],[80.22028,6.75704],[80.21957,6.75373],[80.22029,6.75338],[80.2189,6.75236],[80.21764,6.75371],[80.21671,6.75351],[80.2171,6.75543],[80.21579,6.75771],[80.21471,6.75684],[80.21609,6.75372],[80.21489,6.75313],[80.2154,6.75173],[80.20562,6.75127],[80.20486,6.75255],[80.20675,6.75261],[80.2061,6.75429],[80.20727,6.75488],[80.2056,6.75599],[80.20415,6.75575],[80.20363,6.75693],[80.20509,6.75717],[80.20256,6.75897],[80.20158,6.75607],[80.20379,6.75499],[80.20274,6.75321],[80.20461,6.75268],[80.20223,6.75139],[80.19989,6.75137],[80.20041,6.76134],[80.20256,6.76096],[80.20543,6.75799],[80.20672,6.75989],[80.20337,6.76258],[80.20097,6.76647],[80.20092,6.76434],[80.20247,6.76272],[80.2,6.76269],[80.19989,6.78395],[80.20246,6.785],[80.2128,6.78599],[80.2109,6.78646],[80.21034,6.79043],[80.21057,6.79571],[80.21152,6.79569]]]},"properties":{"name":null,"ha":819}},{"type":"Feature","geometry":{"type":"Polygon","coordinates":[[[80.3341,6.25995],[80.35113,6.26492],[80.36993,6.23698],[80.36482,6.23139],[80.35988,6.23177],[80.3531,6.23587],[80.34675,6.23788],[80.34217,6.23635],[80.3341,6.25995]]]},"properties":{"name":null,"ha":819}},{"type":"Feature","geometry":{"type":"Polygon","coordinates":[[[80.3341,6.25995],[80.35113,6.26492],[80.36993,6.23698],[80.36482,6.23139],[80.35988,6.23177],[80.3531,6.23587],[80.34675,6.23788],[80.34217,6.23635],[80.3341,6.25995]]]},"properties":{"name":"Kanneliya Rain Forest","ha":819}},{"type":"Feature","geometry":{"type":"Polygon","coordinates":[[[80.31718,6.05506],[80.31353,6.05834],[80.31347,6.06125],[80.31214,6.0623],[80.31299,6.0644],[80.31703,6.06361],[80.32293,6.06421],[80.32345,6.06315],[80.32605,6.06543],[80.33155,6.06291],[80.33321,6.05769],[80.33688,6.05593],[80.34494,6.05463],[80.34601,6.05613],[80.34474,6.06053],[80.34516,6.06311],[80.34677,6.0647],[80.34895,6.07176],[80.35275,6.07321],[80.35275,6.07411],[80.34972,6.07566],[80.34969,6.07835],[80.35366,6.07908],[80.35558,6.07733],[80.35788,6.07721],[80.3587,6.0753],[80.35782,6.07386],[80.35923,6.07252],[80.35925,6.07006],[80.36262,6.07024],[80.36486,6.07241],[80.36611,6.07246],[80.36706,6.07116],[80.36736,6.06997],[80.36486,6.06558],[80.35856,6.0645],[80.35795,6.0583],[80.36061,6.05632],[80.36451,6.05911],[80.36525,6.0563],[80.36377,6.05133],[80.35421,6.0483],[80.34684,6.04724],[80.34127,6.04897],[80.34002,6.05209],[80.33045,6.05509],[80.32917,6.05372],[80.32654,6.0533],[80.31718,6.05506]]]},"properties":{"name":"Hiyare Reservoir Sanctuary","ha":815}},{"type":"Feature","geometry":{"type":"Polygon","coordinates":[[[81.29947,7.71182],[81.29921,7.73442],[81.32597,7.73296],[81.32756,7.73104],[81.32904,7.72513],[81.32792,7.72022],[81.33492,7.71127],[81.29982,7.7112],[81.29947,7.71182]]]},"properties":{"name":null,"ha":814}},{"type":"Feature","geometry":{"type":"Polygon","coordinates":[[[80.63819,6.6648],[80.62897,6.64574],[80.62264,6.63817],[80.62278,6.63731],[80.62096,6.63622],[80.62116,6.63402],[80.61953,6.63332],[80.61992,6.63163],[80.62334,6.63113],[80.62402,6.62795],[80.62994,6.62898],[80.63291,6.63076],[80.63673,6.62805],[80.63738,6.62868],[80.63648,6.62962],[80.63694,6.63224],[80.64175,6.63359],[80.64125,6.62878],[80.64266,6.63107],[80.64369,6.62916],[80.64653,6.62955],[80.64639,6.63047],[80.64536,6.63027],[80.64526,6.6316],[80.64323,6.63219],[80.64249,6.6346],[80.63962,6.63385],[80.63492,6.6344],[80.63714,6.63577],[80.63939,6.63545],[80.6382,6.63626],[80.63864,6.63699],[80.64194,6.63528],[80.64275,6.63572],[80.64246,6.63717],[80.644,6.63831],[80.64551,6.63729],[80.64656,6.64021],[80.65501,6.6489],[80.65542,6.651],[80.64877,6.65265],[80.64874,6.65568],[80.64743,6.65586],[80.64733,6.65674],[80.64995,6.65776],[80.65949,6.65501],[80.66058,6.65616],[80.65595,6.65804],[80.65454,6.65728],[80.64939,6.65869],[80.64683,6.66023],[80.64709,6.66154],[80.64543,6.66208],[80.64532,6.66092],[80.64408,6.66134],[80.6442,6.66267],[80.64859,6.66168],[80.64964,6.66177],[80.64906,6.66252],[80.64131,6.66443],[80.64193,6.66303],[80.64112,6.66255],[80.63997,6.66518],[80.63819,6.6648]]]},"properties":{"name":null,"ha":812}},{"type":"Feature","geometry":{"type":"Polygon","coordinates":[[[81.31529,6.73698],[81.31655,6.73743],[81.3223,6.73547],[81.33153,6.72956],[81.33756,6.72869],[81.34541,6.72249],[81.34571,6.7213],[81.34374,6.7201],[81.35313,6.71515],[81.35804,6.7141],[81.3611,6.71232],[81.36081,6.71148],[81.35109,6.71249],[81.34967,6.71068],[81.34459,6.70951],[81.34457,6.70859],[81.34656,6.70771],[81.34502,6.70557],[81.34267,6.70587],[81.34325,6.70387],[81.34698,6.70376],[81.34317,6.70222],[81.3354,6.70178],[81.33272,6.7029],[81.32775,6.70137],[81.32531,6.70282],[81.32443,6.70717],[81.32207,6.70915],[81.31438,6.71224],[81.31489,6.71434],[81.31847,6.71917],[81.32043,6.71964],[81.32312,6.71727],[81.32295,6.71382],[81.32498,6.71258],[81.32589,6.71384],[81.32758,6.71286],[81.32724,6.71637],[81.32842,6.71838],[81.33228,6.72034],[81.33908,6.71322],[81.33938,6.7119],[81.34104,6.71143],[81.3414,6.71467],[81.34333,6.71296],[81.34485,6.71367],[81.34224,6.71597],[81.34039,6.71522],[81.33904,6.71635],[81.33923,6.71763],[81.33724,6.71761],[81.32941,6.72283],[81.32629,6.7262],[81.32119,6.72899],[81.31561,6.73067],[81.31529,6.73698]]]},"properties":{"name":null,"ha":809}},{"type":"Feature","geometry":{"type":"Polygon","coordinates":[[[80.2838,9.37235],[80.27294,9.37987],[80.27238,9.38361],[80.2695,9.38542],[80.26815,9.39004],[80.27182,9.39685],[80.27673,9.39486],[80.2737,9.38808],[80.2758,9.38597],[80.27565,9.37849],[80.27766,9.37706],[80.27962,9.37706],[80.28436,9.3802],[80.28951,9.39119],[80.29114,9.39361],[80.2928,9.39368],[80.29376,9.39495],[80.2963,9.39297],[80.29635,9.39172],[80.29879,9.39282],[80.29934,9.39451],[80.30703,9.39271],[80.31321,9.38919],[80.31851,9.38428],[80.31426,9.38123],[80.3127,9.37868],[80.31288,9.37707],[80.31069,9.372],[80.31164,9.36941],[80.3115,9.3651],[80.31026,9.36296],[80.31114,9.36062],[80.31294,9.36011],[80.31322,9.35877],[80.30946,9.35449],[80.30545,9.35744],[80.3042,9.36209],[80.30273,9.36316],[80.30199,9.37437],[80.2999,9.38253],[80.29822,9.38374],[80.29398,9.3835],[80.29359,9.3824],[80.28991,9.38185],[80.28967,9.37958],[80.28827,9.37799],[80.28559,9.37834],[80.28407,9.37568],[80.28495,9.37525],[80.2838,9.37235]]]},"properties":{"name":null,"ha":808}},{"type":"Feature","geometry":{"type":"Polygon","coordinates":[[[81.08785,7.22911],[81.08898,7.22889],[81.08908,7.2264],[81.09018,7.22654],[81.08987,7.22978],[81.09109,7.23056],[81.08994,7.23466],[81.09222,7.23552],[81.09299,7.23436],[81.09236,7.23259],[81.09401,7.23169],[81.09609,7.22776],[81.09839,7.22645],[81.09899,7.22838],[81.10021,7.22836],[81.10009,7.22995],[81.10098,7.23006],[81.10266,7.22368],[81.10814,7.22068],[81.11061,7.21712],[81.11244,7.21677],[81.11354,7.22029],[81.11287,7.22195],[81.1103,7.22429],[81.10884,7.22429],[81.10858,7.22569],[81.10528,7.22487],[81.10622,7.22725],[81.10404,7.2298],[81.10551,7.23414],[81.10497,7.2377],[81.10341,7.23978],[81.10384,7.24143],[81.1021,7.24045],[81.10124,7.24648],[81.10036,7.24659],[81.0994,7.24449],[81.10047,7.24161],[81.09985,7.24107],[81.09848,7.24403],[81.09758,7.2445],[81.0958,7.24359],[81.09317,7.2464],[81.09287,7.24817],[81.09048,7.24871],[81.08889,7.25125],[81.0869,7.25178],[81.08609,7.25089],[81.08635,7.24674],[81.0831,7.24209],[81.08518,7.23962],[81.08395,7.23847],[81.08334,7.23496],[81.08231,7.23482],[81.08016,7.23721],[81.07911,7.23599],[81.07624,7.23642],[81.07556,7.23404],[81.07417,7.23307],[81.07455,7.23112],[81.07168,7.22992],[81.0722,7.22759],[81.07121,7.21931],[81.0686,7.22042],[81.0664,7.22003],[81.06906,7.21607],[81.07279,7.21821],[81.07265,7.21539],[81.075,7.21406],[81.07585,7.21143],[81.07873,7.21026],[81.07951,7.20873],[81.07926,7.21071],[81.07766,7.21171],[81.07955,7.21175],[81.0788,7.21564],[81.08185,7.21744],[81.08046,7.21061],[81.08348,7.20842],[81.08282,7.21288],[81.08456,7.21457],[81.08522,7.21772],[81.0829,7.2183],[81.08172,7.22226],[81.079,7.22329],[81.07743,7.21846],[81.07553,7.21783],[81.07699,7.22088],[81.07546,7.22162],[81.07488,7.22321],[81.07676,7.22534],[81.08035,7.22597],[81.08228,7.22478],[81.08785,7.22911]]]},"properties":{"name":null,"ha":804}},{"type":"Feature","geometry":{"type":"Polygon","coordinates":[[[81.27889,6.49359],[81.26494,6.47436],[81.26391,6.39105],[81.24656,6.38118],[81.24391,6.37761],[81.2381,6.37659],[81.27889,6.49359]]]},"properties":{"name":"Lunugamwehera National Park","ha":803}},{"type":"Feature","geometry":{"type":"Polygon","coordinates":[[[81.27889,6.49359],[81.26494,6.47436],[81.26391,6.39105],[81.24656,6.38118],[81.24391,6.37761],[81.2381,6.37659],[81.27889,6.49359]]]},"properties":{"name":null,"ha":803}},{"type":"Feature","geometry":{"type":"Polygon","coordinates":[[[81.60088,7.07007],[81.60104,7.06891],[81.59969,7.06876],[81.5989,7.06617],[81.59741,7.0659],[81.59544,7.05954],[81.59582,7.05855],[81.59695,7.05855],[81.59705,7.05726],[81.6011,7.05644],[81.60032,7.05534],[81.59914,7.05554],[81.59885,7.055],[81.6002,7.05483],[81.59938,7.05369],[81.59692,7.05381],[81.59618,7.05456],[81.59708,7.05542],[81.59615,7.0554],[81.59498,7.05482],[81.59371,7.05138],[81.59362,7.06003],[81.59495,7.0679],[81.59377,7.06709],[81.59384,7.06326],[81.59304,7.06305],[81.59243,7.0674],[81.59186,7.06655],[81.59178,7.06811],[81.59069,7.06766],[81.58987,7.06894],[81.58884,7.0687],[81.58706,7.06688],[81.5857,7.06182],[81.58668,7.05795],[81.58774,7.05716],[81.58791,7.054],[81.58635,7.05131],[81.58941,7.0509],[81.58885,7.04802],[81.5897,7.04778],[81.59087,7.05036],[81.5919,7.04952],[81.59067,7.04649],[81.58759,7.04568],[81.58594,7.04837],[81.58545,7.04787],[81.58621,7.04552],[81.58404,7.03953],[81.58245,7.04039],[81.58465,7.04418],[81.58494,7.04717],[81.58378,7.04434],[81.58136,7.04306],[81.58017,7.04004],[81.57855,7.03998],[81.57957,7.04268],[81.5785,7.04283],[81.57778,7.04113],[81.57627,7.04101],[81.57624,7.04181],[81.57517,7.04116],[81.57445,7.04191],[81.57544,7.04324],[81.57215,7.04354],[81.57216,7.04212],[81.57359,7.04053],[81.57787,7.03837],[81.57729,7.03568],[81.58102,7.03297],[81.58298,7.03282],[81.5833,7.03352],[81.58518,7.03184],[81.58831,7.03227],[81.58902,7.03145],[81.5885,7.03017],[81.5906,7.02925],[81.59111,7.03024],[81.58969,7.03092],[81.5896,7.0331],[81.59122,7.03312],[81.59242,7.03631],[81.59644,7.03914],[81.59831,7.04152],[81.59806,7.0431],[81.5995,7.04422],[81.60057,7.04733],[81.59835,7.04754],[81.59831,7.04869],[81.60195,7.04866],[81.60305,7.04971],[81.60116,7.05083],[81.60249,7.0521],[81.60363,7.05168],[81.60519,7.053],[81.60569,7.05189],[81.60886,7.05421],[81.6099,7.05721],[81.61525,7.05817],[81.6129,7.06147],[81.61407,7.06173],[81.61411,7.06057],[81.61499,7.06057],[81.61534,7.06162],[81.61377,7.06779],[81.61053,7.06515],[81.61144,7.06621],[81.60891,7.06978],[81.60088,7.07007]]]},"properties":{"name":null,"ha":800}},{"type":"Feature","geometry":{"type":"Polygon","coordinates":[[[80.77033,6.43983],[80.76922,6.4386],[80.76371,6.43811],[80.76102,6.44164],[80.75541,6.44511],[80.75358,6.44521],[80.75326,6.44701],[80.75218,6.44686],[80.75249,6.44773],[80.74974,6.44913],[80.74994,6.45076],[80.7466,6.45096],[80.74481,6.45273],[80.74366,6.45229],[80.74158,6.45337],[80.74012,6.45586],[80.74173,6.45788],[80.7412,6.45994],[80.74274,6.46235],[80.74839,6.46625],[80.75159,6.46526],[80.75684,6.46556],[80.76239,6.46292],[80.76484,6.46383],[80.76122,6.46935],[80.76084,6.4726],[80.76186,6.47325],[80.76353,6.47073],[80.76627,6.46963],[80.76474,6.46834],[80.76842,6.46553],[80.76866,6.46278],[80.771,6.46072],[80.77169,6.45861],[80.77093,6.45552],[80.77803,6.4438],[80.77769,6.4428],[80.776,6.44333],[80.77517,6.445],[80.77097,6.44386],[80.7719,6.44197],[80.77081,6.44175],[80.77033,6.43983]]]},"properties":{"name":null,"ha":799}},{"type":"Feature","geometry":{"type":"Polygon","coordinates":[[[81.12502,6.71294],[81.12505,6.71458],[81.12677,6.71637],[81.12564,6.71785],[81.12146,6.7161],[81.12253,6.72044],[81.12071,6.72056],[81.12078,6.72433],[81.12207,6.72456],[81.12367,6.72317],[81.12479,6.72394],[81.12643,6.72175],[81.12741,6.72547],[81.13016,6.72676],[81.13238,6.72581],[81.13201,6.72291],[81.13346,6.72152],[81.13278,6.72012],[81.13388,6.71834],[81.13768,6.7159],[81.13826,6.71449],[81.13897,6.71124],[81.1373,6.70464],[81.14432,6.69583],[81.14429,6.69357],[81.14097,6.6879],[81.14091,6.68576],[81.13743,6.68218],[81.12678,6.68352],[81.12673,6.68763],[81.12593,6.68912],[81.12499,6.68906],[81.12627,6.69027],[81.12554,6.69039],[81.12621,6.69111],[81.12433,6.69496],[81.12463,6.69888],[81.1228,6.69708],[81.12172,6.69752],[81.12101,6.70093],[81.12262,6.70379],[81.12077,6.70716],[81.12502,6.71294]]]},"properties":{"name":"Wadinahelayaya Forest Reserve","ha":792}},{"type":"Feature","geometry":{"type":"Polygon","coordinates":[[[80.46038,6.7642],[80.4609,6.76265],[80.46886,6.76268],[80.46957,6.76122],[80.47317,6.7626],[80.46907,6.7598],[80.4688,6.75837],[80.4704,6.75496],[80.46983,6.7529],[80.47412,6.75353],[80.47064,6.7506],[80.47209,6.7517],[80.47036,6.75147],[80.46848,6.75351],[80.46701,6.75222],[80.46784,6.75123],[80.46682,6.75028],[80.47043,6.74971],[80.46983,6.74796],[80.46628,6.74801],[80.46708,6.74934],[80.46639,6.74978],[80.46535,6.74824],[80.46404,6.74854],[80.46455,6.75154],[80.46225,6.75091],[80.46274,6.74968],[80.45852,6.7488],[80.45615,6.74993],[80.45401,6.74957],[80.45079,6.75117],[80.44925,6.75307],[80.44507,6.74983],[80.44357,6.75124],[80.44045,6.75078],[80.43853,6.75449],[80.43637,6.75523],[80.43626,6.75742],[80.43851,6.75672],[80.43912,6.75907],[80.43797,6.75953],[80.43565,6.75784],[80.43659,6.75965],[80.43505,6.76124],[80.43685,6.76706],[80.43633,6.76889],[80.43324,6.7701],[80.43239,6.7739],[80.43095,6.77377],[80.43239,6.77666],[80.43353,6.77654],[80.43355,6.77897],[80.43618,6.78115],[80.43752,6.78042],[80.43886,6.78109],[80.43942,6.78007],[80.43496,6.77813],[80.43483,6.77739],[80.43751,6.77722],[80.4345,6.77342],[80.43872,6.77543],[80.44344,6.77538],[80.44375,6.77331],[80.44742,6.77443],[80.44785,6.77284],[80.44552,6.77104],[80.4451,6.76961],[80.45008,6.77222],[80.45145,6.77006],[80.4505,6.76906],[80.45376,6.76847],[80.45543,6.76513],[80.45787,6.76478],[80.45893,6.76358],[80.46038,6.7642]]]},"properties":{"name":null,"ha":780}},{"type":"Feature","geometry":{"type":"Polygon","coordinates":[[[81.54367,7.6349],[81.53822,7.63478],[81.53831,7.63605],[81.5405,7.63763],[81.53902,7.63685],[81.53372,7.63842],[81.52907,7.63814],[81.52943,7.64044],[81.52604,7.64168],[81.52569,7.64328],[81.52784,7.64329],[81.52803,7.64417],[81.52545,7.6449],[81.52934,7.64516],[81.52819,7.64593],[81.52836,7.64725],[81.52584,7.64645],[81.52686,7.6483],[81.5251,7.64839],[81.52573,7.65017],[81.5273,7.6506],[81.52266,7.65076],[81.52634,7.65374],[81.52803,7.65365],[81.52905,7.65116],[81.52828,7.65335],[81.52955,7.65604],[81.52583,7.65531],[81.52958,7.65655],[81.52955,7.66354],[81.53021,7.66443],[81.53327,7.66386],[81.53237,7.66452],[81.53252,7.66725],[81.53605,7.66744],[81.53637,7.66676],[81.53913,7.67028],[81.54054,7.6705],[81.54036,7.66761],[81.54382,7.66743],[81.54152,7.6663],[81.54077,7.66437],[81.54279,7.66271],[81.54135,7.66052],[81.54222,7.65874],[81.54456,7.66034],[81.5451,7.65945],[81.55069,7.66052],[81.5516,7.65596],[81.55047,7.65469],[81.55063,7.65129],[81.54724,7.65088],[81.54053,7.65462],[81.54053,7.65655],[81.53609,7.65654],[81.53754,7.65505],[81.54261,7.65381],[81.54708,7.65098],[81.54668,7.64856],[81.54757,7.64693],[81.5459,7.64673],[81.54633,7.64556],[81.54509,7.64403],[81.54672,7.64473],[81.54763,7.64359],[81.54545,7.64158],[81.54604,7.64002],[81.54705,7.63985],[81.54941,7.64286],[81.55224,7.64196],[81.5557,7.64227],[81.55783,7.63986],[81.55703,7.63756],[81.55145,7.63415],[81.54674,7.63444],[81.54495,7.63592],[81.54347,7.63559],[81.54367,7.6349]]]},"properties":{"name":null,"ha":779}},{"type":"Feature","geometry":{"type":"Polygon","coordinates":[[[80.54812,6.50004],[80.54929,6.49928],[80.54958,6.50117],[80.54776,6.50187],[80.54813,6.50018],[80.54611,6.49832],[80.54695,6.50038],[80.54603,6.50106],[80.54706,6.50154],[80.5472,6.50371],[80.54825,6.50446],[80.54936,6.5021],[80.54989,6.50283],[80.55071,6.50239],[80.55247,6.49916],[80.55359,6.49797],[80.5541,6.49871],[80.55282,6.49949],[80.55378,6.50037],[80.55338,6.50113],[80.54867,6.5035],[80.54922,6.50471],[80.55279,6.50409],[80.5535,6.50209],[80.55541,6.50081],[80.55745,6.50149],[80.55983,6.49794],[80.56152,6.49726],[80.56565,6.50297],[80.56781,6.5005],[80.57245,6.50039],[80.57438,6.49545],[80.57343,6.49072],[80.57429,6.48553],[80.57215,6.48305],[80.57355,6.48221],[80.57592,6.48305],[80.57726,6.48525],[80.58176,6.48622],[80.58296,6.48854],[80.58534,6.48943],[80.58762,6.49214],[80.59006,6.49097],[80.58935,6.4926],[80.59286,6.4932],[80.59317,6.49625],[80.59403,6.49479],[80.59771,6.49438],[80.5963,6.49225],[80.59911,6.49474],[80.60015,6.49291],[80.59902,6.49202],[80.59965,6.49045],[80.59736,6.48878],[80.59633,6.48651],[80.59312,6.48679],[80.59278,6.48474],[80.59742,6.48353],[80.59946,6.48716],[80.60138,6.48764],[80.60293,6.48413],[80.60183,6.48296],[80.60286,6.48294],[80.60304,6.48182],[80.60198,6.48088],[80.60262,6.48026],[80.60426,6.48111],[80.60468,6.48042],[80.60332,6.47985],[80.60327,6.47878],[80.59918,6.47991],[80.59692,6.47876],[80.59717,6.48017],[80.59541,6.47964],[80.59448,6.4809],[80.58972,6.48096],[80.58828,6.48002],[80.58888,6.48089],[80.58648,6.4816],[80.58473,6.47942],[80.58109,6.4776],[80.57985,6.47949],[80.57904,6.47793],[80.57826,6.47922],[80.57723,6.4782],[80.5752,6.47993],[80.57304,6.47937],[80.5728,6.48168],[80.57114,6.48391],[80.56981,6.48322],[80.5706,6.48149],[80.56783,6.48342],[80.56383,6.48035],[80.56443,6.48258],[80.56124,6.48372],[80.5623,6.4858],[80.56117,6.48945],[80.55796,6.48889],[80.5572,6.4904],[80.55919,6.48558],[80.55718,6.48781],[80.55671,6.48677],[80.55533,6.48735],[80.5547,6.48847],[80.55591,6.48857],[80.55383,6.48981],[80.55393,6.49057],[80.55575,6.49075],[80.55558,6.49266],[80.55475,6.49231],[80.55476,6.49066],[80.55366,6.49107],[80.55404,6.49226],[80.55332,6.49276],[80.55048,6.48963],[80.54857,6.49113],[80.54852,6.4927],[80.54731,6.4931],[80.54692,6.49438],[80.54768,6.49571],[80.54999,6.49334],[80.552,6.49326],[80.55009,6.49592],[80.54865,6.4956],[80.54911,6.49659],[80.54823,6.4966],[80.54754,6.49824],[80.54812,6.50004]]]},"properties":{"name":null,"ha":776}},{"type":"Feature","geometry":{"type":"Polygon","coordinates":[[[81.77942,6.86782],[81.78416,6.86829],[81.78422,6.8664],[81.7834,6.86593],[81.78794,6.86652],[81.78791,6.86384],[81.78987,6.86518],[81.79263,6.86433],[81.79253,6.86117],[81.79438,6.85646],[81.79566,6.85698],[81.79561,6.85435],[81.8,6.85363],[81.79955,6.85715],[81.79701,6.85632],[81.7972,6.86052],[81.79541,6.86133],[81.796,6.86192],[81.80211,6.86124],[81.80401,6.85897],[81.80756,6.85905],[81.80764,6.85633],[81.8094,6.85804],[81.81227,6.8569],[81.81098,6.85213],[81.80748,6.847],[81.80516,6.84937],[81.80475,6.84794],[81.80355,6.84858],[81.80192,6.84797],[81.80318,6.84308],[81.80216,6.83977],[81.80569,6.83964],[81.80582,6.83732],[81.803,6.83462],[81.7951,6.83424],[81.79379,6.83826],[81.79017,6.83854],[81.79096,6.84096],[81.79041,6.84269],[81.78436,6.84512],[81.78493,6.84733],[81.78354,6.84779],[81.78532,6.84909],[81.78487,6.85022],[81.78217,6.8504],[81.78214,6.8493],[81.78094,6.84955],[81.77912,6.85151],[81.77927,6.85299],[81.77792,6.85285],[81.77812,6.85175],[81.77629,6.85279],[81.77942,6.86782]]]},"properties":{"name":"Lahugala Unclassified Forests","ha":772}},{"type":"Feature","geometry":{"type":"Polygon","coordinates":[[[80.28391,8.7656],[80.28121,8.76582],[80.27721,8.76441],[80.27294,8.75936],[80.26653,8.75719],[80.26098,8.75053],[80.26049,8.74865],[80.26234,8.74539],[80.26146,8.74293],[80.2646,8.7428],[80.2663,8.74454],[80.27085,8.74102],[80.26804,8.73611],[80.27019,8.73339],[80.26802,8.73179],[80.26538,8.72756],[80.26716,8.72615],[80.26855,8.72605],[80.27448,8.73067],[80.27609,8.73311],[80.27724,8.73328],[80.28158,8.74285],[80.28112,8.74563],[80.28239,8.74762],[80.28577,8.74871],[80.28761,8.75179],[80.28637,8.75997],[80.28378,8.7603],[80.28398,8.76202],[80.28772,8.76216],[80.28974,8.759],[80.29263,8.75993],[80.29432,8.75866],[80.29895,8.76169],[80.30094,8.76457],[80.29901,8.76574],[80.29501,8.76567],[80.29154,8.76702],[80.28493,8.76713],[80.28391,8.7656]]]},"properties":{"name":null,"ha":771}},{"type":"Feature","geometry":{"type":"Polygon","coordinates":[[[80.99977,7.13699],[81.00111,7.13641],[80.99876,7.13441],[80.99919,7.13308],[80.99759,7.13361],[80.99659,7.13218],[80.99618,7.12897],[80.99731,7.12639],[80.99667,7.12503],[80.99768,7.12378],[80.99706,7.11927],[80.99457,7.12252],[80.99212,7.12246],[80.99104,7.11224],[80.99182,7.10782],[80.98986,7.1093],[80.99028,7.10155],[80.99247,7.1008],[80.99327,7.09865],[80.99438,7.09861],[80.99601,7.10123],[80.99823,7.09995],[80.99958,7.10127],[81.00274,7.10138],[81.00164,7.0993],[80.99788,7.09895],[80.99683,7.09689],[81.00395,7.09817],[81.00516,7.10055],[81.00729,7.10041],[81.00818,7.10354],[81.0097,7.10336],[81.01055,7.10424],[81.00888,7.10582],[81.01099,7.10945],[81.00956,7.11072],[81.01117,7.11074],[81.00909,7.11198],[81.00977,7.11318],[81.00931,7.11647],[81.0079,7.11774],[81.00815,7.11879],[81.00664,7.11904],[81.00663,7.12032],[81.00726,7.12077],[81.0079,7.11969],[81.00889,7.12041],[81.00988,7.11868],[81.01077,7.11968],[81.01223,7.11899],[81.01094,7.1248],[81.00823,7.12706],[81.00596,7.12646],[81.00603,7.12816],[81.00727,7.12941],[81.00636,7.13076],[81.00675,7.13377],[81.00541,7.14069],[81.00407,7.1433],[81.0048,7.14803],[81.002,7.14918],[81.00023,7.14667],[80.99993,7.14224],[80.99851,7.14105],[80.99935,7.13926],[80.99706,7.13815],[80.99636,7.1337],[80.99781,7.13415],[80.99843,7.13696],[80.99977,7.13699]]]},"properties":{"name":null,"ha":770}},{"type":"Feature","geometry":{"type":"Polygon","coordinates":[[[81.35498,7.3839],[81.35135,7.38315],[81.34941,7.38076],[81.34035,7.37823],[81.34023,7.37697],[81.33774,7.37611],[81.33753,7.37363],[81.33139,7.36954],[81.33032,7.36715],[81.3336,7.36108],[81.33212,7.35753],[81.33171,7.35319],[81.3342,7.35006],[81.33892,7.34756],[81.33879,7.34202],[81.3427,7.33753],[81.3443,7.33277],[81.35498,7.3839]]]},"properties":{"name":"Forests north of Dorakumbura","ha":765}},{"type":"Feature","geometry":{"type":"Polygon","coordinates":[[[80.8988,6.60102],[80.89805,6.60153],[80.90069,6.60853],[80.90415,6.60919],[80.90626,6.60755],[80.91115,6.60738],[80.91098,6.60661],[80.91259,6.60781],[80.91217,6.61003],[80.91424,6.61124],[80.91579,6.60573],[80.91858,6.6029],[80.91483,6.59139],[80.91257,6.58827],[80.9118,6.58535],[80.91145,6.5777],[80.91401,6.57581],[80.91558,6.57322],[80.9152,6.57137],[80.91646,6.5705],[80.91465,6.5678],[80.91326,6.56828],[80.91378,6.57089],[80.91067,6.57117],[80.9111,6.57544],[80.90926,6.57513],[80.91131,6.55864],[80.91028,6.55646],[80.90824,6.55616],[80.90942,6.55341],[80.90657,6.55004],[80.8988,6.60102]]]},"properties":{"name":"Udawalawe National Park","ha":761}},{"type":"Feature","geometry":{"type":"Polygon","coordinates":[[[81.1847,8.59024],[81.17734,8.58242],[81.17784,8.58151],[81.18029,8.58192],[81.18066,8.57989],[81.17734,8.57601],[81.17313,8.57482],[81.17134,8.57326],[81.16944,8.57318],[81.16914,8.57467],[81.16621,8.57764],[81.1636,8.57831],[81.15813,8.57063],[81.14779,8.56433],[81.14797,8.56636],[81.14311,8.57205],[81.14094,8.57309],[81.13867,8.57205],[81.1344,8.56788],[81.13354,8.56591],[81.13442,8.56298],[81.13822,8.56257],[81.13814,8.5587],[81.13563,8.5571],[81.13397,8.55457],[81.12905,8.55179],[81.12218,8.54595],[81.1197,8.54508],[81.11635,8.54051],[81.11435,8.53933],[81.10369,8.51998],[81.10287,8.51638],[81.09893,8.51756],[81.09883,8.51588],[81.09529,8.51377],[81.09518,8.51093],[81.09428,8.50989],[81.09701,8.5072],[81.09402,8.5017],[81.09265,8.50045],[81.08906,8.50279],[81.08952,8.50378],[81.08734,8.50529],[81.0908,8.50983],[81.08976,8.51117],[81.08314,8.50532],[81.0804,8.50429],[81.08045,8.49903],[81.08271,8.4983],[81.0835,8.49564],[81.08024,8.49218],[81.07844,8.49222],[81.07492,8.48921],[81.07408,8.48738],[81.07015,8.48502],[81.06945,8.48192],[81.06549,8.4804],[81.06413,8.47729],[81.06142,8.4767],[81.06112,8.47853],[81.1847,8.59024]]]},"properties":{"name":null,"ha":743}},{"type":"Feature","geometry":{"type":"Polygon","coordinates":[[[81.36877,8.19892],[81.36623,8.19923],[81.3635,8.19672],[81.36389,8.19959],[81.36099,8.19902],[81.3585,8.19977],[81.35887,8.19816],[81.36092,8.19629],[81.35866,8.19699],[81.35347,8.19526],[81.34358,8.19741],[81.34572,8.19518],[81.34539,8.19262],[81.3468,8.19065],[81.34482,8.18967],[81.33338,8.18974],[81.3334,8.19192],[81.33237,8.19326],[81.3347,8.19304],[81.33381,8.19632],[81.33467,8.19959],[81.33775,8.20056],[81.33644,8.20315],[81.33483,8.203],[81.336,8.20346],[81.33592,8.2051],[81.34277,8.20526],[81.34293,8.20439],[81.34849,8.20461],[81.34928,8.20383],[81.35379,8.20514],[81.35669,8.20423],[81.35668,8.2051],[81.35893,8.20442],[81.36264,8.20526],[81.3632,8.20392],[81.36419,8.20401],[81.36432,8.20523],[81.36551,8.20533],[81.36563,8.20451],[81.37156,8.2054],[81.37356,8.20381],[81.37742,8.20464],[81.37805,8.20353],[81.37903,8.20389],[81.37843,8.20522],[81.37928,8.20552],[81.38407,8.20548],[81.37978,8.19742],[81.37999,8.19223],[81.37466,8.18444],[81.37239,8.18453],[81.36993,8.1889],[81.36512,8.18973],[81.36426,8.19165],[81.36253,8.19055],[81.36304,8.18975],[81.358,8.18974],[81.36032,8.19416],[81.36274,8.19584],[81.36498,8.19543],[81.367,8.19706],[81.36853,8.19708],[81.36877,8.19892]]]},"properties":{"name":null,"ha":732}},{"type":"Feature","geometry":{"type":"Polygon","coordinates":[[[80.88244,7.32912],[80.88126,7.32819],[80.88163,7.32672],[80.88047,7.32618],[80.88082,7.32423],[80.8826,7.3231],[80.88064,7.32393],[80.88038,7.32232],[80.87833,7.32226],[80.87899,7.31893],[80.88018,7.32024],[80.88283,7.3188],[80.88298,7.32269],[80.88386,7.32263],[80.88445,7.32496],[80.88618,7.32468],[80.88738,7.32882],[80.88934,7.32985],[80.88806,7.33327],[80.8903,7.33491],[80.89125,7.33158],[80.88965,7.33049],[80.89167,7.32695],[80.89274,7.32743],[80.89551,7.32514],[80.89415,7.32401],[80.89071,7.32741],[80.88925,7.32747],[80.88681,7.3229],[80.8847,7.32262],[80.8843,7.3179],[80.88139,7.31805],[80.88029,7.31682],[80.88063,7.3082],[80.88506,7.30322],[80.88935,7.30592],[80.8905,7.31007],[80.89146,7.31021],[80.89236,7.30886],[80.89292,7.30942],[80.89306,7.31506],[80.89576,7.3153],[80.89675,7.31364],[80.895,7.31096],[80.89922,7.31041],[80.90046,7.31144],[80.90249,7.31062],[80.90311,7.30928],[80.90153,7.30775],[80.90265,7.30548],[80.90357,7.30821],[80.90618,7.30656],[80.90663,7.30838],[80.90885,7.30862],[80.90922,7.31011],[80.90774,7.30904],[80.90743,7.31083],[80.90892,7.3116],[80.9108,7.30958],[80.91151,7.30621],[80.91228,7.3086],[80.915,7.30742],[80.9141,7.30601],[80.91467,7.30378],[80.91898,7.30479],[80.91904,7.30935],[80.92159,7.30865],[80.92043,7.3108],[80.92289,7.31407],[80.92403,7.31389],[80.92502,7.31074],[80.92456,7.30624],[80.92572,7.30424],[80.93157,7.30536],[80.93484,7.30415],[80.93527,7.30316],[80.93378,7.30281],[80.9344,7.30171],[80.93678,7.30137],[80.94044,7.30416],[80.94403,7.30512],[80.94486,7.30421],[80.94296,7.30438],[80.94059,7.30138],[80.93982,7.30341],[80.93686,7.30124],[80.93326,7.30196],[80.93251,7.2986],[80.93302,7.30242],[80.93239,7.30288],[80.92889,7.30289],[80.9281,7.30093],[80.92661,7.30198],[80.92639,7.29947],[80.9278,7.2958],[80.92701,7.2934],[80.9243,7.2946],[80.92307,7.29878],[80.91945,7.30239],[80.91676,7.29957],[80.91553,7.29961],[80.91729,7.29454],[80.91567,7.28958],[80.91536,7.28292],[80.91659,7.28249],[80.91621,7.28111],[80.91753,7.28127],[80.91785,7.27667],[80.91674,7.2763],[80.91577,7.27718],[80.91534,7.27383],[80.91691,7.27145],[80.91585,7.27013],[80.91733,7.26883],[80.91789,7.26602],[80.91562,7.26224],[80.88244,7.32912]]]},"properties":{"name":null,"ha":731}},{"type":"Feature","geometry":{"type":"Polygon","coordinates":[[[80.95065,6.54216],[80.95111,6.5431],[80.94733,6.55689],[80.94812,6.56472],[80.95132,6.56459],[80.95501,6.56135],[80.95649,6.55815],[80.9582,6.55821],[80.96044,6.56426],[80.95801,6.56902],[80.95968,6.5704],[80.96312,6.57654],[80.96512,6.5776],[80.9707,6.57479],[80.97593,6.57479],[80.98091,6.56332],[80.97808,6.55808],[80.97641,6.55821],[80.98082,6.55384],[80.97809,6.5546],[80.97604,6.55379],[80.97123,6.55731],[80.96924,6.55759],[80.96729,6.55635],[80.96602,6.55185],[80.96802,6.54759],[80.96982,6.54731],[80.97014,6.5443],[80.96844,6.54269],[80.96802,6.54421],[80.9692,6.54551],[80.96834,6.54706],[80.96676,6.54565],[80.96303,6.54564],[80.95916,6.54304],[80.95928,6.54195],[80.95816,6.54192],[80.9574,6.54303],[80.95877,6.54373],[80.96013,6.547],[80.95947,6.54806],[80.96142,6.5503],[80.96088,6.5524],[80.96264,6.55269],[80.96118,6.55419],[80.95899,6.55348],[80.95881,6.55513],[80.96136,6.55829],[80.95995,6.55735],[80.95939,6.55938],[80.95991,6.55683],[80.95922,6.55579],[80.95816,6.55559],[80.95722,6.55693],[80.95687,6.55531],[80.95563,6.55512],[80.95631,6.55279],[80.95568,6.55188],[80.95678,6.55073],[80.95632,6.5478],[80.95519,6.54752],[80.95554,6.54622],[80.95444,6.54611],[80.95378,6.54836],[80.95052,6.547],[80.95122,6.54483],[80.95296,6.54412],[80.95285,6.54302],[80.95065,6.54216]]]},"properties":{"name":null,"ha":730}},{"type":"Feature","geometry":{"type":"Polygon","coordinates":[[[81.05796,6.71836],[81.05697,6.71952],[81.05484,6.71792],[81.05325,6.71911],[81.0518,6.71502],[81.04999,6.71444],[81.04932,6.71706],[81.04677,6.71682],[81.04526,6.71555],[81.0455,6.71265],[81.04217,6.71227],[81.04116,6.71116],[81.03916,6.71148],[81.04102,6.7142],[81.04129,6.7163],[81.03643,6.71431],[81.0367,6.70911],[81.04175,6.70495],[81.04619,6.70481],[81.04794,6.70658],[81.05069,6.70456],[81.05012,6.70263],[81.05325,6.70361],[81.05558,6.70125],[81.05573,6.70055],[81.05227,6.69903],[81.0517,6.69404],[81.05499,6.69394],[81.05588,6.69275],[81.05335,6.69241],[81.05435,6.68926],[81.05371,6.68864],[81.05497,6.68765],[81.06238,6.69031],[81.06271,6.69562],[81.0647,6.696],[81.06642,6.70281],[81.0754,6.70676],[81.07388,6.70783],[81.07033,6.70568],[81.06952,6.70661],[81.07051,6.70764],[81.07447,6.70812],[81.07715,6.71084],[81.07829,6.70741],[81.07918,6.70981],[81.07872,6.71637],[81.08019,6.72072],[81.07765,6.7198],[81.07891,6.7213],[81.07821,6.72208],[81.08012,6.72286],[81.07831,6.72455],[81.07548,6.7213],[81.0762,6.72033],[81.07534,6.71759],[81.07069,6.72016],[81.07183,6.71571],[81.06781,6.71414],[81.06764,6.71223],[81.06903,6.7119],[81.06833,6.71069],[81.06748,6.71165],[81.06266,6.71132],[81.06007,6.70842],[81.0592,6.70879],[81.06014,6.71138],[81.0579,6.712],[81.05808,6.71354],[81.05669,6.71601],[81.05923,6.71471],[81.06265,6.71611],[81.0628,6.71805],[81.06102,6.71721],[81.05796,6.71836]]]},"properties":{"name":"Bibilihela Forest Reserve","ha":729}},{"type":"Feature","geometry":{"type":"Polygon","coordinates":[[[80.56705,7.91716],[80.56633,7.91921],[80.56726,7.92032],[80.56569,7.92278],[80.56649,7.92406],[80.5654,7.92437],[80.56608,7.92524],[80.56324,7.92703],[80.564,7.92769],[80.56824,7.92728],[80.57222,7.92602],[80.5722,7.92518],[80.57632,7.92294],[80.57751,7.91862],[80.58306,7.9171],[80.58378,7.91463],[80.58705,7.91294],[80.58767,7.90997],[80.58961,7.91059],[80.59084,7.90832],[80.59194,7.8966],[80.59038,7.89506],[80.59022,7.89321],[80.58681,7.89395],[80.58383,7.89625],[80.57783,7.89648],[80.57631,7.89557],[80.57769,7.8892],[80.57622,7.88197],[80.57274,7.88259],[80.57342,7.88612],[80.57193,7.88921],[80.57228,7.89206],[80.5753,7.89691],[80.57297,7.89904],[80.57286,7.89695],[80.56994,7.89744],[80.56843,7.89633],[80.56834,7.89781],[80.56952,7.89846],[80.56875,7.90261],[80.56984,7.90554],[80.56837,7.90829],[80.56611,7.90858],[80.56575,7.90974],[80.56677,7.91088],[80.5658,7.91274],[80.56719,7.91219],[80.5679,7.91442],[80.57001,7.91644],[80.56705,7.91716]]]},"properties":{"name":"Jathika Namal Uyana","ha":724}},{"type":"Feature","geometry":{"type":"Polygon","coordinates":[[[81.35655,7.76538],[81.36221,7.76785],[81.36578,7.76831],[81.37248,7.76754],[81.37376,7.76622],[81.37938,7.76874],[81.37742,7.76309],[81.38513,7.7576],[81.38668,7.75271],[81.38676,7.74012],[81.37934,7.74378],[81.37603,7.7434],[81.36863,7.74467],[81.36342,7.74909],[81.35947,7.75009],[81.3579,7.7519],[81.35751,7.75645],[81.35576,7.75973],[81.35655,7.76538]]]},"properties":{"name":null,"ha":720}},{"type":"Feature","geometry":{"type":"Polygon","coordinates":[[[81.3076,6.82452],[81.32548,6.84543],[81.33244,6.85003],[81.33482,6.84978],[81.33757,6.85255],[81.33851,6.85182],[81.33944,6.85305],[81.34117,6.85119],[81.3387,6.84801],[81.34554,6.8431],[81.34537,6.84038],[81.34934,6.83612],[81.34835,6.83536],[81.34585,6.83664],[81.34511,6.83441],[81.34579,6.83195],[81.3435,6.83227],[81.34361,6.83342],[81.34176,6.83397],[81.33732,6.83106],[81.33806,6.82962],[81.33935,6.8308],[81.34013,6.82999],[81.3379,6.82741],[81.33129,6.82656],[81.32752,6.82336],[81.32486,6.82294],[81.3202,6.826],[81.31546,6.82472],[81.31357,6.82643],[81.312,6.82502],[81.31054,6.82639],[81.30928,6.82402],[81.3076,6.82452]]]},"properties":{"name":"Daragoda Forest Reserve","ha":719}},{"type":"Feature","geometry":{"type":"Polygon","coordinates":[[[80.84156,7.23295],[80.84378,7.23086],[80.84366,7.22891],[80.8445,7.22814],[80.84809,7.23018],[80.85009,7.23542],[80.85119,7.23488],[80.85175,7.23747],[80.85716,7.23457],[80.85646,7.23198],[80.85573,7.23274],[80.85483,7.23059],[80.85086,7.23072],[80.85123,7.22919],[80.84947,7.22908],[80.85293,7.22818],[80.85337,7.22615],[80.8546,7.22533],[80.85442,7.22385],[80.85585,7.22497],[80.85604,7.22174],[80.85518,7.2206],[80.85752,7.21936],[80.85657,7.21839],[80.85542,7.21896],[80.85582,7.21804],[80.8568,7.2176],[80.85867,7.21926],[80.8598,7.21753],[80.8591,7.21602],[80.85662,7.2154],[80.8574,7.21206],[80.85329,7.21002],[80.85123,7.20781],[80.85154,7.20712],[80.85301,7.20739],[80.85492,7.20814],[80.85909,7.21226],[80.85851,7.21387],[80.86068,7.21566],[80.86112,7.2188],[80.86572,7.21978],[80.86059,7.22007],[80.85947,7.22457],[80.86317,7.22688],[80.86357,7.2284],[80.86234,7.22994],[80.86268,7.23392],[80.86392,7.23686],[80.86759,7.24037],[80.86536,7.24042],[80.86471,7.24136],[80.86517,7.24485],[80.86669,7.24713],[80.86835,7.24348],[80.87241,7.24464],[80.87893,7.24468],[80.87752,7.24153],[80.87904,7.23751],[80.87763,7.23218],[80.87995,7.22864],[80.8822,7.23391],[80.88422,7.23301],[80.88465,7.23411],[80.88592,7.23389],[80.88547,7.23605],[80.88699,7.24013],[80.88937,7.2413],[80.88877,7.24343],[80.88986,7.24837],[80.89282,7.25099],[80.89511,7.25769],[80.89654,7.25703],[80.89599,7.25534],[80.89672,7.25415],[80.90121,7.25172],[80.89935,7.25032],[80.89936,7.24829],[80.90253,7.24885],[80.9022,7.25186],[80.9034,7.25559],[80.90726,7.25606],[80.90923,7.25307],[80.90941,7.24731],[80.91141,7.24634],[80.91036,7.24409],[80.91222,7.24264],[80.91735,7.24343],[80.9183,7.24746],[80.91778,7.24865],[80.91588,7.2492],[80.91747,7.2499],[80.91612,7.25809],[80.91699,7.25958],[80.9156,7.26067],[80.91562,7.26224],[80.84156,7.23295]]]},"properties":{"name":null,"ha":716}},{"type":"Feature","geometry":{"type":"Polygon","coordinates":[[[80.47742,6.59339],[80.47939,6.5912],[80.48273,6.59288],[80.48359,6.59161],[80.48752,6.59216],[80.49124,6.59043],[80.49226,6.58876],[80.49448,6.58829],[80.49596,6.58648],[80.49552,6.58824],[80.49686,6.58682],[80.49733,6.58362],[80.50071,6.58081],[80.50147,6.58117],[80.50071,6.58296],[80.50435,6.58376],[80.50453,6.58512],[80.50757,6.58423],[80.50834,6.58271],[80.50727,6.57948],[80.5083,6.57955],[80.50837,6.55495],[80.49726,6.55521],[80.49707,6.56841],[80.50096,6.57109],[80.5024,6.5695],[80.50245,6.57108],[80.50497,6.57208],[80.50487,6.57318],[80.50356,6.57387],[80.50254,6.57309],[80.50041,6.57453],[80.49842,6.57377],[80.49811,6.57568],[80.49706,6.57537],[80.49704,6.58039],[80.49439,6.58152],[80.49164,6.5803],[80.49458,6.57778],[80.49688,6.57812],[80.49736,6.57448],[80.4943,6.5727],[80.49178,6.57593],[80.49353,6.57767],[80.49231,6.57662],[80.48698,6.57671],[80.48592,6.57821],[80.48598,6.58616],[80.48362,6.5879],[80.48332,6.58604],[80.48598,6.58597],[80.48601,6.57855],[80.48298,6.57623],[80.48169,6.5761],[80.48029,6.57734],[80.47846,6.57591],[80.47464,6.579],[80.47498,6.58694],[80.47637,6.58781],[80.47609,6.58919],[80.47824,6.58962],[80.47691,6.5917],[80.47742,6.59339]]]},"properties":{"name":null,"ha":714}},{"type":"Feature","geometry":{"type":"Polygon","coordinates":[[[80.86374,7.92609],[80.86161,7.92903],[80.85931,7.92876],[80.85884,7.92721],[80.85768,7.92733],[80.85214,7.93866],[80.85463,7.94848],[80.85334,7.94956],[80.85468,7.95568],[80.85325,7.95911],[80.85442,7.96511],[80.85275,7.96806],[80.85843,7.97407],[80.85884,7.97865],[80.86122,7.97761],[80.86687,7.97869],[80.86645,7.98024],[80.86777,7.98108],[80.8688,7.98601],[80.86374,7.92609]]]},"properties":{"name":null,"ha":714}},{"type":"Feature","geometry":{"type":"Polygon","coordinates":[[[80.70446,7.57282],[80.70104,7.56899],[80.70327,7.56591],[80.70175,7.56401],[80.69893,7.56734],[80.69497,7.56881],[80.6935,7.57061],[80.69387,7.56763],[80.69238,7.56831],[80.69188,7.56769],[80.69358,7.56615],[80.69355,7.56491],[80.69545,7.56448],[80.6935,7.56186],[80.69432,7.56093],[80.69363,7.55965],[80.69506,7.5588],[80.69661,7.55375],[80.69986,7.54902],[80.70022,7.54339],[80.70402,7.54455],[80.70345,7.54047],[80.70154,7.53887],[80.70214,7.53612],[80.70673,7.53358],[80.71065,7.53462],[80.71205,7.53224],[80.71473,7.53376],[80.71649,7.53857],[80.71983,7.54377],[80.72119,7.54382],[80.72101,7.54156],[80.72276,7.54085],[80.70446,7.57282]]]},"properties":{"name":null,"ha":711}},{"type":"Feature","geometry":{"type":"Polygon","coordinates":[[[80.72458,8.05899],[80.72423,8.0553],[80.72872,8.05158],[80.73459,8.0488],[80.73744,8.04921],[80.73927,8.05066],[80.74044,8.06053],[80.73973,8.06447],[80.74433,8.06899],[80.74398,8.07648],[80.743,8.0782],[80.7449,8.08049],[80.74275,8.08604],[80.74312,8.08934],[80.74159,8.09064],[80.74228,8.0922],[80.73919,8.09733],[80.73658,8.09605],[80.73533,8.09333],[80.73493,8.0819],[80.7324,8.07852],[80.73281,8.07355],[80.73079,8.06774],[80.72703,8.06678],[80.72238,8.06806],[80.72152,8.06747],[80.71965,8.06817],[80.71936,8.06983],[80.71855,8.06988],[80.7188,8.0613],[80.72322,8.0596],[80.72619,8.06201],[80.72458,8.05899]]]},"properties":{"name":null,"ha":705}},{"type":"Feature","geometry":{"type":"Polygon","coordinates":[[[80.85944,7.31528],[80.85969,7.31833],[80.86138,7.32029],[80.86511,7.31976],[80.86726,7.32054],[80.86768,7.31811],[80.86895,7.31983],[80.86983,7.31932],[80.87074,7.3201],[80.87088,7.32116],[80.8726,7.3199],[80.87114,7.32158],[80.86928,7.32076],[80.86897,7.32367],[80.86942,7.3216],[80.87307,7.32291],[80.86893,7.32861],[80.86855,7.33274],[80.86725,7.33272],[80.86775,7.33174],[80.86675,7.33175],[80.86687,7.33027],[80.86532,7.33054],[80.86492,7.33217],[80.86459,7.33123],[80.86388,7.33164],[80.86726,7.33557],[80.86526,7.3365],[80.86918,7.33837],[80.86828,7.3388],[80.86866,7.34198],[80.86714,7.3441],[80.86516,7.34407],[80.86623,7.3464],[80.86569,7.34713],[80.86862,7.3467],[80.86882,7.34431],[80.86899,7.34751],[80.8641,7.35151],[80.86326,7.3504],[80.86414,7.34781],[80.86051,7.34534],[80.86173,7.34702],[80.86078,7.34906],[80.86032,7.34754],[80.85909,7.34816],[80.85677,7.34718],[80.8558,7.35096],[80.85755,7.35135],[80.85785,7.3525],[80.85383,7.35205],[80.85327,7.35394],[80.84243,7.3513],[80.85944,7.31528]]]},"properties":{"name":null,"ha":702}}]}
