{"type":"FeatureCollection","metadata":{"source":"OpenStreetMap via Overpass API","license":"ODbL","fetched":"2026-09-09T03:54:24.486Z","count":450},"features":[{"type":"Feature","geometry":{"type":"LineString","coordinates":[[80.18597,6.08436],[80.18676,6.08341],[80.18958,6.06756],[80.19195,6.05975]]},"properties":{"name":"Kepu Ela"}},{"type":"Feature","geometry":{"type":"LineString","coordinates":[[80.36344,6.09216],[80.36404,6.08995],[80.36668,6.08794],[80.36853,6.08391],[80.37421,6.08122],[80.37269,6.0802],[80.37323,6.0789],[80.3787,6.0716],[80.38239,6.06929],[80.3829,6.06761],[80.3879,6.0637],[80.39065,6.0602],[80.39434,6.05901],[80.39352,6.05739],[80.39483,6.0554],[80.39618,6.05485],[80.39631,6.05116],[80.40018,6.05009],[80.40036,6.04703],[80.40399,6.04505],[80.40566,6.04548],[80.40739,6.04185],[80.40953,6.04089],[80.40951,6.03925],[80.41094,6.0374],[80.4106,6.03559],[80.4132,6.03289],[80.41354,6.02995],[80.41713,6.02917],[80.41762,6.02604],[80.42039,6.02403],[80.4217,6.02152],[80.42412,6.0203],[80.42371,6.01693],[80.42635,6.01533],[80.42676,6.01249],[80.42889,6.01176],[80.43165,6.00865],[80.43698,6.00728],[80.43818,6.00489],[80.43698,6.00362],[80.43568,5.99839],[80.43786,5.99563],[80.43523,5.99476],[80.43551,5.99362],[80.43928,5.98954],[80.44411,5.9884],[80.44553,5.98661],[80.45019,5.98416],[80.4559,5.97674],[80.45606,5.97542],[80.45544,5.9745],[80.45218,5.97508],[80.45052,5.97825],[80.4483,5.9787],[80.44388,5.9814],[80.43875,5.98196],[80.43379,5.98098],[80.43169,5.9778],[80.4326,5.97647],[80.43723,5.97716],[80.44022,5.97667],[80.44917,5.97197],[80.45467,5.96726],[80.45533,5.96389],[80.45381,5.96282]]},"properties":{"name":"Polwatta Ganga"}},{"type":"Feature","geometry":{"type":"LineString","coordinates":[[80.32664,6.5798],[80.32709,6.58273],[80.32325,6.58771],[80.32278,6.59109],[80.32046,6.59531],[80.31684,6.59947],[80.31301,6.60891],[80.31063,6.61125],[80.30901,6.61092],[80.30245,6.61332],[80.29145,6.6151],[80.28809,6.6165],[80.28419,6.61548],[80.28258,6.61785],[80.2806,6.61867],[80.27843,6.61816],[80.27627,6.61871],[80.2742,6.61727],[80.27088,6.6201],[80.26042,6.62243],[80.25832,6.6207],[80.25425,6.61969],[80.25057,6.61703],[80.24727,6.61715],[80.24481,6.61318],[80.23455,6.61362],[80.23001,6.61247],[80.22573,6.61357],[80.221,6.60458],[80.2207,6.60165],[80.21805,6.60114],[80.21846,6.60284],[80.21763,6.60559],[80.21484,6.60795],[80.21446,6.61152],[80.21142,6.6137],[80.21088,6.61734],[80.20776,6.6199],[80.20247,6.61827],[80.19894,6.62212],[80.19697,6.62141],[80.19512,6.62308],[80.19438,6.62516],[80.1916,6.6237],[80.18987,6.62061],[80.18711,6.62467],[80.18621,6.62236],[80.1837,6.62017],[80.18053,6.62288],[80.17606,6.61851],[80.17608,6.62167],[80.17214,6.62674],[80.17112,6.62703],[80.16999,6.62621],[80.17057,6.62279],[80.16753,6.62192],[80.16762,6.62396],[80.16324,6.63102],[80.15883,6.63194],[80.15664,6.63161],[80.15344,6.63745],[80.15306,6.6415],[80.14424,6.63852],[80.1377,6.6384],[80.12984,6.62869],[80.12627,6.62816],[80.1246,6.62949],[80.12373,6.63611],[80.12154,6.6386],[80.12039,6.6415],[80.11713,6.64155],[80.11481,6.64254],[80.11416,6.64675],[80.11089,6.64926],[80.11002,6.65076],[80.1099,6.65372],[80.10792,6.65571],[80.10612,6.65605],[80.10449,6.65507],[80.10265,6.65013],[80.10158,6.65041],[80.10041,6.65384],[80.0983,6.65577],[80.09693,6.65511],[80.09784,6.65267],[80.09436,6.65277]]},"properties":{"name":"Kuda Gaga"}},{"type":"Feature","geometry":{"type":"LineString","coordinates":[[80.26046,6.38576],[80.25916,6.38676],[80.25878,6.38882],[80.25711,6.38883],[80.25765,6.38992],[80.25676,6.39032],[80.25624,6.39253],[80.25239,6.39822],[80.24855,6.40109],[80.24744,6.40428],[80.24745,6.40781],[80.24585,6.40966],[80.245,6.40997],[80.2449,6.40923],[80.24286,6.40843],[80.2396,6.40925],[80.2364,6.40839],[80.23422,6.40948],[80.2294,6.40827],[80.22705,6.40898],[80.22069,6.40836],[80.21628,6.40598],[80.21679,6.40348],[80.21552,6.40205],[80.21632,6.39514],[80.21536,6.39021],[80.21746,6.38791],[80.21545,6.38163],[80.21506,6.37767],[80.2157,6.37629],[80.21216,6.37144],[80.2088,6.3711],[80.20823,6.37209],[80.2064,6.37244],[80.20672,6.36903],[80.20796,6.36749],[80.20681,6.36407],[80.2078,6.36002],[80.20226,6.35951],[80.20161,6.35797],[80.19504,6.35769],[80.18966,6.35456],[80.18817,6.35718],[80.1858,6.35853],[80.17829,6.35992],[80.17021,6.35981],[80.16517,6.36305],[80.16281,6.36335],[80.15627,6.36629],[80.155,6.3676],[80.15246,6.36743]]},"properties":{"name":"Bentota"}},{"type":"Feature","geometry":{"type":"LineString","coordinates":[[80.52627,6.87207],[80.52554,6.87431],[80.52587,6.87653],[80.52449,6.87834],[80.52099,6.88013],[80.52014,6.88243],[80.5175,6.88476],[80.51181,6.8876],[80.51057,6.89022],[80.5095,6.8906],[80.50755,6.8935],[80.50432,6.89503]]},"properties":{"name":"Kelani Ganga"}},{"type":"Feature","geometry":{"type":"LineString","coordinates":[[80.55441,7.08265],[80.55499,7.08396],[80.55676,7.08487],[80.55653,7.08992],[80.55764,7.09444],[80.56197,7.09655],[80.56351,7.09828],[80.56531,7.10141],[80.56549,7.10468],[80.56945,7.10507],[80.57036,7.10581],[80.57503,7.11399],[80.57467,7.12436],[80.57608,7.12549],[80.57716,7.12815],[80.57693,7.13253],[80.57986,7.13475],[80.57986,7.13562],[80.57698,7.14582],[80.57732,7.14925],[80.57658,7.1528],[80.57225,7.16111],[80.57357,7.16278],[80.57854,7.16471],[80.57728,7.16782],[80.57552,7.16979],[80.57686,7.17151],[80.58115,7.173],[80.58248,7.17713]]},"properties":{"name":"Mahaweli Ganga"}},{"type":"Feature","geometry":{"type":"LineString","coordinates":[[80.58248,7.17713],[80.5912,7.18004],[80.59516,7.18011],[80.59708,7.18221],[80.59969,7.18214],[80.60152,7.18419],[80.60194,7.18679],[80.60565,7.18972],[80.60523,7.19332],[80.60279,7.19358],[80.60489,7.19785],[80.60377,7.2015],[80.6051,7.20536],[80.60731,7.20699],[80.60726,7.20899],[80.60469,7.21326],[80.60499,7.21555],[80.60266,7.22051],[80.60337,7.2263],[80.60234,7.22913],[80.59943,7.23248],[80.59881,7.24048],[80.59561,7.24573],[80.59594,7.25267],[80.5956,7.25413],[80.59351,7.25624],[80.59382,7.26346],[80.59213,7.2771],[80.59309,7.27737],[80.59932,7.27439],[80.59926,7.26934],[80.60046,7.2681],[80.60274,7.26901],[80.60484,7.27248],[80.60676,7.27376],[80.60403,7.28119],[80.60676,7.28299],[80.60949,7.29071],[80.61323,7.29153],[80.61589,7.29359],[80.62108,7.3],[80.6228,7.3045],[80.62321,7.31076],[80.62547,7.31826],[80.62578,7.32327],[80.62667,7.32453],[80.63889,7.32977],[80.64528,7.32193]]},"properties":{"name":"Mahaweli Ganga"}},{"type":"Feature","geometry":{"type":"LineString","coordinates":[[80.54709,6.69275],[80.54523,6.69385],[80.54563,6.69515],[80.54371,6.69755],[80.53573,6.70254],[80.53573,6.70527],[80.53493,6.70583],[80.53324,6.7048],[80.53032,6.70637],[80.52856,6.70578],[80.52581,6.70684],[80.52506,6.70507],[80.51869,6.70377],[80.51792,6.70458],[80.51676,6.70437],[80.51384,6.70126],[80.5103,6.70323],[80.50886,6.70301],[80.50687,6.70018],[80.50582,6.70229],[80.50442,6.70315],[80.5002,6.70403],[80.49752,6.70201],[80.49614,6.70283],[80.49479,6.70237],[80.49455,6.69913],[80.49088,6.69337],[80.49015,6.69357],[80.48969,6.69559],[80.48608,6.69647],[80.48226,6.70028],[80.4799,6.69987],[80.47758,6.70073],[80.47655,6.69726],[80.47313,6.69317],[80.47116,6.69596],[80.46984,6.6947],[80.46602,6.6981],[80.46414,6.69664],[80.46045,6.69746],[80.45916,6.6999],[80.45431,6.70364],[80.45138,6.70201],[80.44995,6.70409],[80.44969,6.70619],[80.44777,6.70579],[80.43977,6.70705],[80.43538,6.70454],[80.43273,6.70449],[80.43113,6.70306],[80.43072,6.70096],[80.42755,6.69744],[80.4273,6.69314],[80.42046,6.68405],[80.41715,6.68205],[80.41221,6.68212],[80.40875,6.67837],[80.40442,6.67642],[80.40261,6.67716],[80.40112,6.67934],[80.39801,6.67849],[80.39577,6.68262],[80.38805,6.68612],[80.3838,6.68649],[80.38108,6.68984],[80.37741,6.68857],[80.37456,6.69241],[80.37215,6.69327],[80.37441,6.69559],[80.37349,6.69715],[80.36947,6.6971],[80.3651,6.70035],[80.365,6.69707],[80.36279,6.69741],[80.36168,6.69482],[80.36037,6.69418],[80.35875,6.6965],[80.35904,6.69798],[80.35603,6.69785],[80.35324,6.70153],[80.34986,6.70289],[80.34844,6.70607],[80.34512,6.70855],[80.34322,6.71185],[80.33946,6.71389],[80.33634,6.71144],[80.3357,6.71713],[80.33196,6.7185],[80.32982,6.71749],[80.3251,6.7181],[80.32071,6.72119],[80.31866,6.72104],[80.31698,6.72462],[80.31581,6.72491],[80.31428,6.72402],[80.31615,6.72145],[80.31562,6.72083],[80.30971,6.71857],[80.30873,6.72179],[80.30736,6.72],[80.30622,6.71976],[80.30259,6.72211],[80.2996,6.72265],[80.2959,6.72518],[80.29267,6.72531],[80.28181,6.72969],[80.27869,6.72923],[80.2729,6.73494],[80.27198,6.7348],[80.27025,6.7319],[80.26876,6.73114],[80.265,6.73298],[80.25922,6.73208],[80.25836,6.73258],[80.25746,6.73562],[80.25626,6.7357],[80.2552,6.73423],[80.25612,6.73118],[80.25464,6.7297],[80.25328,6.73238],[80.2501,6.73249],[80.24715,6.73158],[80.24455,6.73419],[80.24261,6.73382],[80.23907,6.73489]]},"properties":{"name":"Kaluganga"}},{"type":"Feature","geometry":{"type":"LineString","coordinates":[[80.45606,6.61817],[80.45618,6.61909],[80.45339,6.62083],[80.45465,6.62582],[80.45132,6.62829],[80.45076,6.63],[80.45133,6.63157],[80.44986,6.63408],[80.44775,6.63504],[80.44796,6.63664],[80.44581,6.63842],[80.44637,6.63986],[80.44497,6.64129],[80.44547,6.6436],[80.44326,6.64448],[80.44384,6.64706],[80.44104,6.64784],[80.44071,6.64963],[80.44228,6.6512],[80.43804,6.6512],[80.43733,6.65285],[80.43884,6.65399],[80.43576,6.65634],[80.43553,6.65795],[80.43242,6.66093],[80.43216,6.66275],[80.43097,6.66288],[80.43138,6.66446],[80.42783,6.66646],[80.42731,6.66788],[80.42612,6.6675],[80.42437,6.66866],[80.42188,6.6685],[80.42099,6.66964],[80.41884,6.66918],[80.41756,6.67132],[80.41523,6.66978],[80.41151,6.67184],[80.41118,6.67416],[80.4088,6.6731],[80.40701,6.67421],[80.4056,6.67641]]},"properties":{"name":"Wey Ganga"}},{"type":"Feature","geometry":{"type":"LineString","coordinates":[[80.95048,7.14014],[80.95228,7.14293],[80.95305,7.14605],[80.9546,7.14566],[80.95708,7.1427],[80.96275,7.14243],[80.96031,7.14764],[80.96287,7.15843],[80.95939,7.16395],[80.95849,7.1708],[80.95517,7.17274],[80.95546,7.17439],[80.95448,7.17749],[80.9496,7.17875],[80.95078,7.18446],[80.95042,7.18622],[80.94926,7.18743],[80.94651,7.18816],[80.94623,7.19095],[80.94464,7.19429],[80.94266,7.19623],[80.94296,7.19947],[80.94613,7.20105]]},"properties":{"name":"Uma Oya"}},{"type":"Feature","geometry":{"type":"LineString","coordinates":[[81.18501,8.14597],[81.18569,8.14709],[81.1919,8.15079],[81.19177,8.15494],[81.19244,8.15625],[81.19558,8.1581],[81.19845,8.16167],[81.20042,8.16193],[81.20198,8.16075],[81.205,8.16131],[81.20915,8.16789],[81.21013,8.17482],[81.21272,8.17865],[81.21289,8.1817],[81.21095,8.1833],[81.20531,8.18171],[81.20396,8.1817],[81.20301,8.18303],[81.20303,8.18546],[81.20448,8.1885],[81.20448,8.19139],[81.20081,8.19645],[81.20315,8.20055],[81.20585,8.21517],[81.20293,8.222],[81.20242,8.22791],[81.19576,8.23224],[81.1927,8.23156],[81.18932,8.22815],[81.1867,8.227],[81.17993,8.2305],[81.17941,8.23203],[81.18005,8.23441],[81.18555,8.23859],[81.18586,8.24256],[81.18493,8.24387],[81.17907,8.2466],[81.17588,8.25165],[81.17049,8.25413],[81.17074,8.25565],[81.17285,8.25665],[81.17841,8.25542],[81.17958,8.25685],[81.1795,8.25867],[81.17106,8.26356],[81.1665,8.26895],[81.1661,8.27155],[81.16914,8.27658],[81.16833,8.28752],[81.16472,8.29526],[81.16031,8.29738],[81.16031,8.29942],[81.16182,8.30183],[81.16433,8.30321],[81.16561,8.30707],[81.171,8.30676],[81.1721,8.30793],[81.17039,8.31111],[81.17247,8.31539],[81.17243,8.31914],[81.16916,8.32694],[81.16949,8.33061],[81.17199,8.33273],[81.17555,8.33301],[81.17946,8.33711],[81.18494,8.33693],[81.18808,8.33779],[81.19026,8.33683],[81.19167,8.33736],[81.19311,8.34033],[81.19634,8.34383],[81.19683,8.3457],[81.19614,8.34951],[81.19354,8.35098],[81.19337,8.35201],[81.20113,8.35961],[81.20478,8.36459],[81.20863,8.36631],[81.20911,8.36927],[81.20558,8.37286],[81.20647,8.37499],[81.20772,8.37577],[81.21237,8.37502],[81.21372,8.37625],[81.21357,8.37773],[81.21058,8.38141],[81.21057,8.38251],[81.21224,8.38355],[81.21421,8.38336],[81.21739,8.38163],[81.2189,8.38266],[81.21836,8.38592],[81.21426,8.38724],[81.21426,8.38894],[81.21686,8.39246],[81.21658,8.39502],[81.21541,8.39658]]},"properties":{"name":"Mahaweli River"}},{"type":"Feature","geometry":{"type":"LineString","coordinates":[[79.89176,6.84391],[79.88909,6.84288],[79.88928,6.84155],[79.89137,6.83732],[79.89471,6.83464],[79.89637,6.83143],[79.89788,6.82696],[79.89764,6.82137],[79.8997,6.81621]]},"properties":{"name":"Weras Ganga"}},{"type":"Feature","geometry":{"type":"LineString","coordinates":[[80.01747,6.3998],[80.01621,6.39875],[80.00585,6.39682]]},"properties":{"name":"Athuruwella"}},{"type":"Feature","geometry":{"type":"LineString","coordinates":[[80.97588,7.59656],[80.97622,7.60013],[80.98034,7.61375],[80.97949,7.62378],[80.98017,7.62719],[80.98515,7.63672],[80.98721,7.64641],[80.99175,7.65353],[80.99511,7.65611],[80.99665,7.65934],[80.99445,7.67576],[80.98797,7.68813],[80.98832,7.69089],[80.99187,7.69633],[80.99206,7.69801],[80.99043,7.70437],[80.99027,7.71019],[80.98846,7.71996],[80.98884,7.72985],[80.98699,7.73928],[80.9875,7.74817],[80.98449,7.76614],[80.98482,7.77363],[80.98265,7.7861],[80.9823,7.80301],[80.98304,7.8148],[80.98795,7.8235],[80.99013,7.82434],[80.99612,7.82317],[81.00197,7.82443],[81.00541,7.82757],[81.01352,7.83991],[81.01552,7.84107],[81.01648,7.84392],[81.01992,7.84889],[81.0218,7.85004],[81.03166,7.85028],[81.04006,7.84889],[81.04362,7.85059],[81.04503,7.85002],[81.05197,7.85082],[81.0557,7.84989],[81.05951,7.85103],[81.06042,7.85313],[81.06019,7.85619],[81.05978,7.85966],[81.05851,7.86114],[81.05856,7.86356],[81.06082,7.87146],[81.06471,7.87861]]},"properties":{"name":"Mahaweli River"}},{"type":"Feature","geometry":{"type":"LineString","coordinates":[[80.43165,6.00865],[80.43249,6.00408],[80.43406,6.00261],[80.43677,6.0028]]},"properties":{"name":"Polwatta Ganga"}},{"type":"Feature","geometry":{"type":"LineString","coordinates":[[80.44478,7.50486],[80.43966,7.50794],[80.4326,7.50694],[80.43013,7.50813],[80.43026,7.51747],[80.42603,7.5259],[80.42573,7.52924],[80.42247,7.5312],[80.42037,7.53439],[80.41524,7.53541],[80.41127,7.54032],[80.41056,7.54138],[80.41136,7.54514],[80.4072,7.54831],[80.40029,7.56022],[80.39702,7.56367],[80.39701,7.56505],[80.3984,7.5653],[80.39931,7.56718],[80.39379,7.57104],[80.39121,7.57133],[80.38765,7.57462],[80.385,7.57439],[80.38303,7.5759],[80.37806,7.57709],[80.37421,7.58318],[80.37545,7.58496],[80.37236,7.58572],[80.37027,7.58846],[80.36814,7.58898],[80.3663,7.591],[80.3613,7.59323],[80.36069,7.59548],[80.36153,7.59902],[80.35818,7.60233],[80.35812,7.60384],[80.35143,7.60918],[80.35167,7.61119],[80.35048,7.61268],[80.3446,7.61708],[80.34443,7.61882],[80.34169,7.62399],[80.34386,7.62951],[80.34233,7.6321],[80.3399,7.63318],[80.33493,7.63108],[80.33134,7.63189],[80.33014,7.63563],[80.3243,7.64107],[80.32396,7.64346],[80.32087,7.64686],[80.31898,7.64754],[80.31726,7.65043],[80.31967,7.65877],[80.31881,7.66081],[80.3164,7.66234],[80.31555,7.66489],[80.31348,7.66619],[80.31211,7.66898],[80.3097,7.66994],[80.3076,7.67663],[80.30343,7.67695],[80.298,7.6806],[80.29141,7.6899],[80.28495,7.69402],[80.28105,7.69828],[80.27965,7.70744],[80.27431,7.71809]]},"properties":{"name":"Deduru Oya"}},{"type":"Feature","geometry":{"type":"LineString","coordinates":[[80.85193,7.69426],[80.85181,7.69534],[80.85472,7.69775],[80.85555,7.71148],[80.85384,7.7137],[80.85309,7.71843],[80.84979,7.71883],[80.84855,7.72285],[80.84435,7.72341],[80.84585,7.72618],[80.84312,7.72649],[80.84122,7.7293],[80.84389,7.73161],[80.84352,7.73953],[80.8483,7.74927],[80.84865,7.7579],[80.85222,7.76105],[80.85258,7.76326],[80.8511,7.76949],[80.85176,7.77254],[80.85532,7.77703],[80.85985,7.78085],[80.86148,7.78868],[80.86193,7.79944],[80.86512,7.80206],[80.86936,7.79949],[80.87264,7.79847],[80.87476,7.79879],[80.87874,7.80724],[80.88342,7.82625],[80.88318,7.82807],[80.88049,7.83297],[80.88016,7.83761],[80.8811,7.83982],[80.88819,7.84249],[80.89126,7.84794],[80.89305,7.84891],[80.90364,7.84935],[80.90671,7.854],[80.91317,7.85456],[80.92361,7.85261],[80.9275,7.85267],[80.93722,7.86005],[80.94014,7.86143],[80.94862,7.86192],[80.95435,7.86131],[80.96969,7.86249]]},"properties":{"name":"Amban Ganga"}},{"type":"Feature","geometry":{"type":"LineString","coordinates":[[80.96969,7.86249],[80.97649,7.86411],[80.98499,7.86229],[80.98992,7.86316],[80.99839,7.87211],[81.00846,7.87809],[81.02039,7.87602],[81.02443,7.87726],[81.0432,7.87222],[81.04912,7.87226],[81.05712,7.87514],[81.06016,7.8776],[81.06471,7.87861]]},"properties":{"name":"Amban Ganga"}},{"type":"Feature","geometry":{"type":"LineString","coordinates":[[80.1859,7.10326],[80.18392,7.10609],[80.18111,7.10626],[80.18073,7.10857],[80.17921,7.10898],[80.17854,7.11119],[80.1757,7.11327],[80.16877,7.11128],[80.16295,7.11235],[80.16191,7.11117],[80.15839,7.1107],[80.15575,7.11174],[80.15539,7.11078],[80.14998,7.10798],[80.15086,7.10572],[80.14912,7.1058],[80.14813,7.10464],[80.14745,7.10522],[80.14722,7.10909],[80.14406,7.11269],[80.14155,7.11256],[80.14074,7.11356],[80.13732,7.11269],[80.1361,7.10598],[80.13412,7.1036],[80.13271,7.10402],[80.1341,7.10613],[80.13149,7.10692],[80.12941,7.10581],[80.12902,7.10447],[80.12788,7.10509],[80.12604,7.10409],[80.12565,7.10267],[80.12288,7.10282],[80.12078,7.10445],[80.11965,7.10031],[80.1183,7.10183],[80.11772,7.10085],[80.11655,7.10112],[80.11575,7.09901],[80.1146,7.09906],[80.11476,7.10019],[80.11331,7.10031]]},"properties":{"name":"Attanagalu Oya"}},{"type":"Feature","geometry":{"type":"LineString","coordinates":[[80.46547,7.08179],[80.46295,7.08145],[80.46162,7.07993],[80.45814,7.07899],[80.45751,7.0794],[80.44475,7.07631],[80.43692,7.07642],[80.434,7.07531],[80.43036,7.07658],[80.42877,7.07403],[80.42559,7.07531],[80.42292,7.07439],[80.41931,7.07524],[80.40599,7.07321],[80.40133,7.07147],[80.39625,7.07135],[80.39296,7.07035],[80.39069,7.06859],[80.38398,7.06772],[80.37226,7.06364],[80.36939,7.0635],[80.36739,7.06492],[80.36475,7.06475],[80.36157,7.06133],[80.36009,7.06143],[80.35795,7.05979],[80.35331,7.05984],[80.35235,7.05808],[80.35324,7.05568],[80.35109,7.05467],[80.34892,7.05597],[80.34773,7.05457],[80.34354,7.05438],[80.34277,7.056],[80.34054,7.05697],[80.3392,7.06054],[80.33668,7.06314],[80.33034,7.06076],[80.33054,7.05739],[80.3287,7.05765],[80.32695,7.05418],[80.32574,7.05511],[80.32438,7.05432],[80.32058,7.04858],[80.31686,7.04472],[80.31179,7.04172],[80.31257,7.03956],[80.31105,7.03892],[80.30984,7.03715],[80.31179,7.03202],[80.30635,7.03003],[80.29976,7.02883],[80.29823,7.03198],[80.2971,7.03108],[80.29313,7.0327]]},"properties":{"name":"Vee oya"}},{"type":"Feature","geometry":{"type":"LineString","coordinates":[[80.04665,6.41512],[80.04248,6.41372],[80.03914,6.41407],[80.02866,6.42016]]},"properties":{"name":"Bentota"}},{"type":"Feature","geometry":{"type":"LineString","coordinates":[[80.79929,6.68012],[80.80126,6.67731],[80.80893,6.67459],[80.80993,6.67257],[80.81253,6.67067],[80.81423,6.67109],[80.81627,6.67301],[80.82047,6.67231],[80.82263,6.6759],[80.82831,6.67716],[80.8287,6.67113],[80.83044,6.66874],[80.8362,6.66645],[80.83859,6.66716],[80.84132,6.66618],[80.84763,6.66629],[80.84865,6.66561],[80.84876,6.66292],[80.85053,6.66017],[80.85306,6.65952],[80.85696,6.65706],[80.8637,6.66572],[80.86639,6.66207],[80.87046,6.66316],[80.87534,6.66275],[80.8816,6.66417],[80.88916,6.66331],[80.89118,6.66374]]},"properties":{"name":"Walawe River"}},{"type":"Feature","geometry":{"type":"LineString","coordinates":[[80.63004,9.20531],[80.63102,9.20687],[80.63636,9.20749],[80.63835,9.20621],[80.64302,9.20696],[80.64967,9.20459],[80.65191,9.20698],[80.65337,9.20726],[80.65503,9.20709],[80.65685,9.2053],[80.66125,9.20659],[80.66443,9.20511],[80.67013,9.20427],[80.67414,9.205],[80.67694,9.2036],[80.67902,9.20585],[80.68143,9.2066],[80.68304,9.20956],[80.68777,9.20891],[80.68806,9.21023],[80.69005,9.21065],[80.69464,9.21355],[80.69451,9.21613],[80.69543,9.21752],[80.69792,9.21883],[80.69827,9.22153],[80.69981,9.2226],[80.69955,9.22623],[80.7018,9.22797],[80.70178,9.23378],[80.704,9.23418],[80.70607,9.23652],[80.70541,9.23981],[80.70678,9.24179],[80.70693,9.24458],[80.709,9.24612],[80.71152,9.24673],[80.71197,9.24971],[80.71307,9.24916],[80.71384,9.24976],[80.71354,9.2525],[80.7116,9.25356],[80.71252,9.25529],[80.71054,9.25588],[80.7105,9.25713],[80.70894,9.25799],[80.7109,9.25909],[80.71036,9.26015],[80.71113,9.26831],[80.71318,9.26949],[80.7114,9.27063],[80.71147,9.27137],[80.71307,9.27245],[80.71221,9.27344],[80.71234,9.27524],[80.71442,9.27673],[80.71422,9.27985],[80.71308,9.28141],[80.71452,9.28249],[80.71542,9.28425],[80.71514,9.28535],[80.71643,9.28693],[80.71553,9.28895],[80.71973,9.2901],[80.72183,9.29216],[80.72492,9.29081]]},"properties":{"name":"Peraru"}},{"type":"Feature","geometry":{"type":"LineString","coordinates":[[79.85195,7.36863],[79.85414,7.35456],[79.85639,7.35048],[79.85948,7.3486],[79.85978,7.3476],[79.85946,7.34501],[79.85671,7.34277],[79.85774,7.33942],[79.85718,7.33736],[79.85222,7.33352],[79.8581,7.32575],[79.85842,7.32422],[79.85579,7.32289],[79.85253,7.32304],[79.84942,7.31989],[79.85087,7.31733],[79.85397,7.317],[79.85511,7.31446],[79.85467,7.31332],[79.85247,7.31276],[79.85193,7.31077],[79.85353,7.30936],[79.85575,7.30999],[79.85647,7.30942],[79.85547,7.30552],[79.85345,7.30447],[79.85599,7.29984],[79.85526,7.29891],[79.85402,7.29902],[79.85346,7.30095]]},"properties":{"name":"Gin Oya"}},{"type":"Feature","geometry":{"type":"LineString","coordinates":[[81.41881,6.40873],[81.42045,6.40911],[81.42015,6.41219],[81.42488,6.41306],[81.4276,6.41868],[81.43,6.41846],[81.43207,6.41639],[81.43551,6.41589],[81.43699,6.41716],[81.43662,6.41946],[81.4378,6.42049],[81.44548,6.41973],[81.44684,6.41663],[81.44914,6.41408],[81.46227,6.41388],[81.46518,6.4116],[81.46724,6.40756],[81.47516,6.40794]]},"properties":{"name":"Menik Ganga"}},{"type":"Feature","geometry":{"type":"LineString","coordinates":[[79.85439,7.30188],[79.8503,7.29962],[79.84781,7.30146],[79.84652,7.30074],[79.84683,7.3029],[79.84493,7.30264],[79.84343,7.30468],[79.84075,7.30513],[79.83825,7.30228]]},"properties":{"name":"Gin Oya"}},{"type":"Feature","geometry":{"type":"LineString","coordinates":[[80.76128,8.93257],[80.762,8.93637],[80.76526,8.93608],[80.76717,8.93703],[80.76868,8.93926],[80.77067,8.93958],[80.77203,8.94229],[80.77202,8.94448],[80.77558,8.94726],[80.77701,8.94714],[80.77817,8.94603],[80.78026,8.94709],[80.7822,8.9466],[80.78441,8.94855],[80.78917,8.95064],[80.79571,8.94837],[80.80334,8.95281],[80.80721,8.95133],[80.81371,8.9541],[80.81857,8.95393],[80.82304,8.95608],[80.82739,8.95509],[80.82821,8.95576],[80.82856,8.95878],[80.8334,8.96061],[80.85034,8.96123],[80.85373,8.95935],[80.85762,8.96008],[80.85972,8.95787],[80.86256,8.95911],[80.86511,8.9585],[80.86758,8.95992],[80.86979,8.95997],[80.86989,8.9631],[80.874,8.96446],[80.87343,8.9672],[80.87459,8.96902],[80.8778,8.96829],[80.88252,8.96912],[80.88738,8.97255],[80.88805,8.9785],[80.88978,8.9811],[80.89595,8.98181],[80.89657,8.98039],[80.89889,8.98104],[80.90004,8.97896],[80.902,8.98161],[80.90096,8.98339],[80.90161,8.98482],[80.90556,8.98443],[80.90701,8.98644],[80.90853,8.98536],[80.91059,8.9865],[80.91446,8.98467],[80.91745,8.98472],[80.91974,8.98572],[80.9221,8.98952],[80.92554,8.99073],[80.92682,8.99211]]},"properties":{"name":"Ma Oya"}},{"type":"Feature","geometry":{"type":"LineString","coordinates":[[80.16893,8.7507],[80.16666,8.75143],[80.16315,8.75123],[80.16148,8.75245],[80.15559,8.7596],[80.15231,8.76787],[80.14903,8.77159],[80.14316,8.77216],[80.13547,8.77752],[80.13353,8.77683],[80.13151,8.77849],[80.12729,8.77803],[80.12437,8.77907],[80.12147,8.78085],[80.1154,8.78755],[80.111,8.7892],[80.10305,8.79016],[80.10043,8.79288],[80.09923,8.79557],[80.097,8.7968],[80.09551,8.79643],[80.09415,8.79491],[80.09371,8.79271],[80.09444,8.79067],[80.09279,8.78854],[80.08241,8.78289],[80.08046,8.78289],[80.07838,8.78604],[80.07583,8.78734],[80.06793,8.78384],[80.06198,8.78287],[80.05409,8.78473],[80.04595,8.78848]]},"properties":{"name":"Malwathu Oya"}},{"type":"Feature","geometry":{"type":"LineString","coordinates":[[81.77215,7.30325],[81.77441,7.30838],[81.77541,7.30862],[81.77549,7.30975],[81.77638,7.30987],[81.77782,7.31205],[81.77779,7.3148],[81.77857,7.31621],[81.78161,7.31899],[81.783,7.32486],[81.78444,7.32522],[81.78401,7.32651],[81.78564,7.32627],[81.78539,7.3279],[81.78409,7.32923],[81.78809,7.33156],[81.78873,7.33359],[81.79186,7.33515],[81.79359,7.33777]]},"properties":{"name":"Udanga Aru"}},{"type":"Feature","geometry":{"type":"LineString","coordinates":[[80.84835,6.10979],[80.84994,6.10757],[80.84963,6.10636],[80.85078,6.10726],[80.85183,6.10637],[80.85247,6.10527],[80.8519,6.10408],[80.85444,6.10108],[80.8613,6.10082],[80.86361,6.10335],[80.86867,6.1047],[80.8703,6.10303],[80.8698,6.101],[80.87092,6.1013],[80.8729,6.10011],[80.87457,6.1008],[80.87608,6.09994],[80.87754,6.09778],[80.87796,6.09442],[80.87678,6.09372],[80.87449,6.08939],[80.87551,6.08733],[80.8745,6.08562],[80.87536,6.08545],[80.875,6.08445],[80.87613,6.08292],[80.87564,6.08228],[80.87686,6.08056],[80.87732,6.08153],[80.87972,6.08135],[80.88074,6.07871],[80.88478,6.0782],[80.88658,6.07567],[80.88637,6.07409],[80.8881,6.0744],[80.88907,6.06673],[80.89241,6.06453],[80.89305,6.0628]]},"properties":{"name":"Uruboku Oya"}},{"type":"Feature","geometry":{"type":"LineString","coordinates":[[81.16572,7.28566],[81.16435,7.28708],[81.1608,7.28826],[81.15995,7.2896],[81.15646,7.2905],[81.15673,7.29359],[81.15558,7.29492],[81.15573,7.29683],[81.15346,7.29786],[81.15221,7.30103],[81.14977,7.30355],[81.14951,7.30649],[81.1503,7.30856],[81.15335,7.31015],[81.14935,7.31396],[81.15017,7.31741],[81.14753,7.32054],[81.14814,7.3223],[81.14669,7.32601],[81.14804,7.32837],[81.14409,7.33271],[81.14418,7.33622],[81.14292,7.33802],[81.14354,7.33971],[81.14184,7.3409],[81.13976,7.34103],[81.14007,7.34322],[81.13772,7.34235],[81.13748,7.34765],[81.13547,7.34991],[81.13494,7.35258],[81.13089,7.35478],[81.13064,7.35896],[81.12752,7.36114],[81.1252,7.36566],[81.12175,7.3677],[81.12124,7.37007],[81.11673,7.37147],[81.11381,7.37108],[81.105,7.37517],[81.10314,7.37487],[81.09776,7.37897],[81.09458,7.37826],[81.09052,7.38393],[81.08927,7.3888],[81.08782,7.38917],[81.08832,7.39269],[81.08635,7.39452],[81.08588,7.39722],[81.08287,7.39773],[81.08177,7.3994],[81.08219,7.40211],[81.07932,7.40578],[81.08074,7.40793],[81.08056,7.41037],[81.07998,7.41164],[81.07833,7.41154],[81.07824,7.41501],[81.07602,7.41754]]},"properties":{"name":"Ulhiti Oya"}},{"type":"Feature","geometry":{"type":"LineString","coordinates":[[81.22154,7.12134],[81.22226,7.11928],[81.22449,7.1182],[81.22545,7.11571],[81.22709,7.11442],[81.23494,7.11487],[81.23803,7.11148],[81.24301,7.11413],[81.24357,7.11567],[81.2447,7.11494],[81.24598,7.11577],[81.24769,7.11408],[81.24906,7.11414],[81.2498,7.11721],[81.24892,7.12042],[81.25087,7.12193],[81.24772,7.12906],[81.24955,7.13131],[81.2493,7.13519],[81.2537,7.13802],[81.2548,7.13691],[81.25448,7.13467],[81.25979,7.12854],[81.26275,7.13355],[81.2692,7.13696],[81.27106,7.13997],[81.27389,7.14018],[81.27783,7.1392],[81.28945,7.14328],[81.30002,7.14466],[81.30668,7.14853],[81.30912,7.14812],[81.31398,7.14937],[81.32429,7.15044],[81.33208,7.15266],[81.33423,7.15533],[81.33648,7.15595]]},"properties":{"name":"Gal Oya"}},{"type":"Feature","geometry":{"type":"LineString","coordinates":[[80.42555,7.09804],[80.4175,7.0972],[80.41081,7.09417],[80.40136,7.09659],[80.39472,7.10163],[80.39058,7.10048],[80.38892,7.10122],[80.38561,7.09849],[80.38232,7.09792],[80.38264,7.09668],[80.37366,7.10011],[80.37178,7.10186],[80.36567,7.10362],[80.36414,7.10221],[80.363,7.10344],[80.36063,7.10252],[80.35949,7.10117],[80.35715,7.10111],[80.35619,7.09989],[80.35299,7.09918],[80.35112,7.0998],[80.3498,7.09853],[80.34714,7.09865],[80.34514,7.09683],[80.34309,7.09658],[80.34189,7.09679],[80.34061,7.09949],[80.34015,7.09891],[80.33788,7.1],[80.33595,7.09962],[80.33569,7.10224],[80.33375,7.09973],[80.33176,7.10158],[80.32807,7.09777],[80.32284,7.09672],[80.321,7.0949],[80.31958,7.09493],[80.31856,7.09365],[80.31534,7.0924],[80.31241,7.08958],[80.31103,7.08574],[80.30857,7.08522],[80.30755,7.0862],[80.30554,7.0843],[80.3033,7.08425],[80.30326,7.08197],[80.29392,7.07797],[80.29308,7.07547],[80.28544,7.07338],[80.28581,7.07044],[80.27883,7.06533],[80.27003,7.06348],[80.27086,7.06913],[80.269,7.07013],[80.26826,7.07455]]},"properties":{"name":"Ritigaha Oya"}},{"type":"Feature","geometry":{"type":"LineString","coordinates":[[81.05224,6.98422],[81.05369,6.98704],[81.05361,6.98859],[81.05531,6.98921],[81.05561,6.98318],[81.05966,6.98163],[81.06393,6.98174],[81.06463,6.98065],[81.06649,6.982],[81.06478,6.98424],[81.06595,6.98624],[81.06411,6.9873],[81.06563,6.98789],[81.06489,6.9904],[81.06566,6.99317],[81.06177,6.99634],[81.0609,6.99859],[81.0612,7.00143],[81.06387,7.00329],[81.06484,7.00565],[81.06404,7.0086],[81.06398,7.0153],[81.06267,7.01863],[81.06267,7.02099],[81.0598,7.02445],[81.06233,7.0292],[81.06023,7.03258],[81.05834,7.03408],[81.06161,7.04149],[81.06373,7.04402],[81.06176,7.04849],[81.06291,7.0524],[81.06218,7.0543],[81.05976,7.05504],[81.06106,7.05886],[81.05932,7.06373],[81.06034,7.06648],[81.05883,7.06828],[81.05515,7.06791],[81.05398,7.0691],[81.05525,7.07197],[81.05767,7.07276],[81.05742,7.07395],[81.05632,7.07536],[81.04958,7.078],[81.04961,7.07958],[81.05172,7.08331],[81.04896,7.08698],[81.0487,7.09183],[81.05257,7.09652],[81.05187,7.09754],[81.04803,7.09703],[81.04728,7.09819]]},"properties":{"name":"Badulu Oya"}},{"type":"Feature","geometry":{"type":"LineString","coordinates":[[80.47773,6.81269],[80.47232,6.81537],[80.46977,6.81757],[80.46881,6.81736],[80.46475,6.81946],[80.45912,6.82036],[80.45863,6.82187],[80.45556,6.8224],[80.45513,6.82402],[80.45311,6.82524],[80.45066,6.82379],[80.44584,6.82442],[80.44277,6.82633],[80.44165,6.82875],[80.44012,6.82977],[80.43589,6.83014],[80.43509,6.83162],[80.42935,6.83314],[80.42522,6.83236],[80.4226,6.83026],[80.42104,6.83019],[80.42087,6.82864],[80.41936,6.8275],[80.41485,6.82815],[80.41363,6.82632],[80.41226,6.8261],[80.41055,6.82728],[80.4088,6.83149],[80.40761,6.8321],[80.40522,6.83625],[80.39996,6.83602],[80.39671,6.83801],[80.39295,6.83373],[80.38976,6.8337],[80.38743,6.83265],[80.38622,6.83085],[80.38158,6.82948],[80.37974,6.82783],[80.38117,6.82674],[80.38297,6.81978],[80.38226,6.81941],[80.37993,6.8205],[80.37904,6.81999],[80.37877,6.81903],[80.38031,6.8169],[80.38055,6.8146],[80.37912,6.81326],[80.37556,6.81296],[80.37448,6.81188],[80.37551,6.80852],[80.37522,6.80477],[80.37364,6.80185],[80.37093,6.80294],[80.36711,6.80011],[80.36848,6.79785],[80.3685,6.79619],[80.36678,6.79281],[80.36949,6.79134],[80.37157,6.78735],[80.36985,6.78526],[80.37132,6.78283],[80.36802,6.78198],[80.369,6.78077],[80.36691,6.77999],[80.36542,6.77742],[80.36453,6.77806],[80.36365,6.77757],[80.36281,6.77865],[80.36112,6.77632],[80.35916,6.77652],[80.35686,6.77448],[80.35544,6.77466],[80.35526,6.77357],[80.3533,6.77278],[80.35189,6.77325],[80.35057,6.77202],[80.34966,6.77325],[80.34802,6.77364],[80.34659,6.77646],[80.34529,6.77505],[80.34358,6.77769],[80.34223,6.77703],[80.34124,6.77979],[80.34062,6.77966],[80.34123,6.77848],[80.33988,6.77799],[80.33907,6.77997]]},"properties":{"name":"Kuru Ganga"}},{"type":"Feature","geometry":{"type":"LineString","coordinates":[[80.95129,6.85669],[80.95179,6.85904],[80.95058,6.86276],[80.95232,6.86338],[80.95248,6.86662],[80.95394,6.86654],[80.95524,6.86907],[80.95325,6.87229],[80.95181,6.87307],[80.9531,6.87687],[80.95247,6.87963],[80.9539,6.88149],[80.95378,6.88381],[80.95767,6.88785],[80.95682,6.89349],[80.95766,6.89569],[80.95472,6.89698],[80.95645,6.89925],[80.95943,6.90733],[80.95831,6.91237],[80.95891,6.91435],[80.95731,6.9153],[80.95531,6.91372],[80.95454,6.91588]]},"properties":{"name":"Mathetilla Oya"}},{"type":"Feature","geometry":{"type":"LineString","coordinates":[[80.85584,8.51635],[80.85576,8.51736],[80.85731,8.51751],[80.86023,8.5199],[80.85966,8.52087],[80.86033,8.52287],[80.85897,8.52439],[80.85893,8.52998],[80.85796,8.53077],[80.86014,8.53559],[80.85978,8.53637],[80.86255,8.53686],[80.864,8.53907],[80.8636,8.54073],[80.8654,8.54372],[80.86519,8.54574],[80.86855,8.54776],[80.86853,8.54884],[80.86703,8.55025],[80.8682,8.55099],[80.86983,8.55071],[80.86877,8.5527],[80.86941,8.55528],[80.8721,8.55533],[80.87216,8.55763],[80.87525,8.56002],[80.87512,8.56513],[80.87879,8.56967],[80.87964,8.57261],[80.88059,8.57247],[80.88019,8.57438],[80.88154,8.57673],[80.88065,8.57902],[80.88356,8.58281],[80.88245,8.5846],[80.88419,8.58669],[80.88281,8.58652],[80.88242,8.58752],[80.88311,8.58846],[80.88112,8.58904],[80.88195,8.58961],[80.88187,8.59191],[80.88328,8.59363],[80.88208,8.59466],[80.88272,8.5957],[80.88386,8.59532],[80.88355,8.59678],[80.88532,8.59881],[80.88294,8.60085],[80.88502,8.6034],[80.88476,8.60459],[80.88645,8.60345],[80.88723,8.60578],[80.88814,8.60535],[80.88853,8.60602],[80.88874,8.61101],[80.88985,8.6122],[80.89017,8.61479],[80.88952,8.61625],[80.89025,8.61716],[80.88932,8.61838],[80.891,8.61833],[80.89087,8.6201],[80.89449,8.62134],[80.8944,8.62238],[80.89615,8.62439],[80.89622,8.62613],[80.89741,8.62715],[80.89666,8.62843],[80.89745,8.6292],[80.89714,8.63372],[80.89587,8.63362],[80.89293,8.63521],[80.89275,8.63691],[80.89128,8.63665],[80.89134,8.63942],[80.89243,8.63996],[80.89249,8.6417],[80.89345,8.64207],[80.89276,8.64299],[80.89358,8.64385],[80.89321,8.64582],[80.89562,8.64825],[80.89561,8.64943],[80.89668,8.64933],[80.89604,8.65077],[80.89658,8.65359],[80.89861,8.65399],[80.89896,8.6576],[80.90056,8.6587],[80.89971,8.65936],[80.8997,8.66223],[80.90223,8.66471],[80.90293,8.66403],[80.90408,8.66478],[80.9055,8.66439],[80.90593,8.66518],[80.90693,8.66492],[80.90729,8.66578],[80.9091,8.66614],[80.90948,8.66752],[80.91078,8.66786],[80.91047,8.66919],[80.91246,8.67252],[80.91251,8.67417],[80.91051,8.67494],[80.91129,8.67592],[80.91069,8.67733],[80.91204,8.67949],[80.91184,8.68071],[80.91306,8.68242],[80.91214,8.68339],[80.91259,8.68503],[80.91152,8.68603],[80.91166,8.68844],[80.91063,8.6887],[80.90904,8.69022],[80.90907,8.69132],[80.90613,8.69363],[80.89216,8.71509],[80.88401,8.73325],[80.88281,8.74674],[80.88018,8.75716]]},"properties":{"name":"Yan Oya"}},{"type":"Feature","geometry":{"type":"LineString","coordinates":[[80.83381,7.39225],[80.84103,7.39622],[80.843,7.40158],[80.84248,7.40292],[80.84338,7.40468],[80.84338,7.41024],[80.84444,7.41329],[80.84582,7.41465],[80.84695,7.41982],[80.85035,7.42141],[80.85365,7.42502],[80.8518,7.42856],[80.85211,7.42966],[80.85436,7.43023],[80.85789,7.43382],[80.8585,7.43727],[80.86081,7.43919],[80.8603,7.44129],[80.86229,7.44398],[80.86487,7.44566],[80.86537,7.44923],[80.86707,7.45044],[80.86815,7.45448],[80.87199,7.4575],[80.87251,7.46065],[80.88016,7.46443],[80.87936,7.46697],[80.88158,7.46952],[80.88354,7.46901],[80.88539,7.47007],[80.88568,7.47252],[80.88853,7.47381],[80.89222,7.47303],[80.89632,7.47494],[80.8989,7.47482],[80.90269,7.4637],[80.90706,7.45801],[80.90933,7.46062],[80.90864,7.46404],[80.90961,7.46503],[80.91098,7.46316],[80.91414,7.46312],[80.91716,7.46168],[80.9183,7.46245],[80.91974,7.46636],[80.91947,7.46831],[80.92193,7.47072],[80.92285,7.47481],[80.92647,7.47511],[80.92798,7.48024],[80.9311,7.48098],[80.93229,7.48231],[80.93126,7.48903],[80.93243,7.48978],[80.94156,7.4895],[80.94351,7.48766],[80.94563,7.48694],[80.94823,7.48829],[80.95724,7.48983],[80.95895,7.4877],[80.97409,7.48841]]},"properties":{"name":"Heen Ganga"}},{"type":"Feature","geometry":{"type":"LineString","coordinates":[[80.51257,8.01941],[80.51002,8.02267],[80.50759,8.02897],[80.50108,8.03098],[80.5,8.03306],[80.49597,8.03565],[80.49552,8.03773],[80.49303,8.03922],[80.48915,8.04809],[80.48818,8.05227],[80.48146,8.0527],[80.48039,8.05411],[80.47883,8.05451],[80.47333,8.06043],[80.46759,8.06149],[80.4653,8.0632],[80.4634,8.07068],[80.4612,8.07396],[80.45813,8.07453],[80.44893,8.07963],[80.4462,8.07947],[80.44262,8.08072],[80.43953,8.0805],[80.4352,8.08285],[80.42743,8.08375],[80.4188,8.08632],[80.41263,8.0861],[80.411,8.08812],[80.4088,8.0884],[80.40691,8.08442],[80.40077,8.0831],[80.3988,8.08396],[80.3979,8.08689],[80.38041,8.0908],[80.37822,8.09184],[80.37492,8.09599],[80.36927,8.0973],[80.36769,8.10056],[80.36358,8.10066],[80.36038,8.10251],[80.35833,8.10597],[80.35406,8.10621],[80.35009,8.11333],[80.34661,8.11485],[80.34491,8.1143],[80.34163,8.11778],[80.3402,8.11988],[80.34041,8.12075],[80.33772,8.12277],[80.33288,8.12242],[80.33,8.1235],[80.32154,8.11898],[80.31667,8.11985],[80.31602,8.12122],[80.31451,8.12184],[80.30808,8.12147],[80.30652,8.12259],[80.30487,8.12243],[80.30094,8.11923],[80.29734,8.12144],[80.29331,8.12065],[80.29128,8.1213],[80.28811,8.12079],[80.28068,8.11568]]},"properties":{"name":"Kala Oya"}},{"type":"Feature","geometry":{"type":"LineString","coordinates":[[80.17665,6.85335],[80.17405,6.85517],[80.17394,6.85662],[80.17235,6.85784],[80.16974,6.85842],[80.16857,6.86233],[80.1644,6.86264],[80.16345,6.86164],[80.15969,6.86524],[80.154,6.8647],[80.15494,6.86618],[80.15455,6.86703],[80.15158,6.86577],[80.14925,6.86672],[80.14642,6.87219],[80.14619,6.87478],[80.14323,6.87617],[80.14262,6.8785],[80.14136,6.87777],[80.13838,6.87999],[80.13664,6.88001],[80.1354,6.88146],[80.12686,6.88621],[80.12605,6.88819],[80.12455,6.88865],[80.12432,6.89086],[80.12539,6.89287],[80.12105,6.90367],[80.1186,6.90269],[80.11496,6.90295],[80.11352,6.90159],[80.11283,6.90245],[80.11392,6.90322],[80.11209,6.90456],[80.11142,6.90911],[80.11001,6.90922],[80.10906,6.91115],[80.10569,6.91066],[80.10494,6.91185],[80.10258,6.91242],[80.10106,6.91176],[80.10106,6.91273],[80.10259,6.91338],[80.10262,6.91443],[80.10041,6.91536],[80.10041,6.91646],[80.09868,6.91748],[80.09776,6.91702],[80.09802,6.91524],[80.09667,6.91478],[80.09639,6.91389],[80.09359,6.91412]]},"properties":{"name":"Wakoya"}},{"type":"Feature","geometry":{"type":"LineString","coordinates":[[80.44737,6.54852],[80.44643,6.54949],[80.44753,6.55199],[80.44342,6.55572],[80.44348,6.55814],[80.4421,6.55903],[80.44122,6.56182],[80.44004,6.56123],[80.43844,6.56367],[80.4366,6.5634],[80.43728,6.56509],[80.43665,6.56582],[80.43532,6.56379],[80.43468,6.56506],[80.43289,6.56541],[80.43022,6.56967],[80.42571,6.56942],[80.42483,6.5734],[80.4233,6.57484],[80.42056,6.57336],[80.41787,6.57911],[80.41531,6.58122],[80.41268,6.58207],[80.41115,6.58463],[80.40857,6.58637],[80.40483,6.58681],[80.40244,6.58844],[80.40168,6.59114],[80.39795,6.59339],[80.39848,6.59479],[80.39506,6.59571],[80.39106,6.60096],[80.38747,6.60331],[80.38566,6.60602],[80.37816,6.61142],[80.37488,6.61659],[80.37228,6.62304],[80.3703,6.62408],[80.37038,6.6254],[80.36797,6.62814],[80.36673,6.63136],[80.36412,6.63218],[80.36525,6.6331],[80.36404,6.63471],[80.36555,6.63687],[80.36292,6.63851],[80.3627,6.64076],[80.36117,6.63966],[80.36083,6.64122],[80.35545,6.6486],[80.35652,6.64974],[80.35563,6.65103],[80.36072,6.65353],[80.36228,6.65705],[80.36072,6.65834],[80.36041,6.65973],[80.35883,6.6603],[80.35964,6.66167],[80.35935,6.66304],[80.35781,6.66912],[80.35701,6.67046],[80.35534,6.67073],[80.35584,6.67274],[80.35328,6.6731],[80.35575,6.67373],[80.35511,6.67534],[80.3565,6.67525],[80.35811,6.6763],[80.35895,6.67785],[80.35873,6.68106],[80.3611,6.68316],[80.36038,6.68435],[80.36342,6.68568],[80.36288,6.68678],[80.36147,6.6869],[80.36174,6.69297],[80.36037,6.69418]]},"properties":{"name":"Delawala Oya"}},{"type":"Feature","geometry":{"type":"LineString","coordinates":[[80.54769,6.51944],[80.54875,6.52094],[80.54819,6.52423],[80.54876,6.52643],[80.54439,6.52737],[80.54359,6.5298],[80.53881,6.53297],[80.53773,6.53243],[80.5357,6.53327],[80.53581,6.53453],[80.53476,6.5359],[80.53344,6.53554],[80.53303,6.53763],[80.53191,6.53616],[80.53041,6.53664],[80.5285,6.53539],[80.52819,6.53843],[80.53041,6.53891],[80.53043,6.53957],[80.52688,6.54065],[80.52625,6.53963],[80.52282,6.54127],[80.5225,6.53975],[80.52065,6.53827],[80.51923,6.53943],[80.51771,6.53942],[80.51756,6.54065],[80.51535,6.542],[80.51195,6.53958],[80.51006,6.53996],[80.51039,6.54136],[80.50723,6.54387],[80.50626,6.54717],[80.50494,6.54844],[80.50097,6.55122],[80.49571,6.55216],[80.4946,6.55412],[80.49463,6.55682],[80.49119,6.55894],[80.49145,6.56132],[80.49056,6.5631],[80.48716,6.56156],[80.4836,6.56268],[80.48209,6.56234],[80.47993,6.56368],[80.47896,6.56625],[80.47491,6.56584],[80.47333,6.56727],[80.47277,6.56939],[80.47142,6.56898],[80.47034,6.56968],[80.47102,6.57346],[80.47229,6.57375],[80.47192,6.57534],[80.47021,6.57704],[80.46899,6.57674],[80.46625,6.57842],[80.46545,6.57747],[80.46397,6.57823],[80.46006,6.58239],[80.45994,6.58411],[80.45737,6.58318],[80.45624,6.58189],[80.45161,6.58158],[80.45139,6.58257],[80.4495,6.58342],[80.44936,6.58476],[80.45029,6.58584],[80.44763,6.588],[80.44647,6.59236],[80.44511,6.592],[80.44396,6.59482],[80.44022,6.59588],[80.44011,6.59718],[80.43771,6.59858],[80.43726,6.60041],[80.43277,6.60206],[80.43227,6.60344],[80.42982,6.60411],[80.42882,6.60341],[80.42225,6.6104],[80.41757,6.61187],[80.41133,6.61577],[80.40787,6.62163],[80.40568,6.62166],[80.40331,6.62428],[80.40191,6.62476],[80.40053,6.62749],[80.39904,6.62826],[80.39758,6.63054],[80.39656,6.63449],[80.39596,6.63469],[80.39573,6.63375],[80.39264,6.63655],[80.38843,6.63767],[80.38865,6.63976],[80.38694,6.64005],[80.38661,6.64214],[80.38772,6.64374],[80.38606,6.64307],[80.38523,6.64353],[80.38642,6.64498],[80.38711,6.64919],[80.38558,6.65017],[80.38707,6.65087],[80.3845,6.66136],[80.38322,6.66366],[80.38412,6.66408],[80.38418,6.66601],[80.38292,6.66771],[80.38259,6.67059],[80.37783,6.67237],[80.37659,6.67129],[80.37648,6.67272],[80.37486,6.67291],[80.37545,6.67381],[80.37302,6.67685],[80.3711,6.67773],[80.37089,6.67932],[80.36983,6.67793],[80.36895,6.6794],[80.36652,6.68035],[80.36721,6.68115],[80.36661,6.6825],[80.36554,6.68248],[80.36527,6.68159],[80.36102,6.68451]]},"properties":{"name":"Hangamu Gaga"}},{"type":"Feature","geometry":{"type":"LineString","coordinates":[[80.49187,7.06633],[80.48897,7.06162],[80.48711,7.06142],[80.48717,7.06241],[80.48611,7.06244],[80.4839,7.06652],[80.48162,7.06803],[80.48091,7.07095],[80.47955,7.07165],[80.47766,7.07475],[80.47663,7.08038],[80.47715,7.08129],[80.47274,7.08546],[80.47344,7.08703],[80.47304,7.08829],[80.47608,7.09037],[80.47653,7.0917],[80.47966,7.0924],[80.48239,7.09405],[80.4833,7.0955],[80.48557,7.09554],[80.48626,7.09748],[80.48766,7.09767],[80.49062,7.1006],[80.49346,7.10148],[80.49794,7.1044],[80.49689,7.10611],[80.49551,7.1063],[80.49283,7.11139],[80.48808,7.11449],[80.47882,7.12773],[80.47842,7.12929],[80.47619,7.13043],[80.47457,7.13255],[80.47425,7.13436],[80.46978,7.14027],[80.46514,7.14941],[80.46166,7.16138],[80.45898,7.17443],[80.46683,7.17945],[80.4683,7.17875],[80.47386,7.18108],[80.47289,7.18286],[80.47342,7.18592],[80.46905,7.18877],[80.46792,7.19149],[80.46607,7.19264],[80.46709,7.19721],[80.46632,7.20113],[80.46738,7.20166],[80.46865,7.20714],[80.46685,7.2084],[80.46257,7.20805],[80.45815,7.21303],[80.45547,7.21421],[80.45614,7.21746],[80.45392,7.21896],[80.45094,7.23212],[80.44953,7.23343],[80.44892,7.23696],[80.44676,7.23763],[80.44568,7.23906],[80.44355,7.25009],[80.43947,7.25258],[80.43784,7.25697],[80.43815,7.2598],[80.44158,7.26003],[80.44843,7.26262],[80.44177,7.27233],[80.44137,7.27456]]},"properties":{"name":"Maha Oya"}},{"type":"Feature","geometry":{"type":"LineString","coordinates":[[79.85782,7.43113],[79.85816,7.42827],[79.8657,7.41129],[79.8644,7.40772],[79.86347,7.40003],[79.85956,7.39522],[79.85893,7.39284],[79.85644,7.38947],[79.85512,7.38891],[79.85388,7.3897],[79.85305,7.38839],[79.85319,7.38569],[79.85082,7.3838],[79.85206,7.38064],[79.85149,7.37832],[79.85252,7.37487],[79.85195,7.36863],[79.84929,7.36777],[79.84939,7.36591],[79.84837,7.36596],[79.84585,7.36411],[79.8436,7.36137],[79.84047,7.36109],[79.84009,7.35981],[79.84152,7.35771],[79.84563,7.35554],[79.84601,7.35291],[79.84862,7.35219],[79.85414,7.35456]]},"properties":{"name":"gin oya"}},{"type":"Feature","geometry":{"type":"LineString","coordinates":[[81.5147,6.85898],[81.52417,6.86224],[81.52884,6.86186],[81.53169,6.86032],[81.53404,6.86096],[81.53492,6.86012],[81.53641,6.86025],[81.53741,6.85946],[81.53864,6.85993],[81.54255,6.85834],[81.54532,6.85982],[81.54636,6.85889],[81.54735,6.8596],[81.54704,6.8603],[81.54892,6.86073],[81.54991,6.85905],[81.55423,6.85661],[81.55966,6.85808],[81.56126,6.85706],[81.56496,6.85884],[81.5659,6.85825],[81.56741,6.85892],[81.56883,6.85824],[81.57324,6.85881],[81.57849,6.8568],[81.57963,6.85822],[81.58153,6.85843],[81.58214,6.85929],[81.58554,6.85891],[81.58756,6.85984],[81.59244,6.85918],[81.5975,6.85987],[81.5992,6.85929]]},"properties":{"name":"Heda oya river"}},{"type":"Feature","geometry":{"type":"LineString","coordinates":[[81.77324,6.90252],[81.77547,6.90308],[81.77749,6.90117],[81.78021,6.90041],[81.78081,6.89918],[81.7829,6.89949],[81.78447,6.89817],[81.79135,6.89988],[81.79519,6.89941],[81.79674,6.89667],[81.79832,6.89577],[81.79823,6.89399],[81.79959,6.8923],[81.80284,6.89248],[81.80424,6.89175],[81.80434,6.8909],[81.808,6.89178],[81.80753,6.89008],[81.81093,6.88773],[81.81207,6.88796],[81.81287,6.885],[81.81451,6.88354],[81.81483,6.88198],[81.81573,6.8818],[81.8149,6.88095],[81.81573,6.87896],[81.81517,6.87809],[81.81797,6.8767],[81.81687,6.87349],[81.81707,6.87143],[81.81552,6.87075],[81.81519,6.86728],[81.81744,6.86516]]},"properties":{"name":"Karanda Oya"}},{"type":"Feature","geometry":{"type":"LineString","coordinates":[[81.77722,6.83292],[81.77858,6.83245],[81.77973,6.82926],[81.78144,6.82884],[81.78495,6.82485],[81.78557,6.82255],[81.78767,6.8225],[81.78797,6.81976],[81.78881,6.81912],[81.79085,6.81918],[81.79343,6.81744],[81.79449,6.81856],[81.79995,6.81848],[81.80149,6.81964],[81.80288,6.81681],[81.80466,6.81546],[81.80739,6.81487],[81.80802,6.81366],[81.81165,6.81144],[81.81357,6.81108],[81.81373,6.8122],[81.81578,6.81077],[81.8204,6.81135],[81.82363,6.80986]]},"properties":{"name":"Heda Oya"}},{"type":"Feature","geometry":{"type":"LineString","coordinates":[[81.77722,6.83292],[81.77898,6.83284],[81.77896,6.83373],[81.78119,6.83478],[81.78131,6.83588],[81.78272,6.83704],[81.78523,6.83665],[81.78801,6.83432],[81.79024,6.83455],[81.79281,6.83255],[81.79488,6.83217],[81.79484,6.83151],[81.80059,6.83044],[81.80472,6.83234],[81.80995,6.83293]]},"properties":{"name":"Heda Oya"}},{"type":"Feature","geometry":{"type":"LineString","coordinates":[[81.82346,6.82503],[81.82209,6.82164],[81.82404,6.81973]]},"properties":{"name":"Heda Oya"}},{"type":"Feature","geometry":{"type":"LineString","coordinates":[[81.57111,7.18134],[81.5735,7.18298],[81.57368,7.18648],[81.57625,7.19307],[81.57633,7.19597],[81.58225,7.20142],[81.58338,7.20419],[81.58535,7.20474],[81.58746,7.20875],[81.5903,7.21012],[81.59114,7.21186],[81.59071,7.21538],[81.59253,7.2166],[81.59238,7.21824],[81.59788,7.21953],[81.59997,7.21824],[81.60344,7.21938],[81.60404,7.22162],[81.60689,7.22467],[81.61133,7.22372],[81.61258,7.22192],[81.61408,7.22216],[81.61458,7.22377],[81.61703,7.22549],[81.61576,7.22632]]},"properties":{"name":"Pallan Oya"}},{"type":"Feature","geometry":{"type":"LineString","coordinates":[[81.18564,7.05917],[81.18949,7.05487],[81.19108,7.05408],[81.191,7.05259],[81.19192,7.05265],[81.1944,7.05066],[81.19495,7.04871],[81.19703,7.04702],[81.19973,7.04243],[81.19917,7.044],[81.19993,7.04493],[81.20305,7.04558],[81.20372,7.04464],[81.20268,7.04438],[81.20281,7.0437],[81.20505,7.0416],[81.20386,7.04105],[81.20405,7.0377],[81.20575,7.03796],[81.20522,7.03464],[81.20668,7.03537],[81.20747,7.03097],[81.20584,7.02965],[81.20414,7.02959],[81.2044,7.02669],[81.20603,7.02424],[81.20546,7.02106],[81.20429,7.01981],[81.2052,7.01694],[81.20677,7.01634],[81.20698,7.01357],[81.2056,7.01365],[81.20567,7.01039],[81.20477,7.00884],[81.20591,7.0064],[81.20349,7.00051],[81.20448,6.99965],[81.20497,6.99534],[81.20702,6.99415],[81.2081,6.99098],[81.2079,6.98904],[81.21034,6.9852],[81.21011,6.98326],[81.21239,6.98043],[81.21528,6.97878],[81.21545,6.97711],[81.21649,6.9763],[81.2188,6.97567],[81.22137,6.97624],[81.22462,6.97363],[81.22453,6.97143],[81.22761,6.97078],[81.2262,6.96894],[81.23079,6.9641],[81.23345,6.965],[81.23661,6.96259],[81.23939,6.9632],[81.24067,6.96516],[81.24283,6.96492],[81.24469,6.96114],[81.24681,6.96007],[81.24849,6.95688],[81.25197,6.95654],[81.2531,6.95332],[81.25709,6.9562],[81.25878,6.9559],[81.26029,6.95408],[81.26145,6.95427],[81.26184,6.95546],[81.26107,6.95734],[81.26283,6.95841],[81.26482,6.95566],[81.26546,6.95299],[81.26769,6.95162],[81.26752,6.94563],[81.2666,6.94505],[81.26338,6.94621],[81.26348,6.94414],[81.26743,6.94076],[81.27056,6.94003],[81.27055,6.93534],[81.27244,6.93366],[81.27313,6.93062],[81.27999,6.93134],[81.28055,6.93177],[81.28027,6.93357],[81.28216,6.9355],[81.28253,6.93715],[81.2839,6.93445],[81.28584,6.93532],[81.28736,6.9329],[81.28734,6.92854],[81.28625,6.92448],[81.28643,6.92297],[81.2888,6.91972],[81.28845,6.91331],[81.28976,6.91106],[81.28999,6.90608],[81.2916,6.90407],[81.29486,6.89665],[81.29666,6.89584],[81.29791,6.89018],[81.2973,6.88656],[81.29856,6.88429],[81.29817,6.88128],[81.29935,6.87967],[81.29819,6.878],[81.29881,6.87414],[81.29778,6.8678],[81.2959,6.8651],[81.29668,6.85968],[81.29554,6.85125],[81.29867,6.84667],[81.30035,6.83154],[81.29986,6.83074],[81.29798,6.83101],[81.29498,6.83003],[81.29324,6.8283],[81.29369,6.82638],[81.29634,6.82521],[81.29581,6.82317],[81.29661,6.81838],[81.29814,6.81638],[81.29992,6.8109],[81.29931,6.80951],[81.29529,6.80718],[81.29411,6.80564],[81.29306,6.79846],[81.28904,6.78833],[81.29285,6.78413],[81.29869,6.7804],[81.29946,6.77685],[81.29634,6.77535],[81.29531,6.77393],[81.29674,6.76874],[81.29423,6.76295],[81.29188,6.76252],[81.28919,6.75962],[81.28709,6.76031],[81.28538,6.75939],[81.28518,6.75835],[81.28669,6.75746],[81.28704,6.7563],[81.28473,6.7549],[81.28575,6.75051],[81.28379,6.74846],[81.28308,6.74415],[81.28511,6.74168],[81.28753,6.74033],[81.28795,6.738],[81.29313,6.73291],[81.29423,6.73002],[81.29701,6.72802],[81.29901,6.72442],[81.29928,6.72169],[81.30103,6.71924],[81.30433,6.71918],[81.30537,6.71839],[81.30891,6.71271],[81.31001,6.71206],[81.31003,6.70949],[81.31103,6.70863],[81.31201,6.70833],[81.31536,6.71063],[81.31846,6.70921],[81.32046,6.7093],[81.32389,6.70721],[81.32459,6.70313],[81.32821,6.70087],[81.33086,6.70194],[81.33586,6.70053],[81.33997,6.70101],[81.34337,6.69944],[81.34462,6.70069],[81.34686,6.70085],[81.34856,6.70331],[81.35389,6.70303],[81.35963,6.70035],[81.36074,6.69904],[81.36259,6.69954],[81.36487,6.69785],[81.36818,6.6983],[81.37006,6.69666],[81.37471,6.69626],[81.37948,6.69335],[81.38238,6.69278],[81.38349,6.69181],[81.38292,6.68945],[81.38378,6.68873]]},"properties":{"name":"Kumbukkan Oya"}},{"type":"Feature","geometry":{"type":"LineString","coordinates":[[80.97176,7.19699],[80.97225,7.20044],[80.97581,7.20375],[80.97756,7.20749],[80.9776,7.20955],[80.97984,7.21081],[80.9799,7.21314],[80.98122,7.21443],[80.98242,7.21869],[80.98575,7.22156],[80.98536,7.22469],[80.98727,7.22534],[80.99091,7.22026],[80.99265,7.22014],[80.99241,7.22199],[80.99311,7.2227],[80.99435,7.22225],[80.99589,7.22073],[80.99655,7.21818],[80.99917,7.21869],[81.00026,7.22221],[81.00112,7.22029],[81.00241,7.21965],[81.00489,7.22132],[81.00328,7.22704],[81.00458,7.22822],[81.00514,7.23187],[81.00337,7.23474],[81.00182,7.23266],[81.00023,7.23289],[81.00062,7.23873],[81.00209,7.24039],[81.0022,7.2419],[81.00131,7.24323],[80.9992,7.24308],[80.99682,7.2448],[80.99826,7.25272],[80.99544,7.25522],[80.99813,7.25763],[80.99829,7.2592],[80.99625,7.26295],[80.99443,7.26223],[80.99326,7.26268],[80.99218,7.26678],[80.98989,7.26952],[80.99175,7.2746],[80.99093,7.27722],[80.99144,7.2801],[80.98962,7.28456],[80.98715,7.28226],[80.98464,7.28682],[80.98652,7.28761],[80.98694,7.29238],[80.98228,7.29483],[80.97973,7.29378],[80.97676,7.29453],[80.97602,7.29561],[80.97738,7.29714],[80.97724,7.29869],[80.97226,7.30149],[80.97332,7.30364],[80.97559,7.30432],[80.97651,7.30598],[80.97753,7.30422],[80.97862,7.30489],[80.97853,7.3066],[80.97977,7.30841],[80.97906,7.31096],[80.97767,7.31159],[80.97739,7.31459],[80.97611,7.3169],[80.97677,7.32259],[80.97509,7.32385],[80.9752,7.32729],[80.97631,7.32875],[80.97656,7.33168],[80.97064,7.34778],[80.96975,7.34886],[80.96864,7.34727],[80.96129,7.35055],[80.95713,7.3496],[80.95346,7.34677],[80.9517,7.34704],[80.95091,7.34495],[80.952,7.34272]]},"properties":{"name":"Minipe Yoda Ela"}},{"type":"Feature","geometry":{"type":"LineString","coordinates":[[81.24729,6.59116],[81.24754,6.59032]]},"properties":{"name":"Menik Ganga"}},{"type":"Feature","geometry":{"type":"LineString","coordinates":[[81.14985,6.84249],[81.15028,6.8401],[81.15247,6.83782],[81.15131,6.83604],[81.15253,6.83127],[81.15405,6.83039],[81.15506,6.82782],[81.16123,6.82379],[81.16082,6.82158],[81.16217,6.81676],[81.1666,6.81427],[81.16796,6.81093],[81.17018,6.80885],[81.17197,6.8036],[81.17065,6.80132],[81.17143,6.79886],[81.17421,6.79685],[81.17664,6.79256],[81.1833,6.7916],[81.18664,6.78852],[81.18836,6.78797],[81.18723,6.78192],[81.18935,6.77307],[81.18914,6.77135],[81.19109,6.77034],[81.19463,6.77079],[81.19566,6.76907],[81.19578,6.76674],[81.19712,6.76617],[81.19815,6.76418],[81.20065,6.76299],[81.20073,6.75971],[81.20385,6.75847],[81.20672,6.75891],[81.20842,6.75818],[81.20929,6.75561],[81.21083,6.75454],[81.21057,6.75125],[81.20917,6.75095],[81.20831,6.74957],[81.2097,6.74758],[81.20937,6.7458],[81.20675,6.74358],[81.20665,6.74084],[81.20397,6.73564],[81.20125,6.7351],[81.20114,6.72988],[81.19572,6.72504],[81.19583,6.72392],[81.19757,6.72321],[81.1979,6.72184],[81.19702,6.71587],[81.19815,6.71292],[81.1972,6.71076],[81.198,6.7092],[81.19675,6.7077],[81.19855,6.70396],[81.20064,6.70399],[81.20025,6.70142],[81.20313,6.70077],[81.20422,6.69842],[81.20641,6.69817],[81.20863,6.69647],[81.20839,6.69324],[81.21047,6.69081],[81.2092,6.68835],[81.21137,6.68816],[81.21064,6.68654],[81.2118,6.6859],[81.21147,6.68404],[81.21308,6.68072],[81.21592,6.67848],[81.21705,6.67539],[81.21652,6.67343],[81.21737,6.6699],[81.21879,6.66769],[81.21834,6.6652],[81.21946,6.65883],[81.22053,6.65828],[81.22192,6.65971],[81.22248,6.65945],[81.22218,6.65815],[81.22519,6.65843],[81.22546,6.65563],[81.22752,6.65476],[81.22694,6.65252],[81.22909,6.65182],[81.22942,6.64892],[81.23276,6.64662],[81.23516,6.6467],[81.23493,6.64462],[81.23594,6.64308],[81.23441,6.64159],[81.23536,6.63922],[81.23392,6.63607],[81.23456,6.6337],[81.23373,6.63253],[81.23426,6.62889],[81.23308,6.62688],[81.23411,6.62398],[81.23327,6.61867],[81.23542,6.61552],[81.23553,6.61192],[81.23844,6.60879],[81.23899,6.60304],[81.24115,6.60102],[81.24291,6.60115],[81.243,6.60006],[81.24115,6.59944],[81.24331,6.59781],[81.24385,6.59528],[81.24573,6.59544],[81.24624,6.59199],[81.24729,6.59116]]},"properties":{"name":"Menik Ganga"}},{"type":"Feature","geometry":{"type":"LineString","coordinates":[[80.25273,6.47099],[80.25208,6.47532],[80.2476,6.48043],[80.24884,6.48296],[80.2466,6.48588],[80.24669,6.487],[80.24483,6.48795],[80.24469,6.4926],[80.24317,6.49348],[80.24195,6.49689],[80.24197,6.49899],[80.24316,6.49923],[80.24426,6.50077],[80.2426,6.50534],[80.24401,6.50807],[80.24399,6.51025],[80.24242,6.51198],[80.24401,6.51222],[80.24416,6.51381],[80.24738,6.51588],[80.24637,6.5171],[80.24633,6.51905],[80.24736,6.52157],[80.25011,6.52249],[80.25033,6.52386],[80.24892,6.52709],[80.25011,6.5281],[80.246,6.53519],[80.244,6.53581],[80.24383,6.53873],[80.2419,6.54065],[80.24106,6.54007],[80.23957,6.54126],[80.23806,6.54117],[80.23516,6.54375],[80.23264,6.54456],[80.23255,6.54676],[80.22853,6.55549],[80.22851,6.56003],[80.2237,6.56411],[80.22457,6.56494],[80.2241,6.56686],[80.2199,6.57345],[80.22122,6.5751],[80.21866,6.57455],[80.21782,6.5753],[80.21802,6.57694],[80.21616,6.57801],[80.21645,6.58068],[80.21499,6.58159],[80.21393,6.58558],[80.21472,6.58938],[80.2129,6.59269],[80.2151,6.59292],[80.21742,6.59429],[80.21674,6.59579],[80.21858,6.59706],[80.21745,6.59947],[80.21784,6.60131]]},"properties":{"name":"Maguru Ganga"}},{"type":"Feature","geometry":{"type":"LineString","coordinates":[[80.8555,7.35926],[80.85624,7.35709],[80.85927,7.35601],[80.86027,7.35374],[80.86221,7.35392],[80.86486,7.35219],[80.86629,7.35305],[80.86818,7.35247],[80.87308,7.35568],[80.88278,7.35474],[80.88401,7.35648],[80.8877,7.35845],[80.88971,7.35863],[80.89153,7.35743],[80.89386,7.35725],[80.8948,7.36266],[80.89826,7.36791],[80.90103,7.37796],[80.90603,7.37703],[80.90643,7.37611],[80.90957,7.37565],[80.91157,7.37418],[80.91447,7.37711],[80.91636,7.37748],[80.91813,7.37672],[80.92324,7.37852],[80.92611,7.36939],[80.92462,7.36721],[80.92577,7.36332],[80.9248,7.35839],[80.92724,7.35896],[80.9277,7.35587],[80.93097,7.35511],[80.9329,7.35298],[80.93691,7.35195],[80.9453,7.35281],[80.94896,7.35431],[80.95039,7.35598],[80.95316,7.35601],[80.95452,7.35492],[80.95713,7.35509],[80.95791,7.35707],[80.96144,7.35917],[80.96334,7.36148],[80.96524,7.35728],[80.9675,7.35829],[80.97001,7.35741],[80.9715,7.35849],[80.97278,7.36197],[80.97696,7.3635]]},"properties":{"name":"Hassalaka Oya"}},{"type":"Feature","geometry":{"type":"LineString","coordinates":[[80.75365,7.43688],[80.75273,7.43404],[80.75332,7.43017],[80.74826,7.42215],[80.74793,7.41956],[80.74909,7.41535],[80.7467,7.41088],[80.74547,7.4052],[80.74595,7.40373],[80.74435,7.39881],[80.74457,7.39434],[80.7454,7.39296],[80.74494,7.39186],[80.74672,7.38929],[80.74619,7.38626],[80.74894,7.38128],[80.74641,7.37241],[80.74976,7.36927],[80.74999,7.36804],[80.74884,7.36686],[80.74144,7.36391],[80.73871,7.36169],[80.73763,7.3621],[80.7361,7.36027],[80.73593,7.35877],[80.73756,7.35593],[80.73733,7.35219],[80.73647,7.35054],[80.73653,7.34793],[80.73518,7.34555],[80.73462,7.34049],[80.73689,7.33916],[80.73823,7.33685],[80.74052,7.33564],[80.74427,7.32951],[80.74481,7.32748],[80.7436,7.32326],[80.74628,7.32087],[80.74782,7.31795],[80.74841,7.31186],[80.74976,7.30864],[80.76113,7.30029],[80.7648,7.29863],[80.77077,7.29323],[80.77366,7.28941],[80.77881,7.27867],[80.78361,7.2755],[80.78583,7.27279],[80.78722,7.26715],[80.78724,7.25779],[80.78415,7.24218]]},"properties":{"name":"Hulu Ganga"}},{"type":"Feature","geometry":{"type":"LineString","coordinates":[[80.73284,7.42777],[80.73535,7.42426],[80.73665,7.42412],[80.73739,7.42083],[80.73958,7.42007],[80.7426,7.41492],[80.74303,7.41228],[80.73972,7.4089],[80.73954,7.40759],[80.74032,7.40474],[80.74152,7.40342],[80.74046,7.40278],[80.74053,7.40166],[80.7432,7.40039],[80.74317,7.39835],[80.7443,7.39711]]},"properties":{"name":"Hulu ganga"}},{"type":"Feature","geometry":{"type":"LineString","coordinates":[[80.72927,7.39511],[80.73089,7.39424],[80.73453,7.38872],[80.73485,7.38655],[80.73292,7.38252],[80.73386,7.38031],[80.73462,7.38019],[80.73278,7.37722],[80.73313,7.37594],[80.73191,7.37332],[80.73285,7.37209],[80.73265,7.36828],[80.73355,7.3667],[80.7329,7.36582],[80.73522,7.36399],[80.73472,7.36269],[80.73664,7.36209],[80.73626,7.36048]]},"properties":{"name":"Kukul Oya"}},{"type":"Feature","geometry":{"type":"LineString","coordinates":[[80.49731,6.82057],[80.50178,6.82256],[80.50816,6.82351],[80.50875,6.82298],[80.50979,6.82346],[80.51007,6.82486],[80.51217,6.82536],[80.51376,6.82476],[80.51564,6.8256],[80.52029,6.82455],[80.52216,6.82499],[80.52284,6.82417],[80.52428,6.82642],[80.52508,6.82503],[80.52613,6.8267],[80.52746,6.82443],[80.53289,6.82392],[80.53342,6.8245]]},"properties":{"name":"Seetha gangula"}},{"type":"Feature","geometry":{"type":"LineString","coordinates":[[81.03942,6.81284],[81.03941,6.81386],[81.04093,6.81459],[81.04068,6.81741],[81.04256,6.81872],[81.04212,6.82018],[81.0429,6.82085],[81.04356,6.82445],[81.04659,6.82679],[81.04752,6.83006],[81.04919,6.8312],[81.04888,6.83237],[81.05235,6.83537],[81.05158,6.8379],[81.05252,6.84015],[81.05493,6.84102],[81.05864,6.84446],[81.06588,6.84748],[81.06732,6.84663],[81.06987,6.847],[81.07229,6.84374],[81.07442,6.84379],[81.07668,6.84178],[81.07842,6.84231],[81.08084,6.84105],[81.08058,6.83903],[81.0827,6.83858],[81.08353,6.83695],[81.08295,6.83451],[81.08392,6.83221],[81.08634,6.82944],[81.08795,6.82881]]},"properties":{"name":"Kirindi Oya"}},{"type":"Feature","geometry":{"type":"LineString","coordinates":[[81.24097,6.49983],[81.24171,6.49637],[81.24454,6.49548],[81.24671,6.49222],[81.24646,6.49039],[81.24723,6.4887],[81.25067,6.4876],[81.25271,6.48841],[81.25474,6.48808],[81.25512,6.48533],[81.26015,6.48128],[81.2605,6.47926],[81.26293,6.47776],[81.26359,6.47544]]},"properties":{"name":"Hangunne Ara"}},{"type":"Feature","geometry":{"type":"LineString","coordinates":[[81.20255,6.35288],[81.2049,6.35154],[81.22014,6.35049],[81.2239,6.34692],[81.22525,6.34378],[81.22974,6.34429],[81.23305,6.34086],[81.23486,6.34003],[81.23992,6.34214],[81.2428,6.34055],[81.24399,6.33897],[81.24984,6.3366],[81.2521,6.33644],[81.25358,6.33476],[81.25155,6.33019],[81.25202,6.32699],[81.24861,6.32216],[81.24793,6.31923],[81.25017,6.31502],[81.25251,6.3034],[81.25478,6.30156],[81.25663,6.29342],[81.25826,6.29213],[81.25957,6.28902],[81.26191,6.2874],[81.26297,6.28461],[81.26327,6.27802],[81.26172,6.27665],[81.25874,6.27601],[81.25897,6.27129],[81.26171,6.26758],[81.26496,6.26572],[81.26475,6.26081],[81.26666,6.25982],[81.26712,6.25871],[81.26594,6.25503],[81.26742,6.2539],[81.27153,6.25405],[81.27425,6.25199],[81.27441,6.24874],[81.27261,6.2461],[81.27347,6.24433],[81.27609,6.24339],[81.27944,6.24399],[81.28226,6.24219],[81.28245,6.24098],[81.28039,6.23919],[81.27994,6.2368],[81.28308,6.23442],[81.28548,6.23542],[81.28731,6.23474],[81.28882,6.23134],[81.29429,6.22697],[81.29563,6.22369],[81.29737,6.22175],[81.29676,6.22002],[81.2944,6.22039],[81.29308,6.21787],[81.29375,6.21639],[81.29683,6.21408],[81.29495,6.21187],[81.29507,6.20939],[81.29609,6.20762],[81.29314,6.20756],[81.29203,6.20611],[81.29338,6.20389],[81.29473,6.20325],[81.29979,6.20354],[81.30081,6.20061],[81.29974,6.19966],[81.29513,6.19951],[81.29447,6.19809],[81.29515,6.19669],[81.2932,6.19514],[81.29331,6.19446]]},"properties":{"name":"Krindi Oya"}},{"type":"Feature","geometry":{"type":"LineString","coordinates":[[81.04076,6.62574],[81.03778,6.61778],[81.03831,6.61596],[81.04003,6.61555],[81.03987,6.61468],[81.038,6.6138],[81.04017,6.6109],[81.03956,6.6083],[81.03831,6.60767],[81.03894,6.60665],[81.03868,6.60276],[81.03765,6.60036],[81.03861,6.59876],[81.03815,6.5971],[81.03965,6.59456],[81.0397,6.59263],[81.04157,6.59055],[81.04081,6.58847],[81.04297,6.58866],[81.04259,6.58737],[81.04379,6.58581],[81.04568,6.58618],[81.04748,6.58437],[81.05363,6.583],[81.05876,6.57985],[81.05979,6.57762],[81.06188,6.57837],[81.06179,6.57658],[81.06654,6.57291],[81.06911,6.57129],[81.07144,6.57139],[81.07186,6.56869],[81.0732,6.56808],[81.07327,6.56473],[81.07525,6.56149],[81.07487,6.55938],[81.07761,6.55774],[81.07748,6.55659],[81.0824,6.5568],[81.08265,6.55444],[81.08404,6.5541],[81.08515,6.5522],[81.0877,6.55195],[81.09014,6.54965],[81.09258,6.55047],[81.0947,6.5494],[81.09604,6.54973],[81.09737,6.5481],[81.09931,6.54822],[81.10177,6.54626],[81.101,6.54379],[81.107,6.53955],[81.10916,6.53712],[81.1123,6.53776],[81.11542,6.53501],[81.11616,6.53187],[81.11874,6.53241],[81.12003,6.52974],[81.122,6.52977],[81.12282,6.52884],[81.12324,6.5251],[81.12662,6.52367]]},"properties":{"name":"Kuda Oya"}},{"type":"Feature","geometry":{"type":"LineString","coordinates":[[80.36885,6.80149],[80.36722,6.80034]]},"properties":{"name":"Kuru Ganga"}},{"type":"Feature","geometry":{"type":"LineString","coordinates":[[80.36841,6.8015],[80.36844,6.80117]]},"properties":{"name":"Kuru Ganga"}},{"type":"Feature","geometry":{"type":"LineString","coordinates":[[80.46164,6.41833],[80.45909,6.41968],[80.45663,6.41898],[80.45142,6.42198],[80.44968,6.42158],[80.44815,6.42356],[80.44642,6.4237],[80.44223,6.42676],[80.4358,6.42945],[80.43528,6.43066],[80.43183,6.43193],[80.4303,6.43415],[80.42793,6.43485],[80.42373,6.43801],[80.41319,6.44973],[80.39253,6.46615],[80.38336,6.47817],[80.38002,6.48066],[80.37646,6.48474],[80.376,6.48648],[80.3744,6.48677],[80.37281,6.48889],[80.3729,6.49041],[80.36859,6.49523]]},"properties":{"name":"Koskulana Ganga"}},{"type":"Feature","geometry":{"type":"LineString","coordinates":[[80.83894,7.444],[80.84355,7.44377],[80.8455,7.44238],[80.84821,7.44222],[80.85237,7.43717],[80.85583,7.43634],[80.85778,7.43771],[80.85859,7.43735]]},"properties":{"name":"Meemure Oya"}},{"type":"Feature","geometry":{"type":"LineString","coordinates":[[80.77872,6.7758],[80.77575,6.77155],[80.77237,6.77174],[80.77147,6.7712],[80.77187,6.76997],[80.7705,6.76792],[80.76795,6.76802],[80.76627,6.76689],[80.76549,6.76358],[80.76209,6.75774],[80.75838,6.74883],[80.75006,6.74118],[80.75321,6.73664],[80.75312,6.73537],[80.75109,6.73287],[80.75138,6.73212],[80.75566,6.73013],[80.76052,6.72386],[80.76187,6.72479],[80.76262,6.72441],[80.7651,6.7219],[80.76522,6.72024],[80.7667,6.72071],[80.76711,6.71888],[80.76886,6.71757],[80.76858,6.71659],[80.77025,6.71658],[80.77079,6.71061],[80.77462,6.70754],[80.77437,6.70641],[80.77688,6.70373],[80.77607,6.70176],[80.77481,6.701],[80.77606,6.6969],[80.7773,6.69616],[80.77781,6.69439]]},"properties":{"name":"Belihul Oya"}},{"type":"Feature","geometry":{"type":"LineString","coordinates":[[80.62917,7.28663],[80.62173,7.2808],[80.62161,7.27996],[80.61811,7.27839],[80.6135,7.27362],[80.61181,7.27355]]},"properties":{"name":"Meda Ela"}},{"type":"Feature","geometry":{"type":"LineString","coordinates":[[80.64806,6.70524],[80.64755,6.70408],[80.65041,6.70206],[80.65116,6.70048],[80.66036,6.69621],[80.66434,6.69515],[80.66591,6.69357],[80.67352,6.68984]]},"properties":{"name":"Walawe River"}},{"type":"Feature","geometry":{"type":"LineString","coordinates":[[80.09559,6.84429],[80.09319,6.84459],[80.09263,6.84362],[80.08891,6.84549],[80.08766,6.84499],[80.08847,6.84449],[80.08795,6.8442],[80.0846,6.84438]]},"properties":{"name":"Pussali oya"}},{"type":"Feature","geometry":{"type":"LineString","coordinates":[[80.68527,7.51989],[80.68415,7.52312],[80.68245,7.52504],[80.67787,7.52583],[80.67683,7.52491],[80.67458,7.52543],[80.67138,7.52405],[80.66827,7.52495],[80.66851,7.52664],[80.67013,7.52808],[80.66892,7.52914],[80.6679,7.53289],[80.66532,7.53791],[80.66162,7.53863],[80.66077,7.54041],[80.66049,7.54441],[80.65877,7.54879],[80.66078,7.55066],[80.66089,7.55179],[80.65964,7.55311],[80.65768,7.564],[80.65603,7.5651],[80.65579,7.56632],[80.65797,7.5667],[80.65739,7.56878],[80.65832,7.57385],[80.65975,7.57558],[80.66089,7.58021],[80.65959,7.58192],[80.65991,7.58426]]},"properties":{"name":"Amban Gaga"}},{"type":"Feature","geometry":{"type":"LineString","coordinates":[[80.72974,7.50833],[80.72854,7.50857],[80.72754,7.50733],[80.72605,7.50734],[80.72006,7.50838],[80.71881,7.50949],[80.71362,7.509],[80.70602,7.51185],[80.70439,7.51191],[80.70349,7.51105],[80.69754,7.51111],[80.69621,7.5102],[80.69552,7.5111],[80.69367,7.51105],[80.69306,7.51286],[80.69075,7.513],[80.68876,7.51175],[80.68781,7.5127],[80.6883,7.51532],[80.68518,7.51902],[80.68527,7.51989]]},"properties":{"name":"Amban Gaga"}},{"type":"Feature","geometry":{"type":"LineString","coordinates":[[80.91193,6.90511],[80.91301,6.90435],[80.91397,6.90689],[80.91659,6.90658],[80.91714,6.90786],[80.9207,6.90915],[80.92164,6.9108]]},"properties":{"name":"uma oya"}},{"type":"Feature","geometry":{"type":"LineString","coordinates":[[80.88681,6.91374],[80.88868,6.91203],[80.8914,6.91341],[80.89379,6.91259],[80.89485,6.91525],[80.89876,6.91414],[80.89974,6.91666],[80.90287,6.9146],[80.90322,6.91609],[80.90515,6.91678],[80.90579,6.91504],[80.90839,6.91456],[80.90586,6.91163],[80.90537,6.90769],[80.90775,6.90854],[80.90952,6.90618],[80.91193,6.90511]]},"properties":{"name":"Uma Oya"}},{"type":"Feature","geometry":{"type":"LineString","coordinates":[[81.77215,7.30325],[81.77484,7.304],[81.77823,7.30762],[81.78003,7.31107],[81.78176,7.31199],[81.78205,7.31433],[81.78666,7.31726],[81.78852,7.31728],[81.79009,7.31862],[81.79892,7.32207],[81.79836,7.32453],[81.80105,7.32749],[81.80081,7.32936],[81.80278,7.33274],[81.80268,7.33475],[81.80625,7.33763],[81.80646,7.34194],[81.80737,7.3429]]},"properties":{"name":"Paddamutti Aru"}},{"type":"Feature","geometry":{"type":"LineString","coordinates":[[80.53585,7.41923],[80.53463,7.42108],[80.53502,7.42322],[80.53376,7.42405],[80.53333,7.42638],[80.53178,7.42698],[80.53242,7.42777],[80.53271,7.43517],[80.53217,7.43697],[80.53045,7.43805],[80.53147,7.43923],[80.53049,7.443],[80.5284,7.44546],[80.52827,7.44763],[80.52721,7.44825],[80.52776,7.44876],[80.52652,7.45101],[80.52714,7.4538],[80.52474,7.4549],[80.52458,7.45594],[80.52316,7.45605],[80.52316,7.45856],[80.52042,7.45848],[80.52118,7.46159],[80.52252,7.46176],[80.52245,7.46366],[80.52069,7.4654],[80.52091,7.46815],[80.51992,7.47242],[80.52297,7.47776],[80.52125,7.47876],[80.52273,7.48227],[80.52048,7.48464],[80.52232,7.48555],[80.5226,7.48704],[80.5214,7.48985],[80.52297,7.49217],[80.52196,7.49461],[80.52129,7.49457],[80.52116,7.49702],[80.5225,7.49902],[80.52119,7.501],[80.52147,7.50261],[80.5228,7.50302],[80.5234,7.5044],[80.52301,7.50585],[80.51953,7.50874],[80.52065,7.51059],[80.52001,7.5147],[80.51632,7.52184],[80.51634,7.52548],[80.51732,7.52693],[80.51689,7.53082],[80.51552,7.53373],[80.51355,7.53456],[80.51282,7.53856],[80.5134,7.54095],[80.51207,7.54233],[80.51179,7.54437],[80.50717,7.54631],[80.50911,7.5495],[80.50953,7.55286],[80.50732,7.55373],[80.50574,7.55594],[80.50342,7.55654],[80.5031,7.55828],[80.50052,7.55977],[80.49981,7.56245],[80.49672,7.56241],[80.49497,7.56069],[80.49147,7.5613],[80.48739,7.55966],[80.48691,7.558],[80.48892,7.55534],[80.48886,7.55379],[80.48281,7.54511],[80.48216,7.54183],[80.48101,7.54114],[80.4795,7.54387],[80.47826,7.54255],[80.47714,7.53451],[80.47429,7.5319],[80.47412,7.53083],[80.47502,7.52175],[80.47208,7.51947],[80.47139,7.51758],[80.46884,7.5186],[80.46731,7.51667],[80.46749,7.51522],[80.4665,7.51358],[80.45712,7.50988],[80.45236,7.50594],[80.44862,7.50596],[80.44663,7.50407],[80.44478,7.50486]]},"properties":{"name":"Deduru Oya"}},{"type":"Feature","geometry":{"type":"LineString","coordinates":[[80.30636,7.54004],[80.3073,7.54182],[80.30674,7.54305],[80.30779,7.54358],[80.30708,7.55158],[80.30422,7.55373],[80.30504,7.55528],[80.30419,7.55726],[80.3049,7.55839],[80.30311,7.56075],[80.30405,7.56192],[80.30332,7.56211],[80.30295,7.56363],[80.30507,7.56717],[80.30327,7.56871],[80.30206,7.5685],[80.30278,7.56956],[80.30221,7.57147],[80.30384,7.57141],[80.30131,7.57583],[80.30143,7.57693],[80.29917,7.57856],[80.29835,7.58259],[80.29759,7.58327],[80.29741,7.58772],[80.29624,7.58866],[80.29647,7.5901],[80.29527,7.59153],[80.29589,7.59349],[80.29441,7.59539],[80.29518,7.60251],[80.29434,7.6094],[80.29333,7.61035],[80.29453,7.61141],[80.29312,7.61246],[80.29516,7.61354],[80.29444,7.61767],[80.29271,7.61922],[80.29323,7.62046],[80.29424,7.62055],[80.29352,7.62207],[80.29488,7.62351],[80.29353,7.62433],[80.29214,7.62853],[80.29354,7.62997],[80.29096,7.62985],[80.28971,7.63382],[80.29257,7.63815],[80.29466,7.63944],[80.29299,7.64194],[80.29306,7.64745],[80.28738,7.67073],[80.28193,7.67948],[80.27678,7.68228],[80.27536,7.68547],[80.2748,7.69177],[80.27547,7.69513],[80.28105,7.69828]]},"properties":{"name":"Maguru Oya"}},{"type":"Feature","geometry":{"type":"LineString","coordinates":[[80.44156,6.89161],[80.4375,6.89177],[80.43341,6.88932],[80.43004,6.88967],[80.42671,6.89082],[80.42595,6.89318],[80.42486,6.89387],[80.4235,6.89197],[80.42183,6.8925],[80.42028,6.89105],[80.41567,6.89111],[80.41244,6.89213],[80.41138,6.89403],[80.40957,6.89473],[80.40529,6.89532],[80.40102,6.8973],[80.3932,6.89932],[80.38997,6.90305],[80.39316,6.90617],[80.39453,6.9088],[80.39472,6.91076],[80.39381,6.91225]]},"properties":{"name":"Kelani River"}},{"type":"Feature","geometry":{"type":"LineString","coordinates":[[80.39381,6.91225],[80.38857,6.91473],[80.38498,6.91385],[80.3841,6.91472],[80.38222,6.91281],[80.37849,6.91132],[80.37676,6.91203],[80.37084,6.91153],[80.3625,6.91222],[80.36161,6.91369],[80.35671,6.91692],[80.34388,6.92382],[80.34079,6.92453],[80.33208,6.92897],[80.33184,6.93292],[80.32926,6.93325],[80.32837,6.93148],[80.32249,6.93327],[80.31884,6.93309],[80.31483,6.93771],[80.30848,6.93782],[80.30762,6.93623],[80.30836,6.93366],[80.30644,6.93037],[80.3049,6.92989],[80.30268,6.93044],[80.3014,6.92978],[80.30137,6.92464],[80.29781,6.9267],[80.29679,6.92566],[80.29446,6.9262],[80.29264,6.92447],[80.28637,6.92617],[80.27544,6.92485],[80.27391,6.92588],[80.27309,6.93714],[80.27069,6.94948],[80.26873,6.95165]]},"properties":{"name":"Kelani River"}},{"type":"Feature","geometry":{"type":"LineString","coordinates":[[80.44194,8.26723],[80.43643,8.26744],[80.4349,8.27028],[80.43552,8.27219],[80.43388,8.27257],[80.43236,8.27411],[80.43103,8.27253],[80.42801,8.27246],[80.42687,8.27074],[80.42632,8.27168],[80.42473,8.2713],[80.42406,8.27241],[80.42204,8.27273],[80.41987,8.27738],[80.41819,8.27906],[80.41885,8.28202],[80.41744,8.2835],[80.41784,8.28422],[80.41703,8.28583],[80.41586,8.28629],[80.41379,8.28527],[80.41134,8.2863],[80.41083,8.28796],[80.40962,8.28799],[80.4082,8.28929],[80.40704,8.28911],[80.40687,8.29029],[80.40306,8.29003],[80.40192,8.29206],[80.39883,8.29451],[80.39691,8.2992],[80.3941,8.29908],[80.39471,8.30064],[80.3939,8.30169],[80.39406,8.30466],[80.39331,8.30635],[80.39411,8.30923],[80.39073,8.31442],[80.39104,8.32201],[80.39146,8.32288],[80.39408,8.32362],[80.39863,8.32873],[80.39923,8.33244],[80.40405,8.33578],[80.40529,8.34031],[80.40755,8.34338],[80.4072,8.34523],[80.40862,8.34602],[80.40972,8.34802],[80.40992,8.35058],[80.40634,8.35514],[80.40777,8.35617],[80.40882,8.3589],[80.4109,8.35981],[80.41059,8.36174],[80.4119,8.363],[80.41115,8.36379],[80.41174,8.3645],[80.41108,8.37003],[80.4127,8.37582],[80.41217,8.37817],[80.41288,8.38231],[80.41094,8.38392],[80.41097,8.38626],[80.40941,8.38832],[80.40949,8.39051],[80.40804,8.39254],[80.40799,8.39504],[80.40636,8.39467],[80.40577,8.39596],[80.40683,8.3968],[80.40718,8.39847],[80.40459,8.39976],[80.40111,8.40491],[80.39913,8.40611],[80.40152,8.40879],[80.40095,8.41133],[80.39743,8.41327],[80.39522,8.41556],[80.39491,8.41832],[80.38814,8.42244],[80.38451,8.42868],[80.38207,8.4291],[80.38143,8.43065],[80.37598,8.43451],[80.37586,8.43754],[80.37144,8.44173],[80.37146,8.44566],[80.36743,8.44869],[80.36651,8.4515],[80.36518,8.4527],[80.36453,8.45139],[80.36289,8.45187],[80.36387,8.45403],[80.36304,8.45616],[80.35934,8.46078],[80.35824,8.46053],[80.35607,8.4618],[80.35445,8.46392],[80.35186,8.46379],[80.35191,8.46622],[80.35103,8.46759],[80.34538,8.46886],[80.34332,8.47039],[80.34332,8.47175],[80.3392,8.47361],[80.33629,8.47361],[80.3344,8.47599],[80.33037,8.47675],[80.3253,8.47895],[80.32483,8.48064],[80.32352,8.4816],[80.32334,8.48408],[80.31995,8.48784],[80.3203,8.49007],[80.31802,8.49141],[80.31672,8.49399],[80.31475,8.49477],[80.31316,8.49925],[80.30624,8.50248],[80.30315,8.50706],[80.30262,8.50933],[80.30024,8.51029],[80.29852,8.51334],[80.29062,8.51588],[80.2899,8.52],[80.2883,8.51967],[80.2874,8.52198],[80.284,8.52341],[80.28341,8.52541],[80.28599,8.52919],[80.28412,8.53],[80.28388,8.53597],[80.28164,8.54013],[80.28257,8.54187],[80.28225,8.54325],[80.2847,8.54707],[80.28295,8.55005],[80.28507,8.55014],[80.28557,8.55083],[80.28491,8.55414],[80.28768,8.55529],[80.2869,8.55665],[80.28784,8.55944]]},"properties":{"name":"Malwathu Oya"}},{"type":"Feature","geometry":{"type":"LineString","coordinates":[[81.06471,7.87861],[81.06669,7.88173],[81.07479,7.88831],[81.08734,7.9028],[81.08952,7.90722],[81.08962,7.91924],[81.0918,7.92346],[81.09523,7.92582],[81.10508,7.92973],[81.10799,7.93188],[81.10997,7.93549],[81.11136,7.94045],[81.11527,7.94628],[81.11982,7.9488],[81.12236,7.94933],[81.12951,7.94749],[81.13195,7.9484],[81.13219,7.95135],[81.1314,7.95345],[81.12869,7.95627],[81.12811,7.96164],[81.13225,7.96414],[81.13311,7.96727],[81.13569,7.9698],[81.13215,7.97275],[81.13181,7.97431],[81.13492,7.98122],[81.13359,7.98642],[81.13766,7.99035],[81.13781,7.99256],[81.13621,7.99806],[81.13353,8.00156],[81.13346,8.00289],[81.13392,8.00393],[81.13801,8.00429],[81.14907,8.01639],[81.1494,8.01826],[81.14858,8.02057],[81.14673,8.02199],[81.14119,8.02313],[81.14036,8.02636],[81.14462,8.0334],[81.14783,8.04183],[81.14762,8.04542],[81.14582,8.05056],[81.14884,8.05833],[81.14814,8.0621],[81.15432,8.06709],[81.15494,8.06971],[81.15458,8.0746],[81.15558,8.07657],[81.15814,8.07687],[81.16228,8.07515],[81.16372,8.07586],[81.16405,8.07802],[81.16236,8.0813],[81.16265,8.08417],[81.16476,8.08574],[81.16631,8.08578],[81.16796,8.08425],[81.16868,8.08165],[81.17052,8.08197],[81.17151,8.08785],[81.17429,8.0937],[81.17543,8.10418],[81.17732,8.10736],[81.18062,8.10887],[81.18218,8.11076],[81.18449,8.11919],[81.18845,8.12242],[81.18842,8.12394],[81.18449,8.12515],[81.18309,8.12718],[81.1832,8.1289],[81.18428,8.13028],[81.18581,8.131],[81.18926,8.13067],[81.19033,8.13235],[81.18956,8.13383],[81.18614,8.13561],[81.18504,8.13706],[81.18578,8.14382],[81.18501,8.14597]]},"properties":{"name":"Mahaweli River"}},{"type":"Feature","geometry":{"type":"LineString","coordinates":[[80.335,6.87908],[80.33376,6.87778],[80.33246,6.87816],[80.33193,6.87952],[80.32588,6.88122],[80.31836,6.87893],[80.31422,6.87426],[80.3129,6.87381],[80.31246,6.87214],[80.30904,6.86942],[80.30914,6.86778],[80.3075,6.8659],[80.30464,6.86501],[80.30398,6.86834],[80.30273,6.86915],[80.30255,6.87149],[80.29844,6.87236],[80.29785,6.87406],[80.29517,6.87673],[80.29402,6.87646],[80.29238,6.87771],[80.29241,6.8804],[80.29023,6.88119],[80.28951,6.88316],[80.28714,6.88432],[80.28607,6.886],[80.28392,6.88485],[80.28128,6.8858],[80.28047,6.88712],[80.27843,6.8868],[80.27668,6.88903],[80.27492,6.88816],[80.2741,6.88853],[80.27518,6.88964],[80.27544,6.89637],[80.27732,6.89922],[80.27607,6.90534],[80.27652,6.90994],[80.27636,6.91351],[80.2755,6.91458],[80.2756,6.9213],[80.27456,6.92529]]},"properties":{"name":"Gomalu Oya"}},{"type":"Feature","geometry":{"type":"LineString","coordinates":[[80.25759,7.02017],[80.25855,7.02169],[80.25818,7.02282]]},"properties":{"name":"Kelani River"}},{"type":"Feature","geometry":{"type":"LineString","coordinates":[[81.48678,6.46614],[81.48804,6.46506],[81.49093,6.46533],[81.49169,6.46642],[81.49313,6.46655],[81.49555,6.4654],[81.49995,6.46585],[81.50037,6.46517],[81.50342,6.46521],[81.50489,6.46279],[81.50667,6.46344],[81.50681,6.46246],[81.50939,6.46198],[81.51571,6.45872],[81.51848,6.45898],[81.5197,6.45813],[81.51969,6.45678],[81.52069,6.45722],[81.52383,6.45633],[81.52696,6.45745],[81.52803,6.4561],[81.53027,6.45656],[81.53136,6.45406],[81.53274,6.45332],[81.53551,6.45414],[81.53776,6.45363],[81.54008,6.45472],[81.5417,6.45433],[81.5425,6.45508],[81.54238,6.45657],[81.54388,6.45625],[81.54526,6.45796],[81.54904,6.4584],[81.55098,6.45985],[81.55532,6.45817],[81.55848,6.45873],[81.56371,6.45501],[81.56464,6.45355],[81.56944,6.45245],[81.57331,6.45311],[81.57336,6.45166],[81.57742,6.44897],[81.57622,6.44739],[81.57869,6.44647],[81.57955,6.44528],[81.58479,6.44494],[81.58753,6.44798],[81.59016,6.44673],[81.59233,6.44671],[81.59171,6.44568],[81.59272,6.44197]]},"properties":{"name":"Kurundi Ara"}},{"type":"Feature","geometry":{"type":"LineString","coordinates":[[80.47933,6.2193],[80.48028,6.21823],[80.47969,6.21593],[80.47808,6.2168],[80.47622,6.21468],[80.47804,6.21153],[80.47731,6.20951],[80.48044,6.20712],[80.47888,6.20662],[80.47922,6.20465],[80.47822,6.20289],[80.47529,6.20134],[80.47678,6.19463],[80.47447,6.18929],[80.47559,6.18712],[80.47386,6.18347],[80.47241,6.18304],[80.47192,6.18205],[80.47545,6.17836],[80.47363,6.17661],[80.47387,6.17577],[80.47603,6.17439],[80.47607,6.17332],[80.48148,6.17038],[80.47996,6.1668],[80.48169,6.16626],[80.48258,6.16501],[80.48376,6.15967],[80.48537,6.15824],[80.48757,6.15802],[80.48569,6.15471],[80.48512,6.14916],[80.48237,6.14349],[80.48632,6.13981],[80.48484,6.13328],[80.48859,6.12996],[80.48916,6.1283],[80.48833,6.12624],[80.48111,6.12314],[80.48017,6.12108],[80.48243,6.11742],[80.48141,6.11607],[80.4824,6.11486],[80.48229,6.11278],[80.48003,6.10841],[80.47995,6.10676],[80.47698,6.10484],[80.47649,6.10359],[80.4767,6.10227],[80.47893,6.10069],[80.4784,6.09979],[80.47888,6.09668],[80.47681,6.09566],[80.47743,6.09385],[80.47705,6.09026],[80.47807,6.08908],[80.4782,6.09043],[80.48076,6.09124],[80.48125,6.0864],[80.48397,6.08488],[80.48532,6.08304],[80.48644,6.08463],[80.4885,6.08538],[80.48913,6.08365],[80.49152,6.08222],[80.49244,6.08064],[80.4934,6.07725],[80.49274,6.07494],[80.49412,6.06937],[80.4967,6.0671],[80.49855,6.06843],[80.50232,6.06457],[80.50542,6.06327],[80.50614,6.06162],[80.50908,6.06076],[80.50896,6.05941],[80.50722,6.05878],[80.50695,6.05777],[80.50736,6.05651],[80.51005,6.05481],[80.50923,6.05376],[80.50917,6.04969],[80.51295,6.05087],[80.5128,6.04889],[80.51438,6.04775],[80.51348,6.04515],[80.51216,6.04407],[80.51506,6.04167],[80.51517,6.03824],[80.51785,6.03619],[80.51928,6.03358],[80.51916,6.03163],[80.5217,6.03028],[80.52215,6.02796],[80.52702,6.02359],[80.52811,6.02101],[80.53302,6.01649],[80.53459,6.01225],[80.53612,6.01354],[80.53704,6.01246],[80.5415,6.01132],[80.54133,6.00995],[80.54257,6.00921],[80.54208,6.00669],[80.54458,6.00598],[80.54493,6.00346],[80.54592,6.0028],[80.54507,6.00153],[80.54748,6.00056],[80.54822,5.99894],[80.54662,5.99404],[80.54863,5.99005],[80.54887,5.98599],[80.54974,5.98521],[80.55301,5.98482],[80.55705,5.98242],[80.55575,5.98002],[80.55807,5.97589],[80.55739,5.97407],[80.55409,5.97264],[80.55009,5.97322],[80.55083,5.9649],[80.55129,5.96424],[80.55388,5.96467],[80.5616,5.95938],[80.56486,5.95301],[80.56344,5.94946],[80.56249,5.94801],[80.5585,5.94727],[80.55608,5.9481],[80.54937,5.94613],[80.54046,5.94563],[80.53942,5.94329],[80.53815,5.94287],[80.53819,5.94126]]},"properties":{"name":"Nilwala Ganga"}},{"type":"Feature","geometry":{"type":"LineString","coordinates":[[80.67352,6.68984],[80.6764,6.68813],[80.67813,6.6852],[80.68115,6.68279],[80.68073,6.67983],[80.68201,6.67848],[80.68263,6.67619],[80.68966,6.67357],[80.69205,6.671],[80.69692,6.66824],[80.699,6.66807],[80.70112,6.66679],[80.70267,6.6681],[80.70533,6.66666],[80.70695,6.6652],[80.70736,6.66311],[80.70592,6.66204],[80.71221,6.65751],[80.71446,6.6564],[80.71588,6.65668],[80.71604,6.65547],[80.71461,6.65488],[80.71525,6.65365],[80.71652,6.65192],[80.71919,6.65098],[80.72064,6.64919],[80.72567,6.64989],[80.72755,6.64753],[80.72923,6.64696],[80.73102,6.64801],[80.73539,6.64769],[80.73975,6.64948],[80.74221,6.64549],[80.74729,6.64445]]},"properties":{"name":"Walawe River"}},{"type":"Feature","geometry":{"type":"LineString","coordinates":[[80.58515,8.88633],[80.58657,8.8891],[80.58583,8.88934],[80.58699,8.89051],[80.58712,8.89436],[80.58776,8.89478],[80.58732,8.89991],[80.58864,8.90345],[80.58674,8.91438],[80.58545,8.91665],[80.58075,8.91873],[80.58132,8.92321],[80.5789,8.92537],[80.57403,8.93428],[80.5703,8.93731],[80.57076,8.94041],[80.56911,8.9421],[80.56964,8.94331],[80.5689,8.94816],[80.56615,8.95122],[80.56635,8.95286],[80.56106,8.9571],[80.56022,8.95902],[80.55889,8.95909],[80.55831,8.96059],[80.55638,8.96144],[80.55697,8.96324],[80.55581,8.96709],[80.55647,8.9673],[80.55477,8.9705],[80.55642,8.9712],[80.55635,8.97483],[80.55777,8.97554],[80.55565,8.97834],[80.55719,8.98011],[80.5561,8.98118],[80.55602,8.98341],[80.55752,8.9842],[80.55565,8.98603],[80.55677,8.98678],[80.55654,8.98964],[80.55257,8.99419],[80.55219,8.99891],[80.55074,8.99967],[80.54947,9.00218],[80.54785,9.00332],[80.54821,9.00497],[80.54689,9.00617],[80.54679,9.00888],[80.54586,9.01003],[80.54467,9.00998],[80.54423,9.01526],[80.54034,9.01732],[80.54177,9.01915],[80.54014,9.02052],[80.53973,9.02296],[80.53899,9.02297],[80.53827,9.02446],[80.53894,9.02568],[80.53733,9.02687],[80.53758,9.02765],[80.53652,9.02871],[80.53693,9.02981],[80.53475,9.03492],[80.5327,9.03725],[80.53146,9.03736],[80.53065,9.04023],[80.52922,9.04055],[80.52725,9.04569],[80.52773,9.04679],[80.52555,9.04854],[80.5256,9.05063],[80.52166,9.06271],[80.5185,9.06341],[80.51452,9.06847],[80.51368,9.07146],[80.51533,9.07516],[80.51288,9.07548],[80.51371,9.07769],[80.51294,9.07862],[80.51352,9.08067],[80.51194,9.08165],[80.51412,9.0837],[80.51232,9.08416],[80.51245,9.08577],[80.51347,9.08634],[80.51322,9.08808],[80.51206,9.08852],[80.51113,9.09041],[80.51037,9.09394],[80.50604,9.0967],[80.50567,9.09827],[80.50431,9.09903],[80.50271,9.10311],[80.5028,9.10488],[80.50045,9.10657],[80.50057,9.10828],[80.49958,9.10973],[80.49621,9.11119],[80.49452,9.11588],[80.49314,9.11525],[80.4923,9.11591],[80.49229,9.1184],[80.49033,9.12167],[80.49083,9.12295],[80.49006,9.12442],[80.48809,9.12571],[80.4849,9.12632],[80.48112,9.13165],[80.47537,9.13447],[80.47142,9.13858],[80.47159,9.14107],[80.46969,9.14363],[80.46992,9.14672],[80.46863,9.15196],[80.46949,9.15618],[80.46492,9.16061],[80.46496,9.16367],[80.46352,9.16539],[80.46156,9.16575],[80.45935,9.16765],[80.45911,9.16993],[80.45793,9.17111],[80.45896,9.17366],[80.46225,9.17493],[80.46281,9.1766],[80.46494,9.17819],[80.46491,9.18017],[80.46601,9.1817],[80.46452,9.18478],[80.46405,9.18815],[80.46323,9.18882],[80.46429,9.19347],[80.46537,9.19421],[80.46225,9.20043],[80.46415,9.20201],[80.46293,9.20365],[80.46152,9.20381],[80.46127,9.20607],[80.45845,9.20786],[80.45841,9.2102],[80.45705,9.21186],[80.45709,9.2165],[80.45639,9.21791],[80.45731,9.22031],[80.45629,9.22329],[80.45783,9.22759],[80.45923,9.22775],[80.46008,9.22671],[80.46186,9.22695],[80.46341,9.22968],[80.46564,9.22947],[80.46665,9.23043],[80.46667,9.23382],[80.46892,9.2365],[80.46933,9.23915],[80.46725,9.24031],[80.46747,9.24273],[80.4686,9.24379],[80.46718,9.2489],[80.46577,9.2507],[80.46384,9.25132],[80.46347,9.25292],[80.46202,9.25382],[80.46313,9.25547],[80.46196,9.25798],[80.45956,9.25976],[80.45993,9.26099],[80.45861,9.26394],[80.45357,9.27223],[80.44962,9.30391],[80.44747,9.3333],[80.44473,9.33966],[80.44101,9.34143],[80.43905,9.34383]]},"properties":{"name":"Kanagarayan Aru"}},{"type":"Feature","geometry":{"type":"LineString","coordinates":[[80.12728,9.12888],[80.12512,9.12984],[80.12498,9.13091],[80.1241,9.13122],[80.122,9.13054],[80.11907,9.13176],[80.11742,9.13051],[80.11642,9.13092],[80.11611,9.13207],[80.11781,9.13265],[80.11815,9.13367],[80.11513,9.13446],[80.11435,9.13582],[80.11475,9.13718],[80.11396,9.13795],[80.11257,9.13783],[80.11262,9.13547],[80.11141,9.13482],[80.10822,9.13667],[80.10727,9.13939],[80.10799,9.14009],[80.10618,9.14235],[80.10722,9.14471],[80.10483,9.14458],[80.10139,9.14848],[80.09974,9.14874],[80.09934,9.15054],[80.097,9.14916],[80.09504,9.15113],[80.09507,9.15313]]},"properties":{"name":"Periya Aaru"}},{"type":"Feature","geometry":{"type":"LineString","coordinates":[[80.10573,9.13862],[80.10465,9.1387],[80.10487,9.13738],[80.10388,9.13736],[80.1041,9.14007],[80.10277,9.14216],[80.10062,9.14248],[80.0984,9.14062],[80.09844,9.14423],[80.09731,9.14488],[80.09443,9.14309],[80.09393,9.14133],[80.09114,9.14024]]},"properties":{"name":"Chippi Aaru"}},{"type":"Feature","geometry":{"type":"LineString","coordinates":[[80.10281,9.13337],[80.10122,9.13447],[80.09953,9.13279],[80.0967,9.13279],[80.09607,9.13473],[80.09819,9.13883],[80.09725,9.14023],[80.09528,9.14077],[80.09177,9.13757],[80.09032,9.13898],[80.09129,9.14123],[80.08926,9.14261],[80.08606,9.14287]]},"properties":{"name":"Chippi Aaru"}},{"type":"Feature","geometry":{"type":"LineString","coordinates":[[81.56784,6.97808],[81.56585,6.97378],[81.56595,6.97252],[81.57231,6.96879],[81.57937,6.97169],[81.58334,6.97458],[81.58581,6.97409],[81.5884,6.97516],[81.59363,6.97452],[81.59567,6.97354],[81.60129,6.97369],[81.6025,6.9742],[81.60162,6.97486],[81.60239,6.97535],[81.60443,6.97567],[81.61685,6.97314],[81.61865,6.97329],[81.61835,6.97544],[81.62104,6.97567],[81.62726,6.96888],[81.62992,6.96864],[81.63211,6.96677],[81.6336,6.96427],[81.63668,6.96196],[81.63807,6.95814],[81.64434,6.95604],[81.6487,6.94881],[81.65058,6.94694],[81.65425,6.94562],[81.65533,6.94211],[81.65783,6.93801],[81.66069,6.93452],[81.66412,6.9322],[81.66591,6.92944],[81.66977,6.92845],[81.67288,6.92656],[81.67528,6.92641]]},"properties":{"name":"Karanda Oya"}},{"type":"Feature","geometry":{"type":"LineString","coordinates":[[81.67528,6.92641],[81.67808,6.92827],[81.68239,6.92817],[81.68365,6.93008],[81.68628,6.93053],[81.68807,6.93243],[81.69053,6.93045],[81.69418,6.92895],[81.6956,6.92682],[81.6978,6.92823],[81.70081,6.92831],[81.70393,6.92755],[81.70582,6.92599],[81.70787,6.92622],[81.70959,6.92529],[81.71222,6.92642],[81.71411,6.92935],[81.71802,6.93044],[81.71974,6.92989],[81.72103,6.93146],[81.72322,6.93154],[81.72425,6.93062],[81.7281,6.93275],[81.73515,6.9307],[81.73967,6.9305],[81.74263,6.93272],[81.74387,6.93152],[81.74513,6.93175],[81.74507,6.93088],[81.74712,6.9295],[81.74751,6.92721],[81.74689,6.92505],[81.7477,6.92324],[81.74846,6.92339],[81.74972,6.92208],[81.75033,6.91975],[81.75186,6.91829],[81.75292,6.91791],[81.75353,6.91892],[81.75477,6.91867],[81.75616,6.91968],[81.75935,6.9183]]},"properties":{"name":"Karanda Oya"}},{"type":"Feature","geometry":{"type":"LineString","coordinates":[[81.75935,6.9183],[81.76151,6.91479],[81.76522,6.91296],[81.76842,6.90788],[81.77091,6.90701],[81.77307,6.90506],[81.77525,6.90603],[81.77635,6.90592],[81.77658,6.90511],[81.77799,6.90549],[81.78305,6.90339],[81.78488,6.90353],[81.78793,6.90112],[81.79098,6.90161],[81.79254,6.89967]]},"properties":{"name":"Karanda Oya"}},{"type":"Feature","geometry":{"type":"LineString","coordinates":[[81.79254,6.89967],[81.79433,6.90032],[81.79511,6.8998],[81.79595,6.90081],[81.80174,6.90128],[81.80211,6.90267],[81.80521,6.90339],[81.80723,6.90238],[81.81662,6.90139],[81.81853,6.89941],[81.8189,6.89706],[81.82185,6.89656],[81.82337,6.89538],[81.82892,6.89609],[81.82938,6.89358],[81.83194,6.8898],[81.83166,6.88832]]},"properties":{"name":"Kurulu Oya"}},{"type":"Feature","geometry":{"type":"LineString","coordinates":[[81.77517,7.29721],[81.77468,7.30051],[81.77566,7.30252],[81.77678,7.30277],[81.77965,7.29961],[81.78154,7.29926],[81.78352,7.30079],[81.78348,7.30379],[81.78503,7.30509],[81.78677,7.30516],[81.78927,7.30322],[81.79468,7.30315],[81.79568,7.29922],[81.79784,7.2996],[81.7993,7.29883],[81.80042,7.29901],[81.80306,7.30228],[81.80678,7.30096],[81.80782,7.29979],[81.81032,7.30318],[81.81319,7.30096],[81.818,7.30322],[81.82474,7.30423],[81.82721,7.30537],[81.8294,7.31184],[81.83247,7.3131],[81.83351,7.31442],[81.83563,7.31492],[81.83968,7.31369],[81.84346,7.31409],[81.84496,7.31852],[81.84428,7.31959],[81.84786,7.32249],[81.85442,7.31893],[81.85618,7.32062],[81.85738,7.32021],[81.85906,7.32147],[81.86183,7.32158],[81.86321,7.32035],[81.86602,7.3198]]},"properties":{"name":"Periyaaru"}},{"type":"Feature","geometry":{"type":"LineString","coordinates":[[80.63131,7.18808],[80.62995,7.18914],[80.62669,7.18895],[80.62579,7.19061],[80.62413,7.19121],[80.61866,7.19647],[80.61424,7.1993],[80.61285,7.19907],[80.612,7.19682]]},"properties":{"name":"Nillamba Oya"}},{"type":"Feature","geometry":{"type":"LineString","coordinates":[[80.70067,7.66217],[80.70213,7.66389],[80.71126,7.6675],[80.71344,7.67498],[80.7133,7.68157],[80.71497,7.68467],[80.71783,7.68638],[80.71995,7.69083],[80.72265,7.69096],[80.72759,7.68342],[80.73003,7.68305],[80.73344,7.68434],[80.7345,7.68606],[80.73602,7.6859],[80.74467,7.67523],[80.7474,7.67312],[80.75515,7.67209],[80.75699,7.67247],[80.76136,7.67591],[80.76218,7.6787],[80.76073,7.68428],[80.75801,7.68692],[80.75741,7.68866],[80.75857,7.6928],[80.76009,7.69457],[80.76264,7.69577],[80.76558,7.69517],[80.76874,7.69202],[80.77056,7.69173],[80.77274,7.69444],[80.77316,7.69782]]},"properties":{"name":"Amban Ganga"}},{"type":"Feature","geometry":{"type":"LineString","coordinates":[[81.21541,8.39658],[81.21452,8.3973],[81.21468,8.39815],[81.21855,8.4019],[81.21829,8.4035],[81.21647,8.40406],[81.21268,8.40252],[81.21109,8.40403],[81.21087,8.4054],[81.21372,8.40726],[81.21759,8.40792],[81.21866,8.40966],[81.21396,8.41305],[81.20904,8.42013],[81.20987,8.42234],[81.21427,8.42344],[81.21637,8.4285],[81.21609,8.43447],[81.21758,8.43888],[81.21638,8.44128],[81.21437,8.44281],[81.21396,8.44437],[81.21503,8.44613],[81.21885,8.448],[81.22014,8.44694],[81.22013,8.44249],[81.22099,8.44209],[81.22293,8.44301],[81.22412,8.45024],[81.22057,8.45429],[81.2201,8.45694],[81.22172,8.45896],[81.2272,8.45825],[81.22969,8.45911],[81.2302,8.46006]]},"properties":{"name":"Mahaweli River"}},{"type":"Feature","geometry":{"type":"LineString","coordinates":[[80.33851,7.32136],[80.33111,7.32383],[80.32182,7.32871],[80.32021,7.32854],[80.31953,7.3252],[80.31786,7.32185],[80.31671,7.32125],[80.31488,7.32109],[80.3126,7.32318],[80.30996,7.32106],[80.30242,7.31814],[80.28865,7.31508],[80.2793,7.31829],[80.27467,7.31538],[80.26758,7.31241],[80.2618,7.30758],[80.25442,7.30421],[80.25091,7.30073],[80.24524,7.29725],[80.24219,7.2941],[80.23887,7.29261],[80.22553,7.28154],[80.21503,7.27558],[80.21234,7.27314],[80.21045,7.26887],[80.20444,7.25958],[80.19806,7.25794],[80.1956,7.25851],[80.19077,7.26362],[80.18883,7.26376],[80.18623,7.26127],[80.18415,7.26202],[80.18321,7.26676],[80.17815,7.27136],[80.17465,7.27765],[80.16996,7.28093],[80.1684,7.28581],[80.16306,7.29026],[80.15854,7.29082],[80.15534,7.29345],[80.15464,7.29585],[80.15249,7.29757],[80.14705,7.29989],[80.14366,7.30362],[80.14306,7.30586],[80.14787,7.30988],[80.14893,7.31158],[80.14877,7.31285],[80.14558,7.31485],[80.14051,7.31979],[80.13957,7.32287],[80.13233,7.32726],[80.1243,7.33032],[80.11887,7.32574],[80.11259,7.32383],[80.10795,7.32131],[80.10387,7.31695],[80.10347,7.31457],[80.1008,7.31195],[80.09903,7.31215],[80.09473,7.30762],[80.09072,7.30605],[80.08751,7.30357],[80.08579,7.30494],[80.08357,7.30456],[80.08246,7.3024],[80.08242,7.29866],[80.08149,7.29759],[80.07254,7.2923],[80.06476,7.28624],[80.05943,7.28385],[80.0554,7.28406],[80.0535,7.28521],[80.05311,7.29083],[80.0473,7.29544],[80.04702,7.29955],[80.04275,7.30029],[80.03747,7.3038],[80.03283,7.30176],[80.03137,7.30198],[80.02972,7.30855],[80.02483,7.31215],[80.02493,7.31398],[80.02764,7.31656],[80.0268,7.31807],[80.02007,7.31747],[80.01524,7.3144],[80.01438,7.3167],[80.01049,7.31745],[80.00934,7.31899],[80.00914,7.3209],[80.00749,7.32147],[80.00564,7.32054],[80.00421,7.31461],[79.99947,7.31453],[79.99526,7.30994],[79.98872,7.30743],[79.98855,7.30544],[79.99012,7.30493],[79.99425,7.3055],[79.99486,7.30468],[79.9944,7.30368],[79.98904,7.3032],[79.98674,7.3015],[79.98145,7.30121],[79.97963,7.29876],[79.97762,7.2928],[79.97568,7.29225],[79.97282,7.29316],[79.96914,7.2896],[79.96656,7.28936],[79.96486,7.28999],[79.96172,7.29313],[79.95739,7.29409],[79.95661,7.29356],[79.9568,7.29037],[79.95106,7.28986],[79.95073,7.28847],[79.9516,7.28578],[79.956,7.28302],[79.95441,7.28061],[79.95292,7.28117],[79.94815,7.28053],[79.94687,7.27897],[79.94779,7.27668],[79.94621,7.27407],[79.94077,7.27722],[79.93836,7.28083],[79.93563,7.27846],[79.93337,7.2783],[79.92797,7.28316],[79.92467,7.2846],[79.92339,7.28399],[79.92318,7.28225],[79.92846,7.27485],[79.9284,7.2725],[79.92631,7.27128],[79.92464,7.27154],[79.9241,7.27259],[79.92506,7.27694],[79.9239,7.27819],[79.91915,7.27654],[79.91556,7.27696],[79.91479,7.27462],[79.91664,7.27206],[79.91646,7.27033],[79.91495,7.26855],[79.90766,7.26512],[79.90608,7.2657],[79.90502,7.26874],[79.90959,7.27582],[79.90955,7.2792],[79.90785,7.28069],[79.90669,7.28038],[79.90691,7.27485],[79.90547,7.27378],[79.90286,7.27497],[79.9014,7.28009],[79.89995,7.2813],[79.89888,7.28097],[79.8992,7.27656],[79.89804,7.2751],[79.89063,7.27357],[79.88513,7.27388],[79.88094,7.28028],[79.87959,7.28144],[79.8751,7.28285],[79.87197,7.28169],[79.87048,7.28029],[79.86993,7.27595],[79.86808,7.27249],[79.86611,7.27086],[79.85923,7.27007],[79.85613,7.27588],[79.85334,7.27724],[79.85147,7.27625],[79.85148,7.27525],[79.85276,7.27414],[79.85166,7.27254],[79.84271,7.27256]]},"properties":{"name":"Maha Oya"}},{"type":"Feature","geometry":{"type":"LineString","coordinates":[[80.66717,7.66642],[80.66946,7.66704],[80.67055,7.66136],[80.67154,7.66049],[80.6741,7.66016],[80.67901,7.66303],[80.68383,7.66113],[80.68484,7.66037],[80.68563,7.65767],[80.68408,7.65114],[80.68687,7.65182],[80.69063,7.65085],[80.69282,7.65149],[80.69605,7.65574],[80.69651,7.66001],[80.70276,7.66317],[80.70903,7.66361],[80.71089,7.66474],[80.71221,7.66958]]},"properties":{"name":"Amban Ganga"}},{"type":"Feature","geometry":{"type":"LineString","coordinates":[[80.10835,6.38897],[80.10537,6.3904]]},"properties":{"name":"Bentota"}},{"type":"Feature","geometry":{"type":"LineString","coordinates":[[80.10537,6.3904],[80.09507,6.39566],[80.08997,6.39967],[80.08539,6.40193],[80.08024,6.4017],[80.07479,6.39798],[80.06928,6.39819],[80.06666,6.39999],[80.06513,6.40386],[80.06243,6.40753],[80.05945,6.40871],[80.05725,6.40808],[80.05571,6.40854],[80.04882,6.41463],[80.04133,6.41628],[80.0379,6.41959],[80.03058,6.41937],[80.02866,6.42016],[80.02523,6.42481],[80.02404,6.42961],[80.02265,6.43157],[80.01301,6.43656],[80.00976,6.4371],[80.0063,6.43616],[80.00301,6.42786],[80.00055,6.42614],[79.99718,6.42744],[79.99557,6.42934],[79.99544,6.43169],[79.99259,6.4387],[79.99037,6.44112],[79.98771,6.44227]]},"properties":{"name":"Bentota"}},{"type":"Feature","geometry":{"type":"LineString","coordinates":[[80.65422,6.94624],[80.65517,6.94949],[80.65403,6.95087],[80.6513,6.94945],[80.649,6.95271],[80.64804,6.95107],[80.64673,6.9508],[80.64289,6.95352],[80.64081,6.95382],[80.63985,6.95552],[80.63593,6.95877],[80.63315,6.95895],[80.63277,6.96201],[80.62908,6.96283],[80.62943,6.96525],[80.62743,6.96788],[80.6272,6.96939],[80.62847,6.97594],[80.63154,6.97736],[80.63204,6.97862],[80.63011,6.98274],[80.63194,6.98547],[80.63152,6.98728],[80.63237,6.99024],[80.63508,6.99623],[80.63513,6.99782],[80.63312,7.0019],[80.63371,7.0047],[80.63506,7.00622],[80.63546,7.01126],[80.63776,7.01362],[80.63707,7.01564],[80.6401,7.0216],[80.64705,7.0261],[80.6509,7.02589],[80.65265,7.02681],[80.65115,7.03071],[80.65113,7.03501],[80.65572,7.03997],[80.65653,7.04714]]},"properties":{"name":"Kotmale Oya"}},{"type":"Feature","geometry":{"type":"LineString","coordinates":[[79.87837,6.96308],[79.8792,6.9654],[79.88433,6.97219],[79.88497,6.97506],[79.8843,6.97795],[79.88189,6.98045],[79.87936,6.98136],[79.87395,6.98073],[79.86992,6.97914]]},"properties":{"name":"Kelani Ganga"}},{"type":"Feature","geometry":{"type":"LineString","coordinates":[[80.36859,6.49523],[80.36237,6.50273],[80.36063,6.50376],[80.36023,6.50736],[80.36066,6.508],[80.36351,6.508],[80.36576,6.5116],[80.36806,6.51143],[80.36937,6.51233],[80.37351,6.51284],[80.3716,6.51629],[80.3718,6.51811],[80.37104,6.51953],[80.36763,6.52086],[80.36793,6.52433],[80.36578,6.52545],[80.3653,6.52741],[80.36044,6.52734],[80.36021,6.5339],[80.35851,6.53434],[80.35852,6.53156],[80.35524,6.53305],[80.35354,6.53549],[80.35392,6.53723],[80.35232,6.54005],[80.34988,6.53933],[80.3434,6.54111],[80.34484,6.54487],[80.3437,6.54694],[80.34626,6.54733],[80.3467,6.55063],[80.34537,6.55238],[80.34282,6.55224],[80.3435,6.55288],[80.34298,6.55397],[80.34432,6.55528],[80.34402,6.5562],[80.33827,6.56149],[80.32787,6.57478],[80.32574,6.57899],[80.32664,6.5798]]},"properties":{"name":"Kukule"}},{"type":"Feature","geometry":{"type":"LineString","coordinates":[[80.58383,6.42016],[80.5802,6.42038],[80.57796,6.42174],[80.57093,6.41886],[80.56941,6.4195],[80.56762,6.41898],[80.56589,6.41961],[80.56447,6.42131],[80.56075,6.41978],[80.55472,6.42194],[80.55242,6.42139],[80.54918,6.41843],[80.54808,6.42052],[80.54589,6.42061],[80.54487,6.41923],[80.54455,6.42038],[80.54216,6.42096],[80.54183,6.42416],[80.53805,6.42057],[80.53587,6.42372],[80.53222,6.42243],[80.52983,6.42355],[80.52856,6.42236],[80.52577,6.42536],[80.52526,6.42488],[80.526,6.42295],[80.52448,6.42241],[80.52325,6.42484],[80.52181,6.4238],[80.5206,6.4241],[80.52069,6.4227],[80.51835,6.42328],[80.51927,6.42195],[80.51716,6.42221],[80.51608,6.42324],[80.51465,6.4232],[80.51411,6.42427],[80.51028,6.42545],[80.51059,6.42718],[80.50946,6.42816],[80.50899,6.4275],[80.50602,6.4276],[80.50562,6.42676],[80.49938,6.42823],[80.49714,6.42623],[80.49533,6.42726],[80.49402,6.42706],[80.49214,6.42856],[80.48906,6.42901],[80.48313,6.42754],[80.48005,6.42864],[80.4754,6.42741],[80.47333,6.42904],[80.46764,6.43073],[80.46689,6.43135],[80.46718,6.43295],[80.46506,6.43558],[80.46435,6.43388],[80.46069,6.43568],[80.44293,6.449],[80.43986,6.45051],[80.43828,6.45041],[80.43779,6.45203],[80.4348,6.45553],[80.4312,6.45777],[80.42984,6.45966],[80.42856,6.46411],[80.42709,6.46495],[80.42376,6.4649],[80.41735,6.47231],[80.41596,6.47201],[80.41336,6.47524],[80.41311,6.47694],[80.41531,6.47743],[80.41588,6.47898],[80.41296,6.47984],[80.40806,6.48358],[80.40456,6.48404],[80.40358,6.48341],[80.39895,6.48673],[80.40007,6.48891],[80.39836,6.49015],[80.39785,6.49178],[80.39647,6.49241],[80.39354,6.49694],[80.39282,6.49656],[80.39074,6.49846],[80.39029,6.49928],[80.39126,6.50091],[80.39059,6.50202],[80.38957,6.50152],[80.38275,6.50845],[80.38055,6.50792],[80.37873,6.50874],[80.37547,6.51403],[80.37279,6.51395]]},"properties":{"name":"Delgoda River"}},{"type":"Feature","geometry":{"type":"LineString","coordinates":[[80.0846,6.84438],[80.08191,6.84608],[80.0793,6.84564],[80.07922,6.8465]]},"properties":{"name":"Arukwathu Oya"}},{"type":"Feature","geometry":{"type":"LineString","coordinates":[[80.0696,6.82327],[80.06912,6.82099],[80.07195,6.81252],[80.07265,6.81208],[80.0747,6.81297],[80.07606,6.8157],[80.08042,6.8168],[80.0819,6.8179],[80.08167,6.823],[80.08453,6.82678],[80.08511,6.83179],[80.08408,6.83734],[80.08164,6.83943],[80.08122,6.8421],[80.07849,6.84577],[80.0793,6.84672],[80.07847,6.84735],[80.07857,6.85277],[80.08,6.85534],[80.07838,6.85867],[80.07945,6.85957],[80.07917,6.86154],[80.08003,6.86249],[80.08014,6.86535],[80.07881,6.86653],[80.07472,6.87409],[80.07381,6.87371],[80.07297,6.87539],[80.07318,6.87702],[80.07223,6.8773],[80.07285,6.87897],[80.07169,6.88085],[80.07277,6.88491],[80.07111,6.88521],[80.07075,6.88828],[80.07002,6.88845],[80.07093,6.89132],[80.06941,6.89275],[80.06956,6.89635],[80.06759,6.90004],[80.06857,6.89994],[80.06821,6.90109],[80.06717,6.90043],[80.06702,6.90136],[80.06789,6.90176],[80.06639,6.90205],[80.06726,6.90342],[80.06586,6.90321],[80.06627,6.90689],[80.06496,6.90862],[80.0643,6.90696],[80.06216,6.90803]]},"properties":{"name":"Pussweli Oya"}},{"type":"Feature","geometry":{"type":"LineString","coordinates":[[80.4935,7.0146],[80.4933,7.01569],[80.49439,7.0175],[80.49631,7.01439],[80.50075,7.01623],[80.50218,7.0176],[80.50044,7.01788],[80.49953,7.0192],[80.50088,7.01931],[80.50241,7.02125],[80.50321,7.02],[80.50394,7.02016],[80.50578,7.02193],[80.50662,7.02483],[80.5084,7.02654],[80.50815,7.02776],[80.50531,7.03077],[80.50585,7.03471],[80.50782,7.03646],[80.51109,7.03767],[80.51205,7.042],[80.51442,7.0439],[80.51496,7.04542],[80.5181,7.04489],[80.51939,7.04524],[80.51943,7.04655],[80.5237,7.0452],[80.52483,7.04746],[80.52607,7.04621]]},"properties":{"name":"Mahaweli"}},{"type":"Feature","geometry":{"type":"LineString","coordinates":[[80.1661,6.81301],[80.16414,6.81577],[80.16432,6.81946],[80.16333,6.81935],[80.16215,6.82245],[80.15687,6.82448],[80.15431,6.82205],[80.15307,6.81751],[80.15393,6.81671],[80.15282,6.81178],[80.15147,6.8111],[80.14897,6.80681],[80.147,6.80589],[80.14521,6.80373],[80.14506,6.80243],[80.1406,6.79785],[80.14013,6.79526],[80.13874,6.79461],[80.13947,6.7939],[80.13807,6.79351],[80.13854,6.79261],[80.13701,6.79195],[80.13632,6.79005],[80.1338,6.78925],[80.13448,6.78591],[80.13375,6.78202],[80.13474,6.77975],[80.13142,6.77864],[80.12971,6.77707],[80.13001,6.7748],[80.12741,6.77084],[80.12719,6.76836],[80.12206,6.76411],[80.11897,6.75804],[80.11542,6.75565],[80.11019,6.75456],[80.11014,6.75344],[80.10892,6.75272],[80.10669,6.74878],[80.10769,6.74747],[80.10893,6.74191],[80.10848,6.73699],[80.11167,6.73287],[80.11131,6.73034],[80.11191,6.72924],[80.11162,6.72533],[80.10811,6.72275],[80.10992,6.71755],[80.1086,6.71286],[80.11045,6.70991],[80.11027,6.70774],[80.11122,6.70572],[80.1111,6.70503],[80.10869,6.70457]]},"properties":{"name":"Mawak Oya"}},{"type":"Feature","geometry":{"type":"LineString","coordinates":[[80.76705,6.15448],[80.76873,6.15477],[80.76879,6.1557],[80.77006,6.15613],[80.77102,6.15421],[80.77305,6.1547],[80.7764,6.15304],[80.77841,6.154],[80.78055,6.15255],[80.78395,6.155],[80.78614,6.15503],[80.78764,6.15395],[80.78881,6.15477],[80.79363,6.15422],[80.79511,6.15706],[80.79802,6.15726],[80.80074,6.15575],[80.80347,6.15639],[80.80447,6.15561],[80.80609,6.15572],[80.80657,6.15674],[80.81161,6.1571],[80.81378,6.15636],[80.81761,6.15779],[80.82078,6.15542],[80.82522,6.15529],[80.82699,6.15435],[80.82987,6.15111],[80.8326,6.15206],[80.83548,6.1512],[80.83613,6.15196],[80.83659,6.15085],[80.83751,6.1505],[80.83788,6.1511],[80.83837,6.15014],[80.84127,6.15037],[80.84149,6.14906],[80.84324,6.14918],[80.84292,6.14777],[80.84443,6.14606],[80.84734,6.1454],[80.84816,6.14202],[80.84748,6.14121],[80.84923,6.1395],[80.84754,6.13386],[80.848,6.13146],[80.84679,6.13169],[80.84408,6.12629],[80.84218,6.12517],[80.84099,6.1223],[80.8412,6.12074],[80.83974,6.1204],[80.83978,6.11899],[80.84097,6.11757],[80.84147,6.11835],[80.84288,6.1179],[80.84251,6.1168],[80.84414,6.11372],[80.84561,6.11365],[80.84578,6.11193],[80.84682,6.11101],[80.84781,6.11153]]},"properties":{"name":"Uruboku Oya"}},{"type":"Feature","geometry":{"type":"LineString","coordinates":[[80.59258,7.06189],[80.58853,7.06383],[80.5847,7.0635],[80.58289,7.0643],[80.57853,7.07309],[80.57467,7.076],[80.57223,7.08215],[80.5708,7.08297],[80.56969,7.08339],[80.56143,7.07728],[80.55988,7.07766],[80.55848,7.08046],[80.55614,7.08105],[80.55441,7.08265]]},"properties":{"name":"Mahaweli Ganga"}},{"type":"Feature","geometry":{"type":"LineString","coordinates":[[80.22807,6.04871],[80.22949,6.04729],[80.22878,6.04378],[80.2302,6.0418],[80.2299,6.03944],[80.23117,6.03885],[80.2308,6.03832],[80.23224,6.03595],[80.23128,6.03491]]},"properties":{"name":"Moragoda Ela"}},{"type":"Feature","geometry":{"type":"LineString","coordinates":[[79.91697,7.14612],[79.91367,7.14536],[79.90899,7.14546],[79.90801,7.14613],[79.90745,7.14577],[79.90845,7.14505],[79.90763,7.14475],[79.90653,7.14644],[79.90691,7.14891],[79.90556,7.14998],[79.90362,7.14996],[79.90313,7.15434],[79.90126,7.15399],[79.90037,7.1522],[79.89627,7.15501],[79.89601,7.15565],[79.89804,7.15863],[79.89753,7.15949],[79.89636,7.1585],[79.89548,7.1588],[79.89481,7.1623],[79.89055,7.16159],[79.88483,7.15895],[79.88443,7.15816],[79.88702,7.15209],[79.88677,7.14883],[79.89072,7.14715],[79.89145,7.14609],[79.89154,7.14228],[79.893,7.13852],[79.89022,7.13705],[79.89019,7.13316],[79.89396,7.129],[79.89335,7.12611],[79.8888,7.12205],[79.88643,7.1238],[79.8828,7.12271],[79.88187,7.11822],[79.88297,7.11036],[79.8788,7.10697],[79.87492,7.10773],[79.87281,7.10729],[79.87166,7.10886],[79.86085,7.1078],[79.85983,7.10742],[79.85929,7.10484],[79.85798,7.10314],[79.85481,7.10689]]},"properties":{"name":"Dadugan Oya"}},{"type":"Feature","geometry":{"type":"LineString","coordinates":[[80.84036,6.94269],[80.84157,6.94092],[80.84419,6.94025],[80.84823,6.93724],[80.84854,6.93481],[80.85089,6.93037],[80.85665,6.92702],[80.85799,6.92729],[80.85824,6.92591],[80.85932,6.9252],[80.86067,6.92643],[80.86389,6.92431],[80.86236,6.92194],[80.86538,6.9201],[80.86551,6.91756],[80.86768,6.91685],[80.87017,6.91728],[80.87148,6.91616],[80.87564,6.91905],[80.87725,6.9187]]},"properties":{"name":"Uma Oya"}},{"type":"Feature","geometry":{"type":"LineString","coordinates":[[80.87725,6.9187],[80.8794,6.91587],[80.88153,6.9168],[80.88264,6.91543],[80.88356,6.91702],[80.88665,6.91661],[80.88616,6.9157],[80.88681,6.91374]]},"properties":{"name":"uma oya"}},{"type":"Feature","geometry":{"type":"LineString","coordinates":[[80.92164,6.9108],[80.92333,6.90961],[80.92451,6.90656],[80.93039,6.91335],[80.93284,6.91361],[80.93625,6.91594],[80.93771,6.91567],[80.9396,6.91711],[80.94137,6.91539],[80.94089,6.91342],[80.94249,6.91286],[80.94696,6.91281],[80.95071,6.91504],[80.95454,6.91588]]},"properties":{"name":"Uma Oya"}},{"type":"Feature","geometry":{"type":"LineString","coordinates":[[80.95454,6.91588],[80.95555,6.91715],[80.95598,6.92075],[80.95812,6.9218],[80.95869,6.92421],[80.95611,6.92379],[80.95461,6.926],[80.95071,6.92666],[80.95021,6.92801],[80.95318,6.93061],[80.95338,6.93364],[80.95523,6.93636],[80.95591,6.93994],[80.95929,6.94331],[80.95871,6.9472],[80.9624,6.95707],[80.96596,6.96168],[80.96642,6.96344],[80.96759,6.96403],[80.97126,6.96347],[80.97628,6.96628],[80.97465,6.96802],[80.97448,6.97018],[80.97671,6.97412],[80.98441,6.97881],[80.98346,6.97992],[80.98424,6.98645],[80.98646,6.98723],[80.98761,6.98888],[80.98591,6.99658],[80.98386,6.99898],[80.97916,7.00006],[80.98085,7.00316],[80.9783,7.00704],[80.97463,7.00826],[80.97029,7.00676],[80.96797,7.0078],[80.96599,7.01227],[80.96535,7.01855],[80.96192,7.02179],[80.96344,7.03548],[80.96096,7.04151],[80.96333,7.04446],[80.96418,7.04866],[80.96602,7.05201],[80.96702,7.06015],[80.96643,7.06195],[80.96235,7.06167],[80.95795,7.06249],[80.95614,7.07183],[80.95819,7.07541],[80.96222,7.07566],[80.96402,7.07669],[80.96479,7.07861],[80.96395,7.08065],[80.96004,7.08247],[80.95699,7.08752],[80.95263,7.09004],[80.95254,7.09204],[80.95465,7.09592],[80.95459,7.09714],[80.95411,7.0989],[80.95152,7.10152],[80.95563,7.10521],[80.95641,7.11121],[80.95791,7.11472],[80.96431,7.11827],[80.96442,7.11999],[80.96582,7.12209],[80.96407,7.1241],[80.95572,7.12981],[80.95082,7.12943],[80.95193,7.13478],[80.9499,7.13904],[80.95048,7.14014]]},"properties":{"name":"Uma Oya"}},{"type":"Feature","geometry":{"type":"LineString","coordinates":[[80.18796,6.08579],[80.18647,6.08544],[80.18597,6.08436]]},"properties":{"name":"Kepu Ela"}},{"type":"Feature","geometry":{"type":"LineString","coordinates":[[80.20421,6.0983],[80.20242,6.09876],[80.19847,6.0975],[80.19526,6.09802],[80.19413,6.09459],[80.19252,6.09384],[80.18812,6.0892],[80.1881,6.08446],[80.18695,6.08239]]},"properties":{"name":"Kepu Ela"}},{"type":"Feature","geometry":{"type":"LineString","coordinates":[[80.84781,6.11153],[80.84835,6.10979]]},"properties":{"name":"Uruboku Oya"}},{"type":"Feature","geometry":{"type":"LineString","coordinates":[[79.91321,7.10361],[79.91319,7.10761]]},"properties":{"name":"digan ela"}},{"type":"Feature","geometry":{"type":"LineString","coordinates":[[80.0452,7.09372],[80.0443,7.09179],[80.04198,7.09206],[80.0415,7.09142]]},"properties":{"name":"Naran Oya"}},{"type":"Feature","geometry":{"type":"LineString","coordinates":[[80.01612,7.11938],[80.01547,7.11819],[80.01202,7.11648],[80.01132,7.11443],[80.01207,7.11455],[80.01168,7.11266],[80.0097,7.11165],[80.00992,7.11018],[80.00734,7.10884],[80.00548,7.11074]]},"properties":{"name":"Attanagalu Oya"}},{"type":"Feature","geometry":{"type":"LineString","coordinates":[[81.20223,6.35318],[81.20255,6.35288]]},"properties":{"name":"Krindi Oya"}},{"type":"Feature","geometry":{"type":"LineString","coordinates":[[80.01107,9.7609],[80.01003,9.75743],[80.00826,9.75643],[80.00721,9.75672],[80.00623,9.75348],[80.00329,9.75232],[80.00097,9.75292],[79.99769,9.75088],[79.99429,9.74542],[79.99213,9.74395],[79.9891,9.73972],[79.9868,9.74001]]},"properties":{"name":"Valukki Aaru River"}},{"type":"Feature","geometry":{"type":"LineString","coordinates":[[79.89674,7.16221],[79.89518,7.1618]]},"properties":{"name":"Attanagalu Oya"}},{"type":"Feature","geometry":{"type":"LineString","coordinates":[[80.97788,6.17518],[80.97917,6.1749],[80.97991,6.17362]]},"properties":{"name":"Walawe River"}},{"type":"Feature","geometry":{"type":"LineString","coordinates":[[79.99036,7.09722],[79.99,7.09633],[79.98614,7.09497],[79.98433,7.09634],[79.98221,7.09643],[79.98082,7.09889],[79.97948,7.09966],[79.97656,7.09853]]},"properties":{"name":"Dadugan Oya"}},{"type":"Feature","geometry":{"type":"LineString","coordinates":[[81.01832,8.63932],[81.01922,8.64119],[81.02047,8.64178],[81.02058,8.64364],[81.02366,8.64657],[81.02516,8.65096],[81.02768,8.65275],[81.02851,8.65221],[81.02935,8.65277],[81.03109,8.65462],[81.0304,8.65566],[81.03171,8.65585],[81.03078,8.65977],[81.02936,8.6606],[81.02974,8.66354],[81.03127,8.66593],[81.03112,8.6698],[81.02924,8.67121],[81.02923,8.67275],[81.0303,8.67415],[81.02919,8.67474],[81.02966,8.67872],[81.02851,8.6816],[81.02885,8.6834],[81.02996,8.68441],[81.02962,8.68763],[81.03071,8.68835],[81.03017,8.68934],[81.03146,8.69172],[81.03103,8.69582],[81.03009,8.69728],[81.03195,8.69978],[81.03111,8.70217],[81.03149,8.70467],[81.0349,8.70823],[81.03382,8.71203],[81.03633,8.71217],[81.03691,8.71343],[81.03845,8.71365],[81.04049,8.71914],[81.049,8.72184],[81.05109,8.72169],[81.05371,8.72323],[81.05457,8.72748],[81.05619,8.73045],[81.05526,8.73282],[81.05925,8.73314],[81.06089,8.73487],[81.06114,8.7369],[81.06269,8.73738],[81.06275,8.74115],[81.06464,8.74045],[81.06592,8.74264],[81.0692,8.74382],[81.07026,8.74557],[81.07301,8.74638],[81.07318,8.74897],[81.07465,8.74963],[81.07566,8.75301],[81.0778,8.75213],[81.07838,8.75416],[81.08004,8.75334],[81.08002,8.75505],[81.08173,8.7557],[81.08156,8.75728],[81.08266,8.75855],[81.08136,8.75997],[81.08317,8.76249],[81.08575,8.76284],[81.08662,8.7651],[81.09011,8.76703],[81.09034,8.76961],[81.09282,8.77423],[81.09606,8.77433],[81.10186,8.77024],[81.10395,8.771],[81.1033,8.77272],[81.10095,8.7736],[81.10043,8.77499],[81.10212,8.77669],[81.10374,8.77537],[81.1048,8.77581],[81.10516,8.77709],[81.10345,8.77912],[81.10389,8.78224],[81.10471,8.7826],[81.10599,8.7809]]},"properties":{"name":"Pankulam Aru"}},{"type":"Feature","geometry":{"type":"LineString","coordinates":[[80.48244,6.34837],[80.48297,6.34749],[80.48491,6.34802],[80.4874,6.34697],[80.4872,6.3485],[80.48859,6.34881]]},"properties":{"name":"Gin Ganga"}},{"type":"Feature","geometry":{"type":"LineString","coordinates":[[80.88079,8.76763],[80.88261,8.7712]]},"properties":{"name":"Yan Oya"}},{"type":"Feature","geometry":{"type":"LineString","coordinates":[[81.00602,8.90714],[81.00637,8.90957],[81.00975,8.91011]]},"properties":{"name":"Yan Oya"}},{"type":"Feature","geometry":{"type":"LineString","coordinates":[[81.00853,8.90645],[81.00975,8.91011],[81.01096,8.91145],[81.00919,8.91292],[81.00934,8.91393],[81.01109,8.91352],[81.01326,8.91061],[81.01553,8.91037]]},"properties":{"name":"Yan Oya"}},{"type":"Feature","geometry":{"type":"LineString","coordinates":[[80.98178,8.8878],[80.98863,8.88711]]},"properties":{"name":"Yan Oya"}},{"type":"Feature","geometry":{"type":"LineString","coordinates":[[81.01185,8.90746],[81.01344,8.91054]]},"properties":{"name":"Yan Oya"}},{"type":"Feature","geometry":{"type":"LineString","coordinates":[[81.00576,8.90769],[81.00319,8.90801],[81.00274,8.9095],[81.00471,8.91105],[81.00717,8.91008]]},"properties":{"name":"Yan Oya"}},{"type":"Feature","geometry":{"type":"LineString","coordinates":[[81.00242,8.90315],[81.00553,8.90507]]},"properties":{"name":"Yan Oya"}},{"type":"Feature","geometry":{"type":"LineString","coordinates":[[80.6092,7.27226],[80.60757,7.27055],[80.60539,7.27125]]},"properties":{"name":"Meda Ela"}},{"type":"Feature","geometry":{"type":"LineString","coordinates":[[80.81351,8.85178],[80.81621,8.84982],[80.82179,8.8486],[80.8249,8.84841],[80.82995,8.84985],[80.8324,8.85387],[80.83402,8.86122],[80.83967,8.86786],[80.84284,8.86901],[80.84467,8.87212],[80.84529,8.87664],[80.84471,8.88153],[80.8457,8.88544],[80.84805,8.8879],[80.84812,8.89005],[80.85,8.89433],[80.85194,8.89466],[80.85245,8.89551],[80.8524,8.8982],[80.85903,8.90118],[80.86283,8.90605],[80.86967,8.90826],[80.87387,8.90756],[80.87616,8.90824],[80.87743,8.91116],[80.87762,8.91395],[80.87916,8.91554],[80.8791,8.91784],[80.88009,8.92016],[80.88292,8.91951],[80.88446,8.92311],[80.88633,8.92346],[80.89055,8.92587],[80.89094,8.9269],[80.89191,8.92686],[80.8925,8.92968],[80.89459,8.93191],[80.89513,8.9339],[80.89719,8.93403],[80.89848,8.93603],[80.89935,8.94012],[80.90044,8.94037],[80.90031,8.94107]]},"properties":{"name":"Mee Oya மீ ஆறு"}},{"type":"Feature","geometry":{"type":"LineString","coordinates":[[79.87166,7.10886],[79.86997,7.10982],[79.86782,7.10939],[79.86747,7.11175]]},"properties":{"name":"Attanagalu Oya"}},{"type":"Feature","geometry":{"type":"LineString","coordinates":[[80.80288,8.97075],[80.81508,8.9672],[80.81619,8.96801],[80.81629,8.97051],[80.82128,8.9731],[80.82451,8.97217],[80.82651,8.97356],[80.82864,8.97297],[80.83233,8.9766],[80.83174,8.97708],[80.83262,8.97796],[80.83253,8.97965],[80.83424,8.97963],[80.83475,8.98109],[80.83725,8.98147],[80.84398,8.98496],[80.84667,8.98735],[80.84696,8.98899],[80.84869,8.99052],[80.85126,8.99088],[80.85596,8.99008],[80.85757,8.99327],[80.85926,8.99354],[80.86074,8.99567],[80.86359,8.99657],[80.86426,8.99873],[80.86655,8.99983],[80.86907,9.00426],[80.86884,9.00627],[80.86957,9.00719],[80.87253,9.0083],[80.87666,9.00792],[80.87804,9.00931],[80.87799,9.01101],[80.87984,9.01083],[80.87965,9.01003],[80.88031,9.01006],[80.88117,9.0115],[80.88072,9.01244],[80.88228,9.01263],[80.88137,9.01343],[80.88197,9.01434],[80.88614,9.01693]]},"properties":{"name":"Churiyan Aru"}},{"type":"Feature","geometry":{"type":"LineString","coordinates":[[80.99959,8.89971],[81.00066,8.89921],[81.00121,8.90014]]},"properties":{"name":"Yan Oya"}},{"type":"Feature","geometry":{"type":"LineString","coordinates":[[81.10295,8.78022],[81.10387,8.78204]]},"properties":{"name":"Pankulam Aru"}},{"type":"Feature","geometry":{"type":"LineString","coordinates":[[80.54892,6.84386],[80.55068,6.84523],[80.5509,6.84647],[80.54987,6.84712],[80.54847,6.84613],[80.54683,6.84735],[80.54741,6.84971],[80.54607,6.85312],[80.53759,6.86067],[80.53474,6.86158],[80.53034,6.86086],[80.52764,6.86218],[80.52759,6.86529],[80.5246,6.86871],[80.52611,6.87173]]},"properties":{"name":"Kalani River"}},{"type":"Feature","geometry":{"type":"LineString","coordinates":[[80.76979,6.76784],[80.76629,6.76654]]},"properties":{"name":"Belihul Oya"}},{"type":"Feature","geometry":{"type":"LineString","coordinates":[[81.21427,8.42344],[81.22059,8.42055],[81.22364,8.42136],[81.22467,8.42314],[81.22393,8.42656],[81.21796,8.42827],[81.21647,8.4299]]},"properties":{"name":"Mahaweli"}},{"type":"Feature","geometry":{"type":"LineString","coordinates":[[81.21541,8.39658],[81.21237,8.39727],[81.21042,8.40252],[81.21087,8.40469]]},"properties":{"name":"Mahaweli River"}},{"type":"Feature","geometry":{"type":"LineString","coordinates":[[80.50432,6.89503],[80.50289,6.89457],[80.50175,6.89608],[80.5004,6.90023],[80.50123,6.90225],[80.49959,6.90401],[80.50036,6.90486],[80.49949,6.90741],[80.49825,6.91002],[80.49519,6.91268],[80.49388,6.91764],[80.49185,6.9176],[80.48226,6.92255],[80.47936,6.92292],[80.47457,6.92659],[80.47463,6.92895],[80.47234,6.93083],[80.47334,6.93277],[80.46926,6.9404],[80.46605,6.94311],[80.46377,6.95024],[80.46141,6.95213],[80.46092,6.95915],[80.45955,6.96239],[80.4618,6.96779],[80.45981,6.97132],[80.45961,6.9735],[80.45569,6.97632],[80.45417,6.97917],[80.45027,6.98266],[80.44568,6.98474],[80.44268,6.98377],[80.43921,6.98865],[80.43727,6.98952],[80.43542,6.98885],[80.432,6.98932],[80.43078,6.98773],[80.42706,6.98722],[80.42647,6.98533],[80.423,6.98567],[80.4221,6.98478],[80.41971,6.98643],[80.41828,6.99198],[80.41704,6.99123],[80.41245,6.99213],[80.40994,6.99365],[80.40119,6.99582],[80.39719,6.9983],[80.38914,6.99825],[80.38614,6.99925],[80.3788,6.99808],[80.36217,6.99745],[80.3549,6.99515],[80.35301,6.99578],[80.34942,6.99498],[80.34667,6.9955],[80.34651,6.99811],[80.3448,6.99883],[80.34343,6.99747],[80.33942,6.99586],[80.32262,6.99402],[80.31654,7.0131],[80.30859,7.01308],[80.30592,7.01075],[80.30246,7.01054],[80.30083,7.01674],[80.29778,7.01933],[80.29257,7.0332],[80.28539,7.03064],[80.28328,7.02843],[80.27927,7.02612],[80.27549,7.02572],[80.26377,7.01998],[80.26171,7.02012],[80.25836,7.0188],[80.25743,7.02102],[80.25818,7.02282],[80.25671,7.02628],[80.25459,7.03658],[80.25245,7.04271],[80.25011,7.04481],[80.24581,7.04],[80.24068,7.03185],[80.2394,7.02845],[80.23563,7.0238],[80.23242,7.02216],[80.23196,7.01882],[80.22841,7.0161],[80.22563,7.01152],[80.2224,7.01188],[80.22421,7.00342],[80.22137,7.00306],[80.21812,6.99982],[80.2161,6.99999],[80.21499,6.99619],[80.21261,6.99298],[80.21253,6.98932],[80.2088,6.98398],[80.2073,6.97872]]},"properties":{"name":"Kelani Ganga"}},{"type":"Feature","geometry":{"type":"LineString","coordinates":[[80.17927,6.97769],[80.17798,6.97861],[80.16929,6.97945],[80.16887,6.97254],[80.16682,6.97075],[80.16332,6.97099],[80.15849,6.97274],[80.15438,6.97291],[80.15165,6.97407],[80.1479,6.97352],[80.13214,6.97519],[80.12397,6.97427],[80.12168,6.96539],[80.11426,6.96285],[80.10995,6.96287],[80.11029,6.95961],[80.10613,6.95414],[80.10144,6.95334],[80.09865,6.95167],[80.09822,6.94639],[80.09364,6.93924],[80.09531,6.93452],[80.09424,6.93002],[80.09498,6.92476],[80.09309,6.91843],[80.0933,6.91238],[80.09204,6.91196],[80.0888,6.91369],[80.08573,6.91027],[80.08316,6.91002],[80.07747,6.9112],[80.07525,6.90857],[80.07372,6.90826],[80.06482,6.91305],[80.06373,6.91231],[80.06275,6.90853],[80.06001,6.90706],[80.05491,6.90748],[80.05471,6.9116],[80.05361,6.91283],[80.04519,6.91472],[80.04018,6.91904],[80.03461,6.92108],[80.03054,6.92377],[80.02644,6.92511],[80.02028,6.92471],[80.01805,6.93285],[80.01366,6.93937],[80.01435,6.94553],[80.01346,6.94701],[80.00103,6.94233],[79.99559,6.94429],[79.99337,6.94401],[79.98956,6.94108],[79.98614,6.93536],[79.98265,6.93863],[79.97744,6.93908],[79.96985,6.93767],[79.9632,6.94117],[79.95539,6.94308],[79.95386,6.94312],[79.94922,6.93982],[79.94433,6.9384],[79.94308,6.93952],[79.94289,6.94299],[79.93896,6.945],[79.93395,6.95055],[79.93105,6.95058],[79.92691,6.94921],[79.92599,6.94942],[79.92495,6.95158],[79.92237,6.95249],[79.92068,6.95118],[79.91883,6.94708],[79.91623,6.94577],[79.91267,6.94671],[79.9108,6.95033],[79.90445,6.94744],[79.90029,6.9474],[79.89826,6.94799],[79.89628,6.95097],[79.89682,6.95214],[79.89985,6.95354],[79.90048,6.95454],[79.89991,6.95592],[79.89603,6.95618],[79.89318,6.95498],[79.8849,6.95409],[79.88155,6.95522],[79.87921,6.95833]]},"properties":{"name":"Kelani Ganga"}},{"type":"Feature","geometry":{"type":"LineString","coordinates":[[80.92524,8.84799],[80.92649,8.84886]]},"properties":{"name":"Yan Oya"}},{"type":"Feature","geometry":{"type":"LineString","coordinates":[[80.93386,8.85277],[80.93774,8.85274],[80.93669,8.85584]]},"properties":{"name":"Yan Oya"}},{"type":"Feature","geometry":{"type":"LineString","coordinates":[[80.97916,8.88139],[80.9787,8.88275],[80.97678,8.88375]]},"properties":{"name":"Yan Oya"}},{"type":"Feature","geometry":{"type":"LineString","coordinates":[[80.97287,8.87815],[80.97576,8.8773],[80.97798,8.87763]]},"properties":{"name":"Yan Oya"}},{"type":"Feature","geometry":{"type":"LineString","coordinates":[[80.68882,7.8869],[80.68671,7.8909],[80.6856,7.88962],[80.68419,7.88961],[80.68442,7.88803],[80.68184,7.88666],[80.6821,7.88566],[80.68117,7.88484],[80.67958,7.8839],[80.67787,7.88443],[80.67327,7.88256],[80.672,7.88293],[80.67011,7.88537],[80.66712,7.88664],[80.6651,7.88554],[80.66291,7.88605],[80.66243,7.88484],[80.65948,7.88368],[80.65768,7.88126],[80.65683,7.88141],[80.65634,7.88287],[80.65442,7.88317],[80.65348,7.8843],[80.65185,7.88453],[80.65101,7.8835],[80.64958,7.88601],[80.64714,7.88533],[80.64696,7.88642],[80.63891,7.89066],[80.63751,7.89478],[80.63493,7.89482],[80.63497,7.89586],[80.63343,7.89715],[80.63299,7.89925],[80.62821,7.90802],[80.62761,7.91007],[80.6286,7.91249],[80.62777,7.91579],[80.62639,7.91695],[80.6229,7.91658],[80.62071,7.91729]]},"properties":{"name":"Mirisgoni Oya"}},{"type":"Feature","geometry":{"type":"LineString","coordinates":[[81.60802,6.78649],[81.60971,6.78501],[81.6158,6.78275],[81.61948,6.78438],[81.62349,6.78364],[81.62412,6.78211],[81.62659,6.78304],[81.62818,6.78012],[81.63011,6.77947],[81.63151,6.77789],[81.63022,6.77481],[81.63264,6.77119],[81.6358,6.76915],[81.63663,6.76669],[81.63634,6.76503],[81.63755,6.76351],[81.63788,6.76138],[81.64038,6.76075],[81.64295,6.75864],[81.64619,6.75835],[81.64852,6.75923],[81.65114,6.75839],[81.6527,6.75966],[81.65599,6.7604],[81.65695,6.76265],[81.65886,6.76427],[81.66392,6.76378],[81.66583,6.76633],[81.66826,6.76692],[81.66913,6.76902],[81.67244,6.76944],[81.67466,6.76834],[81.67714,6.76939],[81.67908,6.76833],[81.68252,6.76929],[81.68362,6.76824],[81.68633,6.76887],[81.68891,6.76834],[81.69017,6.76659],[81.69164,6.76625],[81.70238,6.76739],[81.70301,6.76601],[81.70627,6.76393],[81.71208,6.76437],[81.71486,6.7619],[81.71505,6.76254],[81.71706,6.76278],[81.71832,6.76135],[81.72512,6.76065],[81.72697,6.75921],[81.72918,6.76001],[81.73029,6.76184],[81.73357,6.76079],[81.7355,6.76423],[81.73735,6.76308],[81.73956,6.76397],[81.74091,6.76195],[81.74276,6.762],[81.74277,6.76098],[81.74425,6.76008],[81.74698,6.75964],[81.74867,6.75989],[81.75023,6.76126],[81.7537,6.76161],[81.75539,6.76299],[81.75607,6.76238],[81.75705,6.76286],[81.75732,6.76196],[81.7587,6.76273],[81.75931,6.7619],[81.76017,6.76251],[81.7605,6.76201],[81.76152,6.76309],[81.76318,6.7626],[81.76352,6.76365],[81.76436,6.76326],[81.76477,6.76465],[81.76658,6.76459],[81.76921,6.76808],[81.7722,6.76719]]},"properties":{"name":"Wila Oya"}},{"type":"Feature","geometry":{"type":"LineString","coordinates":[[81.77397,6.76769],[81.77341,6.76937],[81.77659,6.7709],[81.77791,6.77107],[81.77946,6.76996],[81.78021,6.77045],[81.78114,6.76948],[81.7826,6.77051],[81.78325,6.76996],[81.78622,6.77036],[81.78835,6.77166],[81.78965,6.77126],[81.79006,6.77397],[81.79099,6.77427],[81.79638,6.77168],[81.79734,6.77259],[81.801,6.77126],[81.80179,6.77177],[81.80468,6.77118],[81.80592,6.76917],[81.80874,6.76828]]},"properties":{"name":"Palandappa Odai"}},{"type":"Feature","geometry":{"type":"LineString","coordinates":[[81.82346,6.82503],[81.8247,6.8245],[81.82404,6.81973]]},"properties":{"name":"Heda Oya"}},{"type":"Feature","geometry":{"type":"LineString","coordinates":[[80.46296,8.49172],[80.46082,8.4917],[80.45883,8.49049],[80.4558,8.49082],[80.45071,8.49458],[80.44295,8.49569],[80.44193,8.49771],[80.43945,8.49933],[80.43925,8.50066],[80.43606,8.50312],[80.43374,8.5065],[80.42823,8.50743],[80.42651,8.50917],[80.4229,8.50881],[80.42003,8.50944],[80.41923,8.50883],[80.41771,8.5097],[80.41503,8.50966],[80.41376,8.51167],[80.40816,8.51448],[80.40263,8.51557],[80.4002,8.51898],[80.3957,8.52169],[80.39175,8.52248],[80.38958,8.52201],[80.38791,8.52063],[80.38398,8.5214],[80.38359,8.52008],[80.38136,8.52002],[80.37941,8.52331],[80.37692,8.52322],[80.37507,8.52481],[80.36937,8.52621],[80.36834,8.52901],[80.36299,8.53039],[80.36237,8.5329],[80.36327,8.53472],[80.36282,8.53508],[80.36104,8.53383],[80.36018,8.53498],[80.36091,8.5364],[80.35701,8.53788],[80.35484,8.54102],[80.34817,8.54226],[80.34671,8.54457],[80.34212,8.54736],[80.34025,8.54716]]},"properties":{"name":"Malwathu Oya"}},{"type":"Feature","geometry":{"type":"LineString","coordinates":[[80.20805,9.35957],[80.21104,9.36459],[80.21056,9.36684],[80.2092,9.36715],[80.20837,9.36611],[80.20746,9.36652],[80.2052,9.37042],[80.20582,9.3718],[80.1978,9.37504],[80.19628,9.37655],[80.19671,9.37782],[80.19989,9.37853],[80.2015,9.38036],[80.20138,9.38507],[80.19916,9.38706],[80.19497,9.38785],[80.19293,9.39188],[80.19108,9.39349],[80.19057,9.39638],[80.18571,9.40115],[80.18608,9.40596],[80.18912,9.4105],[80.18254,9.41515],[80.17997,9.42121],[80.17338,9.42959],[80.1746,9.43188],[80.17441,9.43326],[80.16971,9.43344],[80.16564,9.4305],[80.16406,9.43129],[80.16428,9.43897],[80.16521,9.43978],[80.16902,9.44017],[80.16986,9.4424],[80.16405,9.44435],[80.16405,9.44602],[80.16547,9.44798],[80.16524,9.44938],[80.1629,9.44996],[80.15866,9.44857],[80.15693,9.4507]]},"properties":{"name":"Mandaikallaru"}},{"type":"Feature","geometry":{"type":"LineString","coordinates":[[81.43101,7.81303],[81.43423,7.80686],[81.43664,7.80588],[81.44103,7.80612],[81.44486,7.80416],[81.44904,7.80397],[81.45201,7.8021],[81.45594,7.8042],[81.45678,7.80739],[81.45794,7.80857],[81.45937,7.80852],[81.46112,7.81019],[81.46196,7.80968],[81.46255,7.81108],[81.46643,7.81242],[81.46914,7.81498],[81.4703,7.81557],[81.47189,7.81469],[81.47453,7.81472]]},"properties":{"name":"Valliyaru"}},{"type":"Feature","geometry":{"type":"LineString","coordinates":[[81.47971,7.71114],[81.48273,7.71091],[81.48569,7.71248],[81.48745,7.7146],[81.48973,7.71993],[81.4923,7.72096],[81.49362,7.72267],[81.49424,7.7261],[81.49701,7.72697],[81.4963,7.73028],[81.49485,7.73226],[81.49581,7.73625],[81.494,7.73938],[81.49396,7.74161],[81.49222,7.74425],[81.49297,7.74883],[81.49407,7.7499],[81.49341,7.75228],[81.49562,7.75566],[81.49497,7.75652],[81.49365,7.75624],[81.4941,7.75744]]},"properties":{"name":"Madiyodai Aaru"}},{"type":"Feature","geometry":{"type":"LineString","coordinates":[[81.47616,7.6672],[81.47861,7.66955],[81.4794,7.6723],[81.47736,7.67263],[81.47578,7.67463],[81.47607,7.67596],[81.47469,7.67906],[81.47556,7.68157],[81.47508,7.68489],[81.47214,7.68747],[81.47008,7.68781],[81.46887,7.6925],[81.47057,7.69844],[81.4727,7.69879],[81.47432,7.6975],[81.47521,7.69781],[81.47661,7.70194],[81.47546,7.70327],[81.47534,7.70496],[81.47858,7.70815],[81.47971,7.71114]]},"properties":{"name":"Munthanai Aaru"}},{"type":"Feature","geometry":{"type":"LineString","coordinates":[[80.26873,6.95165],[80.25003,6.95795],[80.24936,6.95852],[80.25007,6.95958],[80.24951,6.96107],[80.24637,6.95972],[80.24335,6.95974],[80.23969,6.96101],[80.23148,6.95714],[80.2306,6.95951],[80.22952,6.95945],[80.225,6.95557],[80.22553,6.95411],[80.22075,6.95326],[80.21753,6.95694],[80.21868,6.96002],[80.21734,6.96361],[80.21836,6.97274],[80.21722,6.97528],[80.21488,6.97418],[80.21352,6.97656],[80.21102,6.97685],[80.2073,6.97872]]},"properties":{"name":"Seethawaka River"}},{"type":"Feature","geometry":{"type":"LineString","coordinates":[[81.23208,7.84406],[81.23108,7.84889],[81.23221,7.8535],[81.23083,7.85622],[81.23129,7.85866],[81.23055,7.8625],[81.22745,7.86352],[81.2267,7.86752],[81.22807,7.87006],[81.22749,7.87344],[81.2283,7.87727],[81.23181,7.88075],[81.23294,7.88459],[81.23566,7.88589],[81.23671,7.88727],[81.23488,7.8938],[81.23549,7.89669],[81.23789,7.90092],[81.23758,7.90459],[81.23572,7.90819],[81.23691,7.91265],[81.23642,7.91914],[81.23723,7.92176],[81.24054,7.92491],[81.24139,7.92466],[81.24353,7.9274],[81.24662,7.92886],[81.24785,7.93244],[81.25066,7.93377],[81.25328,7.93687],[81.25626,7.93777],[81.25755,7.93904],[81.26302,7.94017],[81.26608,7.93695],[81.27106,7.93691],[81.27304,7.93786],[81.27417,7.93695],[81.27709,7.94133],[81.28289,7.94257],[81.28595,7.94625],[81.28893,7.94776],[81.29338,7.9463],[81.29737,7.94688],[81.30076,7.94378],[81.30113,7.94207],[81.30537,7.93712],[81.30661,7.93658],[81.3113,7.93742],[81.31244,7.93881],[81.31581,7.93921],[81.32732,7.93402],[81.33047,7.93446],[81.33182,7.93635],[81.3352,7.93762],[81.33927,7.93626],[81.34167,7.93689],[81.34524,7.93509],[81.34999,7.93518],[81.35296,7.93416],[81.35654,7.93143],[81.35854,7.93333],[81.36046,7.93769],[81.3667,7.93873],[81.3695,7.93843],[81.37446,7.94319],[81.37735,7.94458],[81.3761,7.9469],[81.37606,7.94863],[81.37699,7.94981],[81.37825,7.95035],[81.38109,7.94991],[81.38182,7.95234],[81.38374,7.95266],[81.38708,7.94927],[81.38979,7.9487],[81.3944,7.94487],[81.39685,7.94526],[81.39877,7.94183],[81.39856,7.93911],[81.39995,7.93755],[81.40014,7.9351],[81.40319,7.93263],[81.40495,7.93195],[81.40756,7.93221],[81.41016,7.931],[81.41829,7.9245],[81.4236,7.92611],[81.42603,7.92446],[81.42819,7.92405],[81.43148,7.91808],[81.43067,7.91541],[81.43139,7.91467],[81.43134,7.91256],[81.43444,7.90982],[81.43646,7.91056],[81.43789,7.90902],[81.43932,7.90878],[81.44319,7.90945],[81.44489,7.90799],[81.44528,7.90537],[81.44729,7.90282],[81.4502,7.90484],[81.45445,7.90306],[81.46138,7.90205],[81.46284,7.90277],[81.46303,7.90426],[81.46448,7.90439],[81.46633,7.90645],[81.4672,7.90594],[81.46806,7.9069],[81.46937,7.90631],[81.46924,7.90684],[81.47269,7.90699],[81.47408,7.90643],[81.47724,7.90232],[81.48493,7.8998],[81.48643,7.89705],[81.48894,7.89684],[81.49169,7.89387],[81.49357,7.89521],[81.49663,7.89534],[81.49885,7.89775],[81.50261,7.89891],[81.50418,7.89813],[81.50558,7.89546],[81.50854,7.89593],[81.50845,7.89471],[81.50967,7.89488],[81.50825,7.89297],[81.50855,7.8918],[81.50979,7.89232],[81.51086,7.89498]]},"properties":{"name":"Maduru Oya"}},{"type":"Feature","geometry":{"type":"LineString","coordinates":[[80.77874,6.95248],[80.77776,6.9512],[80.78021,6.9496],[80.77693,6.94754],[80.77471,6.94786],[80.7745,6.9491],[80.77233,6.95015],[80.76785,6.94912],[80.76636,6.94993],[80.76453,6.94946],[80.7635,6.94824],[80.76021,6.94786],[80.75874,6.94877],[80.75672,6.94775],[80.75295,6.94887],[80.74946,6.94532],[80.74831,6.94598],[80.74679,6.94438],[80.74276,6.94388],[80.7419,6.9428],[80.73789,6.94323],[80.73565,6.93844],[80.73366,6.93849],[80.73266,6.93749],[80.72999,6.93793],[80.72873,6.93573],[80.72498,6.93448],[80.72388,6.93288],[80.72085,6.93364],[80.72057,6.93118]]},"properties":{"name":"Nanu Oya"}},{"type":"Feature","geometry":{"type":"LineString","coordinates":[[80.72057,6.93118],[80.71965,6.93159],[80.7181,6.9346],[80.7168,6.93474],[80.71635,6.93195],[80.71231,6.9349],[80.71084,6.93457],[80.70879,6.93697]]},"properties":{"name":"Nanu Oya"}},{"type":"Feature","geometry":{"type":"LineString","coordinates":[[80.18609,7.09671],[80.18696,7.10005],[80.1859,7.10326]]},"properties":{"name":"Basnagoda Oya"}},{"type":"Feature","geometry":{"type":"LineString","coordinates":[[81.67237,7.47976],[81.67453,7.47851]]},"properties":{"name":"Mayana road"}},{"type":"Feature","geometry":{"type":"LineString","coordinates":[[81.57152,7.53205],[81.57002,7.53069],[81.56991,7.52912],[81.57139,7.5273],[81.57118,7.52569],[81.57317,7.52438],[81.57336,7.52136],[81.57879,7.5163],[81.57806,7.51374],[81.57694,7.51297],[81.57913,7.50481],[81.57781,7.49852],[81.57891,7.49678]]},"properties":{"name":"Dhivulana River"}},{"type":"Feature","geometry":{"type":"LineString","coordinates":[[80.43905,9.34383],[80.43959,9.34571],[80.4435,9.34696],[80.44587,9.34861],[80.44483,9.35573],[80.44801,9.35821],[80.44906,9.36385],[80.44615,9.38026],[80.44514,9.38242],[80.44508,9.38589],[80.44743,9.38846],[80.44877,9.39256],[80.44876,9.39698],[80.4506,9.39844],[80.45109,9.39983],[80.45125,9.40369],[80.45456,9.40633],[80.45583,9.41022],[80.45881,9.41266],[80.46262,9.41805],[80.46712,9.41868],[80.46923,9.4173],[80.47607,9.42018],[80.47635,9.42275],[80.47834,9.42322],[80.48041,9.42632],[80.48092,9.42932]]},"properties":{"name":"Kanagarayan Aaru"}},{"type":"Feature","geometry":{"type":"LineString","coordinates":[[80.51997,9.34554],[80.51947,9.34995]]},"properties":{"name":"Neththali Aaru"}},{"type":"Feature","geometry":{"type":"LineString","coordinates":[[80.53705,9.42398],[80.53873,9.42674],[80.53963,9.43092],[80.54393,9.43877],[80.53891,9.44853],[80.54133,9.45083],[80.54171,9.45424],[80.54305,9.45736]]},"properties":{"name":"Neththali Aaru"}},{"type":"Feature","geometry":{"type":"LineString","coordinates":[[80.5316,9.39845],[80.53185,9.40084],[80.5333,9.40316],[80.53288,9.40379],[80.53567,9.40722],[80.53653,9.41258],[80.54138,9.4161],[80.54394,9.41471],[80.54488,9.41519],[80.5465,9.42035],[80.54802,9.42172],[80.55056,9.42199],[80.55399,9.4269],[80.55704,9.42945],[80.55921,9.43411],[80.55983,9.44283],[80.56117,9.44463],[80.56485,9.44541],[80.5636,9.44846]]},"properties":{"name":"Neththali Aaru"}},{"type":"Feature","geometry":{"type":"LineString","coordinates":[[80.51947,9.34995],[80.51934,9.3515]]},"properties":{"name":"Neththali Aaru"}},{"type":"Feature","geometry":{"type":"LineString","coordinates":[[80.48092,9.42932],[80.4854,9.43418],[80.48534,9.43956],[80.4879,9.44023],[80.48872,9.4413],[80.48935,9.44361],[80.48894,9.44752],[80.4865,9.44879],[80.48632,9.45055],[80.48307,9.45425],[80.48137,9.45431],[80.48098,9.45571],[80.48,9.45606],[80.47963,9.46034],[80.47673,9.46206],[80.47564,9.46505],[80.47277,9.46583],[80.47418,9.46794],[80.4736,9.46992],[80.47411,9.47236],[80.47111,9.47429],[80.46926,9.47772],[80.46499,9.48235],[80.46592,9.48559],[80.46326,9.48902],[80.46257,9.49277],[80.45982,9.49583],[80.45551,9.49832],[80.45506,9.50165]]},"properties":{"name":"Kanagarayan Aaru"}},{"type":"Feature","geometry":{"type":"LineString","coordinates":[[80.5316,9.39845],[80.53076,9.40329],[80.53327,9.40639],[80.53416,9.41096],[80.53348,9.41398],[80.53505,9.41568],[80.53481,9.41788],[80.53599,9.41911],[80.53597,9.4222],[80.53757,9.42591],[80.5372,9.42972],[80.53815,9.43229],[80.53788,9.43574],[80.53405,9.44409],[80.53206,9.44571],[80.53382,9.44888],[80.53306,9.45238],[80.53573,9.45531],[80.53858,9.45476],[80.54305,9.45736]]},"properties":{"name":"Neththali Aaru"}},{"type":"Feature","geometry":{"type":"LineString","coordinates":[[80.51934,9.3515],[80.5184,9.35501],[80.51914,9.3582],[80.51867,9.3588],[80.52858,9.37739],[80.52932,9.38499],[80.52794,9.38987],[80.52956,9.39036]]},"properties":{"name":"Neththali Aaru"}},{"type":"Feature","geometry":{"type":"LineString","coordinates":[[80.54305,9.45736],[80.54372,9.45917],[80.5461,9.45966]]},"properties":{"name":"Neththali Aaru"}},{"type":"Feature","geometry":{"type":"LineString","coordinates":[[80.52956,9.39036],[80.53079,9.39482],[80.53042,9.3965],[80.5316,9.39845]]},"properties":{"name":"Neththali Aaru"}},{"type":"Feature","geometry":{"type":"LineString","coordinates":[[80.33975,9.07998],[80.33817,9.07872],[80.33457,9.07825],[80.32972,9.08215],[80.32092,9.08537],[80.3144,9.08982],[80.31298,9.08957],[80.31238,9.09071],[80.30809,9.09283],[80.2965,9.10122],[80.29148,9.10398],[80.2826,9.11385],[80.27998,9.11533],[80.27715,9.11995],[80.27157,9.12326],[80.27002,9.12652],[80.26543,9.12737],[80.262,9.13148],[80.25796,9.13097],[80.2447,9.13317],[80.23994,9.13237],[80.23895,9.13148],[80.23921,9.13046],[80.23788,9.12961],[80.22835,9.13067],[80.22775,9.13576],[80.22543,9.13792],[80.22192,9.13881],[80.22029,9.14169],[80.21634,9.14304],[80.21368,9.14618],[80.21072,9.14707],[80.20866,9.15116],[80.20606,9.15294]]},"properties":{"name":"Paali Aaru"}},{"type":"Feature","geometry":{"type":"LineString","coordinates":[[80.68555,9.22818],[80.68738,9.23074],[80.69075,9.23139],[80.69161,9.23363],[80.69306,9.2341],[80.69678,9.2384],[80.69935,9.23784],[80.70447,9.24365],[80.70447,9.24763],[80.70257,9.24877],[80.70404,9.2521],[80.70594,9.25296],[80.70657,9.25554],[80.70874,9.25888],[80.70815,9.26289],[80.70735,9.26371],[80.71019,9.27277],[80.7095,9.27474],[80.71014,9.27609],[80.70989,9.2804],[80.71099,9.28234],[80.7109,9.28319],[80.70958,9.28388],[80.70996,9.28661],[80.71895,9.2912],[80.72198,9.29357],[80.72528,9.29352],[80.7287,9.29582],[80.72889,9.298],[80.73173,9.2999],[80.73197,9.30195]]},"properties":{"name":"Siththaru"}},{"type":"Feature","geometry":{"type":"LineString","coordinates":[[80.87582,8.89473],[80.87984,8.89671],[80.88193,8.9015],[80.88306,8.90109],[80.8857,8.90367],[80.88585,8.90461],[80.88491,8.90488],[80.88625,8.90745],[80.88602,8.91451],[80.89346,8.91814],[80.89666,8.9225],[80.89861,8.92346],[80.90058,8.92613],[80.90334,8.92672],[80.90995,8.93062],[80.9111,8.9332],[80.91204,8.93273],[80.91254,8.93478],[80.91351,8.93351],[80.91422,8.93399],[80.9156,8.93889]]},"properties":{"name":"Gal Aaru கல்லாறு"}},{"type":"Feature","geometry":{"type":"LineString","coordinates":[[80.88828,8.92492],[80.88866,8.92743],[80.88754,8.93159],[80.89038,8.94098],[80.89338,8.94388],[80.89977,8.94345]]},"properties":{"name":"Mee Aaru மீ ஆறு"}},{"type":"Feature","geometry":{"type":"LineString","coordinates":[[80.82273,8.98563],[80.8239,8.98426],[80.82746,8.98332],[80.83418,8.98675],[80.84292,8.98911],[80.84328,8.99892],[80.84537,9.00087],[80.84541,9.00792],[80.84648,9.00999],[80.84906,9.01104],[80.85782,9.02069],[80.86002,9.02422],[80.86137,9.02507],[80.87117,9.02696]]},"properties":{"name":"Chavar Aaru"}},{"type":"Feature","geometry":{"type":"LineString","coordinates":[[80.75026,9.10022],[80.75287,9.0989],[80.75458,9.09897],[80.7562,9.09994],[80.76514,9.10138],[80.76846,9.09981],[80.7701,9.10382],[80.77471,9.10302],[80.77783,9.1043],[80.77811,9.10644],[80.78008,9.10776],[80.78304,9.10732],[80.79082,9.10916],[80.79528,9.11632],[80.79881,9.1181],[80.80473,9.12388],[80.81623,9.13104],[80.82155,9.13255],[80.8229,9.1347]]},"properties":{"name":"மணலாறு Manalaaru"}},{"type":"Feature","geometry":{"type":"LineString","coordinates":[[80.75822,9.10689],[80.76568,9.10495],[80.7761,9.1126],[80.77866,9.11312],[80.78173,9.11515],[80.78401,9.11791],[80.78603,9.11849],[80.78778,9.12158],[80.78949,9.12226],[80.79214,9.12532],[80.79745,9.1267],[80.7984,9.12553],[80.80202,9.12791],[80.80705,9.1256]]},"properties":{"name":"மணலாறு Manalaaru"}},{"type":"Feature","geometry":{"type":"LineString","coordinates":[[80.25537,9.19683],[80.25513,9.19878],[80.25165,9.20103],[80.24779,9.20671],[80.2477,9.20908],[80.24526,9.21297],[80.24637,9.21556],[80.24569,9.21653],[80.24569,9.21979],[80.24787,9.22505],[80.24826,9.22988],[80.2471,9.23314],[80.24247,9.23687],[80.24152,9.24144],[80.2332,9.25055],[80.23208,9.25372],[80.22749,9.25677],[80.2214,9.26622],[80.21801,9.26791],[80.21586,9.27071],[80.21303,9.2724],[80.21161,9.27465],[80.20818,9.276],[80.20504,9.27893],[80.19526,9.28028],[80.19204,9.27939],[80.18878,9.27952],[80.18165,9.28216]]},"properties":{"name":"Thenniyankulam River"}},{"type":"Feature","geometry":{"type":"LineString","coordinates":[[80.26492,9.20531],[80.26405,9.20683],[80.26144,9.20836],[80.25573,9.2092],[80.25208,9.212],[80.25084,9.21564],[80.24852,9.21738],[80.24642,9.22191]]},"properties":{"name":"Thenniyankulam River"}},{"type":"Feature","geometry":{"type":"LineString","coordinates":[[80.32666,9.30761],[80.32242,9.31069],[80.32053,9.31586],[80.31864,9.31823],[80.31864,9.32187],[80.31547,9.32771],[80.31547,9.33153],[80.31375,9.33822],[80.31203,9.34093],[80.31238,9.34228],[80.31078,9.34586],[80.31049,9.34872],[80.30911,9.35024],[80.30886,9.35473],[80.30396,9.35744],[80.30336,9.36108],[80.30225,9.36269],[80.30259,9.36743],[80.30113,9.37192],[80.3013,9.38276],[80.29976,9.38488],[80.30002,9.39275],[80.29907,9.39682],[80.29967,9.40436],[80.29643,9.41149],[80.29686,9.41509],[80.29407,9.41903],[80.29347,9.42123],[80.29643,9.42914],[80.29652,9.4316],[80.29549,9.43262],[80.29532,9.43418],[80.29412,9.4349],[80.29478,9.43865],[80.29617,9.44005],[80.29991,9.44045],[80.30175,9.44176],[80.30171,9.44392],[80.29956,9.44626],[80.29969,9.44726],[80.30308,9.45035],[80.30229,9.45203],[80.30387,9.45206],[80.30604,9.45374]]},"properties":{"name":"Akkaraayan River"}},{"type":"Feature","geometry":{"type":"LineString","coordinates":[[80.31065,9.43035],[80.30568,9.43529],[80.30497,9.43844],[80.3019,9.43982],[80.30175,9.44176]]},"properties":{"name":"Akkaraayan River"}},{"type":"Feature","geometry":{"type":"LineString","coordinates":[[80.30133,9.44874],[80.30302,9.44949],[80.30527,9.44916],[80.30613,9.45027],[80.30683,9.45251],[80.30492,9.45658]]},"properties":{"name":"Akkaraayan River"}},{"type":"Feature","geometry":{"type":"LineString","coordinates":[[80.30038,9.44781],[80.30092,9.44958],[80.30002,9.45087],[80.29993,9.45315],[80.2983,9.45425],[80.29699,9.45709]]},"properties":{"name":"Akkaraayan River"}},{"type":"Feature","geometry":{"type":"LineString","coordinates":[[80.29633,9.44925],[80.29607,9.45123],[80.29429,9.45306],[80.29297,9.45315]]},"properties":{"name":"Akkaraayan River"}},{"type":"Feature","geometry":{"type":"LineString","coordinates":[[80.29974,9.44667],[80.29557,9.44993],[80.29336,9.44874],[80.29053,9.45004]]},"properties":{"name":"Akkaraayan River"}},{"type":"Feature","geometry":{"type":"LineString","coordinates":[[80.30886,9.35473],[80.30875,9.35626],[80.31074,9.36062],[80.30907,9.36441],[80.30971,9.36551],[80.30911,9.36932],[80.30315,9.3744],[80.30148,9.37836]]},"properties":{"name":"Akkaraayan River"}},{"type":"Feature","geometry":{"type":"LineString","coordinates":[[80.20606,9.15294],[80.20123,9.1533],[80.20023,9.15474],[80.19852,9.15497],[80.19496,9.15519],[80.18627,9.15364],[80.18043,9.15467],[80.17641,9.15383],[80.17366,9.15547],[80.17288,9.15542],[80.1721,9.15137],[80.17037,9.15114],[80.16861,9.15256],[80.16635,9.15309],[80.16438,9.15146],[80.16298,9.15154],[80.15735,9.15457],[80.155,9.1577],[80.15512,9.15887],[80.15378,9.15955],[80.14954,9.15794],[80.14523,9.16139],[80.13975,9.15883],[80.1365,9.16067],[80.12556,9.1609],[80.12189,9.16189]]},"properties":{"name":"Paali Aaru"}},{"type":"Feature","geometry":{"type":"LineString","coordinates":[[80.11212,9.17264],[80.11121,9.17893],[80.10834,9.17984],[80.10632,9.18262]]},"properties":{"name":"Paali Aaru"}},{"type":"Feature","geometry":{"type":"LineString","coordinates":[[81.11871,7.06545],[81.11564,7.06603],[81.11529,7.06824],[81.11402,7.06757],[81.11261,7.06937],[81.11135,7.07299],[81.10762,7.07693],[81.10666,7.08079],[81.10383,7.08352],[81.10357,7.08492],[81.10518,7.08777],[81.10395,7.08903],[81.10069,7.08988],[81.10039,7.0929],[81.09767,7.09659],[81.09466,7.09881],[81.09508,7.10311],[81.09313,7.10501],[81.09248,7.11047],[81.08788,7.11464],[81.08844,7.11631],[81.0858,7.12084],[81.08314,7.12934],[81.08061,7.132],[81.07925,7.13648],[81.07586,7.13848],[81.07203,7.13489],[81.07078,7.13429],[81.06977,7.13487],[81.07094,7.13877],[81.06777,7.14242],[81.06563,7.15122],[81.06112,7.15498],[81.06132,7.15667],[81.06446,7.15962],[81.06563,7.16832],[81.06532,7.17092],[81.06379,7.17247],[81.05866,7.17147],[81.05712,7.17279],[81.05721,7.17525],[81.05837,7.17706],[81.0577,7.17983],[81.05488,7.18526],[81.05275,7.18533]]},"properties":{"name":"Loggal Oya"}},{"type":"Feature","geometry":{"type":"LineString","coordinates":[[81.16082,6.96615],[81.15937,6.96752],[81.15801,6.97389],[81.15594,6.97933],[81.15465,6.9808],[81.15399,6.98383],[81.14978,6.98652],[81.14948,6.98895],[81.14784,6.98994],[81.14665,6.99367],[81.1455,6.99398],[81.14446,6.99695],[81.14288,6.99863],[81.14302,7.00207],[81.13927,7.00511],[81.13714,7.01045],[81.14069,7.01575],[81.13799,7.01964],[81.13602,7.02064],[81.13546,7.02438],[81.13232,7.0263],[81.13264,7.02826],[81.13074,7.03245],[81.13047,7.03535],[81.12694,7.0387]]},"properties":{"name":"Loggal Oya"}},{"type":"Feature","geometry":{"type":"LineString","coordinates":[[81.14251,6.9509],[81.14056,6.9543],[81.14057,6.95736],[81.14226,6.95739],[81.14395,6.95567],[81.1469,6.95496],[81.14696,6.95349],[81.14797,6.95266],[81.15224,6.95418],[81.15405,6.95513],[81.15544,6.95938],[81.15834,6.96173],[81.15914,6.96447],[81.16082,6.96615]]},"properties":{"name":"Loggalla oya"}},{"type":"Feature","geometry":{"type":"LineString","coordinates":[[80.33804,9.08263],[80.3355,9.08299],[80.33439,9.08425],[80.33123,9.08542],[80.32856,9.08552]]},"properties":{"name":"Paali Aaru"}},{"type":"Feature","geometry":{"type":"LineString","coordinates":[[80.33676,9.08976],[80.33167,9.08847],[80.32856,9.08552],[80.32352,9.08433]]},"properties":{"name":"Paali Aaru"}},{"type":"Feature","geometry":{"type":"LineString","coordinates":[[80.34411,9.06977],[80.3409,9.07032],[80.33811,9.07247],[80.33547,9.07292],[80.33397,9.07274],[80.33218,9.07055],[80.32933,9.07042],[80.32776,9.07549],[80.32374,9.07966],[80.31987,9.07996],[80.31868,9.08307],[80.3164,9.08283],[80.31389,9.08421],[80.31038,9.08422],[80.3105,9.08588],[80.308,9.08837],[80.3053,9.08813],[80.30355,9.08983],[80.30132,9.09744]]},"properties":{"name":"Paali Aaru"}},{"type":"Feature","geometry":{"type":"LineString","coordinates":[[80.49191,8.86378],[80.49134,8.87298],[80.4827,8.87571],[80.48217,8.87741],[80.47559,8.87969],[80.47371,8.88223],[80.46904,8.8821],[80.46664,8.88321],[80.46529,8.88581],[80.46088,8.88884],[80.454,8.8893],[80.45121,8.891],[80.44612,8.88972],[80.44214,8.89339],[80.4396,8.8943],[80.43899,8.89637],[80.43503,8.89646],[80.43456,8.89839],[80.43335,8.89905],[80.42532,8.9006],[80.41083,8.90002],[80.40907,8.90083],[80.39968,8.91806],[80.39329,8.92522],[80.38464,8.93114],[80.37665,8.93873],[80.3762,8.9421],[80.36671,8.94791],[80.36098,8.94788],[80.35798,8.95068],[80.35317,8.95169],[80.34955,8.95574],[80.34567,8.9572],[80.3428,8.95627],[80.34093,8.95677],[80.3384,8.96379],[80.33525,8.96413],[80.33518,8.96728],[80.33176,8.96825],[80.33082,8.97007],[80.3289,8.97106],[80.32695,8.98322],[80.32807,8.98522],[80.32715,8.98906],[80.32139,8.99383],[80.31884,8.99708],[80.31675,8.99765],[80.3108,9.00717],[80.30991,9.01072],[80.31069,9.01301],[80.30856,9.01726],[80.30854,9.02281],[80.30734,9.02425],[80.30358,9.02498],[80.2926,9.03207],[80.28914,9.03103],[80.28486,9.0333],[80.27929,9.03392],[80.26983,9.04372],[80.26276,9.04538],[80.25358,9.05223],[80.25015,9.0525],[80.24744,9.05129],[80.24507,9.05141],[80.24136,9.04606],[80.23937,9.04469],[80.23533,9.04635],[80.23111,9.04593],[80.22914,9.0441],[80.22395,9.0419],[80.22081,9.04404],[80.21864,9.04412],[80.21222,9.03946],[80.20306,9.04322],[80.19123,9.05211],[80.18497,9.05323],[80.1843,9.05469],[80.18299,9.05531],[80.17723,9.0551],[80.16962,9.05041],[80.16474,9.04935],[80.16344,9.05266],[80.16371,9.05482],[80.16263,9.05636],[80.16003,9.05727],[80.15842,9.05478],[80.15628,9.05387],[80.15084,9.0562],[80.14635,9.06417],[80.147,9.07025],[80.14301,9.07491],[80.14139,9.07574],[80.13919,9.0751],[80.13854,9.07562],[80.13537,9.08377],[80.13147,9.08585],[80.13148,9.09366],[80.12962,9.09483],[80.12728,9.09396],[80.12764,9.09718],[80.12626,9.09895],[80.12258,9.09897],[80.12151,9.10241],[80.11486,9.10328],[80.11342,9.1057],[80.11232,9.10582],[80.11114,9.10395],[80.10974,9.10487],[80.10925,9.10251],[80.10804,9.10342],[80.10597,9.10232],[80.10081,9.10208],[80.0984,9.10398],[80.0927,9.10385],[80.08542,9.10593],[80.0809,9.10572],[80.07942,9.10453]]},"properties":{"name":"Thiruppu Moddai River"}},{"type":"Feature","geometry":{"type":"LineString","coordinates":[[80.08677,9.10544],[80.08053,9.10267],[80.07787,9.09932]]},"properties":{"name":"Paranki Aaru"}},{"type":"Feature","geometry":{"type":"LineString","coordinates":[[80.0984,9.10398],[80.09706,9.10519],[80.09713,9.10652],[80.09906,9.1086],[80.09746,9.11414],[80.08805,9.11654],[80.08713,9.12082],[80.08453,9.12133],[80.08442,9.12009],[80.08334,9.11983],[80.07582,9.12557]]},"properties":{"name":"Paranki Aaru"}},{"type":"Feature","geometry":{"type":"LineString","coordinates":[[80.08713,9.12082],[80.08568,9.12477],[80.08555,9.12754],[80.08261,9.13001],[80.08174,9.13411]]},"properties":{"name":"Paranki Aaru"}},{"type":"Feature","geometry":{"type":"LineString","coordinates":[[80.45678,8.99469],[80.45624,9.00145],[80.45076,9.00916],[80.45137,9.01119],[80.44972,9.01391],[80.44983,9.01631],[80.44848,9.01745],[80.44621,9.01739],[80.4433,9.02287],[80.44126,9.0235],[80.43753,9.02924],[80.4353,9.02986],[80.43406,9.03299],[80.43252,9.03354],[80.43276,9.03421],[80.4302,9.03694],[80.42963,9.0402],[80.43011,9.04253],[80.4276,9.0445],[80.42906,9.04514],[80.427,9.0483],[80.42752,9.05313],[80.42564,9.05497],[80.42706,9.05537],[80.42808,9.0573],[80.42557,9.06431],[80.42463,9.0652],[80.41576,9.06729],[80.41399,9.06603],[80.4125,9.06731],[80.4113,9.07071],[80.40904,9.07064],[80.40574,9.07352],[80.40319,9.07325],[80.39702,9.07579]]},"properties":{"name":"Chalampan Kulam Aaru"}},{"type":"Feature","geometry":{"type":"LineString","coordinates":[[80.51236,6.50706],[80.51239,6.50881],[80.51115,6.50834],[80.50546,6.50973],[80.50232,6.51177],[80.49809,6.51271],[80.49487,6.51488],[80.49169,6.51494],[80.48369,6.52081],[80.48159,6.52077],[80.47958,6.52226],[80.47829,6.52111],[80.478,6.5218],[80.47309,6.52353],[80.46981,6.52398],[80.46909,6.5246],[80.46906,6.52658],[80.46801,6.52656],[80.46775,6.52812],[80.46216,6.53388],[80.46073,6.53507],[80.45978,6.53402],[80.45866,6.5343],[80.45772,6.53664],[80.4553,6.53888],[80.45322,6.53901],[80.45357,6.5421],[80.45206,6.54211],[80.45094,6.54327],[80.45177,6.54531],[80.44737,6.54852]]},"properties":{"name":"Delawala Oya"}},{"type":"Feature","geometry":{"type":"LineString","coordinates":[[81.47776,7.66376],[81.47729,7.66818]]},"properties":{"name":"Vadichchal Aaru"}},{"type":"Feature","geometry":{"type":"LineString","coordinates":[[80.57115,6.74044],[80.57412,6.74045],[80.57811,6.73736],[80.58164,6.73571],[80.58556,6.73554],[80.59158,6.73295],[80.5926,6.73179],[80.59396,6.73174],[80.59581,6.72997],[80.59765,6.72934],[80.5986,6.73022],[80.601,6.72927],[80.60204,6.72863],[80.6024,6.72716],[80.60618,6.72791],[80.61193,6.72401],[80.61803,6.72174],[80.61852,6.72068],[80.6215,6.72037],[80.62779,6.71699],[80.63122,6.71274],[80.63598,6.71357],[80.64075,6.71151],[80.64388,6.71135],[80.646,6.70665],[80.64806,6.70524]]},"properties":{"name":"Walawe River"}},{"type":"Feature","geometry":{"type":"LineString","coordinates":[[80.61235,6.74493],[80.61022,6.7441],[80.60668,6.73969],[80.60642,6.73274],[80.60817,6.73127],[80.61124,6.72975],[80.61271,6.72999],[80.61433,6.72871],[80.61447,6.72644],[80.61614,6.72529],[80.61655,6.72225]]},"properties":{"name":"Walawe River"}},{"type":"Feature","geometry":{"type":"LineString","coordinates":[[80.84694,7.07246],[80.84883,7.07328],[80.84823,7.07652],[80.84936,7.07677],[80.85055,7.08055],[80.84856,7.08638],[80.8484,7.08931],[80.85506,7.09566],[80.85643,7.09615]]},"properties":{"name":"Kurundu Oya"}},{"type":"Feature","geometry":{"type":"LineString","coordinates":[[80.85643,7.09615],[80.86029,7.09936],[80.86286,7.10012],[80.86295,7.10208],[80.86445,7.10381],[80.86388,7.1054],[80.867,7.11035],[80.86662,7.11207],[80.86825,7.11554],[80.86642,7.11927],[80.86672,7.12244],[80.86816,7.12421],[80.87022,7.12412]]},"properties":{"name":"Kurundu Oya"}},{"type":"Feature","geometry":{"type":"LineString","coordinates":[[80.87022,7.12412],[80.87115,7.12341],[80.87306,7.12422],[80.87445,7.1301],[80.87653,7.13277],[80.87777,7.13678],[80.88182,7.14179],[80.88252,7.14476],[80.88413,7.14637],[80.88402,7.14876],[80.88553,7.15094]]},"properties":{"name":"Kurundu Oya"}},{"type":"Feature","geometry":{"type":"LineString","coordinates":[[80.23907,6.73489],[80.23396,6.73302],[80.22675,6.7289],[80.22251,6.732],[80.21038,6.73012],[80.19947,6.73119],[80.19893,6.73049],[80.19927,6.72707],[80.19837,6.72528],[80.19157,6.7259],[80.1811,6.72319],[80.17794,6.725],[80.17058,6.72339],[80.16369,6.72296],[80.15167,6.72415],[80.14481,6.72379],[80.14589,6.72119],[80.14421,6.72098],[80.14127,6.71535],[80.13981,6.71479],[80.13744,6.71608],[80.13647,6.71179],[80.13408,6.70981],[80.13047,6.70445],[80.12563,6.70093],[80.12164,6.69913],[80.11873,6.69924],[80.10869,6.70457]]},"properties":{"name":"Kaluganga"}},{"type":"Feature","geometry":{"type":"LineString","coordinates":[[80.10869,6.70457],[80.10743,6.70316],[80.10712,6.70023],[80.10188,6.69503],[80.10121,6.69105],[80.09905,6.68685],[80.09785,6.6861],[80.09524,6.68619],[80.0946,6.68349],[80.0923,6.68338],[80.09075,6.68218],[80.0929,6.6793],[80.09369,6.67605],[80.09303,6.67528],[80.09132,6.6761],[80.08941,6.67483],[80.08779,6.66844],[80.09091,6.664],[80.09099,6.66117],[80.09358,6.65818],[80.09433,6.65221]]},"properties":{"name":"Kaluganga"}},{"type":"Feature","geometry":{"type":"LineString","coordinates":[[80.09433,6.65221],[80.09334,6.64996],[80.08766,6.64706],[80.08132,6.64012],[80.08129,6.63545],[80.07869,6.62858],[80.07735,6.62686],[80.06733,6.62128],[80.06145,6.61685],[80.05386,6.59292],[80.05211,6.58995],[80.05005,6.5883],[80.04732,6.58864],[80.04596,6.59139],[80.0448,6.59211],[80.04255,6.5903],[80.0368,6.5969],[80.0354,6.5977],[80.03334,6.59721],[80.02841,6.60209],[80.02682,6.62332],[80.0241,6.62654],[80.01854,6.62671],[80.01458,6.62984],[80.01064,6.63439],[80.00939,6.63479],[80.00883,6.63442],[80.00895,6.63149],[80.00481,6.62854],[79.99148,6.6281],[79.98999,6.62685],[79.98937,6.62249],[79.98836,6.62118],[79.98417,6.62164],[79.98259,6.62073],[79.9802,6.61417],[79.97739,6.61137],[79.97496,6.60523],[79.97134,6.6015],[79.97009,6.59799],[79.96022,6.58875],[79.95608,6.58793]]},"properties":{"name":"Kaluganga"}},{"type":"Feature","geometry":{"type":"LineString","coordinates":[[79.96387,6.59222],[79.95868,6.59088],[79.95628,6.58813]]},"properties":{"name":"Kaluganga"}},{"type":"Feature","geometry":{"type":"LineString","coordinates":[[81.74176,7.5883],[81.74095,7.59121]]},"properties":{"name":"Spille River"}},{"type":"Feature","geometry":{"type":"LineString","coordinates":[[80.91613,7.03194],[80.91817,7.03413],[80.91902,7.03837],[80.91792,7.04121],[80.91621,7.04245],[80.91718,7.04381],[80.91697,7.04503],[80.91934,7.04663],[80.9203,7.04991],[80.92333,7.05006],[80.92319,7.05553],[80.92564,7.05832],[80.92292,7.06045],[80.92604,7.06471],[80.92766,7.06849],[80.92993,7.06978],[80.93147,7.06716],[80.9331,7.0673],[80.93419,7.06921],[80.93549,7.06937],[80.93756,7.07113],[80.93584,7.07329],[80.93456,7.07753],[80.93758,7.08296],[80.93932,7.08409],[80.94024,7.09013],[80.94113,7.09094],[80.94074,7.09335],[80.94186,7.09538],[80.94122,7.10003],[80.94402,7.10328],[80.9462,7.10376],[80.94791,7.10316],[80.95015,7.10636],[80.9543,7.10402]]},"properties":{"name":"Halgran Oya"}},{"type":"Feature","geometry":{"type":"LineString","coordinates":[[80.69749,6.65295],[80.70147,6.651],[80.70249,6.65126],[80.70368,6.64853],[80.70548,6.6496],[80.70707,6.64879],[80.7083,6.64922],[80.7122,6.64657]]},"properties":{"name":"Dorawela Ela"}},{"type":"Feature","geometry":{"type":"LineString","coordinates":[[80.7999,6.40735],[80.80166,6.40874],[80.8021,6.40667],[80.80297,6.40617],[80.80985,6.40701],[80.81298,6.4058],[80.81494,6.40695],[80.82177,6.40736],[80.82374,6.40568],[80.82608,6.40041],[80.82648,6.39703],[80.82878,6.39744],[80.83103,6.39456],[80.83349,6.3949],[80.83686,6.393],[80.84172,6.39324],[80.84317,6.39193],[80.84615,6.39141]]},"properties":{"name":"Thimbolketiya Ganga"}},{"type":"Feature","geometry":{"type":"LineString","coordinates":[[80.79528,6.40506],[80.79823,6.40595],[80.7999,6.40735]]},"properties":{"name":"Andola Ganga"}},{"type":"Feature","geometry":{"type":"LineString","coordinates":[[80.73394,6.45562],[80.73552,6.45645],[80.73728,6.45566],[80.73746,6.45261],[80.74045,6.45153],[80.74231,6.44847],[80.7448,6.45003],[80.74895,6.4473],[80.74986,6.44496],[80.75372,6.44244],[80.75375,6.43874],[80.75575,6.43835],[80.75955,6.43462],[80.76469,6.43512],[80.76757,6.43356],[80.76825,6.43229],[80.76804,6.42978],[80.77099,6.42427],[80.77227,6.42388],[80.77506,6.42019],[80.78157,6.416],[80.7838,6.4166],[80.78682,6.41604],[80.79005,6.4131],[80.78974,6.41193],[80.79266,6.40954],[80.7999,6.40735]]},"properties":{"name":"Rakawana Ganga"}},{"type":"Feature","geometry":{"type":"LineString","coordinates":[[81.08492,6.78134],[81.08906,6.78125],[81.09389,6.78253],[81.09601,6.78072],[81.0957,6.77904],[81.09374,6.77652],[81.09659,6.77338],[81.09659,6.76866],[81.09799,6.76785],[81.09825,6.76561],[81.09665,6.76338],[81.09909,6.76112],[81.10079,6.75378],[81.10298,6.74957],[81.10364,6.74403],[81.10537,6.74127],[81.11099,6.74061],[81.10994,6.73932],[81.11068,6.73643],[81.10924,6.72794],[81.11399,6.72763],[81.11491,6.72562],[81.11433,6.72199],[81.11763,6.72048],[81.11671,6.71105],[81.1129,6.70898],[81.11461,6.70428],[81.11309,6.69651],[81.11202,6.69435],[81.11068,6.69347],[81.10894,6.68791],[81.11384,6.68282],[81.11193,6.67871],[81.11352,6.67689],[81.11358,6.67463],[81.11504,6.67322],[81.11484,6.67139],[81.11644,6.66904],[81.11627,6.66693],[81.11933,6.66421],[81.11862,6.66169],[81.12079,6.65617],[81.11835,6.65266],[81.1202,6.64639],[81.11909,6.64329],[81.12091,6.64151],[81.12167,6.63927],[81.12536,6.63662],[81.12489,6.63522],[81.12765,6.62955],[81.12845,6.62928],[81.12906,6.63107],[81.12998,6.63113],[81.13384,6.62706],[81.13792,6.62457],[81.13693,6.62178],[81.13899,6.61902],[81.13926,6.61526],[81.13791,6.61398],[81.14148,6.60668],[81.14022,6.60475],[81.144,6.60189],[81.14703,6.60086],[81.14492,6.59923],[81.1446,6.59723],[81.1462,6.58928],[81.14722,6.58848],[81.14922,6.58874],[81.14666,6.58408],[81.14924,6.58277],[81.14649,6.5815],[81.14826,6.58034],[81.14844,6.57903],[81.14686,6.57651],[81.14831,6.57475],[81.14562,6.57018],[81.14596,6.56721],[81.14512,6.56468],[81.14585,6.56015],[81.14498,6.559],[81.14841,6.5541],[81.14724,6.55122],[81.14566,6.55035],[81.14631,6.54871],[81.1442,6.54701],[81.14572,6.54426],[81.14339,6.54406],[81.14386,6.54001],[81.14188,6.53716],[81.13875,6.53578],[81.13669,6.53651],[81.13626,6.53455],[81.13492,6.53357],[81.13568,6.53193],[81.13352,6.52767],[81.12778,6.52574],[81.12654,6.52316],[81.1297,6.51831],[81.13241,6.51844],[81.13371,6.5158],[81.13732,6.5132],[81.13654,6.51182],[81.1349,6.51228]]},"properties":{"name":"Krindi Oya"}},{"type":"Feature","geometry":{"type":"LineString","coordinates":[[81.11486,6.80192],[81.11644,6.79663],[81.11324,6.79469],[81.109,6.78941],[81.10879,6.78746],[81.1125,6.78209],[81.11496,6.78081],[81.1159,6.77276],[81.11471,6.77151],[81.10883,6.76911],[81.10916,6.76659],[81.11145,6.76487],[81.11226,6.76269],[81.10815,6.7598],[81.10723,6.75639],[81.10297,6.75722],[81.10079,6.75573]]},"properties":{"name":"Kirindi Oya"}},{"type":"Feature","geometry":{"type":"LineString","coordinates":[[80.85396,6.43405],[80.85581,6.43053],[80.85317,6.42081],[80.84897,6.41561],[80.84593,6.41476],[80.84426,6.41634],[80.8425,6.41658],[80.8442,6.40905],[80.8443,6.40437],[80.8428,6.40338],[80.83993,6.40388],[80.83923,6.40289],[80.83967,6.40128],[80.84205,6.39908],[80.84237,6.39739],[80.84471,6.39528],[80.84617,6.39266],[80.84547,6.3865],[80.84622,6.38559],[80.851,6.38534],[80.85427,6.38182],[80.85485,6.37991],[80.85456,6.37474],[80.85704,6.37256],[80.86005,6.37186],[80.86234,6.36975],[80.86367,6.3641],[80.86637,6.36105],[80.86652,6.35719],[80.86739,6.35532],[80.8718,6.35653],[80.87443,6.35623],[80.87775,6.35407],[80.88239,6.35391],[80.88637,6.35215],[80.89128,6.35157],[80.89535,6.34943],[80.89872,6.34894],[80.90056,6.34584],[80.90349,6.34361],[80.90199,6.33694],[80.90926,6.33359],[80.90931,6.33171],[80.90594,6.32711],[80.90663,6.32156],[80.90908,6.31979],[80.91203,6.31606],[80.92163,6.29632],[80.92684,6.29387],[80.93086,6.28906],[80.93429,6.28013],[80.93329,6.27635],[80.93353,6.27383],[80.9362,6.27217],[80.93954,6.27233],[80.94105,6.27085],[80.942,6.26447],[80.94143,6.25978],[80.94687,6.25338],[80.94779,6.24571],[80.94896,6.24258],[80.95305,6.23966],[80.95343,6.23746],[80.95221,6.23558],[80.94931,6.23469],[80.94647,6.23658],[80.93984,6.22838],[80.94014,6.22727],[80.94449,6.22452],[80.95178,6.21354],[80.95091,6.21077],[80.94581,6.207],[80.94547,6.20494],[80.94625,6.20156],[80.95197,6.19723],[80.95572,6.19762],[80.95978,6.1951],[80.96219,6.19505],[80.96414,6.19322],[80.96855,6.19198],[80.97076,6.18571],[80.97482,6.17788],[80.98015,6.17344],[80.98261,6.17335],[80.98766,6.17579],[80.99317,6.17476],[80.99474,6.17376],[80.99697,6.17002],[81.00107,6.16821],[81.00113,6.16339],[81.00454,6.16131],[81.00821,6.15534],[81.00762,6.14617],[81.01684,6.14026],[81.017,6.13649],[81.02105,6.13112],[81.02034,6.12763],[81.02155,6.11688],[81.01588,6.11238],[81.01506,6.11094],[81.01474,6.10759],[81.01591,6.10553],[81.02297,6.10621],[81.02498,6.10812],[81.03311,6.10992],[81.03513,6.1116],[81.03813,6.11062],[81.04285,6.11312],[81.04458,6.11549],[81.04702,6.11407],[81.05056,6.10665]]},"properties":{"name":"Walawe Ganga"}},{"type":"Feature","geometry":{"type":"LineString","coordinates":[[81.05156,7.45756],[81.04761,7.45745],[81.04567,7.45913],[81.04504,7.46099],[81.04434,7.46797],[81.04632,7.4751],[81.04299,7.47833],[81.04287,7.48019],[81.04172,7.4814],[81.04245,7.48294],[81.04196,7.4862],[81.03981,7.48858],[81.04078,7.49326],[81.03986,7.49522],[81.03988,7.49868],[81.04137,7.50268],[81.0408,7.50415],[81.03871,7.50585],[81.03778,7.50957],[81.03632,7.51076],[81.03765,7.51469],[81.0353,7.51659],[81.03584,7.51889],[81.03443,7.51991],[81.03438,7.52516],[81.03323,7.52592],[81.03175,7.52926],[81.02819,7.53052],[81.02874,7.53242],[81.02788,7.53436],[81.02912,7.53618],[81.02719,7.5389],[81.02061,7.54072],[81.02034,7.54245],[81.01862,7.54379],[81.01972,7.54581],[81.01924,7.54756],[81.01842,7.54851],[81.01655,7.54875],[81.0162,7.55223],[81.01444,7.55166],[81.01323,7.55917],[81.01405,7.56272],[81.01214,7.56333],[81.01311,7.56676],[81.01217,7.56885],[81.01474,7.57744],[81.01452,7.57908],[81.01323,7.58051],[81.01368,7.58138]]},"properties":{"name":"Ulhiti Oya"}},{"type":"Feature","geometry":{"type":"LineString","coordinates":[[81.01368,7.58138],[81.01447,7.58277],[81.01358,7.58389],[81.01285,7.59016],[81.01452,7.59371],[81.01118,7.59664],[81.00992,7.60036],[81.00746,7.60086],[81.00604,7.60247],[81.00333,7.60297],[80.9935,7.60758],[80.99067,7.60787],[80.98938,7.61017],[80.98598,7.60951],[80.98634,7.61186],[80.98553,7.6133],[80.98666,7.61457],[80.98561,7.61747],[80.98202,7.61804],[80.97966,7.62179]]},"properties":{"name":"Ulhiti Oaya"}},{"type":"Feature","geometry":{"type":"LineString","coordinates":[[80.5638,6.57959],[80.55965,6.57875],[80.54955,6.57859],[80.54915,6.57757],[80.54606,6.57676],[80.5452,6.5749],[80.54153,6.57427],[80.53957,6.57523],[80.53742,6.57514],[80.53733,6.57741],[80.53615,6.57734],[80.53473,6.57596],[80.53114,6.5772],[80.52484,6.57643],[80.5211,6.57723],[80.51905,6.57919],[80.51716,6.57953],[80.51557,6.57867],[80.51415,6.58098],[80.50474,6.58812],[80.50057,6.58898],[80.49918,6.59118],[80.49557,6.59179],[80.49304,6.59362],[80.49067,6.5934],[80.48984,6.59837],[80.48873,6.5988],[80.48681,6.59777],[80.48652,6.6011],[80.48303,6.60299],[80.48234,6.60499],[80.47821,6.60702],[80.47769,6.60796],[80.47823,6.6095],[80.47591,6.61039],[80.47319,6.61343],[80.46873,6.61338],[80.46593,6.61631],[80.46105,6.61636],[80.45979,6.61567],[80.45698,6.61674],[80.4542,6.6164],[80.45606,6.61817]]},"properties":{"name":"Wey Ganga"}},{"type":"Feature","geometry":{"type":"LineString","coordinates":[[80.32074,6.78013],[80.31965,6.78171],[80.31897,6.78101],[80.31392,6.78253],[80.31198,6.78228],[80.31323,6.78061],[80.31356,6.77854],[80.31149,6.77682],[80.31057,6.77413],[80.30864,6.77402],[80.30909,6.77155],[80.3065,6.76929],[80.30732,6.76768],[80.30911,6.76694],[80.30851,6.76602],[80.30743,6.76615],[80.30739,6.76445],[80.30941,6.75898],[80.31077,6.7577],[80.31112,6.75553],[80.30871,6.75712],[80.3069,6.7534],[80.30408,6.75563],[80.30425,6.7541],[80.30126,6.75042],[80.29703,6.74831],[80.29544,6.75081],[80.29276,6.75035],[80.2933,6.74804],[80.29055,6.74506],[80.29163,6.74395],[80.29021,6.7426],[80.29118,6.7399],[80.28977,6.73724],[80.29108,6.73605],[80.29419,6.72921],[80.29425,6.7252]]},"properties":{"name":"Kuru Ganga"}},{"type":"Feature","geometry":{"type":"LineString","coordinates":[[81.55598,7.21919],[81.55728,7.21816],[81.56446,7.21785],[81.56622,7.21883],[81.56759,7.22137],[81.57101,7.22373],[81.5729,7.22416],[81.57539,7.22343],[81.57626,7.22437],[81.58085,7.22384],[81.58552,7.2261],[81.58752,7.22892],[81.59058,7.22963],[81.5944,7.23247],[81.59728,7.2324],[81.59832,7.23357],[81.59993,7.23349],[81.60051,7.2346],[81.60332,7.23384],[81.60656,7.22778],[81.60895,7.22692],[81.61317,7.22691],[81.61361,7.22748],[81.61603,7.22637],[81.61943,7.23002],[81.62049,7.23285],[81.61997,7.23441],[81.62295,7.23976],[81.62406,7.23983],[81.62511,7.24181],[81.62722,7.24216],[81.62834,7.24327],[81.62806,7.24449],[81.6348,7.24862],[81.63795,7.25444],[81.63818,7.25688],[81.63963,7.25837],[81.63931,7.25946],[81.64099,7.26077],[81.64049,7.26228],[81.64108,7.26316],[81.6433,7.26494],[81.64519,7.26459],[81.6486,7.2691],[81.64918,7.27105],[81.65215,7.27268],[81.65729,7.27167],[81.65849,7.27281],[81.6695,7.27502],[81.67333,7.27378],[81.67788,7.27588],[81.67981,7.27854],[81.68657,7.27914],[81.70523,7.27524],[81.70976,7.2768],[81.71102,7.27588],[81.71192,7.27689],[81.71612,7.27711],[81.71856,7.27631],[81.72266,7.2704],[81.72809,7.27313],[81.73171,7.27135],[81.73228,7.26972],[81.73367,7.2698],[81.7351,7.26787],[81.73723,7.2673],[81.74053,7.27005],[81.74362,7.26826],[81.74381,7.26977],[81.7463,7.27214],[81.75028,7.27161],[81.7516,7.27643],[81.75148,7.2829],[81.75507,7.28965],[81.75775,7.29047],[81.76385,7.28958],[81.76583,7.29124],[81.76762,7.29431],[81.77398,7.29618],[81.77591,7.29761],[81.77934,7.298],[81.78082,7.29661],[81.78461,7.29608],[81.78804,7.2936],[81.78889,7.29021],[81.79019,7.29],[81.79149,7.28847],[81.79452,7.28803],[81.79539,7.28901],[81.79771,7.28865],[81.79972,7.29163],[81.80013,7.29382],[81.804,7.29238],[81.81039,7.29236],[81.81234,7.29331],[81.81743,7.29365],[81.81981,7.29552],[81.82405,7.29364],[81.82534,7.29069],[81.82963,7.29192],[81.83159,7.2906],[81.83435,7.29047],[81.83626,7.29291],[81.83808,7.2927],[81.83996,7.29396],[81.84215,7.29366],[81.84343,7.29499],[81.846,7.29573],[81.84682,7.29762],[81.84926,7.29755],[81.85045,7.29863],[81.85244,7.29895],[81.85321,7.30112],[81.85168,7.30381],[81.85551,7.30493],[81.85825,7.30264],[81.86017,7.30446],[81.86178,7.30458],[81.86286,7.30144],[81.86627,7.29682]]},"properties":{"name":"Galoya"}},{"type":"Feature","geometry":{"type":"LineString","coordinates":[[79.94086,8.81635],[79.93712,8.82005],[79.93583,8.81995],[79.93301,8.818],[79.9324,8.81476],[79.93148,8.81472],[79.93085,8.8131],[79.9291,8.81267],[79.92695,8.8102],[79.92425,8.81175],[79.92057,8.81128],[79.91593,8.81296],[79.91483,8.81516]]},"properties":{"name":"Malwathu Oya"}},{"type":"Feature","geometry":{"type":"LineString","coordinates":[[79.94466,8.80526],[79.94378,8.80758],[79.94598,8.81309],[79.94586,8.81475],[79.94462,8.81671],[79.94306,8.81685],[79.94086,8.81635],[79.93734,8.81303],[79.93912,8.80827],[79.93793,8.80554],[79.93435,8.80482],[79.93303,8.80334]]},"properties":{"name":"Malwathu Oya"}},{"type":"Feature","geometry":{"type":"LineString","coordinates":[[80.61655,6.47318],[80.61692,6.47469],[80.61892,6.47304],[80.62163,6.47457],[80.62114,6.47554],[80.62217,6.4752],[80.62486,6.47624],[80.62463,6.47763],[80.62247,6.47902],[80.62189,6.48082]]},"properties":{"name":"Rakawana Ganga"}},{"type":"Feature","geometry":{"type":"LineString","coordinates":[[80.15246,6.36743],[80.14599,6.36763],[80.14109,6.3666],[80.13857,6.3678],[80.13589,6.36632],[80.13499,6.36757]]},"properties":{"name":"Bentota"}},{"type":"Feature","geometry":{"type":"LineString","coordinates":[[80.13499,6.36757],[80.13223,6.36793],[80.13143,6.3658],[80.13072,6.3658],[80.12796,6.36986],[80.12565,6.36954],[80.12289,6.37042],[80.12013,6.37454],[80.11767,6.38088],[80.11201,6.38652],[80.10835,6.38897]]},"properties":{"name":"Bentota"}},{"type":"Feature","geometry":{"type":"LineString","coordinates":[[80.62189,6.48082],[80.62228,6.4819],[80.62816,6.48421],[80.63329,6.49025],[80.63453,6.48973],[80.6368,6.49091],[80.64116,6.49128],[80.64193,6.49021],[80.64624,6.48953],[80.64545,6.49078],[80.64694,6.49207],[80.64659,6.49368],[80.649,6.49431],[80.64892,6.49573],[80.64998,6.49648],[80.6513,6.49621],[80.65229,6.49753],[80.65325,6.49568],[80.65543,6.49572],[80.65592,6.49436],[80.65721,6.4939],[80.65778,6.49576],[80.65637,6.49823],[80.65823,6.49974],[80.66159,6.49771],[80.66327,6.49763],[80.66354,6.49612],[80.66634,6.49432],[80.66907,6.49359],[80.66952,6.49542]]},"properties":{"name":"Rakawana Ganga"}},{"type":"Feature","geometry":{"type":"LineString","coordinates":[[81.23733,6.74847],[81.2372,6.7447],[81.23556,6.74208],[81.2351,6.73894],[81.23636,6.73152],[81.23939,6.72638],[81.2366,6.72223],[81.2375,6.72085],[81.23808,6.71608],[81.24055,6.7138],[81.24278,6.70766],[81.24411,6.70697],[81.24456,6.70399],[81.24355,6.70388],[81.24317,6.70289],[81.24523,6.70139],[81.24604,6.69875],[81.24514,6.69769],[81.24497,6.6947],[81.24785,6.68942],[81.24789,6.68827],[81.24647,6.68741],[81.24724,6.68598],[81.24613,6.68477],[81.24625,6.68363],[81.24964,6.68018],[81.25291,6.67326],[81.25638,6.67224],[81.25656,6.671],[81.25968,6.66833],[81.26179,6.66343],[81.26278,6.66303],[81.25986,6.658],[81.25866,6.65783],[81.25741,6.65643],[81.25711,6.65515],[81.25887,6.65114],[81.2578,6.64862],[81.25681,6.64155],[81.2545,6.64121],[81.25183,6.63905],[81.25171,6.63596],[81.25291,6.63584],[81.25411,6.63047],[81.25565,6.62791],[81.25557,6.62561],[81.25797,6.62151],[81.25754,6.61931],[81.25999,6.61708],[81.25866,6.61567],[81.25878,6.6136],[81.25514,6.60924],[81.25355,6.60868],[81.25072,6.60557],[81.25016,6.6025],[81.25167,6.60084],[81.25158,6.59911],[81.24862,6.5974],[81.24875,6.59532],[81.24739,6.5931],[81.24806,6.59208],[81.24729,6.59116]]},"properties":{"name":"Kuda Oya"}},{"type":"Feature","geometry":{"type":"LineString","coordinates":[[81.2878,6.93892],[81.28805,6.93514],[81.28706,6.9338]]},"properties":{"name":"Kumbukkan Oya Branch"}},{"type":"Feature","geometry":{"type":"LineString","coordinates":[[80.0949,9.15177],[80.09338,9.15237]]},"properties":{"name":"Periya Aaru"}},{"type":"Feature","geometry":{"type":"LineString","coordinates":[[81.26359,6.47544],[81.26492,6.47458],[81.26545,6.47208],[81.26676,6.47191],[81.26751,6.47086],[81.26639,6.46939],[81.26655,6.46623],[81.27068,6.4639],[81.27067,6.46257],[81.27241,6.46183],[81.27349,6.45983],[81.27466,6.45956],[81.27602,6.46142],[81.27709,6.46143]]},"properties":{"name":"Hangunne Ara"}},{"type":"Feature","geometry":{"type":"LineString","coordinates":[[79.99423,8.23091],[79.99193,8.23474],[79.98549,8.23802],[79.97593,8.23808],[79.97042,8.24112],[79.96323,8.24061],[79.95706,8.24312],[79.95527,8.24502],[79.95354,8.24984],[79.95681,8.25521],[79.95718,8.25743],[79.95633,8.25912],[79.95225,8.26191],[79.95064,8.26457],[79.94737,8.27832],[79.94356,8.28225],[79.93843,8.28274],[79.93342,8.28596],[79.92801,8.28676],[79.92605,8.28786],[79.92511,8.28974],[79.92318,8.29118],[79.92136,8.29084],[79.92018,8.28521],[79.91732,8.28378],[79.90644,8.28802],[79.90542,8.29021],[79.90793,8.29278],[79.90699,8.29439],[79.90396,8.29565],[79.89571,8.29631],[79.893,8.29578],[79.89019,8.29654],[79.88767,8.29514],[79.88614,8.29204],[79.88416,8.29146],[79.88,8.29418],[79.8794,8.2988],[79.87707,8.29879],[79.8744,8.29675],[79.87314,8.29832],[79.87157,8.29723],[79.87149,8.29909],[79.86542,8.29889],[79.86481,8.29992],[79.86432,8.29877],[79.86303,8.29903],[79.85972,8.29742],[79.85785,8.29762],[79.85852,8.29527],[79.85669,8.29585],[79.85567,8.29515],[79.85403,8.29692],[79.85186,8.29623],[79.85073,8.2976],[79.84957,8.29654],[79.84777,8.29776],[79.84675,8.29714],[79.84764,8.29554],[79.84601,8.29397],[79.84344,8.29246],[79.84198,8.29245]]},"properties":{"name":"Kala Oya"}},{"type":"Feature","geometry":{"type":"LineString","coordinates":[[80.80378,9.26449],[80.80788,9.26492]]},"properties":{"name":"Kovil Udiyiruppu River"}},{"type":"Feature","geometry":{"type":"LineString","coordinates":[[80.25847,6.83614],[80.26257,6.82966],[80.26246,6.82758],[80.26479,6.82078],[80.26661,6.81789],[80.27023,6.81548],[80.27363,6.80951],[80.27624,6.80676],[80.27614,6.80213],[80.27919,6.79876],[80.28202,6.7909],[80.28025,6.78854],[80.28069,6.78088],[80.28206,6.77718],[80.28558,6.77458],[80.28584,6.77181],[80.28731,6.76936],[80.28694,6.76813],[80.28817,6.76613],[80.28856,6.76206],[80.29262,6.75885],[80.29173,6.75623],[80.29046,6.75532],[80.29261,6.75237],[80.29288,6.75043]]},"properties":{"name":"Ellawala Oya"}},{"type":"Feature","geometry":{"type":"LineString","coordinates":[[81.18171,7.07265],[81.18316,7.06279],[81.18564,7.05917]]},"properties":{"name":"Kumbukkan Oya"}},{"type":"Feature","geometry":{"type":"LineString","coordinates":[[80.17619,6.06147],[80.17572,6.05989]]},"properties":{"name":"Gin Ganga"}},{"type":"Feature","geometry":{"type":"LineString","coordinates":[[81.08795,6.82881],[81.08735,6.8267],[81.08886,6.82499],[81.09267,6.82444],[81.09178,6.82234],[81.09229,6.82061],[81.0934,6.82063],[81.09469,6.82223],[81.0964,6.82183],[81.09606,6.81719],[81.099,6.81427],[81.09957,6.81072],[81.10232,6.80997],[81.11176,6.81075],[81.11469,6.80888],[81.11564,6.80604],[81.11418,6.80689],[81.11344,6.80563],[81.11486,6.80192]]},"properties":{"name":"Kirindi Oya"}},{"type":"Feature","geometry":{"type":"LineString","coordinates":[[80.77631,7.36459],[80.77161,7.36358],[80.77039,7.36261],[80.76467,7.36231],[80.76391,7.3636],[80.76087,7.36544],[80.75918,7.36507],[80.75731,7.36615],[80.75631,7.3659],[80.75502,7.36913],[80.75259,7.36782],[80.75077,7.36822],[80.74962,7.36746]]},"properties":{"name":"Kota Ganga"}},{"type":"Feature","geometry":{"type":"LineString","coordinates":[[80.27421,7.71819],[80.26894,7.72194],[80.26671,7.72676],[80.26005,7.72741],[80.24916,7.72566],[80.2477,7.73002],[80.24142,7.73189],[80.23656,7.73557],[80.22983,7.73342],[80.22562,7.72764],[80.22178,7.72677],[80.21844,7.7269],[80.20779,7.73136],[80.20193,7.73221],[80.18597,7.7297],[80.18157,7.73019],[80.17767,7.72788],[80.17464,7.72428],[80.1688,7.72086],[80.16644,7.72158],[80.15518,7.71826],[80.15278,7.7199],[80.14957,7.7249],[80.14717,7.72628],[80.14525,7.72592],[80.14229,7.72217],[80.13608,7.72219],[80.13107,7.72032],[80.12708,7.71747],[80.12194,7.71727],[80.11948,7.71846],[80.11632,7.72196],[80.09809,7.72505],[80.09001,7.73003],[80.08698,7.73448],[80.08572,7.73445],[80.08196,7.73133],[80.08076,7.73163],[80.07661,7.73035],[80.07484,7.72793],[80.0742,7.72349],[80.07005,7.7184],[80.05709,7.71749],[80.05387,7.72229],[80.05021,7.72531],[80.04795,7.72594],[80.04233,7.72547],[80.04083,7.72455],[80.03785,7.72444],[80.03473,7.72254],[80.02935,7.72178],[80.02151,7.71234],[80.01952,7.70815],[80.01806,7.70684],[80.0142,7.70505],[80.00909,7.70599],[80.00196,7.70547],[80.00121,7.69936],[80.00014,7.69732],[79.99906,7.69715],[79.9971,7.69862],[79.99702,7.70195],[79.99275,7.70538],[79.98866,7.70485],[79.98825,7.70372],[79.98956,7.70091],[79.98889,7.69879],[79.98221,7.6943],[79.98075,7.68937],[79.97963,7.68843],[79.97156,7.68478],[79.96993,7.68512],[79.96899,7.68639],[79.96888,7.69045],[79.96684,7.69102],[79.96493,7.68767],[79.96006,7.68299],[79.96012,7.67478],[79.95811,7.67298],[79.94993,7.67534],[79.94796,7.6767],[79.94693,7.68265],[79.94539,7.68223],[79.94341,7.67831],[79.94101,7.67678],[79.9368,7.68095],[79.93431,7.68069],[79.92856,7.67483],[79.92831,7.67236],[79.92994,7.66921],[79.93011,7.66521],[79.92873,7.66147],[79.9247,7.65926],[79.92359,7.65645],[79.9247,7.65492],[79.93217,7.653],[79.93351,7.65186],[79.93351,7.6502],[79.93267,7.64876],[79.93046,7.64747],[79.9259,7.64735],[79.92368,7.64631],[79.92086,7.63334],[79.91773,7.62982],[79.91007,7.62616],[79.90675,7.62061],[79.90604,7.61683],[79.90402,7.61706],[79.8975,7.62551],[79.88783,7.63091],[79.8841,7.63141],[79.88145,7.62968],[79.87684,7.62177],[79.86594,7.61913],[79.86196,7.6228],[79.86066,7.62277],[79.85908,7.62188],[79.85761,7.61957],[79.85617,7.61904],[79.85406,7.61991],[79.85264,7.62276],[79.85062,7.62227],[79.84693,7.6187],[79.84677,7.61604],[79.84842,7.61281],[79.84703,7.61004],[79.84402,7.61026],[79.84025,7.61452],[79.83733,7.61588],[79.8347,7.61542],[79.83203,7.61034],[79.82873,7.60911],[79.82688,7.60908],[79.82323,7.61172],[79.82094,7.61156],[79.81898,7.60932],[79.81916,7.6076],[79.82287,7.60198],[79.82209,7.60039],[79.82028,7.59951],[79.81769,7.60022],[79.81656,7.60176],[79.81342,7.6035],[79.80734,7.60186],[79.80261,7.60364],[79.80225,7.60709],[79.80665,7.60943],[79.80673,7.61141],[79.8054,7.6135],[79.80042,7.61401],[79.7978,7.61303],[79.79366,7.60892],[79.79297,7.60926],[79.79364,7.61013]]},"properties":{"name":"Deduru Oya"}},{"type":"Feature","geometry":{"type":"LineString","coordinates":[[81.11802,6.24623],[81.11831,6.24349],[81.12055,6.24322],[81.12153,6.2442],[81.12366,6.24329],[81.12486,6.24514],[81.12626,6.24523],[81.12656,6.24632],[81.12735,6.24577],[81.12755,6.2473],[81.12907,6.24741],[81.12877,6.24801],[81.12947,6.24754],[81.13207,6.24873],[81.13261,6.24745],[81.13385,6.24729]]},"properties":{"name":"Malala Oya"}},{"type":"Feature","geometry":{"type":"LineString","coordinates":[[81.10988,6.25857],[81.11031,6.25687],[81.11126,6.25668],[81.11246,6.25438],[81.11235,6.25218],[81.1138,6.25032],[81.11364,6.24937],[81.11441,6.2497],[81.11489,6.24857],[81.11813,6.24688],[81.11802,6.24623]]},"properties":{"name":"Malala Oya"}},{"type":"Feature","geometry":{"type":"LineString","coordinates":[[81.10704,6.26538],[81.11014,6.26377],[81.11032,6.26265],[81.10963,6.26219],[81.1109,6.2603],[81.10988,6.25857]]},"properties":{"name":"Malala Oya"}},{"type":"Feature","geometry":{"type":"LineString","coordinates":[[81.10409,6.26685],[81.10592,6.26714],[81.10704,6.26538]]},"properties":{"name":"Malala Oya"}},{"type":"Feature","geometry":{"type":"LineString","coordinates":[[80.44137,7.27456],[80.43625,7.27703],[80.43763,7.28069],[80.43709,7.28311],[80.43119,7.28277],[80.42926,7.28445],[80.42852,7.28642],[80.42328,7.28588],[80.42149,7.28693],[80.41795,7.28649],[80.41615,7.28788],[80.40437,7.28894],[80.40161,7.28842],[80.39344,7.28907],[80.3884,7.28756],[80.38543,7.28782],[80.38465,7.29214],[80.38594,7.29794],[80.38115,7.30321],[80.37871,7.31249],[80.37684,7.3138],[80.37556,7.31845],[80.37035,7.31724],[80.36026,7.31741],[80.35529,7.31672],[80.35107,7.31516],[80.34711,7.32089],[80.34553,7.32052],[80.34412,7.31792],[80.34159,7.3174],[80.34006,7.32054],[80.33851,7.32136]]},"properties":{"name":"Maha Oya"}},{"type":"Feature","geometry":{"type":"LineString","coordinates":[[79.93019,8.26041],[79.92933,8.26489],[79.93127,8.26846],[79.93185,8.27288],[79.93136,8.27424],[79.92946,8.27537],[79.92765,8.27883],[79.92472,8.27919],[79.92114,8.27776],[79.91998,8.27865],[79.9178,8.27838],[79.91533,8.28009],[79.91376,8.27953],[79.90985,8.28102],[79.90735,8.28021],[79.90561,8.27755],[79.90355,8.2776],[79.90031,8.27542],[79.89678,8.27488],[79.89569,8.27232],[79.89261,8.26933],[79.8863,8.2671],[79.88483,8.26805],[79.88545,8.26909],[79.88503,8.27037],[79.88321,8.27141],[79.87925,8.27092],[79.87621,8.26956],[79.87265,8.26953],[79.8708,8.27099],[79.86662,8.26943],[79.86036,8.26909],[79.85665,8.27017],[79.85093,8.26916],[79.85046,8.27153],[79.85093,8.27347],[79.85218,8.27467],[79.85209,8.27604],[79.85088,8.27667],[79.85066,8.27787],[79.8479,8.27668],[79.84865,8.27569],[79.84812,8.2746],[79.84656,8.27473],[79.84634,8.27657],[79.84835,8.2778],[79.84697,8.27904],[79.84562,8.27885],[79.84546,8.28005],[79.84416,8.2796],[79.84601,8.2843],[79.84481,8.28527],[79.84449,8.28856],[79.84198,8.29245]]},"properties":{"name":"Lunu Ela"}},{"type":"Feature","geometry":{"type":"LineString","coordinates":[[81.17996,7.22263],[81.17923,7.22452],[81.17668,7.22676],[81.17553,7.22958],[81.17593,7.23193],[81.17778,7.23218],[81.1777,7.23494],[81.17681,7.23633],[81.1775,7.23741],[81.17645,7.2378],[81.17418,7.24795],[81.17255,7.25118],[81.17132,7.25178],[81.17143,7.25382],[81.17045,7.25557],[81.1711,7.25721],[81.16951,7.25771],[81.16956,7.25899],[81.17072,7.25926],[81.16909,7.26286],[81.16971,7.26436],[81.16829,7.26605],[81.16675,7.26658],[81.16562,7.26607],[81.16527,7.26789],[81.16665,7.26967],[81.165,7.27103],[81.16503,7.27259]]},"properties":{"name":"Ulhiti Oya"}},{"type":"Feature","geometry":{"type":"LineString","coordinates":[[80.54104,7.31628],[80.53861,7.31659],[80.53544,7.31474],[80.53349,7.3156],[80.53334,7.317],[80.53163,7.31798],[80.53007,7.31729],[80.52778,7.31947],[80.52535,7.31924],[80.52355,7.3204],[80.51949,7.32134],[80.51877,7.32089],[80.51666,7.32233],[80.51506,7.3206],[80.51279,7.31972],[80.51017,7.32023],[80.50567,7.31953],[80.50001,7.32328],[80.49881,7.32182],[80.49689,7.32389],[80.49491,7.32337],[80.49177,7.32552],[80.48767,7.32611],[80.48587,7.32534],[80.48498,7.3264],[80.47875,7.32819],[80.47352,7.33164],[80.469,7.33257],[80.46843,7.33524],[80.46745,7.33573],[80.46488,7.33461],[80.46363,7.3359],[80.45829,7.33634],[80.45666,7.33777],[80.45462,7.33716],[80.45117,7.3384],[80.44855,7.34039],[80.44705,7.339],[80.44592,7.34051],[80.44387,7.34056],[80.44213,7.3417],[80.44253,7.34541],[80.43828,7.34602],[80.43669,7.34734],[80.43525,7.34715],[80.4331,7.34957]]},"properties":{"name":"Rambukkana oya"}},{"type":"Feature","geometry":{"type":"LineString","coordinates":[[80.22318,8.14204],[80.2202,8.14184],[80.21496,8.14368],[80.21223,8.1434],[80.21113,8.1446],[80.20996,8.14839],[80.20588,8.15344],[80.19835,8.15304],[80.19548,8.15142],[80.19156,8.15241],[80.18745,8.15111],[80.18513,8.15337],[80.1844,8.15739],[80.18539,8.16037],[80.18388,8.162],[80.1793,8.16343],[80.17135,8.16248],[80.16683,8.16349],[80.16005,8.16612],[80.1583,8.16837],[80.15478,8.17057],[80.15268,8.17389],[80.15066,8.17497],[80.14235,8.17577],[80.13663,8.17747],[80.13418,8.17927],[80.12562,8.1798],[80.12177,8.18103],[80.11954,8.18498],[80.10968,8.18876],[80.10942,8.19086],[80.11049,8.19258],[80.10975,8.19408],[80.10524,8.19699],[80.10027,8.1978]]},"properties":{"name":"Kala Oya"}},{"type":"Feature","geometry":{"type":"LineString","coordinates":[[80.42893,8.9],[80.43438,8.89398],[80.44464,8.88702],[80.4488,8.87778],[80.45138,8.87711],[80.45241,8.87481],[80.45794,8.87218],[80.45863,8.87356],[80.45936,8.8729],[80.46098,8.87483]]},"properties":{"name":"Peraru River"}},{"type":"Feature","geometry":{"type":"LineString","coordinates":[[80.65401,9.0848],[80.65655,9.08391],[80.65762,9.08476],[80.66084,9.09064],[80.66111,9.09289],[80.66026,9.09436],[80.66246,9.0962],[80.66221,9.09865],[80.66351,9.10101],[80.6659,9.10312]]},"properties":{"name":"Kuruvichchai Aru"}},{"type":"Feature","geometry":{"type":"LineString","coordinates":[[80.71667,9.27531],[80.71583,9.26968],[80.71404,9.26907],[80.71251,9.26523],[80.71128,9.26535]]},"properties":{"name":"Kachchakkodi Aaru"}},{"type":"Feature","geometry":{"type":"LineString","coordinates":[[80.64011,9.17214],[80.64152,9.1717],[80.6442,9.17295]]},"properties":{"name":"inlet channel"}},{"type":"Feature","geometry":{"type":"LineString","coordinates":[[80.61575,9.32676],[80.61609,9.32903],[80.61969,9.33144],[80.62068,9.33466],[80.62463,9.33983],[80.62446,9.34486],[80.62634,9.34703],[80.62718,9.3502],[80.62885,9.35135],[80.62806,9.35248],[80.63318,9.35574],[80.63401,9.35909],[80.63794,9.3622],[80.63795,9.36382]]},"properties":{"name":"Kalikojil Aaru"}},{"type":"Feature","geometry":{"type":"LineString","coordinates":[[80.66861,9.37112],[80.66892,9.36665],[80.66706,9.36315],[80.66797,9.36246],[80.66744,9.36062]]},"properties":{"name":"Kalikojil Aaru"}},{"type":"Feature","geometry":{"type":"LineString","coordinates":[[80.61086,6.66805],[80.60813,6.67024],[80.60601,6.67021],[80.59942,6.67305],[80.59795,6.67637],[80.5967,6.67709],[80.59258,6.67715],[80.58724,6.67943],[80.58492,6.67691],[80.58282,6.67661],[80.58065,6.67941],[80.57906,6.67969],[80.57658,6.68173],[80.5712,6.68318],[80.56864,6.68593],[80.56689,6.68593],[80.56492,6.68736],[80.55979,6.68701],[80.55803,6.6883],[80.55388,6.68866],[80.55274,6.68922],[80.55279,6.69125],[80.55121,6.69138],[80.55073,6.69022],[80.54784,6.69122],[80.54709,6.69275]]},"properties":{"name":"Kaluganga"}},{"type":"Feature","geometry":{"type":"LineString","coordinates":[[80.30948,6.02072],[80.30962,6.02282],[80.31336,6.02799],[80.31105,6.0294],[80.30953,6.03601]]},"properties":{"name":"Ellapahala"}},{"type":"Feature","geometry":{"type":"LineString","coordinates":[[81.74094,7.5914],[81.74151,7.59639]]},"properties":{"name":"Spille River"}},{"type":"Feature","geometry":{"type":"LineString","coordinates":[[81.74095,7.59121],[81.74094,7.5914]]},"properties":{"name":"Spille River"}},{"type":"Feature","geometry":{"type":"LineString","coordinates":[[80.10599,9.13858],[80.10573,9.13862]]},"properties":{"name":"Chippi Aaru"}},{"type":"Feature","geometry":{"type":"LineString","coordinates":[[80.10732,9.13922],[80.10599,9.13858]]},"properties":{"name":"Chippi Aaru"}},{"type":"Feature","geometry":{"type":"LineString","coordinates":[[79.90993,6.97101],[79.91132,6.96852],[79.91302,6.96909],[79.91336,6.96847],[79.91502,6.96958],[79.91693,6.9683],[79.91679,6.96675],[79.92077,6.96604],[79.92429,6.97037],[79.9268,6.97013],[79.93264,6.97331],[79.93438,6.9705],[79.93394,6.96859],[79.9346,6.96713],[79.9368,6.96672],[79.9408,6.96381],[79.94287,6.96099],[79.9465,6.9603],[79.94943,6.96261],[79.95281,6.96355]]},"properties":{"name":"Natha Ela"}},{"type":"Feature","geometry":{"type":"LineString","coordinates":[[79.9233,7.11504],[79.92328,7.11508]]},"properties":{"name":"Dadugan Oya"}},{"type":"Feature","geometry":{"type":"LineString","coordinates":[[79.93613,7.10941],[79.93334,7.11078],[79.93216,7.10999],[79.92936,7.11088],[79.92784,7.11251],[79.92771,7.11404],[79.92571,7.11263],[79.92572,7.11377],[79.92437,7.11371],[79.9233,7.11504]]},"properties":{"name":"Dadugan Oya"}},{"type":"Feature","geometry":{"type":"LineString","coordinates":[[80.79918,6.68026],[80.79929,6.68012]]},"properties":{"name":"Walawe River"}},{"type":"Feature","geometry":{"type":"LineString","coordinates":[[80.27431,7.71809],[80.27421,7.71819]]},"properties":{"name":"Deduru Oya"}},{"type":"Feature","geometry":{"type":"LineString","coordinates":[[80.75795,9.10715],[80.75797,9.10712]]},"properties":{"name":"மணலாறு Manalaaru"}},{"type":"Feature","geometry":{"type":"LineString","coordinates":[[80.75015,9.10024],[80.75026,9.10022]]},"properties":{"name":"மணலாறு Manalaaru"}},{"type":"Feature","geometry":{"type":"LineString","coordinates":[[80.75008,9.10025],[80.75015,9.10024]]},"properties":{"name":"மணலாறு Manalaaru"}},{"type":"Feature","geometry":{"type":"LineString","coordinates":[[80.75797,9.10712],[80.75822,9.10689]]},"properties":{"name":"மணலாறு Manalaaru"}},{"type":"Feature","geometry":{"type":"LineString","coordinates":[[81.64167,6.74772],[81.64616,6.7478],[81.6478,6.74866],[81.65357,6.74817],[81.6573,6.7507],[81.65712,6.75167],[81.65785,6.7512],[81.65928,6.75182],[81.65988,6.75299],[81.66202,6.75401],[81.66215,6.75542],[81.66396,6.75758],[81.66609,6.75813],[81.66813,6.75708],[81.66988,6.75784],[81.671,6.75744],[81.67244,6.7591],[81.67701,6.76002],[81.67896,6.76267],[81.68248,6.76296],[81.68346,6.76377],[81.68798,6.76216],[81.69092,6.76015],[81.69162,6.75873],[81.69527,6.75685],[81.69745,6.75366],[81.7015,6.7534],[81.70297,6.75414],[81.70694,6.75259],[81.70925,6.75382],[81.71305,6.75328],[81.71547,6.75401],[81.71673,6.75608],[81.71947,6.75807],[81.72428,6.7564],[81.72685,6.75719],[81.72838,6.75637],[81.73364,6.75666],[81.73461,6.75573],[81.73567,6.75629],[81.73687,6.7556],[81.74545,6.75975],[81.74886,6.75819],[81.74958,6.7589],[81.75015,6.75771],[81.75204,6.7575],[81.75332,6.75858],[81.75656,6.7577],[81.75781,6.75924],[81.76223,6.75956]]},"properties":{"name":"Kurupan Oya"}},{"type":"Feature","geometry":{"type":"LineString","coordinates":[[81.64846,7.0794],[81.65143,7.07791],[81.65248,7.07435],[81.64854,7.0669],[81.64811,7.06214],[81.6518,7.0516],[81.65338,7.04954],[81.65267,7.04784],[81.65376,7.04564],[81.65498,7.04553],[81.65878,7.03904],[81.66034,7.03871],[81.66052,7.03735],[81.66192,7.03663],[81.66162,7.03319],[81.65884,7.03014],[81.65839,7.02584],[81.65629,7.02234],[81.65686,7.01834],[81.65617,7.01677],[81.65702,7.01471],[81.65927,7.01169],[81.66545,7.00736],[81.67406,6.99686],[81.67449,6.99482],[81.67743,6.99243],[81.68393,6.99335],[81.68689,6.99198],[81.68874,6.99285],[81.69059,6.99008],[81.69202,6.99022],[81.69433,6.98801],[81.70028,6.98692],[81.70694,6.98215],[81.7072,6.97978],[81.70947,6.9751],[81.71391,6.97169],[81.7151,6.97158],[81.71927,6.9672],[81.71882,6.96568],[81.72086,6.96284],[81.71968,6.96084],[81.72187,6.96029],[81.72423,6.95678],[81.72809,6.95434],[81.72909,6.95092],[81.73085,6.95069],[81.72971,6.94872],[81.72981,6.94704],[81.73206,6.94164],[81.73448,6.94065],[81.7364,6.94097],[81.73919,6.93957],[81.74111,6.9411],[81.74314,6.94058],[81.74553,6.93883],[81.74934,6.93396],[81.74998,6.93151],[81.74827,6.928],[81.74838,6.92342]]},"properties":{"name":"Dooviligal Oya"}},{"type":"Feature","geometry":{"type":"LineString","coordinates":[[81.63645,6.91858],[81.63653,6.91962],[81.63874,6.91998],[81.63987,6.92127],[81.64426,6.92106],[81.64546,6.92204],[81.64775,6.92215],[81.65118,6.92056],[81.65472,6.92216]]},"properties":{"name":"Imbilan Ara"}},{"type":"Feature","geometry":{"type":"LineString","coordinates":[[80.03403,8.5259],[80.02028,8.53239],[80.01314,8.53333],[80.00996,8.53451],[80.00954,8.53632],[80.00761,8.5362],[80.00498,8.54311],[79.9993,8.54606],[79.99506,8.54585],[79.99007,8.5433],[79.98802,8.54403],[79.98052,8.55098],[79.97752,8.55277],[79.97532,8.55306],[79.96681,8.5504],[79.95585,8.55215],[79.95011,8.55698],[79.94881,8.56002],[79.94665,8.56032]]},"properties":{"name":"Modaragam Aru"}},{"type":"Feature","geometry":{"type":"LineString","coordinates":[[81.81031,7.06049],[81.81137,7.06353],[81.8148,7.06388],[81.81513,7.06482],[81.81978,7.06195],[81.82311,7.06204],[81.82569,7.06362],[81.82724,7.06635],[81.83161,7.07067],[81.83075,7.07222],[81.83143,7.07528],[81.8294,7.07724],[81.82964,7.08297]]},"properties":{"name":"Karadagal River"}},{"type":"Feature","geometry":{"type":"LineString","coordinates":[[81.74225,7.32767],[81.74256,7.32768]]},"properties":{"name":"Pallaru"}},{"type":"Feature","geometry":{"type":"LineString","coordinates":[[81.72506,7.3245],[81.72626,7.32186],[81.72823,7.32176],[81.73104,7.32672],[81.73539,7.32637],[81.73654,7.3291],[81.73815,7.32953],[81.74225,7.32767]]},"properties":{"name":"Pallaru"}},{"type":"Feature","geometry":{"type":"LineString","coordinates":[[81.76088,7.29743],[81.76291,7.29659],[81.76419,7.29724],[81.76653,7.29558],[81.768,7.29556],[81.76966,7.29964],[81.76887,7.30132],[81.77215,7.30325]]},"properties":{"name":"Udanga Aru"}},{"type":"Feature","geometry":{"type":"LineString","coordinates":[[80.66952,6.49542],[80.67004,6.49633],[80.67112,6.49617],[80.67304,6.49296],[80.67459,6.49343],[80.67623,6.49243],[80.67735,6.48894],[80.67997,6.48796],[80.6806,6.48599],[80.68218,6.48545]]},"properties":{"name":"Rakawana Ganga"}},{"type":"Feature","geometry":{"type":"LineString","coordinates":[[80.68218,6.48545],[80.68681,6.48331],[80.68872,6.48385],[80.69438,6.47974],[80.69871,6.47795],[80.69958,6.48123],[80.70138,6.4795],[80.70421,6.47865],[80.70536,6.47716],[80.70958,6.48108],[80.71223,6.47561],[80.71337,6.47623],[80.71388,6.47831],[80.71534,6.47575],[80.71667,6.47513],[80.71783,6.47618],[80.71952,6.47552],[80.72238,6.47648],[80.72172,6.47414],[80.72262,6.47084],[80.73097,6.46331],[80.73,6.46124],[80.73039,6.45643],[80.73394,6.45562]]},"properties":{"name":"Rakawana Ganga"}},{"type":"Feature","geometry":{"type":"LineString","coordinates":[[81.81998,7.40729],[81.81924,7.40885],[81.81255,7.40864],[81.80573,7.40995],[81.79773,7.41331],[81.79528,7.41507],[81.79379,7.41807],[81.79419,7.41937],[81.79784,7.4202],[81.7979,7.42087]]},"properties":{"name":"Pallaru"}},{"type":"Feature","geometry":{"type":"LineString","coordinates":[[80.39702,9.07579],[80.39668,9.07807],[80.39335,9.07924],[80.39133,9.07938],[80.38804,9.07781],[80.38687,9.07843],[80.38621,9.07738],[80.38398,9.07752],[80.38023,9.08063],[80.37671,9.08117],[80.37615,9.08222],[80.37269,9.08381],[80.37241,9.0852],[80.37161,9.085],[80.37059,9.08646],[80.36432,9.08645],[80.363,9.08534],[80.35802,9.0889],[80.33741,9.08992]]},"properties":{"name":"Pali Aru"}},{"type":"Feature","geometry":{"type":"LineString","coordinates":[[81.31143,7.93758],[81.31265,7.93674],[81.31686,7.93742],[81.3189,7.93559],[81.32532,7.93304],[81.32524,7.9322],[81.32619,7.93206],[81.32479,7.93417],[81.32578,7.9342]]},"properties":{"name":"Maduru Oya"}},{"type":"Feature","geometry":{"type":"LineString","coordinates":[[81.34254,6.41957],[81.34925,6.42141],[81.34907,6.42322]]},"properties":{"name":"Menik Ganga"}},{"type":"Feature","geometry":{"type":"LineString","coordinates":[[81.28186,6.45602],[81.28835,6.45096],[81.28734,6.44439],[81.29029,6.44397],[81.2936,6.44021],[81.29656,6.43966],[81.30219,6.43624],[81.3012,6.43497],[81.30227,6.43217],[81.30572,6.43155],[81.30716,6.42864],[81.30983,6.42934],[81.31199,6.42748],[81.31593,6.42797],[81.32227,6.42426],[81.32488,6.42374],[81.32787,6.41937],[81.33294,6.41773],[81.33582,6.4147],[81.33727,6.41476],[81.33833,6.41602],[81.34118,6.41718],[81.34254,6.41957]]},"properties":{"name":"Menik Ganga"}},{"type":"Feature","geometry":{"type":"LineString","coordinates":[[81.27889,6.49359],[81.28031,6.49216],[81.28342,6.49171],[81.28503,6.4861],[81.28728,6.4838],[81.28617,6.48256],[81.28658,6.47909],[81.28496,6.47403],[81.28145,6.47016],[81.28134,6.46768],[81.27867,6.46559],[81.27807,6.46395]]},"properties":{"name":"Menik Ganga"}},{"type":"Feature","geometry":{"type":"LineString","coordinates":[[81.4472,7.88515],[81.44993,7.88289],[81.44956,7.88177],[81.45085,7.88182],[81.45168,7.88077],[81.45217,7.87897],[81.45164,7.87717],[81.45492,7.87613],[81.45567,7.87682],[81.45758,7.87521],[81.45905,7.87541],[81.45972,7.87417],[81.46089,7.87457],[81.46288,7.87331]]},"properties":{"name":"Maduru Oya"}},{"type":"Feature","geometry":{"type":"LineString","coordinates":[[81.43789,7.90902],[81.44047,7.90635],[81.44362,7.90534],[81.44444,7.90274],[81.44583,7.90236],[81.44683,7.90047],[81.44635,7.89649],[81.44704,7.89518],[81.4479,7.89552],[81.44694,7.89163],[81.44766,7.89131],[81.44811,7.88819],[81.44923,7.88807],[81.44945,7.88696],[81.45132,7.88741],[81.45187,7.88549],[81.45433,7.8846],[81.45462,7.88265],[81.45599,7.88142],[81.4583,7.88189],[81.45955,7.88113],[81.46196,7.8772],[81.4622,7.87499],[81.46334,7.8743],[81.46341,7.87183],[81.46432,7.87033],[81.46568,7.8699],[81.46532,7.86587],[81.46775,7.86316],[81.46767,7.86171]]},"properties":{"name":"Maduru Oya"}},{"type":"Feature","geometry":{"type":"LineString","coordinates":[[81.1349,6.51228],[81.13524,6.50796],[81.13463,6.50515],[81.13651,6.49671],[81.13562,6.4944],[81.1393,6.48857],[81.13663,6.4834],[81.13639,6.48116],[81.13771,6.47878],[81.13764,6.47692],[81.13595,6.47489],[81.13423,6.46864],[81.13477,6.46727],[81.13667,6.46626],[81.13838,6.46161],[81.1375,6.4592],[81.13464,6.45744],[81.13419,6.45622],[81.13463,6.453],[81.13736,6.4523],[81.13603,6.44696],[81.13665,6.44506],[81.13904,6.44265],[81.14005,6.43789],[81.13726,6.43471],[81.13785,6.43044],[81.13645,6.42713],[81.13884,6.42226],[81.13964,6.41829],[81.13877,6.41525],[81.14229,6.41226],[81.1437,6.40948],[81.14357,6.40425],[81.14521,6.40038],[81.14554,6.39721],[81.14738,6.397],[81.14838,6.39928],[81.1513,6.3997],[81.15345,6.39776],[81.15442,6.39387],[81.15875,6.39271],[81.16207,6.39403],[81.16509,6.39256],[81.16626,6.3932],[81.16697,6.39602],[81.16883,6.39703],[81.17001,6.39966]]},"properties":{"name":"Krindi Oya"}},{"type":"Feature","geometry":{"type":"LineString","coordinates":[[81.25542,6.53588],[81.25676,6.53252],[81.25997,6.53004],[81.26056,6.52722],[81.25968,6.52388],[81.26089,6.52036],[81.26235,6.51992],[81.2661,6.52117],[81.26696,6.52022],[81.26722,6.51778],[81.2711,6.51471],[81.27535,6.50749],[81.27782,6.50584],[81.27767,6.50207],[81.27882,6.50083],[81.27799,6.49659],[81.27889,6.49359]]},"properties":{"name":"Menik Ganga"}},{"type":"Feature","geometry":{"type":"LineString","coordinates":[[79.87921,6.95833],[79.87837,6.96308]]},"properties":{"name":"Kelani Ganga"}},{"type":"Feature","geometry":{"type":"LineString","coordinates":[[80.52002,9.34518],[80.51997,9.34554]]},"properties":{"name":"Neththali Aaru"}},{"type":"Feature","geometry":{"type":"LineString","coordinates":[[79.93244,8.81547],[79.92831,8.81549],[79.92551,8.81412],[79.92444,8.81475],[79.92472,8.81586],[79.92092,8.81807],[79.91837,8.81759],[79.91553,8.81864]]},"properties":{"name":"Malwathu Oya"}},{"type":"Feature","geometry":{"type":"LineString","coordinates":[[79.9331,8.81808],[79.93241,8.82019],[79.93125,8.81885],[79.92907,8.82051],[79.92796,8.82005],[79.92855,8.81831],[79.92798,8.81738],[79.9271,8.8174],[79.92553,8.81961],[79.92371,8.81758],[79.92298,8.81775],[79.92288,8.81953],[79.91877,8.81987],[79.91649,8.82161]]},"properties":{"name":"Malwathu Oya"}},{"type":"Feature","geometry":{"type":"LineString","coordinates":[[79.92832,8.80129],[79.92327,8.79578]]},"properties":{"name":"Malwathu Oya"}},{"type":"Feature","geometry":{"type":"LineString","coordinates":[[80.72444,7.52941],[80.72541,7.53106],[80.72349,7.53275],[80.72035,7.53384],[80.71776,7.53337],[80.71582,7.53221],[80.71243,7.53165],[80.70972,7.52991],[80.7045,7.52962],[80.70023,7.52702],[80.69803,7.52712],[80.6949,7.52375],[80.69432,7.52468],[80.69326,7.52459],[80.69136,7.52255],[80.69001,7.52222],[80.68915,7.52289],[80.68623,7.51961],[80.68527,7.51989]]},"properties":{"name":"Dankanda Oya"}},{"type":"Feature","geometry":{"type":"LineString","coordinates":[[80.2073,6.97872],[80.19998,6.97624],[80.18956,6.97843],[80.18729,6.97596],[80.18422,6.97506],[80.17927,6.97769]]},"properties":{"name":"Kelani Ganga"}},{"type":"Feature","geometry":{"type":"LineString","coordinates":[[80.87978,8.75821],[80.88075,8.7599],[80.88059,8.76922],[80.88302,8.77185],[80.8824,8.77317],[80.8828,8.78038],[80.88339,8.78318],[80.88501,8.78449],[80.8847,8.78597],[80.88354,8.78616],[80.88358,8.78733],[80.8886,8.79439],[80.89145,8.79475],[80.89286,8.79748],[80.89236,8.79854],[80.89346,8.80045],[80.8937,8.80305],[80.89517,8.80602],[80.89701,8.80711],[80.8969,8.80933],[80.8984,8.80939],[80.90054,8.81103],[80.90221,8.81581],[80.90503,8.81651],[80.9081,8.82059],[80.91224,8.82289],[80.91357,8.82741],[80.9127,8.83499],[80.91399,8.83544],[80.91488,8.83699],[80.91716,8.83697],[80.91814,8.83925],[80.9217,8.84075],[80.92203,8.84449],[80.92078,8.84573],[80.92104,8.84842],[80.9226,8.84861],[80.92407,8.8472],[80.9276,8.84961],[80.93124,8.84909],[80.93373,8.852],[80.9337,8.85356],[80.93244,8.8541],[80.93292,8.85601],[80.93482,8.85757],[80.93669,8.85584],[80.93841,8.85664],[80.94025,8.86033],[80.94268,8.86169],[80.94303,8.86367],[80.94612,8.86508],[80.94615,8.86737],[80.95083,8.86917],[80.95394,8.87512],[80.95844,8.87941],[80.96031,8.87902],[80.96481,8.87507],[80.96615,8.87639],[80.96906,8.87645],[80.97191,8.87808],[80.98005,8.87763],[80.97968,8.8808],[80.97636,8.88432],[80.97591,8.88743],[80.98214,8.89023],[80.98536,8.88934],[80.98863,8.88711],[80.99142,8.88722],[80.99191,8.88936],[80.99085,8.89472],[80.99147,8.89626],[80.99353,8.89678],[80.99627,8.89567],[81.00276,8.89765],[81.00301,8.89831],[81.00061,8.90165],[81.00096,8.90354],[81.00201,8.90458],[81.00608,8.90515],[81.0134,8.90807],[81.01662,8.91153],[81.01562,8.9163],[81.01618,8.918]]},"properties":{"name":"Yan Oya"}},{"type":"Feature","geometry":{"type":"LineString","coordinates":[[80.30948,6.02072],[80.31157,6.0204],[80.31228,6.01773],[80.31489,6.01771],[80.31665,6.01621]]},"properties":{"name":"Ellapahala"}},{"type":"Feature","geometry":{"type":"LineString","coordinates":[[80.18263,6.0876],[80.17899,6.08794],[80.17219,6.08434],[80.17205,6.08162],[80.17481,6.07943],[80.17584,6.07592],[80.17805,6.07373],[80.17669,6.06696],[80.17423,6.06333],[80.17619,6.06147]]},"properties":{"name":"Gin Ganga"}},{"type":"Feature","geometry":{"type":"LineString","coordinates":[[81.24989,6.58629],[81.24862,6.58388],[81.25083,6.58124],[81.2493,6.57923],[81.25059,6.57554],[81.24886,6.57263],[81.25074,6.56874],[81.24983,6.56679],[81.25221,6.56066],[81.25467,6.5605],[81.25518,6.55951],[81.25302,6.55776],[81.25048,6.5536],[81.25115,6.55275],[81.25903,6.55165],[81.25935,6.54829],[81.2603,6.54691],[81.25783,6.54342],[81.2606,6.54135],[81.25876,6.53854],[81.25934,6.5373],[81.25572,6.53676],[81.2554,6.53595]]},"properties":{"name":"Menik Ganga"}},{"type":"Feature","geometry":{"type":"LineString","coordinates":[[81.27807,6.46395],[81.27707,6.46148],[81.27765,6.46009],[81.28186,6.45602]]},"properties":{"name":"Menik Ganga"}},{"type":"Feature","geometry":{"type":"LineString","coordinates":[[80.60529,7.2713],[80.60438,7.27186]]},"properties":{"name":"Meda Ela"}},{"type":"Feature","geometry":{"type":"LineString","coordinates":[[80.61181,7.27355],[80.6105,7.27274]]},"properties":{"name":"Meda Ela"}},{"type":"Feature","geometry":{"type":"LineString","coordinates":[[80.61044,7.27266],[80.6093,7.27226]]},"properties":{"name":"Meda Ela"}},{"type":"Feature","geometry":{"type":"LineString","coordinates":[[81.21129,7.65166],[81.21653,7.65272],[81.22031,7.65223],[81.22117,7.65316],[81.22185,7.65605],[81.21966,7.66076],[81.22106,7.66352],[81.22195,7.66964],[81.22342,7.67325],[81.23024,7.67717],[81.23863,7.67879],[81.24068,7.68107],[81.23772,7.68998],[81.24126,7.69411],[81.24098,7.69735],[81.23913,7.7007],[81.23798,7.70818],[81.24,7.71138],[81.24085,7.71477],[81.24007,7.71646],[81.23478,7.72045],[81.23415,7.72321],[81.2347,7.72662],[81.23675,7.73016],[81.23695,7.73385],[81.23853,7.73672],[81.24051,7.73839],[81.24029,7.74073],[81.23681,7.74649],[81.23597,7.75158],[81.23561,7.75686],[81.23775,7.76026],[81.23583,7.76224],[81.23479,7.76693],[81.23067,7.77007],[81.22934,7.77495],[81.22731,7.77699],[81.22738,7.77992],[81.22639,7.78284],[81.22796,7.78519],[81.22814,7.7917],[81.23022,7.7938],[81.22901,7.79813],[81.22992,7.80232],[81.2272,7.80444],[81.22801,7.80807],[81.2263,7.81027],[81.2269,7.81597],[81.22489,7.82124],[81.22698,7.82374],[81.2272,7.82849],[81.22787,7.83112],[81.22975,7.83294],[81.22905,7.8356],[81.23128,7.83917],[81.23208,7.84406]]},"properties":{"name":"Maduru Oya"}},{"type":"Feature","geometry":{"type":"LineString","coordinates":[[80.77336,7.6984],[80.77377,7.70586],[80.77475,7.70716],[80.77755,7.70788],[80.78045,7.70544],[80.78369,7.70508],[80.78431,7.70559],[80.78434,7.71111],[80.78723,7.71518],[80.78906,7.71643],[80.79311,7.71524],[80.796,7.71654],[80.79504,7.73242],[80.79565,7.74095],[80.79708,7.74403],[80.7989,7.74458],[80.80085,7.74405],[80.81225,7.7384],[80.82164,7.7375],[80.82414,7.73546],[80.83102,7.73242],[80.84122,7.7293]]},"properties":{"name":"Amban Ganga"}},{"type":"Feature","geometry":{"type":"LineString","coordinates":[[80.00548,7.11074],[80.00025,7.11051],[80.00096,7.1091],[79.99745,7.10623],[79.99695,7.10385]]},"properties":{"name":"Dadugan Oya"}},{"type":"Feature","geometry":{"type":"LineString","coordinates":[[79.99695,7.10385],[79.99527,7.10105],[79.99343,7.09967],[79.99295,7.09803],[79.99036,7.09722]]},"properties":{"name":"Dadugan Oya"}},{"type":"Feature","geometry":{"type":"LineString","coordinates":[[79.97656,7.09853],[79.97393,7.0953],[79.97305,7.09541],[79.97184,7.0925],[79.96787,7.09387],[79.96781,7.09511],[79.96417,7.0949],[79.96319,7.09694],[79.96085,7.09711],[79.96013,7.09549]]},"properties":{"name":"Dadugan Oya"}},{"type":"Feature","geometry":{"type":"LineString","coordinates":[[79.96013,7.09549],[79.95572,7.0972],[79.95303,7.10024],[79.95176,7.09957],[79.95201,7.10282],[79.95064,7.10406],[79.95021,7.10578],[79.94883,7.10673],[79.94692,7.10671],[79.94592,7.1086],[79.94304,7.10893],[79.94207,7.10999],[79.93805,7.111],[79.93613,7.10941]]},"properties":{"name":"Dadugan Oya"}},{"type":"Feature","geometry":{"type":"LineString","coordinates":[[79.92328,7.11508],[79.92263,7.11584],[79.92134,7.11558]]},"properties":{"name":"Dadugan Oya"}},{"type":"Feature","geometry":{"type":"LineString","coordinates":[[79.92134,7.11558],[79.92061,7.11671],[79.92092,7.11862],[79.92422,7.1219],[79.92412,7.12386],[79.9236,7.1243],[79.92281,7.12357],[79.91994,7.12639],[79.91823,7.12683],[79.91729,7.12857],[79.9192,7.12981],[79.9169,7.13482],[79.918,7.13582],[79.91708,7.13711],[79.91892,7.13965],[79.91714,7.14053],[79.91728,7.1453],[79.91808,7.14555],[79.91697,7.14612]]},"properties":{"name":"Attanagalu Oya"}},{"type":"Feature","geometry":{"type":"LineString","coordinates":[[80.64533,7.32184],[80.64675,7.31873],[80.64743,7.31428],[80.65095,7.30847],[80.65143,7.30411],[80.655,7.29891],[80.657,7.29377],[80.66617,7.28462],[80.66831,7.27911],[80.67099,7.27742],[80.68444,7.27307],[80.69735,7.27061],[80.70061,7.26845],[80.70318,7.26789],[80.71122,7.26845],[80.7172,7.26661],[80.7206,7.26671],[80.72649,7.26122]]},"properties":{"name":"Mahaweli Ganga"}},{"type":"Feature","geometry":{"type":"LineString","coordinates":[[80.64528,7.32193],[80.64533,7.32184]]},"properties":{"name":"Mahaweli Ganga"}},{"type":"Feature","geometry":{"type":"LineString","coordinates":[[80.52611,6.87173],[80.52627,6.87207]]},"properties":{"name":"Kelani Ganga"}},{"type":"Feature","geometry":{"type":"LineString","coordinates":[[81.04728,7.09819],[81.0471,7.1024],[81.04625,7.10444],[81.04223,7.10837],[81.04218,7.11272],[81.03627,7.11928],[81.03423,7.12439],[81.02546,7.12277],[81.02485,7.12352],[81.02533,7.12756],[81.02324,7.12849],[81.02166,7.13295],[81.0143,7.13255],[81.01328,7.13324],[81.01305,7.13479],[81.01625,7.13799],[81.01336,7.14164],[81.01684,7.14917],[81.01499,7.15362],[81.01781,7.15723],[81.01876,7.16023],[81.01628,7.16321],[81.01427,7.16367],[81.01572,7.16892],[81.01448,7.17264],[81.01274,7.1736],[81.00986,7.17207],[81.00583,7.17411],[81.00433,7.1778],[81.00368,7.18337],[80.99906,7.18736],[81.0015,7.19319],[80.99772,7.19766],[80.99799,7.19921],[80.99997,7.2014],[80.99886,7.20726]]},"properties":{"name":"Badulu Oya"}},{"type":"Feature","geometry":{"type":"LineString","coordinates":[[81.77313,6.90253],[81.77324,6.90252]]},"properties":{"name":"Karanda Oya"}},{"type":"Feature","geometry":{"type":"LineString","coordinates":[[79.83825,7.30978],[79.83984,7.30476]]},"properties":{"name":"Gin Oya"}},{"type":"Feature","geometry":{"type":"LineString","coordinates":[[80.04795,7.09886],[80.04474,7.09741],[80.04384,7.09608]]},"properties":{"name":"Galthata Oya"}},{"type":"Feature","geometry":{"type":"LineString","coordinates":[[80.26826,7.07455],[80.26642,7.0743],[80.26598,7.07132],[80.26395,7.07053],[80.26446,7.06761],[80.26274,7.06584],[80.26066,7.06131],[80.25912,7.06029],[80.25782,7.05603],[80.25603,7.05424],[80.25633,7.05168],[80.25332,7.049],[80.25285,7.04676],[80.25056,7.04476]]},"properties":{"name":"Gurugoda Oya"}},{"type":"Feature","geometry":{"type":"LineString","coordinates":[[80.54152,8.81388],[80.53586,8.81344],[80.53487,8.81417],[80.53174,8.81327],[80.5286,8.81419],[80.52602,8.8123],[80.52343,8.81172],[80.51908,8.80758],[80.51441,8.80777],[80.51371,8.80879],[80.50297,8.81012],[80.49828,8.81291],[80.49698,8.81266]]},"properties":{"name":"Parangi Aru"}},{"type":"Feature","geometry":{"type":"LineString","coordinates":[[80.49698,8.81266],[80.48873,8.81205],[80.4863,8.81307],[80.48446,8.8155],[80.48469,8.81706],[80.48219,8.81763],[80.47531,8.82346],[80.46885,8.82309]]},"properties":{"name":"Parangi Aru"}},{"type":"Feature","geometry":{"type":"LineString","coordinates":[[81.19239,8.41136],[81.19199,8.40927],[81.19293,8.41036],[81.19444,8.41043],[81.19564,8.40612]]},"properties":{"name":"waterway"}},{"type":"Feature","geometry":{"type":"LineString","coordinates":[[80.71451,7.4102],[80.71786,7.40687],[80.71865,7.40426],[80.72245,7.40317],[80.72231,7.4011],[80.72346,7.39916],[80.72454,7.39988],[80.72923,7.39521]]},"properties":{"name":"Kukul Oya"}},{"type":"Feature","geometry":{"type":"LineString","coordinates":[[80.72923,7.39521],[80.72927,7.39511]]},"properties":{"name":"Kukul Oya"}},{"type":"Feature","geometry":{"type":"LineString","coordinates":[[80.84821,6.31103],[80.84378,6.30833],[80.84142,6.31041],[80.83927,6.30682],[80.83679,6.30726],[80.83666,6.30959],[80.83401,6.30882],[80.83266,6.30927]]},"properties":{"name":"Hulanda oya"}},{"type":"Feature","geometry":{"type":"LineString","coordinates":[[80.33904,6.78006],[80.3377,6.78323],[80.33632,6.7821],[80.33492,6.78348],[80.33282,6.78207],[80.32479,6.78845],[80.32344,6.78616],[80.32383,6.78362],[80.32201,6.78477],[80.32226,6.78347],[80.32074,6.78013]]},"properties":{"name":"Kuru Ganga"}},{"type":"Feature","geometry":{"type":"LineString","coordinates":[[80.33907,6.77997],[80.33904,6.78006]]},"properties":{"name":"Kuru Ganga"}},{"type":"Feature","geometry":{"type":"LineString","coordinates":[[81.05854,7.03224],[81.0591,7.03338]]},"properties":{"name":"Ambagahaoya"}},{"type":"Feature","geometry":{"type":"LineString","coordinates":[[81.11886,7.06535],[81.11871,7.06545]]},"properties":{"name":"Loggal Oya"}},{"type":"Feature","geometry":{"type":"LineString","coordinates":[[81.12694,7.0387],[81.1245,7.04007],[81.12413,7.04281],[81.1217,7.04659],[81.12104,7.05246],[81.12226,7.06165],[81.11886,7.06535]]},"properties":{"name":"Loggal Oya"}},{"type":"Feature","geometry":{"type":"LineString","coordinates":[[81.05742,7.03173],[81.05818,7.03147],[81.05854,7.03224]]},"properties":{"name":"Ambagahaoya"}},{"type":"Feature","geometry":{"type":"LineString","coordinates":[[81.53857,7.21324],[81.53866,7.21318]]},"properties":{"name":"Gal Oya"}},{"type":"Feature","geometry":{"type":"LineString","coordinates":[[81.53866,7.21318],[81.53888,7.21302]]},"properties":{"name":"Gal Oya"}},{"type":"Feature","geometry":{"type":"LineString","coordinates":[[81.2554,6.53595],[81.25542,6.53588]]},"properties":{"name":"Menik Ganga"}},{"type":"Feature","geometry":{"type":"LineString","coordinates":[[81.67356,6.88373],[81.67678,6.88393],[81.67945,6.88235],[81.68188,6.88367],[81.68588,6.88355],[81.69242,6.88534],[81.69531,6.8847],[81.69711,6.88407],[81.70092,6.8782],[81.704,6.87591],[81.70516,6.87401]]},"properties":{"name":"Heda oya river"}},{"type":"Feature","geometry":{"type":"LineString","coordinates":[[81.39085,7.17722],[81.39521,7.17853],[81.39933,7.17567]]},"properties":{"name":"Gal Oya"}},{"type":"Feature","geometry":{"type":"LineString","coordinates":[[81.37703,7.18719],[81.37953,7.18726],[81.38141,7.1864],[81.3862,7.17959]]},"properties":{"name":"Gal Oya"}},{"type":"Feature","geometry":{"type":"LineString","coordinates":[[81.7722,6.76719],[81.77464,6.7681],[81.7761,6.76781],[81.77581,6.76846],[81.77902,6.76947],[81.77948,6.76886],[81.78075,6.76916],[81.7819,6.76762],[81.78365,6.76712],[81.78505,6.76683],[81.78556,6.76763],[81.78927,6.76687],[81.7932,6.76396],[81.79531,6.76378],[81.79733,6.76531],[81.79947,6.76558],[81.80191,6.76524],[81.802,6.7641],[81.80345,6.76495],[81.80322,6.7666],[81.80621,6.76645],[81.81314,6.77017],[81.81792,6.76537],[81.82391,6.76597],[81.82513,6.7668]]},"properties":{"name":"Wila Oya"}},{"type":"Feature","geometry":{"type":"LineString","coordinates":[[81.45902,6.83185],[81.46049,6.83081],[81.45981,6.8272],[81.46015,6.8236],[81.4618,6.82393],[81.46451,6.82307],[81.46816,6.82425],[81.47092,6.82202],[81.47383,6.82169],[81.47498,6.82284],[81.48106,6.8207],[81.48204,6.81941],[81.48468,6.8191],[81.48742,6.82102],[81.48959,6.82079],[81.49085,6.8224],[81.49468,6.82273],[81.49659,6.82056],[81.49979,6.82117],[81.50291,6.81963],[81.50431,6.8199],[81.50808,6.81408],[81.50809,6.81242],[81.50943,6.81222],[81.5122,6.81399],[81.51771,6.81301],[81.52001,6.814],[81.5198,6.81261],[81.52119,6.81028],[81.52202,6.81011],[81.52144,6.809],[81.52218,6.80819],[81.52353,6.80886],[81.52632,6.80832],[81.52707,6.80697],[81.52911,6.80685],[81.53005,6.80511],[81.53197,6.80416],[81.5332,6.805],[81.53479,6.80427],[81.53664,6.80596],[81.53889,6.80558],[81.53936,6.80425],[81.54256,6.80236],[81.54417,6.80318],[81.5455,6.80255],[81.55131,6.79583],[81.55281,6.79612],[81.55448,6.79401],[81.55528,6.79439],[81.55503,6.79318],[81.5564,6.79245],[81.5565,6.78978],[81.55865,6.78855],[81.55844,6.78769],[81.56037,6.78874],[81.56156,6.78813],[81.56087,6.78676],[81.56136,6.78532],[81.56303,6.78536],[81.56632,6.78339],[81.56862,6.78377],[81.56954,6.78229],[81.57253,6.78263],[81.57386,6.78204],[81.5738,6.78303],[81.57539,6.78344],[81.5771,6.78507],[81.57707,6.78613],[81.58066,6.78888],[81.58364,6.7942],[81.59603,6.79189],[81.59859,6.78939],[81.60212,6.78907],[81.60418,6.78766],[81.60435,6.7859],[81.60562,6.78528],[81.60802,6.78649]]},"properties":{"name":"Wila Oya"}},{"type":"Feature","geometry":{"type":"LineString","coordinates":[[81.68252,6.76929],[81.68352,6.77033],[81.68732,6.77123],[81.68813,6.76924],[81.69099,6.76939],[81.69532,6.7673],[81.69717,6.76777],[81.69812,6.76722]]},"properties":{"name":"Wila Oya"}},{"type":"Feature","geometry":{"type":"LineString","coordinates":[[81.61167,6.57801],[81.61294,6.57521],[81.61551,6.57278],[81.61976,6.5727],[81.62104,6.57177],[81.62169,6.56914],[81.62115,6.56545],[81.62218,6.56503],[81.6246,6.56115],[81.62767,6.55914],[81.63127,6.55496],[81.63809,6.54244],[81.63975,6.54168],[81.64321,6.5419],[81.65125,6.54542],[81.65717,6.54001],[81.65902,6.53967],[81.66258,6.54054],[81.66877,6.5336],[81.67056,6.5272],[81.6739,6.52298],[81.6869,6.5144]]},"properties":{"name":"Kumbukkan Oya"}},{"type":"Feature","geometry":{"type":"LineString","coordinates":[[80.69906,7.45841],[80.6962,7.45717],[80.69176,7.45844],[80.69004,7.45814]]},"properties":{"name":"Delivala oya"}},{"type":"Feature","geometry":{"type":"LineString","coordinates":[[81.76223,6.75956],[81.76371,6.7609],[81.76506,6.76094],[81.76542,6.76253],[81.76794,6.76558],[81.77058,6.76572],[81.7722,6.76719]]},"properties":{"name":"Kurupan Oya"}},{"type":"Feature","geometry":{"type":"LineString","coordinates":[[81.5992,6.85929],[81.60283,6.86536],[81.6065,6.86723],[81.61343,6.86752],[81.61558,6.86877],[81.62014,6.86915],[81.62103,6.87018],[81.62399,6.86819],[81.62965,6.86883],[81.63193,6.87078],[81.63307,6.875],[81.63547,6.87744],[81.63619,6.8801],[81.63966,6.88428],[81.64134,6.88922],[81.64396,6.89115],[81.64526,6.89089],[81.64601,6.88878],[81.64744,6.88778],[81.65258,6.88723],[81.65361,6.8861],[81.66006,6.88485],[81.66517,6.8821],[81.67196,6.88135],[81.67325,6.88197],[81.67356,6.88373]]},"properties":{"name":"Heda oya river"}},{"type":"Feature","geometry":{"type":"LineString","coordinates":[[81.70516,6.87401],[81.70512,6.87005],[81.71067,6.86482],[81.7142,6.8581],[81.7145,6.85028],[81.72195,6.84905],[81.72362,6.84774],[81.72451,6.84496],[81.72615,6.84345],[81.73009,6.8436],[81.73287,6.84589],[81.73846,6.84264],[81.73975,6.8444],[81.74249,6.84498],[81.74666,6.84038],[81.75095,6.84095],[81.75439,6.84032]]},"properties":{"name":"Heda Oya"}},{"type":"Feature","geometry":{"type":"LineString","coordinates":[[80.7038,7.01218],[80.69954,7.0102],[80.69195,7.00832]]},"properties":{"name":"Pundaloya river (Sub Catchment area)"}},{"type":"Feature","geometry":{"type":"LineString","coordinates":[[80.25295,8.61423],[80.24991,8.61501],[80.24557,8.6181],[80.2449,8.61939],[80.24534,8.62182],[80.24091,8.62603],[80.24059,8.62875],[80.23618,8.62866],[80.23562,8.6299],[80.23733,8.63568],[80.23883,8.63697],[80.2372,8.64041],[80.23765,8.64373],[80.233,8.65248],[80.23485,8.65583],[80.23515,8.65949],[80.2382,8.66094],[80.23855,8.66286],[80.23766,8.66615],[80.23557,8.66729],[80.23753,8.66966],[80.23572,8.67196],[80.23704,8.67488],[80.23537,8.68028]]},"properties":{"name":"Malwathu Oya"}},{"type":"Feature","geometry":{"type":"LineString","coordinates":[[80.41544,8.68759],[80.41261,8.68687],[80.41065,8.68723],[80.40957,8.6862],[80.40458,8.68708],[80.40334,8.68539],[80.39674,8.68636],[80.3957,8.68545],[80.39376,8.68578],[80.38653,8.68245],[80.3853,8.68265],[80.38305,8.68103],[80.38176,8.68196],[80.38005,8.68068],[80.37827,8.68153],[80.37787,8.68037],[80.37376,8.68297],[80.37153,8.68333],[80.36959,8.68242],[80.36324,8.68535],[80.35987,8.68882],[80.35656,8.69001],[80.35526,8.69305],[80.35285,8.69342],[80.35358,8.69452],[80.35301,8.69554],[80.35117,8.695],[80.35097,8.69582],[80.34672,8.69862],[80.33857,8.69861],[80.33513,8.69925],[80.33346,8.70074],[80.32828,8.70058],[80.32653,8.70146],[80.3247,8.70023],[80.31989,8.70025],[80.31672,8.70118],[80.31371,8.69895],[80.31097,8.69802],[80.30939,8.69612],[80.30417,8.69573],[80.29893,8.69198],[80.29299,8.69037],[80.29053,8.691],[80.28392,8.68917],[80.27856,8.68891],[80.27743,8.68814]]},"properties":{"name":"Kal Aru"}},{"type":"Feature","geometry":{"type":"LineString","coordinates":[[80.23537,8.68028],[80.23286,8.68491],[80.23131,8.68631],[80.22857,8.68678],[80.22655,8.6882],[80.22468,8.69231],[80.22224,8.69541],[80.22222,8.69861],[80.2213,8.70025],[80.21563,8.7021],[80.21382,8.70487],[80.21263,8.70913],[80.20806,8.71122],[80.20599,8.71479],[80.20273,8.71664],[80.20094,8.71934],[80.19929,8.72484],[80.19464,8.73246],[80.19292,8.73386],[80.19005,8.73398],[80.18753,8.73515],[80.18615,8.73624],[80.18482,8.74057],[80.18049,8.74177],[80.17581,8.74543],[80.17232,8.74661],[80.16893,8.7507]]},"properties":{"name":"Malwathu Oya"}},{"type":"Feature","geometry":{"type":"LineString","coordinates":[[80.92626,6.95813],[80.92778,6.96029]]},"properties":{"name":"manawela river"}},{"type":"Feature","geometry":{"type":"LineString","coordinates":[[80.12695,8.3921],[80.12527,8.39413],[80.1205,8.39645],[80.11877,8.39964],[80.12161,8.40434],[80.12131,8.40622],[80.12267,8.41131],[80.12203,8.41357],[80.12351,8.41828],[80.12667,8.4217],[80.13346,8.42603],[80.13826,8.42702],[80.13921,8.42846],[80.13929,8.43161],[80.14255,8.43625],[80.14506,8.438],[80.14607,8.43751],[80.14643,8.43849],[80.14691,8.43737],[80.14811,8.43712],[80.14995,8.43768],[80.15175,8.43675],[80.15129,8.43603],[80.15351,8.43664],[80.15434,8.43613],[80.1558,8.4372],[80.15977,8.44378],[80.15992,8.44608],[80.15887,8.446],[80.15799,8.44827],[80.15984,8.4501],[80.16108,8.45],[80.16025,8.45156],[80.15681,8.45099],[80.15498,8.45554],[80.15316,8.45638],[80.15418,8.45853],[80.15212,8.46204],[80.14795,8.46415],[80.14412,8.46908],[80.14325,8.47285],[80.13816,8.47824],[80.13842,8.48095],[80.13719,8.48493],[80.13546,8.48568],[80.1328,8.48923],[80.12428,8.49566],[80.12176,8.49533],[80.12093,8.49436],[80.11536,8.4926],[80.10496,8.49125],[80.10076,8.49242],[80.09844,8.49545],[80.09267,8.49377],[80.08859,8.49548]]},"properties":{"name":"Modaragam Aru"}},{"type":"Feature","geometry":{"type":"LineString","coordinates":[[79.84198,8.29245],[79.83307,8.29825]]},"properties":{"name":"Kala Oya"}},{"type":"Feature","geometry":{"type":"LineString","coordinates":[[80.07858,8.22356],[80.07262,8.22243],[80.0664,8.21963],[80.06292,8.21923],[80.04835,8.2275],[80.03893,8.23594],[80.03719,8.2365],[80.03457,8.2356],[80.02823,8.22687],[80.02526,8.22514],[80.018,8.22453],[80.00777,8.22901],[79.99984,8.22795]]},"properties":{"name":"Kala Oya"}},{"type":"Feature","geometry":{"type":"LineString","coordinates":[[80.10027,8.1978],[80.09816,8.20058],[80.09594,8.20917],[80.08609,8.21104],[80.08315,8.21519],[80.08161,8.21963],[80.07858,8.22356]]},"properties":{"name":"Kala Oya"}},{"type":"Feature","geometry":{"type":"LineString","coordinates":[[80.05004,8.52498],[80.04606,8.52537],[80.04168,8.52442],[80.03688,8.52603],[80.03403,8.5259]]},"properties":{"name":"Modaragam Aru"}},{"type":"Feature","geometry":{"type":"LineString","coordinates":[[80.04595,8.78848],[80.0435,8.78932],[80.04003,8.78919],[80.03622,8.78568],[80.03384,8.78644],[80.03178,8.78844],[80.03096,8.79061],[80.03122,8.79257],[80.03354,8.79535],[80.03311,8.79779],[80.02975,8.7996],[80.02218,8.79772],[80.01513,8.79998],[80.00467,8.79857],[79.98939,8.79501],[79.98018,8.79166],[79.97496,8.79505],[79.97188,8.79908],[79.95952,8.8062],[79.95781,8.80654],[79.95545,8.80638],[79.94939,8.80359],[79.94174,8.80566],[79.93879,8.80305],[79.93303,8.80334],[79.92911,8.80118],[79.92649,8.80255],[79.92168,8.8033],[79.91794,8.80214]]},"properties":{"name":"Malwathu Oya"}},{"type":"Feature","geometry":{"type":"LineString","coordinates":[[80.27743,8.68814],[80.27426,8.68771],[80.2728,8.68525],[80.26931,8.68517],[80.26592,8.68337],[80.26254,8.68303],[80.2603,8.68409],[80.25812,8.68296],[80.25515,8.68382],[80.2537,8.68292],[80.25178,8.68448],[80.24913,8.68293],[80.24764,8.68409],[80.24575,8.68365],[80.24431,8.68096],[80.24117,8.68203],[80.23752,8.67946],[80.23537,8.68028]]},"properties":{"name":"Kal Aru"}},{"type":"Feature","geometry":{"type":"LineString","coordinates":[[80.34025,8.54716],[80.33877,8.54726],[80.33697,8.54588],[80.33688,8.54716],[80.33353,8.54764],[80.33263,8.54598],[80.32815,8.54947],[80.32707,8.5476],[80.32606,8.54772],[80.32572,8.54888],[80.31978,8.54966],[80.31939,8.54843],[80.31746,8.5479],[80.31669,8.54966],[80.3148,8.55115],[80.31165,8.5514],[80.31126,8.55575],[80.30914,8.55598],[80.30437,8.55872],[80.30188,8.55838],[80.30038,8.55902],[80.29862,8.55817],[80.29757,8.55871],[80.29725,8.56002],[80.29489,8.56108],[80.29115,8.56077],[80.28784,8.55944]]},"properties":{"name":"Malwathu Oya"}},{"type":"Feature","geometry":{"type":"LineString","coordinates":[[80.28784,8.55944],[80.28798,8.56085],[80.28594,8.56336],[80.28435,8.56849],[80.28619,8.57102],[80.28603,8.57522],[80.28417,8.57703],[80.28475,8.57948],[80.28346,8.58119],[80.27932,8.58393],[80.28119,8.59012],[80.27778,8.59013],[80.27413,8.59902],[80.27381,8.60286],[80.27484,8.60944],[80.27252,8.61211],[80.26416,8.61463],[80.25854,8.61814],[80.25546,8.61673],[80.25295,8.61423]]},"properties":{"name":"Malwathu Oya"}},{"type":"Feature","geometry":{"type":"LineString","coordinates":[[79.94665,8.56032],[79.94525,8.55937],[79.94488,8.55803],[79.94116,8.55779],[79.93918,8.55588],[79.93647,8.55619],[79.93166,8.55912],[79.93054,8.56359],[79.92897,8.56481],[79.9258,8.56633],[79.92331,8.56526],[79.91982,8.56623]]},"properties":{"name":"Modaragam Aru"}},{"type":"Feature","geometry":{"type":"LineString","coordinates":[[79.99984,8.22795],[79.9962,8.22893],[79.99423,8.23091]]},"properties":{"name":"Kala Oya"}},{"type":"Feature","geometry":{"type":"LineString","coordinates":[[80.74811,8.8221],[80.74876,8.82303],[80.74807,8.82645],[80.74876,8.8278],[80.75088,8.82893],[80.75092,8.82977],[80.74893,8.83677],[80.74603,8.83818],[80.74566,8.8392],[80.74661,8.84167],[80.74602,8.84473],[80.74649,8.84718],[80.74775,8.84854],[80.7474,8.85007],[80.74866,8.85314],[80.74862,8.85775],[80.74722,8.85944],[80.74951,8.86279],[80.74993,8.8662],[80.7512,8.86693],[80.75207,8.8691],[80.75234,8.87932],[80.74978,8.88518],[80.75107,8.88708],[80.75332,8.89452],[80.7537,8.89707],[80.75261,8.8982],[80.75282,8.90085],[80.75685,8.90938],[80.75623,8.91286],[80.75742,8.9157],[80.75637,8.91812],[80.75899,8.92306],[80.7591,8.92617],[80.76196,8.93026],[80.76128,8.93257]]},"properties":{"name":"Ma Oya"}},{"type":"Feature","geometry":{"type":"LineString","coordinates":[[80.73485,8.93024],[80.73741,8.92916],[80.74482,8.93072],[80.74527,8.92937],[80.7502,8.92703],[80.7521,8.9284],[80.75313,8.9308],[80.75887,8.92966],[80.75934,8.93115],[80.76128,8.93257]]},"properties":{"name":"Ma Oya"}},{"type":"Feature","geometry":{"type":"LineString","coordinates":[[81.72488,7.32466],[81.72506,7.3245]]},"properties":{"name":"Pallaru"}},{"type":"Feature","geometry":{"type":"LineString","coordinates":[[80.612,7.19682],[80.60997,7.19555],[80.60597,7.19566]]},"properties":{"name":"Nillamba Oya"}},{"type":"Feature","geometry":{"type":"LineString","coordinates":[[81.07346,8.79027],[81.07467,8.79166],[81.07825,8.79261],[81.07907,8.79402]]},"properties":{"name":"river"}},{"type":"Feature","geometry":{"type":"LineString","coordinates":[[81.04671,8.66146],[81.0511,8.65759]]},"properties":{"name":"River"}},{"type":"Feature","geometry":{"type":"LineString","coordinates":[[81.04833,8.44445],[81.05366,8.44289]]},"properties":{"name":"Majeedu River (eachan nagar river )"}},{"type":"Feature","geometry":{"type":"LineString","coordinates":[[80.14578,6.5755],[80.14878,6.57885],[80.15125,6.57983],[80.15024,6.58439],[80.14948,6.5844]]},"properties":{"name":"Galwak Ella"}},{"type":"Feature","geometry":{"type":"LineString","coordinates":[[81.82013,7.3518],[81.82047,7.34688]]},"properties":{"name":"sub river"}},{"type":"Feature","geometry":{"type":"LineString","coordinates":[[81.85492,7.3179],[81.85338,7.31828],[81.8479,7.31606]]},"properties":{"name":"lake"}},{"type":"Feature","geometry":{"type":"LineString","coordinates":[[81.39022,7.29316],[81.3908,7.29383],[81.38979,7.2954],[81.39035,7.29614],[81.38911,7.29625],[81.39073,7.30067],[81.39155,7.30075],[81.39096,7.30149],[81.39208,7.30218],[81.39152,7.30493],[81.3934,7.30619],[81.39351,7.30834],[81.39523,7.30898],[81.39524,7.31122],[81.3966,7.31234],[81.39639,7.31509],[81.39496,7.31649],[81.39619,7.31717],[81.39758,7.31624],[81.39867,7.3171],[81.39911,7.31945],[81.4009,7.32219],[81.40029,7.32406]]},"properties":{"name":"Rambaken Oya"}},{"type":"Feature","geometry":{"type":"LineString","coordinates":[[81.38387,7.27798],[81.38428,7.28336],[81.38787,7.28612],[81.3872,7.28819],[81.38857,7.289],[81.38832,7.28997],[81.39022,7.29316]]},"properties":{"name":"Rambaken Oya"}},{"type":"Feature","geometry":{"type":"LineString","coordinates":[[81.37845,7.2605],[81.37733,7.26302],[81.37837,7.26509],[81.37774,7.26572],[81.37782,7.26849],[81.38045,7.27009],[81.38013,7.27187],[81.38207,7.27267],[81.38265,7.27398],[81.3811,7.27697]]},"properties":{"name":"Rambaken Oya"}},{"type":"Feature","geometry":{"type":"LineString","coordinates":[[81.41634,7.35937],[81.41535,7.36369],[81.41591,7.36462],[81.41652,7.36397],[81.417,7.36454],[81.41274,7.36827]]},"properties":{"name":"Rambaken Oya"}},{"type":"Feature","geometry":{"type":"LineString","coordinates":[[81.41274,7.36827],[81.41213,7.37041],[81.40961,7.37193],[81.40915,7.37659]]},"properties":{"name":"Rambaken Oya"}},{"type":"Feature","geometry":{"type":"LineString","coordinates":[[81.40029,7.32406],[81.40098,7.3271],[81.40026,7.33065],[81.40351,7.33533],[81.40352,7.33821],[81.40494,7.34074],[81.40438,7.34257],[81.40723,7.34422],[81.40798,7.34541],[81.40783,7.3476],[81.40877,7.34872],[81.4081,7.34951],[81.41018,7.35015],[81.41071,7.35207],[81.41332,7.35458],[81.41442,7.35679]]},"properties":{"name":"Rambaken Oya"}},{"type":"Feature","geometry":{"type":"LineString","coordinates":[[81.41442,7.35679],[81.41483,7.35837],[81.41634,7.35937]]},"properties":{"name":"Rambaken Oya"}},{"type":"Feature","geometry":{"type":"LineString","coordinates":[[80.62049,6.83508],[80.61916,6.83547]]},"properties":{"name":"Kehelgamuwa Oya"}},{"type":"Feature","geometry":{"type":"LineString","coordinates":[[79.91319,7.10761],[79.91321,7.10768]]},"properties":{"name":"digan ela"}},{"type":"Feature","geometry":{"type":"LineString","coordinates":[[79.91321,7.10768],[79.91368,7.10951],[79.91515,7.10986]]},"properties":{"name":"digan ela"}},{"type":"Feature","geometry":{"type":"LineString","coordinates":[[81.37641,7.18687],[81.37927,7.18817],[81.38307,7.18654],[81.38754,7.17721],[81.39085,7.17722],[81.39343,7.17618],[81.39511,7.17377],[81.39648,7.17371],[81.39878,7.17553],[81.40149,7.17598],[81.40482,7.17877],[81.40926,7.18422],[81.41054,7.18712],[81.41585,7.19265],[81.42063,7.18926],[81.42522,7.19173],[81.42709,7.19337],[81.42788,7.19556],[81.43405,7.19773],[81.43666,7.19812],[81.44317,7.1973],[81.44963,7.19802],[81.46096,7.20011],[81.47161,7.20428],[81.48225,7.20437],[81.5092,7.20735],[81.52031,7.20641],[81.5283,7.20688],[81.53392,7.21092],[81.53545,7.21398]]},"properties":{"name":"Gal Oya"}},{"type":"Feature","geometry":{"type":"LineString","coordinates":[[81.33648,7.15595],[81.33967,7.16133],[81.34049,7.16568],[81.34551,7.17421]]},"properties":{"name":"Gal Oya"}},{"type":"Feature","geometry":{"type":"LineString","coordinates":[[81.75439,6.84032],[81.75708,6.8383],[81.75969,6.83856],[81.76252,6.8371],[81.76318,6.83576],[81.7671,6.83459],[81.76845,6.83332],[81.77315,6.83271],[81.77529,6.83438],[81.77722,6.83292]]},"properties":{"name":"Heda Oya"}},{"type":"Feature","geometry":{"type":"LineString","coordinates":[[81.80995,6.83293],[81.8213,6.8332],[81.82215,6.83249],[81.82159,6.82948],[81.82255,6.82815]]},"properties":{"name":"Heda Oya"}},{"type":"Feature","geometry":{"type":"LineString","coordinates":[[81.82363,6.80986],[81.82378,6.81026]]},"properties":{"name":"Heda Oya"}},{"type":"Feature","geometry":{"type":"LineString","coordinates":[[81.82404,6.81973],[81.82454,6.81886]]},"properties":{"name":"Heda Oya"}},{"type":"Feature","geometry":{"type":"LineString","coordinates":[[79.98674,9.73991],[79.98537,9.73845]]},"properties":{"name":"Valukki Aaru River"}},{"type":"Feature","geometry":{"type":"LineString","coordinates":[[79.9868,9.74001],[79.98674,9.73991]]},"properties":{"name":"Valukki Aaru River"}},{"type":"Feature","geometry":{"type":"LineString","coordinates":[[79.98537,9.73845],[79.9852,9.73856]]},"properties":{"name":"Valukki Aaru River"}},{"type":"Feature","geometry":{"type":"LineString","coordinates":[[79.9852,9.73856],[79.98085,9.7397],[79.9791,9.73739],[79.97649,9.73766],[79.97504,9.73651],[79.97191,9.73005],[79.97492,9.72176],[79.97344,9.7197],[79.9694,9.71812],[79.96713,9.7148],[79.96701,9.71249],[79.96802,9.71094],[79.96719,9.70959],[79.96735,9.70587]]},"properties":{"name":"Valukki Aaru River"}},{"type":"Feature","geometry":{"type":"LineString","coordinates":[[81.06198,6.33878],[81.06325,6.33927],[81.0671,6.33786],[81.06707,6.33616],[81.06777,6.33598],[81.07193,6.33727],[81.07561,6.34102],[81.07896,6.34029],[81.07963,6.33854],[81.08075,6.33879],[81.08208,6.33757],[81.08182,6.3368],[81.0832,6.33722],[81.08502,6.33647],[81.08576,6.33445],[81.08912,6.3308],[81.08919,6.32945],[81.0881,6.32885],[81.0888,6.32481],[81.0927,6.32076],[81.09513,6.31482],[81.09885,6.31206],[81.09655,6.30278],[81.09554,6.30059],[81.09443,6.30052],[81.09272,6.29868],[81.09433,6.29677],[81.0938,6.29596],[81.09479,6.29386],[81.09414,6.29078],[81.09489,6.29002],[81.09314,6.28871],[81.09387,6.28488],[81.09519,6.28406],[81.09489,6.28213],[81.09722,6.27908],[81.09682,6.27849],[81.09949,6.2767],[81.10131,6.27193],[81.10273,6.27137],[81.10211,6.26926],[81.10409,6.26685]]},"properties":{"name":"Malala Oya"}},{"type":"Feature","geometry":{"type":"LineString","coordinates":[[81.82255,6.82815],[81.82346,6.82503]]},"properties":{"name":"Heda Oya"}},{"type":"Feature","geometry":{"type":"LineString","coordinates":[[80.33741,9.08992],[80.33676,9.08976]]},"properties":{"name":"Paali Aaru"}},{"type":"Feature","geometry":{"type":"LineString","coordinates":[[80.3389,9.08271],[80.33804,9.08263]]},"properties":{"name":"Paali Aaru"}},{"type":"Feature","geometry":{"type":"LineString","coordinates":[[80.34006,9.08048],[80.33975,9.07998]]},"properties":{"name":"Paali Aaru"}},{"type":"Feature","geometry":{"type":"LineString","coordinates":[[81.76906,6.90735],[81.77007,6.90483],[81.77313,6.90253]]},"properties":{"name":"Karanda Oya"}},{"type":"Feature","geometry":{"type":"LineString","coordinates":[[81.55419,6.61144],[81.56226,6.61247],[81.56988,6.61013],[81.57147,6.61056],[81.57248,6.61228],[81.5755,6.61339],[81.58823,6.61084],[81.59083,6.60828],[81.59263,6.60499],[81.59653,6.60281],[81.60013,6.59592],[81.60318,6.59335],[81.60286,6.58691],[81.60471,6.58274],[81.61167,6.57801]]},"properties":{"name":"Kumbukkan Oya"}},{"type":"Feature","geometry":{"type":"LineString","coordinates":[[81.74756,6.58239],[81.7475,6.58164]]},"properties":{"name":"Bagura Oya"}},{"type":"Feature","geometry":{"type":"LineString","coordinates":[[81.70701,6.51133],[81.70751,6.51109]]},"properties":{"name":"Kumbukkan Oya"}},{"type":"Feature","geometry":{"type":"LineString","coordinates":[[81.48397,6.49725],[81.48116,6.49549],[81.4807,6.49266],[81.47987,6.49246],[81.47901,6.49059],[81.47941,6.48693],[81.47854,6.48506],[81.47934,6.48437],[81.47867,6.4823],[81.47987,6.4798],[81.48131,6.47897],[81.48077,6.47668],[81.4794,6.47504],[81.47948,6.47215],[81.47985,6.47109],[81.48197,6.4703],[81.48184,6.46864],[81.48557,6.46749],[81.48678,6.46614]]},"properties":{"name":"Kurundi Ara"}},{"type":"Feature","geometry":{"type":"LineString","coordinates":[[81.47516,6.40794],[81.47683,6.40655],[81.47756,6.40379],[81.48,6.40046],[81.48427,6.39757],[81.48663,6.3971],[81.49168,6.39168],[81.49372,6.39087],[81.50094,6.39151],[81.50604,6.38907],[81.50816,6.38694],[81.51464,6.38641],[81.51663,6.38536],[81.51824,6.38201],[81.52061,6.37971],[81.52497,6.37881],[81.52537,6.37799],[81.52404,6.37521],[81.52236,6.37349],[81.52011,6.37304],[81.51868,6.36743],[81.51901,6.36517],[81.5206,6.36405],[81.524,6.36571]]},"properties":{"name":"Menik Ganga"}},{"type":"Feature","geometry":{"type":"LineString","coordinates":[[81.49575,6.60647],[81.50225,6.60917],[81.5033,6.61181],[81.5065,6.61391],[81.50793,6.61821],[81.50954,6.61936],[81.51802,6.61574],[81.52364,6.60928],[81.52589,6.60823],[81.53357,6.60928],[81.54184,6.60813],[81.54589,6.61032],[81.55419,6.61144]]},"properties":{"name":"Kumbukkan Oya"}},{"type":"Feature","geometry":{"type":"LineString","coordinates":[[81.34907,6.42322],[81.35,6.42461],[81.35561,6.42223],[81.36668,6.42319],[81.37012,6.42138],[81.37283,6.42138],[81.37711,6.41765],[81.38088,6.42075],[81.38519,6.42045],[81.38829,6.42136],[81.39346,6.41921],[81.39564,6.41542]]},"properties":{"name":"Menik Ganga"}},{"type":"Feature","geometry":{"type":"LineString","coordinates":[[81.39564,6.41542],[81.39969,6.4157],[81.40122,6.41502],[81.40186,6.41331],[81.40099,6.40882],[81.40199,6.40697],[81.40608,6.40883],[81.40942,6.40862],[81.41569,6.41008],[81.41881,6.40873]]},"properties":{"name":"Menik Ganga"}},{"type":"Feature","geometry":{"type":"LineString","coordinates":[[81.52998,6.36318],[81.53246,6.36418],[81.53022,6.36648],[81.5326,6.3698],[81.5344,6.36865],[81.53616,6.36897],[81.53748,6.36817],[81.53854,6.36988],[81.54005,6.36922],[81.5413,6.37086],[81.54346,6.37013],[81.55118,6.37098],[81.5531,6.37209],[81.55462,6.37473],[81.55669,6.37363],[81.56118,6.37467],[81.56428,6.37399]]},"properties":{"name":"Menik Ganga"}},{"type":"Feature","geometry":{"type":"LineString","coordinates":[[81.41314,6.67537],[81.41483,6.67253],[81.42021,6.66812],[81.42442,6.66597],[81.42629,6.6641],[81.43086,6.66299],[81.43461,6.66105],[81.43783,6.65602],[81.44253,6.65071],[81.44637,6.65108],[81.4547,6.6436],[81.45836,6.64377],[81.46937,6.63329],[81.47369,6.62652],[81.48061,6.61813],[81.49049,6.60885],[81.49332,6.60691],[81.49575,6.60647]]},"properties":{"name":"Kumbukkan Oya"}},{"type":"Feature","geometry":{"type":"LineString","coordinates":[[81.38378,6.68873],[81.38546,6.68845],[81.38705,6.68956],[81.38962,6.68915],[81.39104,6.6902],[81.39417,6.69061],[81.3967,6.68775],[81.40737,6.68005],[81.40914,6.67774],[81.41314,6.67537]]},"properties":{"name":"Kumbukkan Oya"}},{"type":"Feature","geometry":{"type":"LineString","coordinates":[[80.44741,8.26071],[80.4491,8.26126],[80.44927,8.26469],[80.44825,8.2663]]},"properties":{"name":"Malwathu Oya"}},{"type":"Feature","geometry":{"type":"LineString","coordinates":[[81.6869,6.5144],[81.69176,6.51332],[81.69915,6.51483],[81.70701,6.51133]]},"properties":{"name":"Kumbukkan Oya"}},{"type":"Feature","geometry":{"type":"LineString","coordinates":[[81.59272,6.44197],[81.59348,6.44123],[81.59403,6.43609],[81.59864,6.43055],[81.60321,6.42653],[81.60787,6.42566],[81.61018,6.42442],[81.61317,6.42458],[81.61404,6.42126],[81.61528,6.42027]]},"properties":{"name":"Kurundi Ara"}},{"type":"Feature","geometry":{"type":"LineString","coordinates":[[81.52881,6.36412],[81.52998,6.36318]]},"properties":{"name":"Menik Ganga"}},{"type":"Feature","geometry":{"type":"LineString","coordinates":[[81.524,6.36571],[81.52706,6.36551],[81.52881,6.36412]]},"properties":{"name":"Menik Ganga"}},{"type":"Feature","geometry":{"type":"LineString","coordinates":[[81.3811,7.27697],[81.38387,7.27798]]},"properties":{"name":"Rambaken Oya"}},{"type":"Feature","geometry":{"type":"LineString","coordinates":[[81.34551,7.17421],[81.34587,7.18048],[81.3487,7.18389],[81.34909,7.18632],[81.35153,7.18796],[81.35161,7.19444],[81.35436,7.19844],[81.3557,7.19856],[81.35897,7.1956],[81.3616,7.19605],[81.36481,7.19489],[81.36637,7.19053],[81.36795,7.18982]]},"properties":{"name":"Gal Oya"}},{"type":"Feature","geometry":{"type":"LineString","coordinates":[[81.36795,7.18982],[81.36987,7.18695],[81.37641,7.18687]]},"properties":{"name":"Gal Oya"}},{"type":"Feature","geometry":{"type":"LineString","coordinates":[[81.54,7.21218],[81.54306,7.21442],[81.54829,7.21564],[81.55203,7.21729],[81.55269,7.21856],[81.55598,7.21919]]},"properties":{"name":"Galoya"}},{"type":"Feature","geometry":{"type":"LineString","coordinates":[[81.53888,7.21302],[81.54,7.21218]]},"properties":{"name":"Galoya"}},{"type":"Feature","geometry":{"type":"LineString","coordinates":[[80.67747,7.6639],[80.67857,7.66299]]},"properties":{"name":"Amban Ganga"}},{"type":"Feature","geometry":{"type":"LineString","coordinates":[[80.66708,7.66637],[80.66716,7.66642]]},"properties":{"name":"Amban Ganga"}},{"type":"Feature","geometry":{"type":"LineString","coordinates":[[80.66716,7.66642],[80.66717,7.66642]]},"properties":{"name":"Amban Ganga"}},{"type":"Feature","geometry":{"type":"LineString","coordinates":[[80.66708,7.66637],[80.66708,7.66637]]},"properties":{"name":"Amban Ganga"}},{"type":"Feature","geometry":{"type":"LineString","coordinates":[[80.80955,6.81959],[80.80833,6.81877],[80.80887,6.81707],[80.80811,6.81585],[80.80945,6.81494],[80.81049,6.81531],[80.81076,6.81368],[80.81272,6.8117],[80.8152,6.81106],[80.81429,6.80902],[80.81571,6.80776],[80.81523,6.80698],[80.81681,6.80284],[80.81591,6.80203],[80.81538,6.80274],[80.81377,6.80089],[80.81195,6.80481],[80.81058,6.8059],[80.80967,6.80514],[80.80996,6.80288],[80.80926,6.80328],[80.80993,6.80082],[80.80874,6.80117],[80.80873,6.80021],[80.80605,6.79973],[80.80476,6.79745],[80.80327,6.79878],[80.80305,6.7965],[80.80104,6.79487],[80.8021,6.79477],[80.80278,6.79352],[80.80015,6.7918],[80.7957,6.79327],[80.79596,6.79434],[80.79341,6.79494],[80.79281,6.79401],[80.7901,6.79436],[80.7873,6.7878],[80.78588,6.78643],[80.78456,6.78714],[80.78509,6.78501],[80.78398,6.78488],[80.78347,6.78328],[80.77972,6.77932],[80.77872,6.7758]]},"properties":{"name":"Belihul Oya"}},{"type":"Feature","geometry":{"type":"LineString","coordinates":[[80.08843,8.49557],[80.08362,8.49732],[80.08253,8.49953],[80.07808,8.50247],[80.07769,8.50446],[80.07285,8.50919],[80.06865,8.51038],[80.06748,8.51436],[80.06545,8.5168],[80.06457,8.51687],[80.06438,8.5183],[80.05595,8.52044],[80.05584,8.52226],[80.05294,8.52197],[80.05247,8.52348],[80.05086,8.52307],[80.05004,8.52498]]},"properties":{"name":"Modaragam Aru"}},{"type":"Feature","geometry":{"type":"LineString","coordinates":[[80.08859,8.49548],[80.08843,8.49557]]},"properties":{"name":"Modaragam Aru"}},{"type":"Feature","geometry":{"type":"LineString","coordinates":[[80.127,8.39202],[80.12695,8.3921]]},"properties":{"name":"Modaragam Aru"}},{"type":"Feature","geometry":{"type":"LineString","coordinates":[[80.12702,8.39199],[80.127,8.39202]]},"properties":{"name":"Modaragam Aru"}},{"type":"Feature","geometry":{"type":"LineString","coordinates":[[80.12178,9.16194],[80.11967,9.16509],[80.11721,9.1665],[80.11483,9.16915],[80.11335,9.17188],[80.10352,9.17651]]},"properties":{"name":"Paali Aaru"}},{"type":"Feature","geometry":{"type":"LineString","coordinates":[[80.88018,8.75716],[80.87978,8.75821]]},"properties":{"name":"Yan Oya"}},{"type":"Feature","geometry":{"type":"LineString","coordinates":[[81.53545,7.21398],[81.53725,7.21429]]},"properties":{"name":"Gal Oya"}},{"type":"Feature","geometry":{"type":"LineString","coordinates":[[81.24754,6.59032],[81.24978,6.58888],[81.24989,6.58629]]},"properties":{"name":"Menik Ganga"}},{"type":"Feature","geometry":{"type":"LineString","coordinates":[[81.40915,7.37659],[81.41,7.38175],[81.41309,7.38683],[81.41536,7.39285],[81.41534,7.3989],[81.41429,7.40422],[81.40996,7.41496],[81.40987,7.42173],[81.4065,7.4383],[81.40779,7.44911],[81.40933,7.45433]]},"properties":{"name":"Rambaken Oya"}},{"type":"Feature","geometry":{"type":"LineString","coordinates":[[79.86139,7.39484],[79.86175,7.39427],[79.86386,7.39458],[79.86454,7.39347],[79.86653,7.39308],[79.87166,7.39602],[79.87413,7.39663],[79.87779,7.39609]]},"properties":{"name":"gin oya"}},{"type":"Feature","geometry":{"type":"LineString","coordinates":[[79.8593,7.39466],[79.86076,7.39431],[79.86132,7.39488]]},"properties":{"name":"gin oya"}}]}
