{"type":"FeatureCollection","features":[{"type":"Feature","properties":{"s":0.92},"geometry":{"type":"Point","coordinates":[80.309,9.1556]}},{"type":"Feature","properties":{"s":0.85},"geometry":{"type":"Point","coordinates":[80.3138,9.1569]}},{"type":"Feature","properties":{"s":1.09},"geometry":{"type":"Point","coordinates":[80.3182,9.0398]}},{"type":"Feature","properties":{"s":1.19},"geometry":{"type":"Point","coordinates":[80.3184,9.1799]}},{"type":"Feature","properties":{"s":0.85},"geometry":{"type":"Point","coordinates":[80.3247,9.0484]}},{"type":"Feature","properties":{"s":0.87},"geometry":{"type":"Point","coordinates":[80.3261,9.169]}},{"type":"Feature","properties":{"s":0.92},"geometry":{"type":"Point","coordinates":[80.332,9.0291]}},{"type":"Feature","properties":{"s":1.18},"geometry":{"type":"Point","coordinates":[80.3329,9.0491]}},{"type":"Feature","properties":{"s":0.98},"geometry":{"type":"Point","coordinates":[80.3328,9.1632]}},{"type":"Feature","properties":{"s":0.83},"geometry":{"type":"Point","coordinates":[80.3331,9.1779]}},{"type":"Feature","properties":{"s":1.1},"geometry":{"type":"Point","coordinates":[80.3309,9.2223]}},{"type":"Feature","properties":{"s":1.07},"geometry":{"type":"Point","coordinates":[80.3392,9.0424]}},{"type":"Feature","properties":{"s":1.02},"geometry":{"type":"Point","coordinates":[80.3371,9.1384]}},{"type":"Feature","properties":{"s":0.97},"geometry":{"type":"Point","coordinates":[80.3367,9.1807]}},{"type":"Feature","properties":{"s":0.82},"geometry":{"type":"Point","coordinates":[80.3389,9.2073]}},{"type":"Feature","properties":{"s":0.99},"geometry":{"type":"Point","coordinates":[80.3446,8.9976]}},{"type":"Feature","properties":{"s":0.91},"geometry":{"type":"Point","coordinates":[80.3436,9.0176]}},{"type":"Feature","properties":{"s":1.14},"geometry":{"type":"Point","coordinates":[80.3441,9.036]}},{"type":"Feature","properties":{"s":0.85},"geometry":{"type":"Point","coordinates":[80.3444,9.0577]}},{"type":"Feature","properties":{"s":0.85},"geometry":{"type":"Point","coordinates":[80.3418,9.1472]}},{"type":"Feature","properties":{"s":1.02},"geometry":{"type":"Point","coordinates":[80.3421,9.1918]}},{"type":"Feature","properties":{"s":0.97},"geometry":{"type":"Point","coordinates":[80.3419,9.2096]}},{"type":"Feature","properties":{"s":1.17},"geometry":{"type":"Point","coordinates":[80.3507,8.9853]}},{"type":"Feature","properties":{"s":0.85},"geometry":{"type":"Point","coordinates":[80.3483,9.0044]}},{"type":"Feature","properties":{"s":0.85},"geometry":{"type":"Point","coordinates":[80.3513,9.0307]}},{"type":"Feature","properties":{"s":0.89},"geometry":{"type":"Point","coordinates":[80.351,9.0534]}},{"type":"Feature","properties":{"s":1.15},"geometry":{"type":"Point","coordinates":[80.3481,9.1375]}},{"type":"Feature","properties":{"s":0.93},"geometry":{"type":"Point","coordinates":[80.3478,9.1621]}},{"type":"Feature","properties":{"s":1.03},"geometry":{"type":"Point","coordinates":[80.3477,9.1843]}},{"type":"Feature","properties":{"s":0.81},"geometry":{"type":"Point","coordinates":[80.3574,8.9919]}},{"type":"Feature","properties":{"s":1.19},"geometry":{"type":"Point","coordinates":[80.3564,9.0153]}},{"type":"Feature","properties":{"s":1.07},"geometry":{"type":"Point","coordinates":[80.3562,9.035]}},{"type":"Feature","properties":{"s":1.07},"geometry":{"type":"Point","coordinates":[80.3566,9.071]}},{"type":"Feature","properties":{"s":1.17},"geometry":{"type":"Point","coordinates":[80.3551,9.1739]}},{"type":"Feature","properties":{"s":0.97},"geometry":{"type":"Point","coordinates":[80.3547,9.203]}},{"type":"Feature","properties":{"s":0.85},"geometry":{"type":"Point","coordinates":[80.3565,9.2329]}},{"type":"Feature","properties":{"s":1.04},"geometry":{"type":"Point","coordinates":[80.3599,9.0005]}},{"type":"Feature","properties":{"s":1.15},"geometry":{"type":"Point","coordinates":[80.3606,9.0301]}},{"type":"Feature","properties":{"s":1.13},"geometry":{"type":"Point","coordinates":[80.363,9.0542]}},{"type":"Feature","properties":{"s":1},"geometry":{"type":"Point","coordinates":[80.3613,9.0751]}},{"type":"Feature","properties":{"s":0.94},"geometry":{"type":"Point","coordinates":[80.3608,9.1671]}},{"type":"Feature","properties":{"s":0.85},"geometry":{"type":"Point","coordinates":[80.363,9.1869]}},{"type":"Feature","properties":{"s":1.08},"geometry":{"type":"Point","coordinates":[80.3604,9.2156]}},{"type":"Feature","properties":{"s":0.87},"geometry":{"type":"Point","coordinates":[80.3602,9.2388]}},{"type":"Feature","properties":{"s":1.14},"geometry":{"type":"Point","coordinates":[80.3667,9.0172]}},{"type":"Feature","properties":{"s":0.96},"geometry":{"type":"Point","coordinates":[80.3674,9.0343]}},{"type":"Feature","properties":{"s":1.03},"geometry":{"type":"Point","coordinates":[80.3666,9.0547]}},{"type":"Feature","properties":{"s":0.97},"geometry":{"type":"Point","coordinates":[80.3658,9.1426]}},{"type":"Feature","properties":{"s":1.11},"geometry":{"type":"Point","coordinates":[80.3684,9.1611]}},{"type":"Feature","properties":{"s":1.18},"geometry":{"type":"Point","coordinates":[80.3667,9.1901]}},{"type":"Feature","properties":{"s":1.08},"geometry":{"type":"Point","coordinates":[80.3676,9.2201]}},{"type":"Feature","properties":{"s":1.15},"geometry":{"type":"Point","coordinates":[80.3716,8.9885]}},{"type":"Feature","properties":{"s":0.88},"geometry":{"type":"Point","coordinates":[80.3742,9.0212]}},{"type":"Feature","properties":{"s":1.09},"geometry":{"type":"Point","coordinates":[80.3734,9.0409]}},{"type":"Feature","properties":{"s":1.13},"geometry":{"type":"Point","coordinates":[80.3722,9.0635]}},{"type":"Feature","properties":{"s":1.06},"geometry":{"type":"Point","coordinates":[80.3719,9.1075]}},{"type":"Feature","properties":{"s":0.97},"geometry":{"type":"Point","coordinates":[80.3722,9.1569]}},{"type":"Feature","properties":{"s":0.87},"geometry":{"type":"Point","coordinates":[80.3741,9.1854]}},{"type":"Feature","properties":{"s":0.82},"geometry":{"type":"Point","coordinates":[80.373,9.2084]}},{"type":"Feature","properties":{"s":1.05},"geometry":{"type":"Point","coordinates":[80.3752,9.2337]}},{"type":"Feature","properties":{"s":1.13},"geometry":{"type":"Point","coordinates":[80.3801,8.9829]}},{"type":"Feature","properties":{"s":1.17},"geometry":{"type":"Point","coordinates":[80.3793,8.9981]}},{"type":"Feature","properties":{"s":0.94},"geometry":{"type":"Point","coordinates":[80.3795,9.0273]}},{"type":"Feature","properties":{"s":0.97},"geometry":{"type":"Point","coordinates":[80.3781,9.0487]}},{"type":"Feature","properties":{"s":0.85},"geometry":{"type":"Point","coordinates":[80.3795,9.1118]}},{"type":"Feature","properties":{"s":0.92},"geometry":{"type":"Point","coordinates":[80.3798,9.1567]}},{"type":"Feature","properties":{"s":0.88},"geometry":{"type":"Point","coordinates":[80.3783,9.1922]}},{"type":"Feature","properties":{"s":1.11},"geometry":{"type":"Point","coordinates":[80.3783,9.2208]}},{"type":"Feature","properties":{"s":1},"geometry":{"type":"Point","coordinates":[80.3807,9.2406]}},{"type":"Feature","properties":{"s":0.93},"geometry":{"type":"Point","coordinates":[80.3841,8.9872]}},{"type":"Feature","properties":{"s":0.83},"geometry":{"type":"Point","coordinates":[80.387,9.0039]}},{"type":"Feature","properties":{"s":0.92},"geometry":{"type":"Point","coordinates":[80.3861,9.0415]}},{"type":"Feature","properties":{"s":1.06},"geometry":{"type":"Point","coordinates":[80.3842,9.0662]}},{"type":"Feature","properties":{"s":0.93},"geometry":{"type":"Point","coordinates":[80.384,9.1068]}},{"type":"Feature","properties":{"s":1.11},"geometry":{"type":"Point","coordinates":[80.3842,9.147]}},{"type":"Feature","properties":{"s":1.14},"geometry":{"type":"Point","coordinates":[80.3866,9.1671]}},{"type":"Feature","properties":{"s":0.84},"geometry":{"type":"Point","coordinates":[80.385,9.2076]}},{"type":"Feature","properties":{"s":1.14},"geometry":{"type":"Point","coordinates":[80.3842,9.228]}},{"type":"Feature","properties":{"s":1.13},"geometry":{"type":"Point","coordinates":[80.3919,8.9628]}},{"type":"Feature","properties":{"s":1.01},"geometry":{"type":"Point","coordinates":[80.392,8.9877]}},{"type":"Feature","properties":{"s":0.94},"geometry":{"type":"Point","coordinates":[80.3925,9.013]}},{"type":"Feature","properties":{"s":1.02},"geometry":{"type":"Point","coordinates":[80.3926,9.0464]}},{"type":"Feature","properties":{"s":1.02},"geometry":{"type":"Point","coordinates":[80.3915,9.069]}},{"type":"Feature","properties":{"s":1.01},"geometry":{"type":"Point","coordinates":[80.3894,9.1029]}},{"type":"Feature","properties":{"s":0.93},"geometry":{"type":"Point","coordinates":[80.3901,9.1323]}},{"type":"Feature","properties":{"s":0.89},"geometry":{"type":"Point","coordinates":[80.3917,9.1536]}},{"type":"Feature","properties":{"s":1.08},"geometry":{"type":"Point","coordinates":[80.3926,9.1802]}},{"type":"Feature","properties":{"s":1.13},"geometry":{"type":"Point","coordinates":[80.3896,9.2103]}},{"type":"Feature","properties":{"s":1.19},"geometry":{"type":"Point","coordinates":[80.392,9.233]}},{"type":"Feature","properties":{"s":0.86},"geometry":{"type":"Point","coordinates":[80.3921,9.2529]}},{"type":"Feature","properties":{"s":1.05},"geometry":{"type":"Point","coordinates":[80.3965,8.9647]}},{"type":"Feature","properties":{"s":1.05},"geometry":{"type":"Point","coordinates":[80.3978,8.9916]}},{"type":"Feature","properties":{"s":0.85},"geometry":{"type":"Point","coordinates":[80.396,9.0188]}},{"type":"Feature","properties":{"s":0.97},"geometry":{"type":"Point","coordinates":[80.3969,9.0591]}},{"type":"Feature","properties":{"s":1.11},"geometry":{"type":"Point","coordinates":[80.3986,9.1078]}},{"type":"Feature","properties":{"s":1.02},"geometry":{"type":"Point","coordinates":[80.3977,9.1492]}},{"type":"Feature","properties":{"s":1},"geometry":{"type":"Point","coordinates":[80.3983,9.1784]}},{"type":"Feature","properties":{"s":1},"geometry":{"type":"Point","coordinates":[80.396,9.198]}},{"type":"Feature","properties":{"s":0.93},"geometry":{"type":"Point","coordinates":[80.3979,9.2378]}},{"type":"Feature","properties":{"s":0.9},"geometry":{"type":"Point","coordinates":[80.405,8.9331]}},{"type":"Feature","properties":{"s":0.91},"geometry":{"type":"Point","coordinates":[80.4016,8.9493]}},{"type":"Feature","properties":{"s":0.95},"geometry":{"type":"Point","coordinates":[80.4028,8.9759]}},{"type":"Feature","properties":{"s":0.92},"geometry":{"type":"Point","coordinates":[80.4027,9.0099]}},{"type":"Feature","properties":{"s":0.81},"geometry":{"type":"Point","coordinates":[80.4051,9.0587]}},{"type":"Feature","properties":{"s":1.08},"geometry":{"type":"Point","coordinates":[80.4037,9.0841]}},{"type":"Feature","properties":{"s":0.8},"geometry":{"type":"Point","coordinates":[80.403,9.1079]}},{"type":"Feature","properties":{"s":0.98},"geometry":{"type":"Point","coordinates":[80.4023,9.1424]}},{"type":"Feature","properties":{"s":0.86},"geometry":{"type":"Point","coordinates":[80.4015,9.1675]}},{"type":"Feature","properties":{"s":1.12},"geometry":{"type":"Point","coordinates":[80.4025,9.2011]}},{"type":"Feature","properties":{"s":1.07},"geometry":{"type":"Point","coordinates":[80.4041,9.2335]}},{"type":"Feature","properties":{"s":1.14},"geometry":{"type":"Point","coordinates":[80.4102,8.9491]}},{"type":"Feature","properties":{"s":0.83},"geometry":{"type":"Point","coordinates":[80.4089,8.9883]}},{"type":"Feature","properties":{"s":0.8},"geometry":{"type":"Point","coordinates":[80.4086,9.0126]}},{"type":"Feature","properties":{"s":0.89},"geometry":{"type":"Point","coordinates":[80.408,9.037]}},{"type":"Feature","properties":{"s":1.2},"geometry":{"type":"Point","coordinates":[80.4083,9.0654]}},{"type":"Feature","properties":{"s":0.92},"geometry":{"type":"Point","coordinates":[80.4074,9.093]}},{"type":"Feature","properties":{"s":0.96},"geometry":{"type":"Point","coordinates":[80.4077,9.1326]}},{"type":"Feature","properties":{"s":0.84},"geometry":{"type":"Point","coordinates":[80.4096,9.1597]}},{"type":"Feature","properties":{"s":1.15},"geometry":{"type":"Point","coordinates":[80.4112,9.1869]}},{"type":"Feature","properties":{"s":1.12},"geometry":{"type":"Point","coordinates":[80.41,9.2172]}},{"type":"Feature","properties":{"s":0.85},"geometry":{"type":"Point","coordinates":[80.4099,9.2409]}},{"type":"Feature","properties":{"s":1.17},"geometry":{"type":"Point","coordinates":[80.4079,9.2587]}},{"type":"Feature","properties":{"s":1.18},"geometry":{"type":"Point","coordinates":[80.4147,8.9403]}},{"type":"Feature","properties":{"s":0.8},"geometry":{"type":"Point","coordinates":[80.4149,8.9675]}},{"type":"Feature","properties":{"s":1.08},"geometry":{"type":"Point","coordinates":[80.4143,8.9972]}},{"type":"Feature","properties":{"s":0.92},"geometry":{"type":"Point","coordinates":[80.4136,9.0241]}},{"type":"Feature","properties":{"s":0.97},"geometry":{"type":"Point","coordinates":[80.4136,9.0453]}},{"type":"Feature","properties":{"s":0.88},"geometry":{"type":"Point","coordinates":[80.4141,9.0707]}},{"type":"Feature","properties":{"s":0.99},"geometry":{"type":"Point","coordinates":[80.4151,9.0932]}},{"type":"Feature","properties":{"s":0.97},"geometry":{"type":"Point","coordinates":[80.4134,9.1122]}},{"type":"Feature","properties":{"s":0.95},"geometry":{"type":"Point","coordinates":[80.4164,9.1432]}},{"type":"Feature","properties":{"s":1.17},"geometry":{"type":"Point","coordinates":[80.4174,9.1739]}},{"type":"Feature","properties":{"s":0.92},"geometry":{"type":"Point","coordinates":[80.4161,9.1979]}},{"type":"Feature","properties":{"s":0.84},"geometry":{"type":"Point","coordinates":[80.4143,9.2337]}},{"type":"Feature","properties":{"s":1.04},"geometry":{"type":"Point","coordinates":[80.4168,9.2508]}},{"type":"Feature","properties":{"s":1.11},"geometry":{"type":"Point","coordinates":[80.422,8.9523]}},{"type":"Feature","properties":{"s":1.09},"geometry":{"type":"Point","coordinates":[80.4203,8.9687]}},{"type":"Feature","properties":{"s":0.96},"geometry":{"type":"Point","coordinates":[80.4214,8.9978]}},{"type":"Feature","properties":{"s":0.82},"geometry":{"type":"Point","coordinates":[80.4193,9.0252]}},{"type":"Feature","properties":{"s":1.06},"geometry":{"type":"Point","coordinates":[80.4231,9.0529]}},{"type":"Feature","properties":{"s":1.04},"geometry":{"type":"Point","coordinates":[80.4223,9.0883]}},{"type":"Feature","properties":{"s":0.81},"geometry":{"type":"Point","coordinates":[80.4205,9.1249]}},{"type":"Feature","properties":{"s":0.94},"geometry":{"type":"Point","coordinates":[80.4202,9.1677]}},{"type":"Feature","properties":{"s":1.14},"geometry":{"type":"Point","coordinates":[80.4228,9.2076]}},{"type":"Feature","properties":{"s":1.05},"geometry":{"type":"Point","coordinates":[80.4205,9.2332]}},{"type":"Feature","properties":{"s":1.03},"geometry":{"type":"Point","coordinates":[80.4276,8.9163]}},{"type":"Feature","properties":{"s":0.98},"geometry":{"type":"Point","coordinates":[80.429,8.9553]}},{"type":"Feature","properties":{"s":1.12},"geometry":{"type":"Point","coordinates":[80.4274,8.988]}},{"type":"Feature","properties":{"s":1.19},"geometry":{"type":"Point","coordinates":[80.4275,9.0034]}},{"type":"Feature","properties":{"s":1.12},"geometry":{"type":"Point","coordinates":[80.4277,9.0301]}},{"type":"Feature","properties":{"s":0.81},"geometry":{"type":"Point","coordinates":[80.4271,9.0579]}},{"type":"Feature","properties":{"s":0.81},"geometry":{"type":"Point","coordinates":[80.4289,9.0836]}},{"type":"Feature","properties":{"s":1.02},"geometry":{"type":"Point","coordinates":[80.4259,9.1211]}},{"type":"Feature","properties":{"s":0.9},"geometry":{"type":"Point","coordinates":[80.4256,9.1489]}},{"type":"Feature","properties":{"s":0.96},"geometry":{"type":"Point","coordinates":[80.4283,9.1795]}},{"type":"Feature","properties":{"s":0.87},"geometry":{"type":"Point","coordinates":[80.4256,9.2021]}},{"type":"Feature","properties":{"s":1.16},"geometry":{"type":"Point","coordinates":[80.4282,9.2232]}},{"type":"Feature","properties":{"s":0.84},"geometry":{"type":"Point","coordinates":[80.4326,8.9254]}},{"type":"Feature","properties":{"s":1.17},"geometry":{"type":"Point","coordinates":[80.4348,8.9588]}},{"type":"Feature","properties":{"s":0.83},"geometry":{"type":"Point","coordinates":[80.4353,8.9946]}},{"type":"Feature","properties":{"s":0.96},"geometry":{"type":"Point","coordinates":[80.435,9.0091]}},{"type":"Feature","properties":{"s":0.98},"geometry":{"type":"Point","coordinates":[80.4329,9.0301]}},{"type":"Feature","properties":{"s":1.15},"geometry":{"type":"Point","coordinates":[80.4341,9.061]}},{"type":"Feature","properties":{"s":0.86},"geometry":{"type":"Point","coordinates":[80.4318,9.0911]}},{"type":"Feature","properties":{"s":0.86},"geometry":{"type":"Point","coordinates":[80.4343,9.1328]}},{"type":"Feature","properties":{"s":0.99},"geometry":{"type":"Point","coordinates":[80.4324,9.1728]}},{"type":"Feature","properties":{"s":1.1},"geometry":{"type":"Point","coordinates":[80.434,9.2043]}},{"type":"Feature","properties":{"s":0.91},"geometry":{"type":"Point","coordinates":[80.4349,9.2404]}},{"type":"Feature","properties":{"s":1.09},"geometry":{"type":"Point","coordinates":[80.4395,8.9105]}},{"type":"Feature","properties":{"s":0.88},"geometry":{"type":"Point","coordinates":[80.438,8.9468]}},{"type":"Feature","properties":{"s":0.89},"geometry":{"type":"Point","coordinates":[80.44,8.9705]}},{"type":"Feature","properties":{"s":0.89},"geometry":{"type":"Point","coordinates":[80.4411,9.0056]}},{"type":"Feature","properties":{"s":1},"geometry":{"type":"Point","coordinates":[80.4406,9.0367]}},{"type":"Feature","properties":{"s":1.03},"geometry":{"type":"Point","coordinates":[80.4402,9.0604]}},{"type":"Feature","properties":{"s":1.09},"geometry":{"type":"Point","coordinates":[80.4382,9.1147]}},{"type":"Feature","properties":{"s":0.92},"geometry":{"type":"Point","coordinates":[80.4386,9.1552]}},{"type":"Feature","properties":{"s":0.92},"geometry":{"type":"Point","coordinates":[80.4386,9.1779]}},{"type":"Feature","properties":{"s":0.94},"geometry":{"type":"Point","coordinates":[80.4381,9.2141]}},{"type":"Feature","properties":{"s":1.04},"geometry":{"type":"Point","coordinates":[80.4414,9.2387]}},{"type":"Feature","properties":{"s":1.19},"geometry":{"type":"Point","coordinates":[80.4463,8.9345]}},{"type":"Feature","properties":{"s":0.86},"geometry":{"type":"Point","coordinates":[80.445,8.9764]}},{"type":"Feature","properties":{"s":0.97},"geometry":{"type":"Point","coordinates":[80.4446,9.0038]}},{"type":"Feature","properties":{"s":0.99},"geometry":{"type":"Point","coordinates":[80.4433,9.0291]}},{"type":"Feature","properties":{"s":0.98},"geometry":{"type":"Point","coordinates":[80.4433,9.0487]}},{"type":"Feature","properties":{"s":1.11},"geometry":{"type":"Point","coordinates":[80.4457,9.09]}},{"type":"Feature","properties":{"s":1.07},"geometry":{"type":"Point","coordinates":[80.4461,9.1608]}},{"type":"Feature","properties":{"s":0.94},"geometry":{"type":"Point","coordinates":[80.4445,9.2015]}},{"type":"Feature","properties":{"s":0.93},"geometry":{"type":"Point","coordinates":[80.4464,9.2274]}},{"type":"Feature","properties":{"s":0.85},"geometry":{"type":"Point","coordinates":[80.4472,9.2431]}},{"type":"Feature","properties":{"s":0.87},"geometry":{"type":"Point","coordinates":[80.4514,8.9558]}},{"type":"Feature","properties":{"s":1.1},"geometry":{"type":"Point","coordinates":[80.4522,8.9738]}},{"type":"Feature","properties":{"s":0.82},"geometry":{"type":"Point","coordinates":[80.4523,9.0127]}},{"type":"Feature","properties":{"s":1.02},"geometry":{"type":"Point","coordinates":[80.4512,9.0425]}},{"type":"Feature","properties":{"s":1.14},"geometry":{"type":"Point","coordinates":[80.4518,9.0637]}},{"type":"Feature","properties":{"s":0.99},"geometry":{"type":"Point","coordinates":[80.4511,9.1135]}},{"type":"Feature","properties":{"s":0.96},"geometry":{"type":"Point","coordinates":[80.4502,9.1566]}},{"type":"Feature","properties":{"s":1.14},"geometry":{"type":"Point","coordinates":[80.4512,9.1839]}},{"type":"Feature","properties":{"s":1},"geometry":{"type":"Point","coordinates":[80.4525,9.2041]}},{"type":"Feature","properties":{"s":1.19},"geometry":{"type":"Point","coordinates":[80.4524,9.2499]}},{"type":"Feature","properties":{"s":0.81},"geometry":{"type":"Point","coordinates":[80.4592,8.9138]}},{"type":"Feature","properties":{"s":0.82},"geometry":{"type":"Point","coordinates":[80.4553,8.9318]}},{"type":"Feature","properties":{"s":1.09},"geometry":{"type":"Point","coordinates":[80.4588,8.9637]}},{"type":"Feature","properties":{"s":1.13},"geometry":{"type":"Point","coordinates":[80.4592,8.9947]}},{"type":"Feature","properties":{"s":1.17},"geometry":{"type":"Point","coordinates":[80.4575,9.029]}},{"type":"Feature","properties":{"s":0.86},"geometry":{"type":"Point","coordinates":[80.4566,9.0587]}},{"type":"Feature","properties":{"s":0.94},"geometry":{"type":"Point","coordinates":[80.4565,9.076]}},{"type":"Feature","properties":{"s":1.05},"geometry":{"type":"Point","coordinates":[80.4557,9.1007]}},{"type":"Feature","properties":{"s":1.01},"geometry":{"type":"Point","coordinates":[80.4559,9.1777]}},{"type":"Feature","properties":{"s":1.02},"geometry":{"type":"Point","coordinates":[80.4591,9.2142]}},{"type":"Feature","properties":{"s":1.03},"geometry":{"type":"Point","coordinates":[80.4562,9.2382]}},{"type":"Feature","properties":{"s":1.04},"geometry":{"type":"Point","coordinates":[80.4653,8.905]}},{"type":"Feature","properties":{"s":1.09},"geometry":{"type":"Point","coordinates":[80.4633,8.959]}},{"type":"Feature","properties":{"s":0.92},"geometry":{"type":"Point","coordinates":[80.4637,8.9747]}},{"type":"Feature","properties":{"s":1.09},"geometry":{"type":"Point","coordinates":[80.4614,9.0039]}},{"type":"Feature","properties":{"s":0.88},"geometry":{"type":"Point","coordinates":[80.4647,9.0299]}},{"type":"Feature","properties":{"s":0.89},"geometry":{"type":"Point","coordinates":[80.4634,9.0491]}},{"type":"Feature","properties":{"s":0.84},"geometry":{"type":"Point","coordinates":[80.4623,9.0715]}},{"type":"Feature","properties":{"s":1.09},"geometry":{"type":"Point","coordinates":[80.4652,9.1666]}},{"type":"Feature","properties":{"s":0.9},"geometry":{"type":"Point","coordinates":[80.4639,9.2018]}},{"type":"Feature","properties":{"s":1},"geometry":{"type":"Point","coordinates":[80.465,9.2192]}},{"type":"Feature","properties":{"s":1.13},"geometry":{"type":"Point","coordinates":[80.465,9.2439]}},{"type":"Feature","properties":{"s":0.98},"geometry":{"type":"Point","coordinates":[80.4633,9.2818]}},{"type":"Feature","properties":{"s":1.1},"geometry":{"type":"Point","coordinates":[80.4624,9.3008]}},{"type":"Feature","properties":{"s":0.93},"geometry":{"type":"Point","coordinates":[80.4711,8.8964]}},{"type":"Feature","properties":{"s":1.16},"geometry":{"type":"Point","coordinates":[80.4714,8.9288]}},{"type":"Feature","properties":{"s":0.8},"geometry":{"type":"Point","coordinates":[80.4673,8.9649]}},{"type":"Feature","properties":{"s":1.07},"geometry":{"type":"Point","coordinates":[80.4683,8.998]}},{"type":"Feature","properties":{"s":1.04},"geometry":{"type":"Point","coordinates":[80.4697,9.0226]}},{"type":"Feature","properties":{"s":1.11},"geometry":{"type":"Point","coordinates":[80.4704,9.0571]}},{"type":"Feature","properties":{"s":1.16},"geometry":{"type":"Point","coordinates":[80.4688,9.1676]}},{"type":"Feature","properties":{"s":1.03},"geometry":{"type":"Point","coordinates":[80.4701,9.2021]}},{"type":"Feature","properties":{"s":1.02},"geometry":{"type":"Point","coordinates":[80.4682,9.241]}},{"type":"Feature","properties":{"s":1.1},"geometry":{"type":"Point","coordinates":[80.4714,9.2767]}},{"type":"Feature","properties":{"s":0.82},"geometry":{"type":"Point","coordinates":[80.4712,9.3098]}},{"type":"Feature","properties":{"s":0.81},"geometry":{"type":"Point","coordinates":[80.4706,9.3302]}},{"type":"Feature","properties":{"s":1.08},"geometry":{"type":"Point","coordinates":[80.4755,8.9016]}},{"type":"Feature","properties":{"s":1.01},"geometry":{"type":"Point","coordinates":[80.4742,8.9457]}},{"type":"Feature","properties":{"s":0.99},"geometry":{"type":"Point","coordinates":[80.4763,8.9682]}},{"type":"Feature","properties":{"s":0.91},"geometry":{"type":"Point","coordinates":[80.474,8.9991]}},{"type":"Feature","properties":{"s":1.1},"geometry":{"type":"Point","coordinates":[80.4772,9.0218]}},{"type":"Feature","properties":{"s":1.13},"geometry":{"type":"Point","coordinates":[80.4768,9.0488]}},{"type":"Feature","properties":{"s":0.82},"geometry":{"type":"Point","coordinates":[80.4736,9.0837]}},{"type":"Feature","properties":{"s":0.86},"geometry":{"type":"Point","coordinates":[80.4759,9.2137]}},{"type":"Feature","properties":{"s":1.14},"geometry":{"type":"Point","coordinates":[80.475,9.2448]}},{"type":"Feature","properties":{"s":0.95},"geometry":{"type":"Point","coordinates":[80.476,9.2616]}},{"type":"Feature","properties":{"s":1.18},"geometry":{"type":"Point","coordinates":[80.4738,9.3063]}},{"type":"Feature","properties":{"s":0.87},"geometry":{"type":"Point","coordinates":[80.4743,9.3353]}},{"type":"Feature","properties":{"s":0.84},"geometry":{"type":"Point","coordinates":[80.4828,8.9103]}},{"type":"Feature","properties":{"s":0.82},"geometry":{"type":"Point","coordinates":[80.4828,8.9326]}},{"type":"Feature","properties":{"s":0.8},"geometry":{"type":"Point","coordinates":[80.4793,8.9525]}},{"type":"Feature","properties":{"s":0.85},"geometry":{"type":"Point","coordinates":[80.4811,8.9859]}},{"type":"Feature","properties":{"s":1.06},"geometry":{"type":"Point","coordinates":[80.4803,9.0113]}},{"type":"Feature","properties":{"s":0.84},"geometry":{"type":"Point","coordinates":[80.4819,9.0418]}},{"type":"Feature","properties":{"s":1.15},"geometry":{"type":"Point","coordinates":[80.4817,9.0761]}},{"type":"Feature","properties":{"s":0.82},"geometry":{"type":"Point","coordinates":[80.4799,9.2521]}},{"type":"Feature","properties":{"s":0.96},"geometry":{"type":"Point","coordinates":[80.4793,9.299]}},{"type":"Feature","properties":{"s":0.87},"geometry":{"type":"Point","coordinates":[80.4857,8.9104]}},{"type":"Feature","properties":{"s":0.95},"geometry":{"type":"Point","coordinates":[80.4853,8.9466]}},{"type":"Feature","properties":{"s":0.89},"geometry":{"type":"Point","coordinates":[80.4881,8.9626]}},{"type":"Feature","properties":{"s":1.06},"geometry":{"type":"Point","coordinates":[80.4872,8.9803]}},{"type":"Feature","properties":{"s":0.89},"geometry":{"type":"Point","coordinates":[80.4865,9.0165]}},{"type":"Feature","properties":{"s":1.09},"geometry":{"type":"Point","coordinates":[80.4854,9.0541]}},{"type":"Feature","properties":{"s":1.17},"geometry":{"type":"Point","coordinates":[80.4881,9.3173]}},{"type":"Feature","properties":{"s":0.98},"geometry":{"type":"Point","coordinates":[80.4941,8.9052]}},{"type":"Feature","properties":{"s":0.98},"geometry":{"type":"Point","coordinates":[80.4927,8.9451]}},{"type":"Feature","properties":{"s":0.8},"geometry":{"type":"Point","coordinates":[80.4943,8.9746]}},{"type":"Feature","properties":{"s":0.86},"geometry":{"type":"Point","coordinates":[80.4953,8.9977]}},{"type":"Feature","properties":{"s":0.99},"geometry":{"type":"Point","coordinates":[80.4928,9.0367]}},{"type":"Feature","properties":{"s":0.82},"geometry":{"type":"Point","coordinates":[80.4949,9.0657]}},{"type":"Feature","properties":{"s":0.92},"geometry":{"type":"Point","coordinates":[80.4983,8.9321]}},{"type":"Feature","properties":{"s":0.91},"geometry":{"type":"Point","coordinates":[80.4991,8.9575]}},{"type":"Feature","properties":{"s":1.11},"geometry":{"type":"Point","coordinates":[80.5006,8.9827]}},{"type":"Feature","properties":{"s":0.89},"geometry":{"type":"Point","coordinates":[80.4987,9.0153]}},{"type":"Feature","properties":{"s":1.2},"geometry":{"type":"Point","coordinates":[80.505,8.9089]}},{"type":"Feature","properties":{"s":0.94},"geometry":{"type":"Point","coordinates":[80.5041,8.9582]}},{"type":"Feature","properties":{"s":0.89},"geometry":{"type":"Point","coordinates":[80.5037,8.9869]}},{"type":"Feature","properties":{"s":0.81},"geometry":{"type":"Point","coordinates":[80.5107,8.9447]}},{"type":"Feature","properties":{"s":1.12},"geometry":{"type":"Point","coordinates":[80.5105,8.9921]}},{"type":"Feature","properties":{"s":1.03},"geometry":{"type":"Point","coordinates":[80.1801,8.9432]}},{"type":"Feature","properties":{"s":1.1},"geometry":{"type":"Point","coordinates":[80.1799,8.9733]}},{"type":"Feature","properties":{"s":1.17},"geometry":{"type":"Point","coordinates":[80.1836,8.9439]}},{"type":"Feature","properties":{"s":1.08},"geometry":{"type":"Point","coordinates":[80.185,8.9747]}},{"type":"Feature","properties":{"s":1.15},"geometry":{"type":"Point","coordinates":[80.1908,8.9382]}},{"type":"Feature","properties":{"s":0.86},"geometry":{"type":"Point","coordinates":[80.1906,8.9628]}},{"type":"Feature","properties":{"s":0.89},"geometry":{"type":"Point","coordinates":[80.1956,8.9434]}},{"type":"Feature","properties":{"s":0.82},"geometry":{"type":"Point","coordinates":[80.1979,8.9679]}},{"type":"Feature","properties":{"s":0.96},"geometry":{"type":"Point","coordinates":[80.1983,9.0043]}},{"type":"Feature","properties":{"s":0.92},"geometry":{"type":"Point","coordinates":[80.2022,8.932]}},{"type":"Feature","properties":{"s":0.92},"geometry":{"type":"Point","coordinates":[80.2044,8.956]}},{"type":"Feature","properties":{"s":1.18},"geometry":{"type":"Point","coordinates":[80.202,9.0028]}},{"type":"Feature","properties":{"s":1.02},"geometry":{"type":"Point","coordinates":[80.2067,8.8777]}},{"type":"Feature","properties":{"s":1.12},"geometry":{"type":"Point","coordinates":[80.2085,8.9661]}},{"type":"Feature","properties":{"s":1.2},"geometry":{"type":"Point","coordinates":[80.2099,8.9897]}},{"type":"Feature","properties":{"s":1.17},"geometry":{"type":"Point","coordinates":[80.2151,8.8554]}},{"type":"Feature","properties":{"s":0.82},"geometry":{"type":"Point","coordinates":[80.2164,8.879]}},{"type":"Feature","properties":{"s":0.93},"geometry":{"type":"Point","coordinates":[80.2151,8.9436]}},{"type":"Feature","properties":{"s":1.05},"geometry":{"type":"Point","coordinates":[80.213,8.9808]}},{"type":"Feature","properties":{"s":1},"geometry":{"type":"Point","coordinates":[80.2129,9.0044]}},{"type":"Feature","properties":{"s":1},"geometry":{"type":"Point","coordinates":[80.2191,8.8616]}},{"type":"Feature","properties":{"s":0.98},"geometry":{"type":"Point","coordinates":[80.2191,8.8913]}},{"type":"Feature","properties":{"s":1.2},"geometry":{"type":"Point","coordinates":[80.2197,8.9329]}},{"type":"Feature","properties":{"s":0.87},"geometry":{"type":"Point","coordinates":[80.2219,8.9678]}},{"type":"Feature","properties":{"s":0.85},"geometry":{"type":"Point","coordinates":[80.2203,8.993]}},{"type":"Feature","properties":{"s":1.03},"geometry":{"type":"Point","coordinates":[80.2189,9.0173]}},{"type":"Feature","properties":{"s":0.97},"geometry":{"type":"Point","coordinates":[80.2247,8.8707]}},{"type":"Feature","properties":{"s":1.08},"geometry":{"type":"Point","coordinates":[80.2261,8.8947]}},{"type":"Feature","properties":{"s":1.01},"geometry":{"type":"Point","coordinates":[80.2248,8.9182]}},{"type":"Feature","properties":{"s":0.92},"geometry":{"type":"Point","coordinates":[80.2276,8.9564]}},{"type":"Feature","properties":{"s":0.86},"geometry":{"type":"Point","coordinates":[80.2254,8.9937]}},{"type":"Feature","properties":{"s":0.89},"geometry":{"type":"Point","coordinates":[80.2258,9.0197]}},{"type":"Feature","properties":{"s":0.93},"geometry":{"type":"Point","coordinates":[80.2339,8.8522]}},{"type":"Feature","properties":{"s":0.89},"geometry":{"type":"Point","coordinates":[80.2308,8.8896]}},{"type":"Feature","properties":{"s":1.19},"geometry":{"type":"Point","coordinates":[80.2323,8.9255]}},{"type":"Feature","properties":{"s":1.15},"geometry":{"type":"Point","coordinates":[80.2305,8.9494]}},{"type":"Feature","properties":{"s":0.93},"geometry":{"type":"Point","coordinates":[80.2343,8.9928]}},{"type":"Feature","properties":{"s":1.04},"geometry":{"type":"Point","coordinates":[80.2323,9.01]}},{"type":"Feature","properties":{"s":1.09},"geometry":{"type":"Point","coordinates":[80.2398,8.8347]}},{"type":"Feature","properties":{"s":0.9},"geometry":{"type":"Point","coordinates":[80.2372,8.855]}},{"type":"Feature","properties":{"s":1.04},"geometry":{"type":"Point","coordinates":[80.2389,8.9025]}},{"type":"Feature","properties":{"s":1.14},"geometry":{"type":"Point","coordinates":[80.238,8.9377]}},{"type":"Feature","properties":{"s":0.9},"geometry":{"type":"Point","coordinates":[80.2402,8.9622]}},{"type":"Feature","properties":{"s":1.01},"geometry":{"type":"Point","coordinates":[80.2363,9.0106]}},{"type":"Feature","properties":{"s":0.9},"geometry":{"type":"Point","coordinates":[80.2374,9.0338]}},{"type":"Feature","properties":{"s":1.08},"geometry":{"type":"Point","coordinates":[80.2459,8.8591]}},{"type":"Feature","properties":{"s":0.93},"geometry":{"type":"Point","coordinates":[80.2433,8.8779]}},{"type":"Feature","properties":{"s":0.88},"geometry":{"type":"Point","coordinates":[80.2427,8.9008]}},{"type":"Feature","properties":{"s":1.12},"geometry":{"type":"Point","coordinates":[80.2446,8.9635]}},{"type":"Feature","properties":{"s":0.93},"geometry":{"type":"Point","coordinates":[80.246,8.978]}},{"type":"Feature","properties":{"s":1.18},"geometry":{"type":"Point","coordinates":[80.2426,9.0036]}},{"type":"Feature","properties":{"s":1.16},"geometry":{"type":"Point","coordinates":[80.2523,8.8183]}},{"type":"Feature","properties":{"s":0.8},"geometry":{"type":"Point","coordinates":[80.251,8.8636]}},{"type":"Feature","properties":{"s":0.81},"geometry":{"type":"Point","coordinates":[80.2494,8.9081]}},{"type":"Feature","properties":{"s":1.11},"geometry":{"type":"Point","coordinates":[80.2495,8.9319]}},{"type":"Feature","properties":{"s":1.04},"geometry":{"type":"Point","coordinates":[80.2524,8.9558]}},{"type":"Feature","properties":{"s":1.13},"geometry":{"type":"Point","coordinates":[80.2511,8.9808]}},{"type":"Feature","properties":{"s":0.93},"geometry":{"type":"Point","coordinates":[80.2523,9.0052]}},{"type":"Feature","properties":{"s":0.84},"geometry":{"type":"Point","coordinates":[80.2514,9.027]}},{"type":"Feature","properties":{"s":1.19},"geometry":{"type":"Point","coordinates":[80.2544,8.8281]}},{"type":"Feature","properties":{"s":1.09},"geometry":{"type":"Point","coordinates":[80.256,8.8975]}},{"type":"Feature","properties":{"s":0.84},"geometry":{"type":"Point","coordinates":[80.255,8.9255]}},{"type":"Feature","properties":{"s":1.18},"geometry":{"type":"Point","coordinates":[80.2565,8.9576]}},{"type":"Feature","properties":{"s":1.2},"geometry":{"type":"Point","coordinates":[80.2547,8.975]}},{"type":"Feature","properties":{"s":1.1},"geometry":{"type":"Point","coordinates":[80.2557,9.0157]}},{"type":"Feature","properties":{"s":1.2},"geometry":{"type":"Point","coordinates":[80.2638,8.81]}},{"type":"Feature","properties":{"s":1.02},"geometry":{"type":"Point","coordinates":[80.2636,8.8363]}},{"type":"Feature","properties":{"s":1.14},"geometry":{"type":"Point","coordinates":[80.2607,8.8795]}},{"type":"Feature","properties":{"s":0.83},"geometry":{"type":"Point","coordinates":[80.2621,8.9023]}},{"type":"Feature","properties":{"s":0.82},"geometry":{"type":"Point","coordinates":[80.2642,8.9316]}},{"type":"Feature","properties":{"s":1.08},"geometry":{"type":"Point","coordinates":[80.2608,8.9617]}},{"type":"Feature","properties":{"s":1.07},"geometry":{"type":"Point","coordinates":[80.2632,8.9805]}},{"type":"Feature","properties":{"s":1.01},"geometry":{"type":"Point","coordinates":[80.261,9.0165]}},{"type":"Feature","properties":{"s":0.97},"geometry":{"type":"Point","coordinates":[80.2664,8.8358]}},{"type":"Feature","properties":{"s":0.87},"geometry":{"type":"Point","coordinates":[80.2699,8.8782]}},{"type":"Feature","properties":{"s":1.05},"geometry":{"type":"Point","coordinates":[80.2697,8.9024]}},{"type":"Feature","properties":{"s":0.87},"geometry":{"type":"Point","coordinates":[80.2664,8.9324]}},{"type":"Feature","properties":{"s":1.18},"geometry":{"type":"Point","coordinates":[80.2686,8.9616]}},{"type":"Feature","properties":{"s":1.17},"geometry":{"type":"Point","coordinates":[80.2668,8.9957]}},{"type":"Feature","properties":{"s":0.86},"geometry":{"type":"Point","coordinates":[80.2672,9.0341]}},{"type":"Feature","properties":{"s":0.85},"geometry":{"type":"Point","coordinates":[80.2744,8.7892]}},{"type":"Feature","properties":{"s":0.97},"geometry":{"type":"Point","coordinates":[80.2735,8.8294]}},{"type":"Feature","properties":{"s":0.99},"geometry":{"type":"Point","coordinates":[80.2724,8.8645]}},{"type":"Feature","properties":{"s":1.16},"geometry":{"type":"Point","coordinates":[80.2731,8.8943]}},{"type":"Feature","properties":{"s":1.04},"geometry":{"type":"Point","coordinates":[80.2749,8.9269]}},{"type":"Feature","properties":{"s":0.9},"geometry":{"type":"Point","coordinates":[80.2743,8.9424]}},{"type":"Feature","properties":{"s":1.15},"geometry":{"type":"Point","coordinates":[80.2742,8.9688]}},{"type":"Feature","properties":{"s":0.86},"geometry":{"type":"Point","coordinates":[80.2737,8.9958]}},{"type":"Feature","properties":{"s":0.99},"geometry":{"type":"Point","coordinates":[80.276,9.0174]}},{"type":"Feature","properties":{"s":1.01},"geometry":{"type":"Point","coordinates":[80.2815,8.7936]}},{"type":"Feature","properties":{"s":1.08},"geometry":{"type":"Point","coordinates":[80.2823,8.8304]}},{"type":"Feature","properties":{"s":0.87},"geometry":{"type":"Point","coordinates":[80.2818,8.8556]}},{"type":"Feature","properties":{"s":0.87},"geometry":{"type":"Point","coordinates":[80.2789,8.877]}},{"type":"Feature","properties":{"s":1.04},"geometry":{"type":"Point","coordinates":[80.2795,8.9038]}},{"type":"Feature","properties":{"s":0.87},"geometry":{"type":"Point","coordinates":[80.2815,8.9388]}},{"type":"Feature","properties":{"s":0.83},"geometry":{"type":"Point","coordinates":[80.2787,8.9698]}},{"type":"Feature","properties":{"s":1.16},"geometry":{"type":"Point","coordinates":[80.2812,9.0204]}},{"type":"Feature","properties":{"s":0.8},"geometry":{"type":"Point","coordinates":[80.2795,9.0456]}},{"type":"Feature","properties":{"s":1.05},"geometry":{"type":"Point","coordinates":[80.2859,8.8168]}},{"type":"Feature","properties":{"s":1.12},"geometry":{"type":"Point","coordinates":[80.2861,8.8432]}},{"type":"Feature","properties":{"s":1.08},"geometry":{"type":"Point","coordinates":[80.2873,8.8704]}},{"type":"Feature","properties":{"s":1},"geometry":{"type":"Point","coordinates":[80.285,8.919]}},{"type":"Feature","properties":{"s":1.04},"geometry":{"type":"Point","coordinates":[80.2848,8.937]}},{"type":"Feature","properties":{"s":1.16},"geometry":{"type":"Point","coordinates":[80.2847,8.9676]}},{"type":"Feature","properties":{"s":0.9},"geometry":{"type":"Point","coordinates":[80.2848,9.0205]}},{"type":"Feature","properties":{"s":1.07},"geometry":{"type":"Point","coordinates":[80.2906,8.7883]}},{"type":"Feature","properties":{"s":0.93},"geometry":{"type":"Point","coordinates":[80.2913,8.8239]}},{"type":"Feature","properties":{"s":0.99},"geometry":{"type":"Point","coordinates":[80.2908,8.8609]}},{"type":"Feature","properties":{"s":1},"geometry":{"type":"Point","coordinates":[80.2907,8.8953]}},{"type":"Feature","properties":{"s":0.82},"geometry":{"type":"Point","coordinates":[80.2904,8.9371]}},{"type":"Feature","properties":{"s":1.02},"geometry":{"type":"Point","coordinates":[80.2936,8.9622]}},{"type":"Feature","properties":{"s":1.01},"geometry":{"type":"Point","coordinates":[80.2941,8.9971]}},{"type":"Feature","properties":{"s":0.94},"geometry":{"type":"Point","coordinates":[80.2923,9.0319]}},{"type":"Feature","properties":{"s":0.93},"geometry":{"type":"Point","coordinates":[80.2983,8.8169]}},{"type":"Feature","properties":{"s":0.94},"geometry":{"type":"Point","coordinates":[80.3,8.8643]}},{"type":"Feature","properties":{"s":0.93},"geometry":{"type":"Point","coordinates":[80.2975,8.8965]}},{"type":"Feature","properties":{"s":0.81},"geometry":{"type":"Point","coordinates":[80.2987,8.9268]}},{"type":"Feature","properties":{"s":1.04},"geometry":{"type":"Point","coordinates":[80.2999,8.9617]}},{"type":"Feature","properties":{"s":0.92},"geometry":{"type":"Point","coordinates":[80.3002,8.9843]}},{"type":"Feature","properties":{"s":1.06},"geometry":{"type":"Point","coordinates":[80.2981,9.01]}},{"type":"Feature","properties":{"s":1.07},"geometry":{"type":"Point","coordinates":[80.2987,9.0274]}},{"type":"Feature","properties":{"s":1},"geometry":{"type":"Point","coordinates":[80.3059,8.8117]}},{"type":"Feature","properties":{"s":1.17},"geometry":{"type":"Point","coordinates":[80.3042,8.8406]}},{"type":"Feature","properties":{"s":1.02},"geometry":{"type":"Point","coordinates":[80.3054,8.8759]}},{"type":"Feature","properties":{"s":0.87},"geometry":{"type":"Point","coordinates":[80.3043,8.9077]}},{"type":"Feature","properties":{"s":1.15},"geometry":{"type":"Point","coordinates":[80.3048,8.9372]}},{"type":"Feature","properties":{"s":1.05},"geometry":{"type":"Point","coordinates":[80.3042,8.9987]}},{"type":"Feature","properties":{"s":1.17},"geometry":{"type":"Point","coordinates":[80.3064,9.0169]}},{"type":"Feature","properties":{"s":1.02},"geometry":{"type":"Point","coordinates":[80.312,8.8072]}},{"type":"Feature","properties":{"s":1.18},"geometry":{"type":"Point","coordinates":[80.3114,8.8301]}},{"type":"Feature","properties":{"s":1.18},"geometry":{"type":"Point","coordinates":[80.3098,8.8556]}},{"type":"Feature","properties":{"s":1.1},"geometry":{"type":"Point","coordinates":[80.3097,8.8767]}},{"type":"Feature","properties":{"s":1.04},"geometry":{"type":"Point","coordinates":[80.3092,8.8949]}},{"type":"Feature","properties":{"s":0.93},"geometry":{"type":"Point","coordinates":[80.3109,8.9243]}},{"type":"Feature","properties":{"s":1.03},"geometry":{"type":"Point","coordinates":[80.3125,8.9502]}},{"type":"Feature","properties":{"s":1.17},"geometry":{"type":"Point","coordinates":[80.3094,8.9663]}},{"type":"Feature","properties":{"s":0.9},"geometry":{"type":"Point","coordinates":[80.3124,9.0019]}},{"type":"Feature","properties":{"s":1.18},"geometry":{"type":"Point","coordinates":[80.3174,8.812]}},{"type":"Feature","properties":{"s":0.86},"geometry":{"type":"Point","coordinates":[80.3162,8.8401]}},{"type":"Feature","properties":{"s":1.18},"geometry":{"type":"Point","coordinates":[80.317,8.8614]}},{"type":"Feature","properties":{"s":1.15},"geometry":{"type":"Point","coordinates":[80.3175,8.8918]}},{"type":"Feature","properties":{"s":1.19},"geometry":{"type":"Point","coordinates":[80.3167,8.9152]}},{"type":"Feature","properties":{"s":1.12},"geometry":{"type":"Point","coordinates":[80.3159,8.9329]}},{"type":"Feature","properties":{"s":0.82},"geometry":{"type":"Point","coordinates":[80.3171,8.9686]}},{"type":"Feature","properties":{"s":1.09},"geometry":{"type":"Point","coordinates":[80.3177,8.9963]}},{"type":"Feature","properties":{"s":0.96},"geometry":{"type":"Point","coordinates":[80.3231,8.8191]}},{"type":"Feature","properties":{"s":0.81},"geometry":{"type":"Point","coordinates":[80.3206,8.8613]}},{"type":"Feature","properties":{"s":0.86},"geometry":{"type":"Point","coordinates":[80.3207,8.8774]}},{"type":"Feature","properties":{"s":0.83},"geometry":{"type":"Point","coordinates":[80.3242,8.9119]}},{"type":"Feature","properties":{"s":0.94},"geometry":{"type":"Point","coordinates":[80.3207,8.9303]}},{"type":"Feature","properties":{"s":0.83},"geometry":{"type":"Point","coordinates":[80.3207,8.9685]}},{"type":"Feature","properties":{"s":0.83},"geometry":{"type":"Point","coordinates":[80.3236,9.0057]}},{"type":"Feature","properties":{"s":1.18},"geometry":{"type":"Point","coordinates":[80.3302,8.8191]}},{"type":"Feature","properties":{"s":1.08},"geometry":{"type":"Point","coordinates":[80.3274,8.8652]}},{"type":"Feature","properties":{"s":0.9},"geometry":{"type":"Point","coordinates":[80.3283,8.8889]}},{"type":"Feature","properties":{"s":0.99},"geometry":{"type":"Point","coordinates":[80.329,8.9296]}},{"type":"Feature","properties":{"s":0.96},"geometry":{"type":"Point","coordinates":[80.3358,8.8057]}},{"type":"Feature","properties":{"s":0.82},"geometry":{"type":"Point","coordinates":[80.3363,8.8349]}},{"type":"Feature","properties":{"s":0.93},"geometry":{"type":"Point","coordinates":[80.3348,8.8614]}},{"type":"Feature","properties":{"s":0.92},"geometry":{"type":"Point","coordinates":[80.3365,8.8901]}},{"type":"Feature","properties":{"s":1.11},"geometry":{"type":"Point","coordinates":[80.3361,8.9217]}},{"type":"Feature","properties":{"s":0.91},"geometry":{"type":"Point","coordinates":[80.3364,8.9577]}},{"type":"Feature","properties":{"s":1.2},"geometry":{"type":"Point","coordinates":[80.3324,8.9809]}},{"type":"Feature","properties":{"s":0.91},"geometry":{"type":"Point","coordinates":[80.3416,8.8112]}},{"type":"Feature","properties":{"s":0.91},"geometry":{"type":"Point","coordinates":[80.3425,8.8291]}},{"type":"Feature","properties":{"s":0.98},"geometry":{"type":"Point","coordinates":[80.3385,8.8612]}},{"type":"Feature","properties":{"s":1.14},"geometry":{"type":"Point","coordinates":[80.3415,8.8791]}},{"type":"Feature","properties":{"s":0.84},"geometry":{"type":"Point","coordinates":[80.3392,8.9006]}},{"type":"Feature","properties":{"s":1.03},"geometry":{"type":"Point","coordinates":[80.3405,8.918]}},{"type":"Feature","properties":{"s":1.18},"geometry":{"type":"Point","coordinates":[80.3409,8.9573]}},{"type":"Feature","properties":{"s":1.16},"geometry":{"type":"Point","coordinates":[80.346,8.8286]}},{"type":"Feature","properties":{"s":0.9},"geometry":{"type":"Point","coordinates":[80.3483,8.8552]}},{"type":"Feature","properties":{"s":0.85},"geometry":{"type":"Point","coordinates":[80.3459,8.8916]}},{"type":"Feature","properties":{"s":0.9},"geometry":{"type":"Point","coordinates":[80.347,8.914]}},{"type":"Feature","properties":{"s":0.84},"geometry":{"type":"Point","coordinates":[80.3457,8.9574]}},{"type":"Feature","properties":{"s":1.01},"geometry":{"type":"Point","coordinates":[80.3531,8.8828]}},{"type":"Feature","properties":{"s":1.11},"geometry":{"type":"Point","coordinates":[80.3504,8.9086]}},{"type":"Feature","properties":{"s":0.92},"geometry":{"type":"Point","coordinates":[80.3545,8.9366]}},{"type":"Feature","properties":{"s":1.16},"geometry":{"type":"Point","coordinates":[80.3515,8.9635]}},{"type":"Feature","properties":{"s":0.94},"geometry":{"type":"Point","coordinates":[80.3589,8.8841]}},{"type":"Feature","properties":{"s":0.84},"geometry":{"type":"Point","coordinates":[80.3576,8.9022]}},{"type":"Feature","properties":{"s":0.92},"geometry":{"type":"Point","coordinates":[80.3601,8.9496]}},{"type":"Feature","properties":{"s":0.81},"geometry":{"type":"Point","coordinates":[80.3646,8.8724]}},{"type":"Feature","properties":{"s":1.1},"geometry":{"type":"Point","coordinates":[80.3651,8.9028]}},{"type":"Feature","properties":{"s":1.11},"geometry":{"type":"Point","coordinates":[80.3644,8.9397]}},{"type":"Feature","properties":{"s":0.94},"geometry":{"type":"Point","coordinates":[80.3639,8.9658]}},{"type":"Feature","properties":{"s":1.12},"geometry":{"type":"Point","coordinates":[80.3715,8.8773]}},{"type":"Feature","properties":{"s":0.99},"geometry":{"type":"Point","coordinates":[80.3709,8.9137]}},{"type":"Feature","properties":{"s":0.95},"geometry":{"type":"Point","coordinates":[80.3716,8.9396]}},{"type":"Feature","properties":{"s":1.17},"geometry":{"type":"Point","coordinates":[80.3707,8.9604]}},{"type":"Feature","properties":{"s":1.18},"geometry":{"type":"Point","coordinates":[80.3782,8.8915]}},{"type":"Feature","properties":{"s":1.19},"geometry":{"type":"Point","coordinates":[80.3747,8.9258]}},{"type":"Feature","properties":{"s":1.11},"geometry":{"type":"Point","coordinates":[80.3759,8.96]}},{"type":"Feature","properties":{"s":1.12},"geometry":{"type":"Point","coordinates":[80.3807,8.8772]}},{"type":"Feature","properties":{"s":1.03},"geometry":{"type":"Point","coordinates":[80.3834,8.9027]}},{"type":"Feature","properties":{"s":1.18},"geometry":{"type":"Point","coordinates":[80.3805,8.9207]}},{"type":"Feature","properties":{"s":1.13},"geometry":{"type":"Point","coordinates":[80.3805,8.9392]}},{"type":"Feature","properties":{"s":0.86},"geometry":{"type":"Point","coordinates":[80.3831,8.968]}},{"type":"Feature","properties":{"s":1.09},"geometry":{"type":"Point","coordinates":[80.3892,8.908]}},{"type":"Feature","properties":{"s":0.95},"geometry":{"type":"Point","coordinates":[80.387,8.9332]}},{"type":"Feature","properties":{"s":0.89},"geometry":{"type":"Point","coordinates":[80.3956,8.8788]}},{"type":"Feature","properties":{"s":0.99},"geometry":{"type":"Point","coordinates":[80.3947,8.907]}},{"type":"Feature","properties":{"s":1.18},"geometry":{"type":"Point","coordinates":[80.4007,8.8558]}},{"type":"Feature","properties":{"s":0.82},"geometry":{"type":"Point","coordinates":[80.3999,8.8735]}},{"type":"Feature","properties":{"s":1.08},"geometry":{"type":"Point","coordinates":[80.4,8.9026]}},{"type":"Feature","properties":{"s":1.15},"geometry":{"type":"Point","coordinates":[80.4006,8.9273]}},{"type":"Feature","properties":{"s":0.86},"geometry":{"type":"Point","coordinates":[80.408,8.8822]}},{"type":"Feature","properties":{"s":0.9},"geometry":{"type":"Point","coordinates":[80.4057,8.9034]}},{"type":"Feature","properties":{"s":1.2},"geometry":{"type":"Point","coordinates":[80.4111,8.8457]}},{"type":"Feature","properties":{"s":1.2},"geometry":{"type":"Point","coordinates":[80.4112,8.888]}},{"type":"Feature","properties":{"s":1.04},"geometry":{"type":"Point","coordinates":[80.4184,8.8759]}},{"type":"Feature","properties":{"s":1.18},"geometry":{"type":"Point","coordinates":[80.4254,8.8667]}},{"type":"Feature","properties":{"s":0.86},"geometry":{"type":"Point","coordinates":[80.4253,8.9]}},{"type":"Feature","properties":{"s":0.8},"geometry":{"type":"Point","coordinates":[80.4319,8.8649]}},{"type":"Feature","properties":{"s":1.05},"geometry":{"type":"Point","coordinates":[80.4366,8.8483]}},{"type":"Feature","properties":{"s":0.99},"geometry":{"type":"Point","coordinates":[80.4348,8.8717]}},{"type":"Feature","properties":{"s":0.87},"geometry":{"type":"Point","coordinates":[80.4355,8.8998]}},{"type":"Feature","properties":{"s":1.07},"geometry":{"type":"Point","coordinates":[80.4422,8.852]}},{"type":"Feature","properties":{"s":0.9},"geometry":{"type":"Point","coordinates":[80.4429,8.8734]}},{"type":"Feature","properties":{"s":0.88},"geometry":{"type":"Point","coordinates":[80.4484,8.8606]}},{"type":"Feature","properties":{"s":1.1},"geometry":{"type":"Point","coordinates":[80.4468,8.8781]}},{"type":"Feature","properties":{"s":1.09},"geometry":{"type":"Point","coordinates":[80.4554,8.8614]}},{"type":"Feature","properties":{"s":0.95},"geometry":{"type":"Point","coordinates":[80.456,8.8786]}},{"type":"Feature","properties":{"s":1.08},"geometry":{"type":"Point","coordinates":[80.459,8.8552]}},{"type":"Feature","properties":{"s":1.17},"geometry":{"type":"Point","coordinates":[80.459,8.8821]}},{"type":"Feature","properties":{"s":1.11},"geometry":{"type":"Point","coordinates":[80.4668,8.824]}},{"type":"Feature","properties":{"s":0.98},"geometry":{"type":"Point","coordinates":[80.4644,8.8697]}},{"type":"Feature","properties":{"s":0.9},"geometry":{"type":"Point","coordinates":[80.4709,8.8555]}},{"type":"Feature","properties":{"s":0.89},"geometry":{"type":"Point","coordinates":[80.4788,8.8531]}},{"type":"Feature","properties":{"s":1.03},"geometry":{"type":"Point","coordinates":[80.8433,7.7372]}},{"type":"Feature","properties":{"s":1.17},"geometry":{"type":"Point","coordinates":[80.8484,7.6409]}},{"type":"Feature","properties":{"s":1.05},"geometry":{"type":"Point","coordinates":[80.8511,7.7238]}},{"type":"Feature","properties":{"s":0.81},"geometry":{"type":"Point","coordinates":[80.8478,7.7409]}},{"type":"Feature","properties":{"s":0.86},"geometry":{"type":"Point","coordinates":[80.8564,7.6444]}},{"type":"Feature","properties":{"s":0.93},"geometry":{"type":"Point","coordinates":[80.8565,7.6638]}},{"type":"Feature","properties":{"s":0.81},"geometry":{"type":"Point","coordinates":[80.8574,7.6944]}},{"type":"Feature","properties":{"s":0.95},"geometry":{"type":"Point","coordinates":[80.8569,7.7345]}},{"type":"Feature","properties":{"s":1.09},"geometry":{"type":"Point","coordinates":[80.8576,7.7771]}},{"type":"Feature","properties":{"s":0.97},"geometry":{"type":"Point","coordinates":[80.8612,7.6229]}},{"type":"Feature","properties":{"s":1.13},"geometry":{"type":"Point","coordinates":[80.8618,7.6389]}},{"type":"Feature","properties":{"s":0.99},"geometry":{"type":"Point","coordinates":[80.8607,7.6721]}},{"type":"Feature","properties":{"s":1.07},"geometry":{"type":"Point","coordinates":[80.8627,7.7132]}},{"type":"Feature","properties":{"s":1.04},"geometry":{"type":"Point","coordinates":[80.8614,7.736]}},{"type":"Feature","properties":{"s":0.94},"geometry":{"type":"Point","coordinates":[80.8634,7.7615]}},{"type":"Feature","properties":{"s":1.17},"geometry":{"type":"Point","coordinates":[80.8662,7.5447]}},{"type":"Feature","properties":{"s":1.01},"geometry":{"type":"Point","coordinates":[80.8682,7.5672]}},{"type":"Feature","properties":{"s":1.18},"geometry":{"type":"Point","coordinates":[80.8682,7.5863]}},{"type":"Feature","properties":{"s":1.11},"geometry":{"type":"Point","coordinates":[80.8692,7.6164]}},{"type":"Feature","properties":{"s":1.05},"geometry":{"type":"Point","coordinates":[80.8694,7.6588]}},{"type":"Feature","properties":{"s":1.07},"geometry":{"type":"Point","coordinates":[80.8679,7.6835]}},{"type":"Feature","properties":{"s":1.03},"geometry":{"type":"Point","coordinates":[80.8657,7.7042]}},{"type":"Feature","properties":{"s":0.88},"geometry":{"type":"Point","coordinates":[80.8656,7.7362]}},{"type":"Feature","properties":{"s":0.92},"geometry":{"type":"Point","coordinates":[80.8665,7.7536]}},{"type":"Feature","properties":{"s":0.9},"geometry":{"type":"Point","coordinates":[80.8696,7.7881]}},{"type":"Feature","properties":{"s":1.06},"geometry":{"type":"Point","coordinates":[80.872,7.5505]}},{"type":"Feature","properties":{"s":1.07},"geometry":{"type":"Point","coordinates":[80.8717,7.5793]}},{"type":"Feature","properties":{"s":1.15},"geometry":{"type":"Point","coordinates":[80.8745,7.6]}},{"type":"Feature","properties":{"s":1.02},"geometry":{"type":"Point","coordinates":[80.8742,7.6206]}},{"type":"Feature","properties":{"s":1.07},"geometry":{"type":"Point","coordinates":[80.8717,7.6562]}},{"type":"Feature","properties":{"s":1.12},"geometry":{"type":"Point","coordinates":[80.8743,7.6766]}},{"type":"Feature","properties":{"s":0.95},"geometry":{"type":"Point","coordinates":[80.8721,7.7053]}},{"type":"Feature","properties":{"s":0.82},"geometry":{"type":"Point","coordinates":[80.8726,7.7237]}},{"type":"Feature","properties":{"s":1.14},"geometry":{"type":"Point","coordinates":[80.8733,7.7402]}},{"type":"Feature","properties":{"s":1.01},"geometry":{"type":"Point","coordinates":[80.8717,7.772]}},{"type":"Feature","properties":{"s":1.14},"geometry":{"type":"Point","coordinates":[80.8723,7.7941]}},{"type":"Feature","properties":{"s":1.06},"geometry":{"type":"Point","coordinates":[80.8787,7.5672]}},{"type":"Feature","properties":{"s":1.16},"geometry":{"type":"Point","coordinates":[80.8796,7.6039]}},{"type":"Feature","properties":{"s":0.98},"geometry":{"type":"Point","coordinates":[80.8806,7.6287]}},{"type":"Feature","properties":{"s":0.93},"geometry":{"type":"Point","coordinates":[80.8812,7.6468]}},{"type":"Feature","properties":{"s":0.87},"geometry":{"type":"Point","coordinates":[80.8811,7.6774]}},{"type":"Feature","properties":{"s":0.97},"geometry":{"type":"Point","coordinates":[80.88,7.7354]}},{"type":"Feature","properties":{"s":1.19},"geometry":{"type":"Point","coordinates":[80.878,7.7555]}},{"type":"Feature","properties":{"s":1.19},"geometry":{"type":"Point","coordinates":[80.8811,7.7855]}},{"type":"Feature","properties":{"s":1.03},"geometry":{"type":"Point","coordinates":[80.8782,7.8088]}},{"type":"Feature","properties":{"s":1.07},"geometry":{"type":"Point","coordinates":[80.8872,7.6449]}},{"type":"Feature","properties":{"s":0.96},"geometry":{"type":"Point","coordinates":[80.8852,7.6751]}},{"type":"Feature","properties":{"s":0.9},"geometry":{"type":"Point","coordinates":[80.886,7.707]}},{"type":"Feature","properties":{"s":0.88},"geometry":{"type":"Point","coordinates":[80.8868,7.7463]}},{"type":"Feature","properties":{"s":0.94},"geometry":{"type":"Point","coordinates":[80.8867,7.7917]}},{"type":"Feature","properties":{"s":1.04},"geometry":{"type":"Point","coordinates":[80.8843,7.8069]}},{"type":"Feature","properties":{"s":1.04},"geometry":{"type":"Point","coordinates":[80.8931,7.6045]}},{"type":"Feature","properties":{"s":1.09},"geometry":{"type":"Point","coordinates":[80.8912,7.6298]}},{"type":"Feature","properties":{"s":1.12},"geometry":{"type":"Point","coordinates":[80.8933,7.6563]}},{"type":"Feature","properties":{"s":0.88},"geometry":{"type":"Point","coordinates":[80.8915,7.6768]}},{"type":"Feature","properties":{"s":1.1},"geometry":{"type":"Point","coordinates":[80.8915,7.7233]}},{"type":"Feature","properties":{"s":0.89},"geometry":{"type":"Point","coordinates":[80.8905,7.7606]}},{"type":"Feature","properties":{"s":0.89},"geometry":{"type":"Point","coordinates":[80.8904,7.7852]}},{"type":"Feature","properties":{"s":0.96},"geometry":{"type":"Point","coordinates":[80.8902,7.812]}},{"type":"Feature","properties":{"s":1.16},"geometry":{"type":"Point","coordinates":[80.8936,7.8392]}},{"type":"Feature","properties":{"s":0.94},"geometry":{"type":"Point","coordinates":[80.8972,7.6157]}},{"type":"Feature","properties":{"s":1.19},"geometry":{"type":"Point","coordinates":[80.8971,7.6417]}},{"type":"Feature","properties":{"s":1.17},"geometry":{"type":"Point","coordinates":[80.8964,7.6771]}},{"type":"Feature","properties":{"s":1.16},"geometry":{"type":"Point","coordinates":[80.8982,7.7013]}},{"type":"Feature","properties":{"s":1.16},"geometry":{"type":"Point","coordinates":[80.8981,7.7496]}},{"type":"Feature","properties":{"s":1.04},"geometry":{"type":"Point","coordinates":[80.8977,7.7767]}},{"type":"Feature","properties":{"s":1.07},"geometry":{"type":"Point","coordinates":[80.8984,7.8084]}},{"type":"Feature","properties":{"s":1.11},"geometry":{"type":"Point","coordinates":[80.897,7.8246]}},{"type":"Feature","properties":{"s":1.16},"geometry":{"type":"Point","coordinates":[80.8982,7.8487]}},{"type":"Feature","properties":{"s":0.98},"geometry":{"type":"Point","coordinates":[80.9028,7.6083]}},{"type":"Feature","properties":{"s":1.02},"geometry":{"type":"Point","coordinates":[80.9042,7.6537]}},{"type":"Feature","properties":{"s":0.92},"geometry":{"type":"Point","coordinates":[80.9053,7.6749]}},{"type":"Feature","properties":{"s":1.13},"geometry":{"type":"Point","coordinates":[80.9028,7.6987]}},{"type":"Feature","properties":{"s":0.84},"geometry":{"type":"Point","coordinates":[80.9039,7.7295]}},{"type":"Feature","properties":{"s":1.07},"geometry":{"type":"Point","coordinates":[80.9026,7.766]}},{"type":"Feature","properties":{"s":0.96},"geometry":{"type":"Point","coordinates":[80.9043,7.8084]}},{"type":"Feature","properties":{"s":1.04},"geometry":{"type":"Point","coordinates":[80.9052,7.8437]}},{"type":"Feature","properties":{"s":1.17},"geometry":{"type":"Point","coordinates":[80.9076,7.6041]}},{"type":"Feature","properties":{"s":1.17},"geometry":{"type":"Point","coordinates":[80.908,7.6346]}},{"type":"Feature","properties":{"s":1.1},"geometry":{"type":"Point","coordinates":[80.9109,7.6524]}},{"type":"Feature","properties":{"s":0.93},"geometry":{"type":"Point","coordinates":[80.911,7.6771]}},{"type":"Feature","properties":{"s":0.86},"geometry":{"type":"Point","coordinates":[80.9095,7.7004]}},{"type":"Feature","properties":{"s":1.13},"geometry":{"type":"Point","coordinates":[80.9101,7.7421]}},{"type":"Feature","properties":{"s":0.89},"geometry":{"type":"Point","coordinates":[80.9094,7.7658]}},{"type":"Feature","properties":{"s":0.82},"geometry":{"type":"Point","coordinates":[80.9085,7.7838]}},{"type":"Feature","properties":{"s":1.03},"geometry":{"type":"Point","coordinates":[80.9097,7.814]}},{"type":"Feature","properties":{"s":0.81},"geometry":{"type":"Point","coordinates":[80.9088,7.8368]}},{"type":"Feature","properties":{"s":0.91},"geometry":{"type":"Point","coordinates":[80.9135,7.6115]}},{"type":"Feature","properties":{"s":0.89},"geometry":{"type":"Point","coordinates":[80.9151,7.656]}},{"type":"Feature","properties":{"s":1.19},"geometry":{"type":"Point","coordinates":[80.9138,7.6828]}},{"type":"Feature","properties":{"s":1.18},"geometry":{"type":"Point","coordinates":[80.9149,7.7058]}},{"type":"Feature","properties":{"s":1.1},"geometry":{"type":"Point","coordinates":[80.9169,7.7284]}},{"type":"Feature","properties":{"s":0.96},"geometry":{"type":"Point","coordinates":[80.9139,7.762]}},{"type":"Feature","properties":{"s":1.2},"geometry":{"type":"Point","coordinates":[80.9136,7.7912]}},{"type":"Feature","properties":{"s":1.16},"geometry":{"type":"Point","coordinates":[80.9153,7.8156]}},{"type":"Feature","properties":{"s":0.98},"geometry":{"type":"Point","coordinates":[80.9157,7.8488]}},{"type":"Feature","properties":{"s":1.18},"geometry":{"type":"Point","coordinates":[80.921,7.6463]}},{"type":"Feature","properties":{"s":0.94},"geometry":{"type":"Point","coordinates":[80.9234,7.6762]}},{"type":"Feature","properties":{"s":1.19},"geometry":{"type":"Point","coordinates":[80.9195,7.696]}},{"type":"Feature","properties":{"s":1.16},"geometry":{"type":"Point","coordinates":[80.9202,7.7192]}},{"type":"Feature","properties":{"s":0.98},"geometry":{"type":"Point","coordinates":[80.9211,7.7559]}},{"type":"Feature","properties":{"s":1.14},"geometry":{"type":"Point","coordinates":[80.9228,7.8015]}},{"type":"Feature","properties":{"s":1.04},"geometry":{"type":"Point","coordinates":[80.9212,7.83]}},{"type":"Feature","properties":{"s":1.12},"geometry":{"type":"Point","coordinates":[80.9225,7.8515]}},{"type":"Feature","properties":{"s":0.92},"geometry":{"type":"Point","coordinates":[80.9274,7.6753]}},{"type":"Feature","properties":{"s":0.85},"geometry":{"type":"Point","coordinates":[80.9255,7.7125]}},{"type":"Feature","properties":{"s":0.91},"geometry":{"type":"Point","coordinates":[80.9282,7.7353]}},{"type":"Feature","properties":{"s":0.84},"geometry":{"type":"Point","coordinates":[80.9282,7.7661]}},{"type":"Feature","properties":{"s":1.11},"geometry":{"type":"Point","coordinates":[80.9281,7.8084]}},{"type":"Feature","properties":{"s":0.9},"geometry":{"type":"Point","coordinates":[80.9272,7.8328]}},{"type":"Feature","properties":{"s":1.01},"geometry":{"type":"Point","coordinates":[80.9316,7.6599]}},{"type":"Feature","properties":{"s":1.05},"geometry":{"type":"Point","coordinates":[80.9328,7.6834]}},{"type":"Feature","properties":{"s":1.01},"geometry":{"type":"Point","coordinates":[80.9326,7.7287]}},{"type":"Feature","properties":{"s":1.19},"geometry":{"type":"Point","coordinates":[80.9354,7.7496]}},{"type":"Feature","properties":{"s":0.81},"geometry":{"type":"Point","coordinates":[80.9331,7.779]}},{"type":"Feature","properties":{"s":1.13},"geometry":{"type":"Point","coordinates":[80.9354,7.7976]}},{"type":"Feature","properties":{"s":0.84},"geometry":{"type":"Point","coordinates":[80.9324,7.8336]}},{"type":"Feature","properties":{"s":0.82},"geometry":{"type":"Point","coordinates":[80.9409,7.6779]}},{"type":"Feature","properties":{"s":0.88},"geometry":{"type":"Point","coordinates":[80.9386,7.7072]}},{"type":"Feature","properties":{"s":1.1},"geometry":{"type":"Point","coordinates":[80.9416,7.73]}},{"type":"Feature","properties":{"s":1.2},"geometry":{"type":"Point","coordinates":[80.9409,7.7679]}},{"type":"Feature","properties":{"s":0.93},"geometry":{"type":"Point","coordinates":[80.9399,7.7892]}},{"type":"Feature","properties":{"s":1.12},"geometry":{"type":"Point","coordinates":[80.9383,7.8308]}},{"type":"Feature","properties":{"s":1.17},"geometry":{"type":"Point","coordinates":[80.9381,7.8512]}},{"type":"Feature","properties":{"s":1.01},"geometry":{"type":"Point","coordinates":[80.9447,7.6771]}},{"type":"Feature","properties":{"s":0.97},"geometry":{"type":"Point","coordinates":[80.9445,7.7017]}},{"type":"Feature","properties":{"s":0.9},"geometry":{"type":"Point","coordinates":[80.9452,7.7291]}},{"type":"Feature","properties":{"s":1.07},"geometry":{"type":"Point","coordinates":[80.9442,7.7464]}},{"type":"Feature","properties":{"s":0.92},"geometry":{"type":"Point","coordinates":[80.9476,7.7793]}},{"type":"Feature","properties":{"s":0.95},"geometry":{"type":"Point","coordinates":[80.9445,7.8084]}},{"type":"Feature","properties":{"s":1.11},"geometry":{"type":"Point","coordinates":[80.9468,7.8394]}},{"type":"Feature","properties":{"s":0.95},"geometry":{"type":"Point","coordinates":[80.9529,7.6622]}},{"type":"Feature","properties":{"s":0.85},"geometry":{"type":"Point","coordinates":[80.953,7.6885]}},{"type":"Feature","properties":{"s":0.92},"geometry":{"type":"Point","coordinates":[80.9518,7.7063]}},{"type":"Feature","properties":{"s":1.19},"geometry":{"type":"Point","coordinates":[80.951,7.7345]}},{"type":"Feature","properties":{"s":1.09},"geometry":{"type":"Point","coordinates":[80.9512,7.7587]}},{"type":"Feature","properties":{"s":0.95},"geometry":{"type":"Point","coordinates":[80.9511,7.7907]}},{"type":"Feature","properties":{"s":0.94},"geometry":{"type":"Point","coordinates":[80.9534,7.814]}},{"type":"Feature","properties":{"s":0.84},"geometry":{"type":"Point","coordinates":[80.9527,7.8379]}},{"type":"Feature","properties":{"s":0.99},"geometry":{"type":"Point","coordinates":[80.9565,7.6699]}},{"type":"Feature","properties":{"s":0.99},"geometry":{"type":"Point","coordinates":[80.9556,7.6941]}},{"type":"Feature","properties":{"s":0.88},"geometry":{"type":"Point","coordinates":[80.958,7.7423]}},{"type":"Feature","properties":{"s":0.89},"geometry":{"type":"Point","coordinates":[80.9559,7.7598]}},{"type":"Feature","properties":{"s":0.99},"geometry":{"type":"Point","coordinates":[80.9582,7.7971]}},{"type":"Feature","properties":{"s":0.89},"geometry":{"type":"Point","coordinates":[80.9594,7.8264]}},{"type":"Feature","properties":{"s":1.01},"geometry":{"type":"Point","coordinates":[80.9556,7.8578]}},{"type":"Feature","properties":{"s":1.09},"geometry":{"type":"Point","coordinates":[80.9649,7.6649]}},{"type":"Feature","properties":{"s":0.84},"geometry":{"type":"Point","coordinates":[80.9651,7.687]}},{"type":"Feature","properties":{"s":0.89},"geometry":{"type":"Point","coordinates":[80.9628,7.7167]}},{"type":"Feature","properties":{"s":0.82},"geometry":{"type":"Point","coordinates":[80.9652,7.7407]}},{"type":"Feature","properties":{"s":1},"geometry":{"type":"Point","coordinates":[80.9615,7.7654]}},{"type":"Feature","properties":{"s":0.93},"geometry":{"type":"Point","coordinates":[80.9625,7.804]}},{"type":"Feature","properties":{"s":1.06},"geometry":{"type":"Point","coordinates":[80.9625,7.8188]}},{"type":"Feature","properties":{"s":0.86},"geometry":{"type":"Point","coordinates":[80.9633,7.8512]}},{"type":"Feature","properties":{"s":1},"geometry":{"type":"Point","coordinates":[80.9685,7.6457]}},{"type":"Feature","properties":{"s":1.04},"geometry":{"type":"Point","coordinates":[80.9706,7.6651]}},{"type":"Feature","properties":{"s":1.07},"geometry":{"type":"Point","coordinates":[80.9675,7.6924]}},{"type":"Feature","properties":{"s":1.09},"geometry":{"type":"Point","coordinates":[80.9702,7.717]}},{"type":"Feature","properties":{"s":0.88},"geometry":{"type":"Point","coordinates":[80.9678,7.7399]}},{"type":"Feature","properties":{"s":1.12},"geometry":{"type":"Point","coordinates":[80.9693,7.7713]}},{"type":"Feature","properties":{"s":0.93},"geometry":{"type":"Point","coordinates":[80.9687,7.809]}},{"type":"Feature","properties":{"s":0.95},"geometry":{"type":"Point","coordinates":[80.9678,7.8419]}},{"type":"Feature","properties":{"s":0.86},"geometry":{"type":"Point","coordinates":[80.9744,7.6466]}},{"type":"Feature","properties":{"s":0.82},"geometry":{"type":"Point","coordinates":[80.9743,7.678]}},{"type":"Feature","properties":{"s":0.88},"geometry":{"type":"Point","coordinates":[80.9747,7.6995]}},{"type":"Feature","properties":{"s":0.87},"geometry":{"type":"Point","coordinates":[80.9762,7.7378]}},{"type":"Feature","properties":{"s":0.93},"geometry":{"type":"Point","coordinates":[80.9735,7.7839]}},{"type":"Feature","properties":{"s":0.93},"geometry":{"type":"Point","coordinates":[80.9759,7.8133]}},{"type":"Feature","properties":{"s":0.91},"geometry":{"type":"Point","coordinates":[80.9746,7.8629]}},{"type":"Feature","properties":{"s":1.03},"geometry":{"type":"Point","coordinates":[80.9833,7.6517]}},{"type":"Feature","properties":{"s":1.2},"geometry":{"type":"Point","coordinates":[80.9822,7.6808]}},{"type":"Feature","properties":{"s":0.83},"geometry":{"type":"Point","coordinates":[80.9804,7.7201]}},{"type":"Feature","properties":{"s":1.07},"geometry":{"type":"Point","coordinates":[80.9808,7.7488]}},{"type":"Feature","properties":{"s":1.08},"geometry":{"type":"Point","coordinates":[80.9808,7.7965]}},{"type":"Feature","properties":{"s":1.12},"geometry":{"type":"Point","coordinates":[80.9802,7.827]}},{"type":"Feature","properties":{"s":1.1},"geometry":{"type":"Point","coordinates":[80.9822,7.8546]}},{"type":"Feature","properties":{"s":1.04},"geometry":{"type":"Point","coordinates":[80.9873,7.6584]}},{"type":"Feature","properties":{"s":1.18},"geometry":{"type":"Point","coordinates":[80.9881,7.6764]}},{"type":"Feature","properties":{"s":1.14},"geometry":{"type":"Point","coordinates":[80.9855,7.7439]}},{"type":"Feature","properties":{"s":1.07},"geometry":{"type":"Point","coordinates":[80.9887,7.833]}},{"type":"Feature","properties":{"s":1.1},"geometry":{"type":"Point","coordinates":[80.9893,7.8627]}},{"type":"Feature","properties":{"s":1.14},"geometry":{"type":"Point","coordinates":[80.9939,7.8559]}},{"type":"Feature","properties":{"s":1.04},"geometry":{"type":"Point","coordinates":[80.9982,7.8492]}},{"type":"Feature","properties":{"s":1},"geometry":{"type":"Point","coordinates":[81.0046,7.8445]}},{"type":"Feature","properties":{"s":1.19},"geometry":{"type":"Point","coordinates":[81.0068,7.8665]}},{"type":"Feature","properties":{"s":1},"geometry":{"type":"Point","coordinates":[81.0136,7.8681]}},{"type":"Feature","properties":{"s":1.03},"geometry":{"type":"Point","coordinates":[81.0194,7.8495]}},{"type":"Feature","properties":{"s":1.17},"geometry":{"type":"Point","coordinates":[81.017,7.8787]}},{"type":"Feature","properties":{"s":1.09},"geometry":{"type":"Point","coordinates":[81.0217,7.8814]}},{"type":"Feature","properties":{"s":0.89},"geometry":{"type":"Point","coordinates":[81.0362,7.8682]}},{"type":"Feature","properties":{"s":0.99},"geometry":{"type":"Point","coordinates":[81.0427,7.8687]}},{"type":"Feature","properties":{"s":1.06},"geometry":{"type":"Point","coordinates":[81.0548,7.8547]}},{"type":"Feature","properties":{"s":1.14},"geometry":{"type":"Point","coordinates":[81.0584,7.856]}},{"type":"Feature","properties":{"s":0.9},"geometry":{"type":"Point","coordinates":[81.2319,7.7845]}},{"type":"Feature","properties":{"s":1.15},"geometry":{"type":"Point","coordinates":[81.2395,7.7021]}},{"type":"Feature","properties":{"s":1.2},"geometry":{"type":"Point","coordinates":[81.239,7.744]}},{"type":"Feature","properties":{"s":0.95},"geometry":{"type":"Point","coordinates":[81.2389,7.7627]}},{"type":"Feature","properties":{"s":1.1},"geometry":{"type":"Point","coordinates":[81.2377,7.7928]}},{"type":"Feature","properties":{"s":0.8},"geometry":{"type":"Point","coordinates":[81.2469,7.7067]}},{"type":"Feature","properties":{"s":0.91},"geometry":{"type":"Point","coordinates":[81.243,7.7294]}},{"type":"Feature","properties":{"s":1.06},"geometry":{"type":"Point","coordinates":[81.2466,7.7539]}},{"type":"Feature","properties":{"s":1.18},"geometry":{"type":"Point","coordinates":[81.246,7.7869]}},{"type":"Feature","properties":{"s":1.07},"geometry":{"type":"Point","coordinates":[81.2515,7.7261]}},{"type":"Feature","properties":{"s":1.17},"geometry":{"type":"Point","coordinates":[81.2529,7.773]}},{"type":"Feature","properties":{"s":0.94},"geometry":{"type":"Point","coordinates":[81.2517,7.7909]}},{"type":"Feature","properties":{"s":1.07},"geometry":{"type":"Point","coordinates":[81.2586,7.7238]}},{"type":"Feature","properties":{"s":1.12},"geometry":{"type":"Point","coordinates":[81.258,7.7541]}},{"type":"Feature","properties":{"s":1.16},"geometry":{"type":"Point","coordinates":[81.263,7.6997]}},{"type":"Feature","properties":{"s":0.87},"geometry":{"type":"Point","coordinates":[81.2637,7.7213]}},{"type":"Feature","properties":{"s":0.95},"geometry":{"type":"Point","coordinates":[81.2632,7.7418]}},{"type":"Feature","properties":{"s":1.17},"geometry":{"type":"Point","coordinates":[81.2674,7.7128]}},{"type":"Feature","properties":{"s":1.04},"geometry":{"type":"Point","coordinates":[81.2698,7.7592]}},{"type":"Feature","properties":{"s":1.13},"geometry":{"type":"Point","coordinates":[81.2706,7.7918]}},{"type":"Feature","properties":{"s":1.09},"geometry":{"type":"Point","coordinates":[81.273,7.7018]}},{"type":"Feature","properties":{"s":0.99},"geometry":{"type":"Point","coordinates":[81.2745,7.725]}},{"type":"Feature","properties":{"s":0.85},"geometry":{"type":"Point","coordinates":[81.2767,7.7508]}},{"type":"Feature","properties":{"s":0.97},"geometry":{"type":"Point","coordinates":[81.2744,7.7737]}},{"type":"Feature","properties":{"s":0.91},"geometry":{"type":"Point","coordinates":[81.282,7.6662]}},{"type":"Feature","properties":{"s":0.87},"geometry":{"type":"Point","coordinates":[81.2814,7.6877]}},{"type":"Feature","properties":{"s":1.15},"geometry":{"type":"Point","coordinates":[81.2798,7.7133]}},{"type":"Feature","properties":{"s":0.95},"geometry":{"type":"Point","coordinates":[81.2799,7.7378]}},{"type":"Feature","properties":{"s":1.06},"geometry":{"type":"Point","coordinates":[81.28,7.7615]}},{"type":"Feature","properties":{"s":1.09},"geometry":{"type":"Point","coordinates":[81.2858,7.6535]}},{"type":"Feature","properties":{"s":1.09},"geometry":{"type":"Point","coordinates":[81.2872,7.6823]}},{"type":"Feature","properties":{"s":0.99},"geometry":{"type":"Point","coordinates":[81.2854,7.7194]}},{"type":"Feature","properties":{"s":0.9},"geometry":{"type":"Point","coordinates":[81.2857,7.7441]}},{"type":"Feature","properties":{"s":0.86},"geometry":{"type":"Point","coordinates":[81.2873,7.7676]}},{"type":"Feature","properties":{"s":0.81},"geometry":{"type":"Point","coordinates":[81.2948,7.5991]}},{"type":"Feature","properties":{"s":1.18},"geometry":{"type":"Point","coordinates":[81.2916,7.6482]}},{"type":"Feature","properties":{"s":0.94},"geometry":{"type":"Point","coordinates":[81.2933,7.6713]}},{"type":"Feature","properties":{"s":1.1},"geometry":{"type":"Point","coordinates":[81.2928,7.6881]}},{"type":"Feature","properties":{"s":0.84},"geometry":{"type":"Point","coordinates":[81.2931,7.7068]}},{"type":"Feature","properties":{"s":0.97},"geometry":{"type":"Point","coordinates":[81.2939,7.744]}},{"type":"Feature","properties":{"s":1.02},"geometry":{"type":"Point","coordinates":[81.2951,7.7725]}},{"type":"Feature","properties":{"s":0.89},"geometry":{"type":"Point","coordinates":[81.2984,7.6092]}},{"type":"Feature","properties":{"s":1.09},"geometry":{"type":"Point","coordinates":[81.2986,7.6353]}},{"type":"Feature","properties":{"s":1.18},"geometry":{"type":"Point","coordinates":[81.3004,7.6714]}},{"type":"Feature","properties":{"s":1.16},"geometry":{"type":"Point","coordinates":[81.3008,7.6884]}},{"type":"Feature","properties":{"s":0.88},"geometry":{"type":"Point","coordinates":[81.2972,7.7177]}},{"type":"Feature","properties":{"s":1.05},"geometry":{"type":"Point","coordinates":[81.2994,7.7628]}},{"type":"Feature","properties":{"s":0.88},"geometry":{"type":"Point","coordinates":[81.3068,7.6178]}},{"type":"Feature","properties":{"s":0.96},"geometry":{"type":"Point","coordinates":[81.3055,7.6535]}},{"type":"Feature","properties":{"s":0.95},"geometry":{"type":"Point","coordinates":[81.3068,7.6814]}},{"type":"Feature","properties":{"s":1.12},"geometry":{"type":"Point","coordinates":[81.3054,7.6993]}},{"type":"Feature","properties":{"s":1.14},"geometry":{"type":"Point","coordinates":[81.3065,7.7393]}},{"type":"Feature","properties":{"s":0.89},"geometry":{"type":"Point","coordinates":[81.3033,7.766]}},{"type":"Feature","properties":{"s":1.17},"geometry":{"type":"Point","coordinates":[81.3036,7.7921]}},{"type":"Feature","properties":{"s":1.15},"geometry":{"type":"Point","coordinates":[81.311,7.6351]}},{"type":"Feature","properties":{"s":1.06},"geometry":{"type":"Point","coordinates":[81.3102,7.6546]}},{"type":"Feature","properties":{"s":0.99},"geometry":{"type":"Point","coordinates":[81.3125,7.6833]}},{"type":"Feature","properties":{"s":1.01},"geometry":{"type":"Point","coordinates":[81.3123,7.7018]}},{"type":"Feature","properties":{"s":1.07},"geometry":{"type":"Point","coordinates":[81.3113,7.7315]}},{"type":"Feature","properties":{"s":1.18},"geometry":{"type":"Point","coordinates":[81.3124,7.755]}},{"type":"Feature","properties":{"s":1.11},"geometry":{"type":"Point","coordinates":[81.3128,7.7734]}},{"type":"Feature","properties":{"s":1.06},"geometry":{"type":"Point","coordinates":[81.3185,7.6293]}},{"type":"Feature","properties":{"s":1.1},"geometry":{"type":"Point","coordinates":[81.3158,7.6517]}},{"type":"Feature","properties":{"s":0.98},"geometry":{"type":"Point","coordinates":[81.3151,7.6825]}},{"type":"Feature","properties":{"s":0.81},"geometry":{"type":"Point","coordinates":[81.3169,7.6991]}},{"type":"Feature","properties":{"s":0.94},"geometry":{"type":"Point","coordinates":[81.3161,7.7293]}},{"type":"Feature","properties":{"s":0.92},"geometry":{"type":"Point","coordinates":[81.3154,7.779]}},{"type":"Feature","properties":{"s":0.88},"geometry":{"type":"Point","coordinates":[81.3241,7.6297]}},{"type":"Feature","properties":{"s":0.92},"geometry":{"type":"Point","coordinates":[81.3221,7.6524]}},{"type":"Feature","properties":{"s":1},"geometry":{"type":"Point","coordinates":[81.3217,7.6761]}},{"type":"Feature","properties":{"s":0.93},"geometry":{"type":"Point","coordinates":[81.3218,7.7004]}},{"type":"Feature","properties":{"s":1.18},"geometry":{"type":"Point","coordinates":[81.3241,7.7211]}},{"type":"Feature","properties":{"s":1.04},"geometry":{"type":"Point","coordinates":[81.3242,7.7352]}},{"type":"Feature","properties":{"s":1.03},"geometry":{"type":"Point","coordinates":[81.3226,7.7848]}},{"type":"Feature","properties":{"s":0.93},"geometry":{"type":"Point","coordinates":[81.329,7.6304]}},{"type":"Feature","properties":{"s":0.82},"geometry":{"type":"Point","coordinates":[81.3287,7.6602]}},{"type":"Feature","properties":{"s":1.19},"geometry":{"type":"Point","coordinates":[81.3308,7.6769]}},{"type":"Feature","properties":{"s":1.09},"geometry":{"type":"Point","coordinates":[81.3305,7.7134]}},{"type":"Feature","properties":{"s":0.93},"geometry":{"type":"Point","coordinates":[81.3292,7.7556]}},{"type":"Feature","properties":{"s":0.98},"geometry":{"type":"Point","coordinates":[81.3279,7.7803]}},{"type":"Feature","properties":{"s":1.05},"geometry":{"type":"Point","coordinates":[81.3335,7.6405]}},{"type":"Feature","properties":{"s":1.04},"geometry":{"type":"Point","coordinates":[81.334,7.6581]}},{"type":"Feature","properties":{"s":0.95},"geometry":{"type":"Point","coordinates":[81.3357,7.6883]}},{"type":"Feature","properties":{"s":1.2},"geometry":{"type":"Point","coordinates":[81.334,7.7202]}},{"type":"Feature","properties":{"s":1.12},"geometry":{"type":"Point","coordinates":[81.335,7.7506]}},{"type":"Feature","properties":{"s":0.89},"geometry":{"type":"Point","coordinates":[81.3351,7.7748]}},{"type":"Feature","properties":{"s":1.08},"geometry":{"type":"Point","coordinates":[81.3363,7.7925]}},{"type":"Feature","properties":{"s":1.19},"geometry":{"type":"Point","coordinates":[81.3403,7.6671]}},{"type":"Feature","properties":{"s":1.05},"geometry":{"type":"Point","coordinates":[81.3391,7.6958]}},{"type":"Feature","properties":{"s":1.13},"geometry":{"type":"Point","coordinates":[81.3418,7.727]}},{"type":"Feature","properties":{"s":0.92},"geometry":{"type":"Point","coordinates":[81.343,7.7572]}},{"type":"Feature","properties":{"s":0.82},"geometry":{"type":"Point","coordinates":[81.3393,7.7919]}},{"type":"Feature","properties":{"s":1.13},"geometry":{"type":"Point","coordinates":[81.3469,7.6536]}},{"type":"Feature","properties":{"s":0.9},"geometry":{"type":"Point","coordinates":[81.3483,7.6752]}},{"type":"Feature","properties":{"s":0.93},"geometry":{"type":"Point","coordinates":[81.3462,7.6965]}},{"type":"Feature","properties":{"s":1.13},"geometry":{"type":"Point","coordinates":[81.3481,7.738]}},{"type":"Feature","properties":{"s":0.91},"geometry":{"type":"Point","coordinates":[81.3488,7.7552]}},{"type":"Feature","properties":{"s":1.05},"geometry":{"type":"Point","coordinates":[81.3455,7.781]}},{"type":"Feature","properties":{"s":1.15},"geometry":{"type":"Point","coordinates":[81.3462,7.7969]}},{"type":"Feature","properties":{"s":1.01},"geometry":{"type":"Point","coordinates":[81.3541,7.6298]}},{"type":"Feature","properties":{"s":0.95},"geometry":{"type":"Point","coordinates":[81.3515,7.6758]}},{"type":"Feature","properties":{"s":1.16},"geometry":{"type":"Point","coordinates":[81.3521,7.7069]}},{"type":"Feature","properties":{"s":1.08},"geometry":{"type":"Point","coordinates":[81.3515,7.7301]}},{"type":"Feature","properties":{"s":0.84},"geometry":{"type":"Point","coordinates":[81.3512,7.7535]}},{"type":"Feature","properties":{"s":0.87},"geometry":{"type":"Point","coordinates":[81.3535,7.7747]}},{"type":"Feature","properties":{"s":1.16},"geometry":{"type":"Point","coordinates":[81.3606,7.6193]}},{"type":"Feature","properties":{"s":0.97},"geometry":{"type":"Point","coordinates":[81.3597,7.6343]}},{"type":"Feature","properties":{"s":1.05},"geometry":{"type":"Point","coordinates":[81.3594,7.6715]}},{"type":"Feature","properties":{"s":1.13},"geometry":{"type":"Point","coordinates":[81.3588,7.6951]}},{"type":"Feature","properties":{"s":0.89},"geometry":{"type":"Point","coordinates":[81.3592,7.7327]}},{"type":"Feature","properties":{"s":0.84},"geometry":{"type":"Point","coordinates":[81.3576,7.7564]}},{"type":"Feature","properties":{"s":1.03},"geometry":{"type":"Point","coordinates":[81.3602,7.7742]}},{"type":"Feature","properties":{"s":0.99},"geometry":{"type":"Point","coordinates":[81.3649,7.6065]}},{"type":"Feature","properties":{"s":0.94},"geometry":{"type":"Point","coordinates":[81.3638,7.6427]}},{"type":"Feature","properties":{"s":0.86},"geometry":{"type":"Point","coordinates":[81.3631,7.6791]}},{"type":"Feature","properties":{"s":0.96},"geometry":{"type":"Point","coordinates":[81.367,7.6949]}},{"type":"Feature","properties":{"s":1.17},"geometry":{"type":"Point","coordinates":[81.3643,7.7172]}},{"type":"Feature","properties":{"s":0.9},"geometry":{"type":"Point","coordinates":[81.3633,7.7541]}},{"type":"Feature","properties":{"s":0.88},"geometry":{"type":"Point","coordinates":[81.3669,7.7716]}},{"type":"Feature","properties":{"s":1.07},"geometry":{"type":"Point","coordinates":[81.366,7.7961]}},{"type":"Feature","properties":{"s":0.89},"geometry":{"type":"Point","coordinates":[81.3701,7.623]}},{"type":"Feature","properties":{"s":1.13},"geometry":{"type":"Point","coordinates":[81.3699,7.6429]}},{"type":"Feature","properties":{"s":1},"geometry":{"type":"Point","coordinates":[81.37,7.6726]}},{"type":"Feature","properties":{"s":0.87},"geometry":{"type":"Point","coordinates":[81.3701,7.6993]}},{"type":"Feature","properties":{"s":0.81},"geometry":{"type":"Point","coordinates":[81.3725,7.7319]}},{"type":"Feature","properties":{"s":0.97},"geometry":{"type":"Point","coordinates":[81.3708,7.7492]}},{"type":"Feature","properties":{"s":1.14},"geometry":{"type":"Point","coordinates":[81.3728,7.7692]}},{"type":"Feature","properties":{"s":0.8},"geometry":{"type":"Point","coordinates":[81.3702,7.7892]}},{"type":"Feature","properties":{"s":0.89},"geometry":{"type":"Point","coordinates":[81.379,7.6233]}},{"type":"Feature","properties":{"s":1.11},"geometry":{"type":"Point","coordinates":[81.3757,7.6587]}},{"type":"Feature","properties":{"s":1.15},"geometry":{"type":"Point","coordinates":[81.3774,7.6822]}},{"type":"Feature","properties":{"s":1.11},"geometry":{"type":"Point","coordinates":[81.3775,7.7077]}},{"type":"Feature","properties":{"s":0.94},"geometry":{"type":"Point","coordinates":[81.3773,7.7292]}},{"type":"Feature","properties":{"s":1.2},"geometry":{"type":"Point","coordinates":[81.378,7.7474]}},{"type":"Feature","properties":{"s":1.07},"geometry":{"type":"Point","coordinates":[81.3759,7.7804]}},{"type":"Feature","properties":{"s":1.08},"geometry":{"type":"Point","coordinates":[81.3817,7.619]}},{"type":"Feature","properties":{"s":0.94},"geometry":{"type":"Point","coordinates":[81.3812,7.6606]}},{"type":"Feature","properties":{"s":0.8},"geometry":{"type":"Point","coordinates":[81.3831,7.682]}},{"type":"Feature","properties":{"s":1.14},"geometry":{"type":"Point","coordinates":[81.3839,7.7205]}},{"type":"Feature","properties":{"s":1.16},"geometry":{"type":"Point","coordinates":[81.3846,7.7845]}},{"type":"Feature","properties":{"s":0.93},"geometry":{"type":"Point","coordinates":[81.3877,7.6177]}},{"type":"Feature","properties":{"s":1.1},"geometry":{"type":"Point","coordinates":[81.3892,7.6515]}},{"type":"Feature","properties":{"s":0.89},"geometry":{"type":"Point","coordinates":[81.3876,7.6783]}},{"type":"Feature","properties":{"s":0.84},"geometry":{"type":"Point","coordinates":[81.3906,7.7205]}},{"type":"Feature","properties":{"s":1.2},"geometry":{"type":"Point","coordinates":[81.3893,7.7432]}},{"type":"Feature","properties":{"s":0.94},"geometry":{"type":"Point","coordinates":[81.3954,7.6164]}},{"type":"Feature","properties":{"s":0.88},"geometry":{"type":"Point","coordinates":[81.3941,7.6535]}},{"type":"Feature","properties":{"s":1.04},"geometry":{"type":"Point","coordinates":[81.3968,7.6717]}},{"type":"Feature","properties":{"s":1.2},"geometry":{"type":"Point","coordinates":[81.3964,7.695]}},{"type":"Feature","properties":{"s":1.05},"geometry":{"type":"Point","coordinates":[81.3971,7.7251]}},{"type":"Feature","properties":{"s":0.95},"geometry":{"type":"Point","coordinates":[81.4,7.6217]}},{"type":"Feature","properties":{"s":0.99},"geometry":{"type":"Point","coordinates":[81.3992,7.6549]}},{"type":"Feature","properties":{"s":1.15},"geometry":{"type":"Point","coordinates":[81.4031,7.6724]}},{"type":"Feature","properties":{"s":0.92},"geometry":{"type":"Point","coordinates":[81.3991,7.6992]}},{"type":"Feature","properties":{"s":1},"geometry":{"type":"Point","coordinates":[81.4016,7.7233]}},{"type":"Feature","properties":{"s":0.87},"geometry":{"type":"Point","coordinates":[81.4023,7.7448]}},{"type":"Feature","properties":{"s":0.89},"geometry":{"type":"Point","coordinates":[81.4078,7.6466]}},{"type":"Feature","properties":{"s":1.18},"geometry":{"type":"Point","coordinates":[81.4062,7.6753]}},{"type":"Feature","properties":{"s":0.86},"geometry":{"type":"Point","coordinates":[81.4077,7.7259]}},{"type":"Feature","properties":{"s":0.81},"geometry":{"type":"Point","coordinates":[81.4121,7.6304]}},{"type":"Feature","properties":{"s":0.93},"geometry":{"type":"Point","coordinates":[81.413,7.6672]}},{"type":"Feature","properties":{"s":1.15},"geometry":{"type":"Point","coordinates":[81.4116,7.7448]}},{"type":"Feature","properties":{"s":1.02},"geometry":{"type":"Point","coordinates":[81.4196,7.6412]}},{"type":"Feature","properties":{"s":0.97},"geometry":{"type":"Point","coordinates":[81.4202,7.7244]}},{"type":"Feature","properties":{"s":0.95},"geometry":{"type":"Point","coordinates":[81.4234,7.6347]}},{"type":"Feature","properties":{"s":0.9},"geometry":{"type":"Point","coordinates":[81.4265,7.6595]}},{"type":"Feature","properties":{"s":0.92},"geometry":{"type":"Point","coordinates":[81.4297,7.6352]}},{"type":"Feature","properties":{"s":1.04},"geometry":{"type":"Point","coordinates":[81.4323,7.67]}},{"type":"Feature","properties":{"s":1.13},"geometry":{"type":"Point","coordinates":[81.4385,7.6336]}},{"type":"Feature","properties":{"s":1.09},"geometry":{"type":"Point","coordinates":[81.442,7.6357]}},{"type":"Feature","properties":{"s":0.99},"geometry":{"type":"Point","coordinates":[81.4493,7.636]}},{"type":"Feature","properties":{"s":1.08},"geometry":{"type":"Point","coordinates":[81.4504,7.7367]}},{"type":"Feature","properties":{"s":1.04},"geometry":{"type":"Point","coordinates":[81.4545,7.7323]}},{"type":"Feature","properties":{"s":0.83},"geometry":{"type":"Point","coordinates":[80.4807,9.24]}},{"type":"Feature","properties":{"s":0.93},"geometry":{"type":"Point","coordinates":[80.4901,9.232]}},{"type":"Feature","properties":{"s":1.01},"geometry":{"type":"Point","coordinates":[80.4905,9.2684]}},{"type":"Feature","properties":{"s":0.96},"geometry":{"type":"Point","coordinates":[80.4877,9.299]}},{"type":"Feature","properties":{"s":0.87},"geometry":{"type":"Point","coordinates":[80.4874,9.3367]}},{"type":"Feature","properties":{"s":1.08},"geometry":{"type":"Point","coordinates":[80.4961,9.2408]}},{"type":"Feature","properties":{"s":1.16},"geometry":{"type":"Point","coordinates":[80.4953,9.2633]}},{"type":"Feature","properties":{"s":1.03},"geometry":{"type":"Point","coordinates":[80.4945,9.2873]}},{"type":"Feature","properties":{"s":0.84},"geometry":{"type":"Point","coordinates":[80.4934,9.3247]}},{"type":"Feature","properties":{"s":1.17},"geometry":{"type":"Point","coordinates":[80.5026,9.1919]}},{"type":"Feature","properties":{"s":1.09},"geometry":{"type":"Point","coordinates":[80.5019,9.2378]}},{"type":"Feature","properties":{"s":1.19},"geometry":{"type":"Point","coordinates":[80.4992,9.2564]}},{"type":"Feature","properties":{"s":0.91},"geometry":{"type":"Point","coordinates":[80.5021,9.2936]}},{"type":"Feature","properties":{"s":1.01},"geometry":{"type":"Point","coordinates":[80.5021,9.3243]}},{"type":"Feature","properties":{"s":1.1},"geometry":{"type":"Point","coordinates":[80.5027,9.3417]}},{"type":"Feature","properties":{"s":0.95},"geometry":{"type":"Point","coordinates":[80.5079,9.2096]}},{"type":"Feature","properties":{"s":1},"geometry":{"type":"Point","coordinates":[80.5087,9.2312]}},{"type":"Feature","properties":{"s":1.17},"geometry":{"type":"Point","coordinates":[80.5065,9.2552]}},{"type":"Feature","properties":{"s":1.16},"geometry":{"type":"Point","coordinates":[80.5082,9.2801]}},{"type":"Feature","properties":{"s":1.05},"geometry":{"type":"Point","coordinates":[80.506,9.3044]}},{"type":"Feature","properties":{"s":0.98},"geometry":{"type":"Point","coordinates":[80.5118,9.1808]}},{"type":"Feature","properties":{"s":1.18},"geometry":{"type":"Point","coordinates":[80.511,9.2027]}},{"type":"Feature","properties":{"s":0.84},"geometry":{"type":"Point","coordinates":[80.5149,9.2369]}},{"type":"Feature","properties":{"s":0.86},"geometry":{"type":"Point","coordinates":[80.5133,9.2647]}},{"type":"Feature","properties":{"s":0.93},"geometry":{"type":"Point","coordinates":[80.511,9.3092]}},{"type":"Feature","properties":{"s":1.16},"geometry":{"type":"Point","coordinates":[80.5186,9.1655]}},{"type":"Feature","properties":{"s":1.17},"geometry":{"type":"Point","coordinates":[80.5184,9.1838]}},{"type":"Feature","properties":{"s":0.9},"geometry":{"type":"Point","coordinates":[80.5192,9.2153]}},{"type":"Feature","properties":{"s":0.94},"geometry":{"type":"Point","coordinates":[80.5178,9.2334]}},{"type":"Feature","properties":{"s":1.1},"geometry":{"type":"Point","coordinates":[80.5186,9.2576]}},{"type":"Feature","properties":{"s":1.06},"geometry":{"type":"Point","coordinates":[80.5182,9.2878]}},{"type":"Feature","properties":{"s":1.15},"geometry":{"type":"Point","coordinates":[80.5197,9.3037]}},{"type":"Feature","properties":{"s":1.16},"geometry":{"type":"Point","coordinates":[80.524,9.1728]}},{"type":"Feature","properties":{"s":1.16},"geometry":{"type":"Point","coordinates":[80.5257,9.1924]}},{"type":"Feature","properties":{"s":1.13},"geometry":{"type":"Point","coordinates":[80.5257,9.2553]}},{"type":"Feature","properties":{"s":1.03},"geometry":{"type":"Point","coordinates":[80.5269,9.2762]}},{"type":"Feature","properties":{"s":0.82},"geometry":{"type":"Point","coordinates":[80.5253,9.3058]}},{"type":"Feature","properties":{"s":1.03},"geometry":{"type":"Point","coordinates":[80.5269,9.3396]}},{"type":"Feature","properties":{"s":0.9},"geometry":{"type":"Point","coordinates":[80.526,9.3591]}},{"type":"Feature","properties":{"s":1.09},"geometry":{"type":"Point","coordinates":[80.5291,9.1832]}},{"type":"Feature","properties":{"s":0.82},"geometry":{"type":"Point","coordinates":[80.5319,9.2152]}},{"type":"Feature","properties":{"s":0.81},"geometry":{"type":"Point","coordinates":[80.5326,9.2567]}},{"type":"Feature","properties":{"s":0.96},"geometry":{"type":"Point","coordinates":[80.5306,9.2808]}},{"type":"Feature","properties":{"s":1.02},"geometry":{"type":"Point","coordinates":[80.5317,9.3107]}},{"type":"Feature","properties":{"s":0.82},"geometry":{"type":"Point","coordinates":[80.5305,9.3412]}},{"type":"Feature","properties":{"s":0.92},"geometry":{"type":"Point","coordinates":[80.5376,9.1624]}},{"type":"Feature","properties":{"s":0.95},"geometry":{"type":"Point","coordinates":[80.5376,9.2031]}},{"type":"Feature","properties":{"s":1.09},"geometry":{"type":"Point","coordinates":[80.5352,9.2332]}},{"type":"Feature","properties":{"s":0.87},"geometry":{"type":"Point","coordinates":[80.5372,9.2526]}},{"type":"Feature","properties":{"s":0.85},"geometry":{"type":"Point","coordinates":[80.5355,9.286]}},{"type":"Feature","properties":{"s":1.15},"geometry":{"type":"Point","coordinates":[80.5361,9.3121]}},{"type":"Feature","properties":{"s":1.12},"geometry":{"type":"Point","coordinates":[80.5388,9.3399]}},{"type":"Feature","properties":{"s":0.98},"geometry":{"type":"Point","coordinates":[80.541,9.1781]}},{"type":"Feature","properties":{"s":1.17},"geometry":{"type":"Point","coordinates":[80.5418,9.2069]}},{"type":"Feature","properties":{"s":1.15},"geometry":{"type":"Point","coordinates":[80.5435,9.2439]}},{"type":"Feature","properties":{"s":1.01},"geometry":{"type":"Point","coordinates":[80.5409,9.2765]}},{"type":"Feature","properties":{"s":0.96},"geometry":{"type":"Point","coordinates":[80.5417,9.306]}},{"type":"Feature","properties":{"s":1.11},"geometry":{"type":"Point","coordinates":[80.5418,9.3515]}},{"type":"Feature","properties":{"s":1.16},"geometry":{"type":"Point","coordinates":[80.5481,9.1929]}},{"type":"Feature","properties":{"s":1.15},"geometry":{"type":"Point","coordinates":[80.5486,9.2332]}},{"type":"Feature","properties":{"s":1.07},"geometry":{"type":"Point","coordinates":[80.5471,9.2524]}},{"type":"Feature","properties":{"s":1.2},"geometry":{"type":"Point","coordinates":[80.5468,9.2886]}},{"type":"Feature","properties":{"s":0.91},"geometry":{"type":"Point","coordinates":[80.5495,9.3049]}},{"type":"Feature","properties":{"s":0.95},"geometry":{"type":"Point","coordinates":[80.5505,9.3388]}},{"type":"Feature","properties":{"s":1.2},"geometry":{"type":"Point","coordinates":[80.5535,9.165]}},{"type":"Feature","properties":{"s":1.12},"geometry":{"type":"Point","coordinates":[80.5562,9.1868]}},{"type":"Feature","properties":{"s":1.15},"geometry":{"type":"Point","coordinates":[80.5534,9.2265]}},{"type":"Feature","properties":{"s":0.89},"geometry":{"type":"Point","coordinates":[80.5541,9.2494]}},{"type":"Feature","properties":{"s":1.14},"geometry":{"type":"Point","coordinates":[80.5541,9.3153]}},{"type":"Feature","properties":{"s":0.97},"geometry":{"type":"Point","coordinates":[80.5599,9.1716]}},{"type":"Feature","properties":{"s":0.93},"geometry":{"type":"Point","coordinates":[80.5619,9.1916]}},{"type":"Feature","properties":{"s":1.06},"geometry":{"type":"Point","coordinates":[80.5593,9.231]}},{"type":"Feature","properties":{"s":1.2},"geometry":{"type":"Point","coordinates":[80.5617,9.2499]}},{"type":"Feature","properties":{"s":0.94},"geometry":{"type":"Point","coordinates":[80.5618,9.2886]}},{"type":"Feature","properties":{"s":0.95},"geometry":{"type":"Point","coordinates":[80.5626,9.3108]}},{"type":"Feature","properties":{"s":1.08},"geometry":{"type":"Point","coordinates":[80.5622,9.3274]}},{"type":"Feature","properties":{"s":1.04},"geometry":{"type":"Point","coordinates":[80.5655,9.1784]}},{"type":"Feature","properties":{"s":0.99},"geometry":{"type":"Point","coordinates":[80.5666,9.2219]}},{"type":"Feature","properties":{"s":1.11},"geometry":{"type":"Point","coordinates":[80.5662,9.2691]}},{"type":"Feature","properties":{"s":1.07},"geometry":{"type":"Point","coordinates":[80.5659,9.286]}},{"type":"Feature","properties":{"s":0.88},"geometry":{"type":"Point","coordinates":[80.5656,9.3038]}},{"type":"Feature","properties":{"s":1},"geometry":{"type":"Point","coordinates":[80.5712,9.1676]}},{"type":"Feature","properties":{"s":1.05},"geometry":{"type":"Point","coordinates":[80.5724,9.1951]}},{"type":"Feature","properties":{"s":0.98},"geometry":{"type":"Point","coordinates":[80.5741,9.2229]}},{"type":"Feature","properties":{"s":0.93},"geometry":{"type":"Point","coordinates":[80.5717,9.2383]}},{"type":"Feature","properties":{"s":1.03},"geometry":{"type":"Point","coordinates":[80.5746,9.2632]}},{"type":"Feature","properties":{"s":1.18},"geometry":{"type":"Point","coordinates":[80.5712,9.2848]}},{"type":"Feature","properties":{"s":0.84},"geometry":{"type":"Point","coordinates":[80.5734,9.3363]}},{"type":"Feature","properties":{"s":0.84},"geometry":{"type":"Point","coordinates":[80.5801,9.1921]}},{"type":"Feature","properties":{"s":0.91},"geometry":{"type":"Point","coordinates":[80.5795,9.2269]}},{"type":"Feature","properties":{"s":1.18},"geometry":{"type":"Point","coordinates":[80.5772,9.2587]}},{"type":"Feature","properties":{"s":0.93},"geometry":{"type":"Point","coordinates":[80.579,9.2882]}},{"type":"Feature","properties":{"s":0.85},"geometry":{"type":"Point","coordinates":[80.5785,9.321]}},{"type":"Feature","properties":{"s":1.13},"geometry":{"type":"Point","coordinates":[80.5864,9.2013]}},{"type":"Feature","properties":{"s":1.17},"geometry":{"type":"Point","coordinates":[80.5868,9.2347]}},{"type":"Feature","properties":{"s":0.89},"geometry":{"type":"Point","coordinates":[80.5849,9.2688]}},{"type":"Feature","properties":{"s":0.85},"geometry":{"type":"Point","coordinates":[80.586,9.2865]}},{"type":"Feature","properties":{"s":1.05},"geometry":{"type":"Point","coordinates":[80.5893,9.1668]}},{"type":"Feature","properties":{"s":0.87},"geometry":{"type":"Point","coordinates":[80.5908,9.2146]}},{"type":"Feature","properties":{"s":0.87},"geometry":{"type":"Point","coordinates":[80.5898,9.246]}},{"type":"Feature","properties":{"s":1.15},"geometry":{"type":"Point","coordinates":[80.5897,9.2759]}},{"type":"Feature","properties":{"s":0.99},"geometry":{"type":"Point","coordinates":[80.591,9.2949]}},{"type":"Feature","properties":{"s":0.96},"geometry":{"type":"Point","coordinates":[80.5957,9.1671]}},{"type":"Feature","properties":{"s":1.02},"geometry":{"type":"Point","coordinates":[80.5979,9.2249]}},{"type":"Feature","properties":{"s":1.2},"geometry":{"type":"Point","coordinates":[80.5984,9.2428]}},{"type":"Feature","properties":{"s":1.14},"geometry":{"type":"Point","coordinates":[80.5956,9.2822]}},{"type":"Feature","properties":{"s":1.2},"geometry":{"type":"Point","coordinates":[80.5985,9.3237]}},{"type":"Feature","properties":{"s":0.88},"geometry":{"type":"Point","coordinates":[80.6013,9.2275]}},{"type":"Feature","properties":{"s":0.84},"geometry":{"type":"Point","coordinates":[80.6014,9.2513]}},{"type":"Feature","properties":{"s":1.04},"geometry":{"type":"Point","coordinates":[80.6023,9.2684]}},{"type":"Feature","properties":{"s":1.11},"geometry":{"type":"Point","coordinates":[80.6014,9.2972]}},{"type":"Feature","properties":{"s":0.87},"geometry":{"type":"Point","coordinates":[80.6027,9.327]}},{"type":"Feature","properties":{"s":0.81},"geometry":{"type":"Point","coordinates":[80.6093,9.2394]}},{"type":"Feature","properties":{"s":1},"geometry":{"type":"Point","coordinates":[80.6075,9.2556]}},{"type":"Feature","properties":{"s":0.85},"geometry":{"type":"Point","coordinates":[80.6067,9.2973]}},{"type":"Feature","properties":{"s":1.07},"geometry":{"type":"Point","coordinates":[80.6103,9.3268]}},{"type":"Feature","properties":{"s":0.95},"geometry":{"type":"Point","coordinates":[80.6169,9.1717]}},{"type":"Feature","properties":{"s":0.81},"geometry":{"type":"Point","coordinates":[80.6161,9.2326]}},{"type":"Feature","properties":{"s":1.09},"geometry":{"type":"Point","coordinates":[80.6151,9.2564]}},{"type":"Feature","properties":{"s":1.04},"geometry":{"type":"Point","coordinates":[80.6155,9.2937]}},{"type":"Feature","properties":{"s":0.9},"geometry":{"type":"Point","coordinates":[80.6217,9.1559]}},{"type":"Feature","properties":{"s":0.86},"geometry":{"type":"Point","coordinates":[80.619,9.1721]}},{"type":"Feature","properties":{"s":0.93},"geometry":{"type":"Point","coordinates":[80.6215,9.2399]}},{"type":"Feature","properties":{"s":1.19},"geometry":{"type":"Point","coordinates":[80.6227,9.2626]}},{"type":"Feature","properties":{"s":0.86},"geometry":{"type":"Point","coordinates":[80.6212,9.2812]}},{"type":"Feature","properties":{"s":1.18},"geometry":{"type":"Point","coordinates":[80.621,9.33]}},{"type":"Feature","properties":{"s":0.84},"geometry":{"type":"Point","coordinates":[80.6269,9.1835]}},{"type":"Feature","properties":{"s":0.83},"geometry":{"type":"Point","coordinates":[80.6263,9.2515]}},{"type":"Feature","properties":{"s":1.07},"geometry":{"type":"Point","coordinates":[80.6262,9.2768]}},{"type":"Feature","properties":{"s":1.11},"geometry":{"type":"Point","coordinates":[80.6251,9.3229]}},{"type":"Feature","properties":{"s":0.84},"geometry":{"type":"Point","coordinates":[80.6344,9.2385]}},{"type":"Feature","properties":{"s":0.97},"geometry":{"type":"Point","coordinates":[80.631,9.2813]}},{"type":"Feature","properties":{"s":0.8},"geometry":{"type":"Point","coordinates":[80.6346,9.3042]}},{"type":"Feature","properties":{"s":1.2},"geometry":{"type":"Point","coordinates":[80.6336,9.3299]}},{"type":"Feature","properties":{"s":0.8},"geometry":{"type":"Point","coordinates":[80.6386,9.2313]}},{"type":"Feature","properties":{"s":1.13},"geometry":{"type":"Point","coordinates":[80.6401,9.2512]}},{"type":"Feature","properties":{"s":1.04},"geometry":{"type":"Point","coordinates":[80.6373,9.2734]}},{"type":"Feature","properties":{"s":0.88},"geometry":{"type":"Point","coordinates":[80.6392,9.3126]}},{"type":"Feature","properties":{"s":1.09},"geometry":{"type":"Point","coordinates":[80.6442,9.2218]}},{"type":"Feature","properties":{"s":0.81},"geometry":{"type":"Point","coordinates":[80.6453,9.2455]}},{"type":"Feature","properties":{"s":0.92},"geometry":{"type":"Point","coordinates":[80.6428,9.2809]}},{"type":"Feature","properties":{"s":0.84},"geometry":{"type":"Point","coordinates":[80.6453,9.3053]}},{"type":"Feature","properties":{"s":1.04},"geometry":{"type":"Point","coordinates":[80.6522,9.2283]}},{"type":"Feature","properties":{"s":1.05},"geometry":{"type":"Point","coordinates":[80.651,9.2428]}},{"type":"Feature","properties":{"s":0.85},"geometry":{"type":"Point","coordinates":[80.65,9.2804]}},{"type":"Feature","properties":{"s":0.81},"geometry":{"type":"Point","coordinates":[80.6516,9.2977]}},{"type":"Feature","properties":{"s":1.14},"geometry":{"type":"Point","coordinates":[80.65,9.316]}},{"type":"Feature","properties":{"s":0.86},"geometry":{"type":"Point","coordinates":[80.6579,9.2514]}},{"type":"Feature","properties":{"s":1.04},"geometry":{"type":"Point","coordinates":[80.6569,9.2826]}},{"type":"Feature","properties":{"s":1.09},"geometry":{"type":"Point","coordinates":[80.6576,9.3187]}},{"type":"Feature","properties":{"s":1.14},"geometry":{"type":"Point","coordinates":[80.6638,9.2456]}},{"type":"Feature","properties":{"s":1.01},"geometry":{"type":"Point","coordinates":[80.6635,9.2755]}},{"type":"Feature","properties":{"s":1.16},"geometry":{"type":"Point","coordinates":[80.6644,9.2984]}},{"type":"Feature","properties":{"s":0.92},"geometry":{"type":"Point","coordinates":[80.6616,9.316]}},{"type":"Feature","properties":{"s":1.16},"geometry":{"type":"Point","coordinates":[80.6697,9.2521]}},{"type":"Feature","properties":{"s":0.82},"geometry":{"type":"Point","coordinates":[80.6681,9.2671]}},{"type":"Feature","properties":{"s":0.9},"geometry":{"type":"Point","coordinates":[80.6675,9.3092]}},{"type":"Feature","properties":{"s":1.17},"geometry":{"type":"Point","coordinates":[80.6768,9.2499]}},{"type":"Feature","properties":{"s":0.8},"geometry":{"type":"Point","coordinates":[80.6763,9.2754]}},{"type":"Feature","properties":{"s":1.1},"geometry":{"type":"Point","coordinates":[80.6733,9.3063]}},{"type":"Feature","properties":{"s":0.87},"geometry":{"type":"Point","coordinates":[80.6815,9.2463]}},{"type":"Feature","properties":{"s":1.06},"geometry":{"type":"Point","coordinates":[80.6807,9.279]}},{"type":"Feature","properties":{"s":0.89},"geometry":{"type":"Point","coordinates":[80.6799,9.3048]}},{"type":"Feature","properties":{"s":0.88},"geometry":{"type":"Point","coordinates":[80.6875,9.2644]}},{"type":"Feature","properties":{"s":1.14},"geometry":{"type":"Point","coordinates":[80.6875,9.2997]}},{"type":"Feature","properties":{"s":0.97},"geometry":{"type":"Point","coordinates":[81.6216,6.9878]}},{"type":"Feature","properties":{"s":0.95},"geometry":{"type":"Point","coordinates":[81.6344,6.968]}},{"type":"Feature","properties":{"s":0.95},"geometry":{"type":"Point","coordinates":[81.6361,6.9854]}},{"type":"Feature","properties":{"s":1.09},"geometry":{"type":"Point","coordinates":[81.6406,6.9576]}},{"type":"Feature","properties":{"s":0.93},"geometry":{"type":"Point","coordinates":[81.6404,6.9853]}},{"type":"Feature","properties":{"s":1.05},"geometry":{"type":"Point","coordinates":[81.6411,7.0042]}},{"type":"Feature","properties":{"s":1.18},"geometry":{"type":"Point","coordinates":[81.6462,6.9603]}},{"type":"Feature","properties":{"s":1.16},"geometry":{"type":"Point","coordinates":[81.6493,6.9864]}},{"type":"Feature","properties":{"s":1.14},"geometry":{"type":"Point","coordinates":[81.6543,6.9447]}},{"type":"Feature","properties":{"s":1.08},"geometry":{"type":"Point","coordinates":[81.6546,6.967]}},{"type":"Feature","properties":{"s":1.05},"geometry":{"type":"Point","coordinates":[81.6535,6.9853]}},{"type":"Feature","properties":{"s":0.82},"geometry":{"type":"Point","coordinates":[81.6592,6.9381]}},{"type":"Feature","properties":{"s":0.89},"geometry":{"type":"Point","coordinates":[81.6593,6.9671]}},{"type":"Feature","properties":{"s":1.16},"geometry":{"type":"Point","coordinates":[81.6608,6.992]}},{"type":"Feature","properties":{"s":0.85},"geometry":{"type":"Point","coordinates":[81.6591,7.0169]}},{"type":"Feature","properties":{"s":1.08},"geometry":{"type":"Point","coordinates":[81.661,7.0644]}},{"type":"Feature","properties":{"s":1.06},"geometry":{"type":"Point","coordinates":[81.6648,6.9372]}},{"type":"Feature","properties":{"s":1.01},"geometry":{"type":"Point","coordinates":[81.6635,6.96]}},{"type":"Feature","properties":{"s":0.86},"geometry":{"type":"Point","coordinates":[81.6663,6.9916]}},{"type":"Feature","properties":{"s":1.19},"geometry":{"type":"Point","coordinates":[81.6641,7.0109]}},{"type":"Feature","properties":{"s":0.99},"geometry":{"type":"Point","coordinates":[81.6665,7.0279]}},{"type":"Feature","properties":{"s":1.04},"geometry":{"type":"Point","coordinates":[81.6662,7.0694]}},{"type":"Feature","properties":{"s":0.96},"geometry":{"type":"Point","coordinates":[81.6668,7.0887]}},{"type":"Feature","properties":{"s":1.03},"geometry":{"type":"Point","coordinates":[81.6711,6.9557]}},{"type":"Feature","properties":{"s":0.95},"geometry":{"type":"Point","coordinates":[81.6703,6.9816]}},{"type":"Feature","properties":{"s":0.96},"geometry":{"type":"Point","coordinates":[81.6714,7.0089]}},{"type":"Feature","properties":{"s":1.2},"geometry":{"type":"Point","coordinates":[81.6716,7.0388]}},{"type":"Feature","properties":{"s":1.19},"geometry":{"type":"Point","coordinates":[81.673,7.0591]}},{"type":"Feature","properties":{"s":0.82},"geometry":{"type":"Point","coordinates":[81.6725,7.0891]}},{"type":"Feature","properties":{"s":1.19},"geometry":{"type":"Point","coordinates":[81.6761,6.9263]}},{"type":"Feature","properties":{"s":0.95},"geometry":{"type":"Point","coordinates":[81.6793,6.9518]}},{"type":"Feature","properties":{"s":1.11},"geometry":{"type":"Point","coordinates":[81.6761,6.9797]}},{"type":"Feature","properties":{"s":1.06},"geometry":{"type":"Point","coordinates":[81.6794,7.0023]}},{"type":"Feature","properties":{"s":0.82},"geometry":{"type":"Point","coordinates":[81.6761,7.0288]}},{"type":"Feature","properties":{"s":0.85},"geometry":{"type":"Point","coordinates":[81.6772,7.0441]}},{"type":"Feature","properties":{"s":0.82},"geometry":{"type":"Point","coordinates":[81.6794,7.1009]}},{"type":"Feature","properties":{"s":1.19},"geometry":{"type":"Point","coordinates":[81.6853,6.955]}},{"type":"Feature","properties":{"s":0.96},"geometry":{"type":"Point","coordinates":[81.6853,6.9721]}},{"type":"Feature","properties":{"s":0.97},"geometry":{"type":"Point","coordinates":[81.6822,7.0038]}},{"type":"Feature","properties":{"s":1.1},"geometry":{"type":"Point","coordinates":[81.6843,7.0207]}},{"type":"Feature","properties":{"s":1.12},"geometry":{"type":"Point","coordinates":[81.6845,7.0657]}},{"type":"Feature","properties":{"s":1.17},"geometry":{"type":"Point","coordinates":[81.6821,7.088]}},{"type":"Feature","properties":{"s":0.98},"geometry":{"type":"Point","coordinates":[81.6882,6.9396]}},{"type":"Feature","properties":{"s":0.89},"geometry":{"type":"Point","coordinates":[81.6907,6.9796]}},{"type":"Feature","properties":{"s":0.8},"geometry":{"type":"Point","coordinates":[81.6913,7.0048]}},{"type":"Feature","properties":{"s":1.14},"geometry":{"type":"Point","coordinates":[81.6908,7.0324]}},{"type":"Feature","properties":{"s":0.83},"geometry":{"type":"Point","coordinates":[81.6894,7.0628]}},{"type":"Feature","properties":{"s":1.08},"geometry":{"type":"Point","coordinates":[81.6897,7.0901]}},{"type":"Feature","properties":{"s":0.86},"geometry":{"type":"Point","coordinates":[81.6955,6.934]}},{"type":"Feature","properties":{"s":1.16},"geometry":{"type":"Point","coordinates":[81.6936,6.9614]}},{"type":"Feature","properties":{"s":1.01},"geometry":{"type":"Point","coordinates":[81.695,7.0001]}},{"type":"Feature","properties":{"s":1.06},"geometry":{"type":"Point","coordinates":[81.6967,7.0173]}},{"type":"Feature","properties":{"s":1.11},"geometry":{"type":"Point","coordinates":[81.6954,7.0451]}},{"type":"Feature","properties":{"s":1.14},"geometry":{"type":"Point","coordinates":[81.6937,7.0624]}},{"type":"Feature","properties":{"s":0.93},"geometry":{"type":"Point","coordinates":[81.6936,7.0893]}},{"type":"Feature","properties":{"s":0.92},"geometry":{"type":"Point","coordinates":[81.7003,6.9373]}},{"type":"Feature","properties":{"s":1.09},"geometry":{"type":"Point","coordinates":[81.7002,6.9675]}},{"type":"Feature","properties":{"s":0.82},"geometry":{"type":"Point","coordinates":[81.7,7.0023]}},{"type":"Feature","properties":{"s":1.07},"geometry":{"type":"Point","coordinates":[81.7007,7.0281]}},{"type":"Feature","properties":{"s":1.03},"geometry":{"type":"Point","coordinates":[81.7023,7.0454]}},{"type":"Feature","properties":{"s":0.92},"geometry":{"type":"Point","coordinates":[81.7009,7.0698]}},{"type":"Feature","properties":{"s":1.19},"geometry":{"type":"Point","coordinates":[81.6994,7.0867]}},{"type":"Feature","properties":{"s":1.02},"geometry":{"type":"Point","coordinates":[81.7083,6.9502]}},{"type":"Feature","properties":{"s":0.91},"geometry":{"type":"Point","coordinates":[81.7058,6.9806]}},{"type":"Feature","properties":{"s":1.14},"geometry":{"type":"Point","coordinates":[81.7095,6.9968]}},{"type":"Feature","properties":{"s":0.92},"geometry":{"type":"Point","coordinates":[81.7088,7.0217]}},{"type":"Feature","properties":{"s":0.86},"geometry":{"type":"Point","coordinates":[81.7062,7.0456]}},{"type":"Feature","properties":{"s":0.87},"geometry":{"type":"Point","coordinates":[81.7079,7.0822]}},{"type":"Feature","properties":{"s":0.84},"geometry":{"type":"Point","coordinates":[81.7126,6.9441]}},{"type":"Feature","properties":{"s":1.09},"geometry":{"type":"Point","coordinates":[81.7122,6.976]}},{"type":"Feature","properties":{"s":1.15},"geometry":{"type":"Point","coordinates":[81.7138,6.9986]}},{"type":"Feature","properties":{"s":0.92},"geometry":{"type":"Point","coordinates":[81.7118,7.0201]}},{"type":"Feature","properties":{"s":1.17},"geometry":{"type":"Point","coordinates":[81.7153,7.0644]}},{"type":"Feature","properties":{"s":0.82},"geometry":{"type":"Point","coordinates":[81.7136,7.0878]}},{"type":"Feature","properties":{"s":0.97},"geometry":{"type":"Point","coordinates":[81.7197,6.9369]}},{"type":"Feature","properties":{"s":1.12},"geometry":{"type":"Point","coordinates":[81.7183,6.9575]}},{"type":"Feature","properties":{"s":0.99},"geometry":{"type":"Point","coordinates":[81.7215,6.9812]}},{"type":"Feature","properties":{"s":1.18},"geometry":{"type":"Point","coordinates":[81.7213,7.035]}},{"type":"Feature","properties":{"s":1.05},"geometry":{"type":"Point","coordinates":[81.7178,7.0719]}},{"type":"Feature","properties":{"s":1.07},"geometry":{"type":"Point","coordinates":[81.7186,7.0945]}},{"type":"Feature","properties":{"s":0.85},"geometry":{"type":"Point","coordinates":[81.7268,6.9425]}},{"type":"Feature","properties":{"s":1.19},"geometry":{"type":"Point","coordinates":[81.7248,6.9606]}},{"type":"Feature","properties":{"s":0.84},"geometry":{"type":"Point","coordinates":[81.7247,6.9851]}},{"type":"Feature","properties":{"s":1.19},"geometry":{"type":"Point","coordinates":[81.7269,7.0103]}},{"type":"Feature","properties":{"s":1.01},"geometry":{"type":"Point","coordinates":[81.7234,7.0533]}},{"type":"Feature","properties":{"s":1.18},"geometry":{"type":"Point","coordinates":[81.7264,7.0826]}},{"type":"Feature","properties":{"s":1.16},"geometry":{"type":"Point","coordinates":[81.7245,7.1109]}},{"type":"Feature","properties":{"s":1.06},"geometry":{"type":"Point","coordinates":[81.7298,6.9421]}},{"type":"Feature","properties":{"s":1.03},"geometry":{"type":"Point","coordinates":[81.7334,6.9612]}},{"type":"Feature","properties":{"s":0.99},"geometry":{"type":"Point","coordinates":[81.7307,7.0148]}},{"type":"Feature","properties":{"s":0.91},"geometry":{"type":"Point","coordinates":[81.7309,7.0393]}},{"type":"Feature","properties":{"s":1.04},"geometry":{"type":"Point","coordinates":[81.7331,7.064]}},{"type":"Feature","properties":{"s":0.91},"geometry":{"type":"Point","coordinates":[81.733,7.108]}},{"type":"Feature","properties":{"s":1.02},"geometry":{"type":"Point","coordinates":[81.7382,6.938]}},{"type":"Feature","properties":{"s":1.17},"geometry":{"type":"Point","coordinates":[81.7357,6.973]}},{"type":"Feature","properties":{"s":1.09},"geometry":{"type":"Point","coordinates":[81.739,7.0028]}},{"type":"Feature","properties":{"s":0.88},"geometry":{"type":"Point","coordinates":[81.7361,7.0355]}},{"type":"Feature","properties":{"s":1.13},"geometry":{"type":"Point","coordinates":[81.7377,7.0515]}},{"type":"Feature","properties":{"s":1.07},"geometry":{"type":"Point","coordinates":[81.7387,7.0742]}},{"type":"Feature","properties":{"s":1.13},"geometry":{"type":"Point","coordinates":[81.7356,7.1194]}},{"type":"Feature","properties":{"s":1.03},"geometry":{"type":"Point","coordinates":[81.7436,6.9254]}},{"type":"Feature","properties":{"s":1.18},"geometry":{"type":"Point","coordinates":[81.7452,6.9553]}},{"type":"Feature","properties":{"s":0.97},"geometry":{"type":"Point","coordinates":[81.7451,6.9732]}},{"type":"Feature","properties":{"s":1.11},"geometry":{"type":"Point","coordinates":[81.7423,6.9928]}},{"type":"Feature","properties":{"s":1.18},"geometry":{"type":"Point","coordinates":[81.7441,7.036]}},{"type":"Feature","properties":{"s":1.07},"geometry":{"type":"Point","coordinates":[81.7448,7.0534]}},{"type":"Feature","properties":{"s":1.16},"geometry":{"type":"Point","coordinates":[81.7428,7.0879]}},{"type":"Feature","properties":{"s":1.13},"geometry":{"type":"Point","coordinates":[81.7494,6.926]}},{"type":"Feature","properties":{"s":0.94},"geometry":{"type":"Point","coordinates":[81.7505,6.9461]}},{"type":"Feature","properties":{"s":1.03},"geometry":{"type":"Point","coordinates":[81.7515,6.9927]}},{"type":"Feature","properties":{"s":1.04},"geometry":{"type":"Point","coordinates":[81.75,7.0083]}},{"type":"Feature","properties":{"s":1.1},"geometry":{"type":"Point","coordinates":[81.7496,7.0393]}},{"type":"Feature","properties":{"s":0.99},"geometry":{"type":"Point","coordinates":[81.7514,7.0681]}},{"type":"Feature","properties":{"s":0.88},"geometry":{"type":"Point","coordinates":[81.7488,7.0883]}},{"type":"Feature","properties":{"s":1.11},"geometry":{"type":"Point","coordinates":[81.7568,6.9437]}},{"type":"Feature","properties":{"s":0.83},"geometry":{"type":"Point","coordinates":[81.7558,6.97]}},{"type":"Feature","properties":{"s":1},"geometry":{"type":"Point","coordinates":[81.7558,7.0022]}},{"type":"Feature","properties":{"s":1.11},"geometry":{"type":"Point","coordinates":[81.7543,7.0268]}},{"type":"Feature","properties":{"s":1.04},"geometry":{"type":"Point","coordinates":[81.7546,7.0769]}},{"type":"Feature","properties":{"s":1},"geometry":{"type":"Point","coordinates":[81.7552,7.0927]}},{"type":"Feature","properties":{"s":0.93},"geometry":{"type":"Point","coordinates":[81.7612,6.9312]}},{"type":"Feature","properties":{"s":1.18},"geometry":{"type":"Point","coordinates":[81.7595,6.9635]}},{"type":"Feature","properties":{"s":1.12},"geometry":{"type":"Point","coordinates":[81.7599,6.9841]}},{"type":"Feature","properties":{"s":1.05},"geometry":{"type":"Point","coordinates":[81.7599,7.0238]}},{"type":"Feature","properties":{"s":1.2},"geometry":{"type":"Point","coordinates":[81.7621,7.0389]}},{"type":"Feature","properties":{"s":1.03},"geometry":{"type":"Point","coordinates":[81.761,7.0639]}},{"type":"Feature","properties":{"s":0.85},"geometry":{"type":"Point","coordinates":[81.7617,7.0891]}},{"type":"Feature","properties":{"s":0.99},"geometry":{"type":"Point","coordinates":[81.7689,6.9122]}},{"type":"Feature","properties":{"s":0.86},"geometry":{"type":"Point","coordinates":[81.7672,6.9568]}},{"type":"Feature","properties":{"s":0.99},"geometry":{"type":"Point","coordinates":[81.7676,6.9844]}},{"type":"Feature","properties":{"s":0.98},"geometry":{"type":"Point","coordinates":[81.7691,7.0095]}},{"type":"Feature","properties":{"s":0.91},"geometry":{"type":"Point","coordinates":[81.7682,7.038]}},{"type":"Feature","properties":{"s":1.06},"geometry":{"type":"Point","coordinates":[81.7655,7.0572]}},{"type":"Feature","properties":{"s":1.05},"geometry":{"type":"Point","coordinates":[81.7663,7.0992]}},{"type":"Feature","properties":{"s":0.85},"geometry":{"type":"Point","coordinates":[81.7729,6.9079]}},{"type":"Feature","properties":{"s":1.16},"geometry":{"type":"Point","coordinates":[81.775,6.9269]}},{"type":"Feature","properties":{"s":1.18},"geometry":{"type":"Point","coordinates":[81.7739,6.9508]}},{"type":"Feature","properties":{"s":0.9},"geometry":{"type":"Point","coordinates":[81.7746,6.9819]}},{"type":"Feature","properties":{"s":0.95},"geometry":{"type":"Point","coordinates":[81.7742,7.0151]}},{"type":"Feature","properties":{"s":0.85},"geometry":{"type":"Point","coordinates":[81.7734,7.0381]}},{"type":"Feature","properties":{"s":0.89},"geometry":{"type":"Point","coordinates":[81.7751,7.0706]}},{"type":"Feature","properties":{"s":1.06},"geometry":{"type":"Point","coordinates":[81.7726,7.0941]}},{"type":"Feature","properties":{"s":0.95},"geometry":{"type":"Point","coordinates":[81.7813,6.9218]}},{"type":"Feature","properties":{"s":1.1},"geometry":{"type":"Point","coordinates":[81.7803,6.9456]}},{"type":"Feature","properties":{"s":0.85},"geometry":{"type":"Point","coordinates":[81.7792,6.9795]}},{"type":"Feature","properties":{"s":1.09},"geometry":{"type":"Point","coordinates":[81.7776,7.075]}},{"type":"Feature","properties":{"s":1.09},"geometry":{"type":"Point","coordinates":[81.7787,7.0926]}},{"type":"Feature","properties":{"s":1.09},"geometry":{"type":"Point","coordinates":[81.7854,6.9101]}},{"type":"Feature","properties":{"s":0.89},"geometry":{"type":"Point","coordinates":[81.7857,6.9448]}},{"type":"Feature","properties":{"s":1.01},"geometry":{"type":"Point","coordinates":[81.7847,7.0025]}},{"type":"Feature","properties":{"s":0.96},"geometry":{"type":"Point","coordinates":[81.7905,6.9182]}},{"type":"Feature","properties":{"s":0.86},"geometry":{"type":"Point","coordinates":[81.7919,6.9429]}},{"type":"Feature","properties":{"s":0.81},"geometry":{"type":"Point","coordinates":[81.7986,6.9153]}},{"type":"Feature","properties":{"s":1.01},"geometry":{"type":"Point","coordinates":[81.7956,6.9487]}},{"type":"Feature","properties":{"s":1.12},"geometry":{"type":"Point","coordinates":[81.8044,6.9249]}},{"type":"Feature","properties":{"s":1.11},"geometry":{"type":"Point","coordinates":[80.0544,8.8833]}},{"type":"Feature","properties":{"s":0.97},"geometry":{"type":"Point","coordinates":[80.0606,8.8717]}},{"type":"Feature","properties":{"s":0.86},"geometry":{"type":"Point","coordinates":[80.0569,8.8976]}},{"type":"Feature","properties":{"s":1.13},"geometry":{"type":"Point","coordinates":[80.0596,8.9688]}},{"type":"Feature","properties":{"s":0.81},"geometry":{"type":"Point","coordinates":[80.0667,8.897]}},{"type":"Feature","properties":{"s":0.99},"geometry":{"type":"Point","coordinates":[80.0657,8.9489]}},{"type":"Feature","properties":{"s":1.02},"geometry":{"type":"Point","coordinates":[80.0705,8.8555]}},{"type":"Feature","properties":{"s":0.97},"geometry":{"type":"Point","coordinates":[80.0701,8.9011]}},{"type":"Feature","properties":{"s":0.88},"geometry":{"type":"Point","coordinates":[80.0691,8.9257]}},{"type":"Feature","properties":{"s":0.81},"geometry":{"type":"Point","coordinates":[80.0692,8.9456]}},{"type":"Feature","properties":{"s":1.12},"geometry":{"type":"Point","coordinates":[80.0767,8.8471]}},{"type":"Feature","properties":{"s":0.89},"geometry":{"type":"Point","coordinates":[80.0761,8.8821]}},{"type":"Feature","properties":{"s":1.15},"geometry":{"type":"Point","coordinates":[80.075,8.9446]}},{"type":"Feature","properties":{"s":0.91},"geometry":{"type":"Point","coordinates":[80.0808,8.8426]}},{"type":"Feature","properties":{"s":1.04},"geometry":{"type":"Point","coordinates":[80.0818,8.8607]}},{"type":"Feature","properties":{"s":0.81},"geometry":{"type":"Point","coordinates":[80.0812,8.9098]}},{"type":"Feature","properties":{"s":0.88},"geometry":{"type":"Point","coordinates":[80.0833,8.9387]}},{"type":"Feature","properties":{"s":0.85},"geometry":{"type":"Point","coordinates":[80.0816,8.9687]}},{"type":"Feature","properties":{"s":1.03},"geometry":{"type":"Point","coordinates":[80.0897,8.8426]}},{"type":"Feature","properties":{"s":1.05},"geometry":{"type":"Point","coordinates":[80.0868,8.8842]}},{"type":"Feature","properties":{"s":0.94},"geometry":{"type":"Point","coordinates":[80.088,8.9121]}},{"type":"Feature","properties":{"s":0.89},"geometry":{"type":"Point","coordinates":[80.0909,8.9302]}},{"type":"Feature","properties":{"s":1.05},"geometry":{"type":"Point","coordinates":[80.0885,8.9609]}},{"type":"Feature","properties":{"s":0.96},"geometry":{"type":"Point","coordinates":[80.095,8.8357]}},{"type":"Feature","properties":{"s":0.92},"geometry":{"type":"Point","coordinates":[80.0933,8.8552]}},{"type":"Feature","properties":{"s":1.02},"geometry":{"type":"Point","coordinates":[80.0964,8.8841]}},{"type":"Feature","properties":{"s":0.92},"geometry":{"type":"Point","coordinates":[80.0952,8.9126]}},{"type":"Feature","properties":{"s":1.01},"geometry":{"type":"Point","coordinates":[80.0965,8.9536]}},{"type":"Feature","properties":{"s":1.09},"geometry":{"type":"Point","coordinates":[80.0964,8.973]}},{"type":"Feature","properties":{"s":1.17},"geometry":{"type":"Point","coordinates":[80.1001,8.8314]}},{"type":"Feature","properties":{"s":1.14},"geometry":{"type":"Point","coordinates":[80.0998,8.8595]}},{"type":"Feature","properties":{"s":1.06},"geometry":{"type":"Point","coordinates":[80.0992,8.8844]}},{"type":"Feature","properties":{"s":0.9},"geometry":{"type":"Point","coordinates":[80.0999,8.9096]}},{"type":"Feature","properties":{"s":0.83},"geometry":{"type":"Point","coordinates":[80.1024,8.931]}},{"type":"Feature","properties":{"s":1.15},"geometry":{"type":"Point","coordinates":[80.0989,8.9621]}},{"type":"Feature","properties":{"s":0.87},"geometry":{"type":"Point","coordinates":[80.1079,8.8363]}},{"type":"Feature","properties":{"s":1.07},"geometry":{"type":"Point","coordinates":[80.1085,8.8603]}},{"type":"Feature","properties":{"s":0.86},"geometry":{"type":"Point","coordinates":[80.1057,8.8969]}},{"type":"Feature","properties":{"s":0.94},"geometry":{"type":"Point","coordinates":[80.1081,8.9195]}},{"type":"Feature","properties":{"s":1.03},"geometry":{"type":"Point","coordinates":[80.1072,8.9456]}},{"type":"Feature","properties":{"s":1.02},"geometry":{"type":"Point","coordinates":[80.1058,8.9621]}},{"type":"Feature","properties":{"s":0.83},"geometry":{"type":"Point","coordinates":[80.1131,8.8297]}},{"type":"Feature","properties":{"s":0.97},"geometry":{"type":"Point","coordinates":[80.1138,8.852]}},{"type":"Feature","properties":{"s":1.17},"geometry":{"type":"Point","coordinates":[80.113,8.8882]}},{"type":"Feature","properties":{"s":1.04},"geometry":{"type":"Point","coordinates":[80.1148,8.9265]}},{"type":"Feature","properties":{"s":1.14},"geometry":{"type":"Point","coordinates":[80.1126,8.9499]}},{"type":"Feature","properties":{"s":0.84},"geometry":{"type":"Point","coordinates":[80.1112,8.973]}},{"type":"Feature","properties":{"s":0.94},"geometry":{"type":"Point","coordinates":[80.1194,8.835]}},{"type":"Feature","properties":{"s":0.81},"geometry":{"type":"Point","coordinates":[80.1184,8.8556]}},{"type":"Feature","properties":{"s":1.1},"geometry":{"type":"Point","coordinates":[80.1206,8.8763]}},{"type":"Feature","properties":{"s":1},"geometry":{"type":"Point","coordinates":[80.1201,8.9087]}},{"type":"Feature","properties":{"s":1.17},"geometry":{"type":"Point","coordinates":[80.1182,8.9362]}},{"type":"Feature","properties":{"s":1.15},"geometry":{"type":"Point","coordinates":[80.119,8.9611]}},{"type":"Feature","properties":{"s":1.18},"geometry":{"type":"Point","coordinates":[80.1245,8.8192]}},{"type":"Feature","properties":{"s":1.14},"geometry":{"type":"Point","coordinates":[80.1237,8.8472]}},{"type":"Feature","properties":{"s":0.99},"geometry":{"type":"Point","coordinates":[80.1258,8.8835]}},{"type":"Feature","properties":{"s":1.06},"geometry":{"type":"Point","coordinates":[80.1233,8.9252]}},{"type":"Feature","properties":{"s":1.18},"geometry":{"type":"Point","coordinates":[80.1248,8.9541]}},{"type":"Feature","properties":{"s":0.86},"geometry":{"type":"Point","coordinates":[80.1307,8.805]}},{"type":"Feature","properties":{"s":1.17},"geometry":{"type":"Point","coordinates":[80.1312,8.8362]}},{"type":"Feature","properties":{"s":1.02},"geometry":{"type":"Point","coordinates":[80.1327,8.8775]}},{"type":"Feature","properties":{"s":0.98},"geometry":{"type":"Point","coordinates":[80.1329,8.9258]}},{"type":"Feature","properties":{"s":0.88},"geometry":{"type":"Point","coordinates":[80.1326,8.9491]}},{"type":"Feature","properties":{"s":0.99},"geometry":{"type":"Point","coordinates":[80.1326,8.9679]}},{"type":"Feature","properties":{"s":0.83},"geometry":{"type":"Point","coordinates":[80.1377,8.8047]}},{"type":"Feature","properties":{"s":0.83},"geometry":{"type":"Point","coordinates":[80.1348,8.8351]}},{"type":"Feature","properties":{"s":1.12},"geometry":{"type":"Point","coordinates":[80.1383,8.8905]}},{"type":"Feature","properties":{"s":1.07},"geometry":{"type":"Point","coordinates":[80.1365,8.9065]}},{"type":"Feature","properties":{"s":1.13},"geometry":{"type":"Point","coordinates":[80.1351,8.9364]}},{"type":"Feature","properties":{"s":1.02},"geometry":{"type":"Point","coordinates":[80.1355,8.9552]}},{"type":"Feature","properties":{"s":1.03},"geometry":{"type":"Point","coordinates":[80.1359,8.972]}},{"type":"Feature","properties":{"s":1.09},"geometry":{"type":"Point","coordinates":[80.1423,8.8181]}},{"type":"Feature","properties":{"s":1.17},"geometry":{"type":"Point","coordinates":[80.141,8.8401]}},{"type":"Feature","properties":{"s":1.13},"geometry":{"type":"Point","coordinates":[80.1441,8.8702]}},{"type":"Feature","properties":{"s":1.02},"geometry":{"type":"Point","coordinates":[80.1415,8.8906]}},{"type":"Feature","properties":{"s":0.81},"geometry":{"type":"Point","coordinates":[80.142,8.909]}},{"type":"Feature","properties":{"s":1.06},"geometry":{"type":"Point","coordinates":[80.1412,8.9505]}},{"type":"Feature","properties":{"s":1.17},"geometry":{"type":"Point","coordinates":[80.1485,8.7817]}},{"type":"Feature","properties":{"s":0.93},"geometry":{"type":"Point","coordinates":[80.1492,8.8044]}},{"type":"Feature","properties":{"s":1.03},"geometry":{"type":"Point","coordinates":[80.1471,8.8224]}},{"type":"Feature","properties":{"s":1.14},"geometry":{"type":"Point","coordinates":[80.1498,8.8434]}},{"type":"Feature","properties":{"s":1.11},"geometry":{"type":"Point","coordinates":[80.1472,8.8844]}},{"type":"Feature","properties":{"s":0.99},"geometry":{"type":"Point","coordinates":[80.1508,8.9008]}},{"type":"Feature","properties":{"s":1.05},"geometry":{"type":"Point","coordinates":[80.1472,8.9308]}},{"type":"Feature","properties":{"s":0.84},"geometry":{"type":"Point","coordinates":[80.1496,8.9554]}},{"type":"Feature","properties":{"s":1.01},"geometry":{"type":"Point","coordinates":[80.1569,8.8008]}},{"type":"Feature","properties":{"s":1.03},"geometry":{"type":"Point","coordinates":[80.1528,8.8364]}},{"type":"Feature","properties":{"s":1.19},"geometry":{"type":"Point","coordinates":[80.1555,8.8578]}},{"type":"Feature","properties":{"s":1.05},"geometry":{"type":"Point","coordinates":[80.1527,8.8964]}},{"type":"Feature","properties":{"s":0.81},"geometry":{"type":"Point","coordinates":[80.1531,8.9238]}},{"type":"Feature","properties":{"s":0.91},"geometry":{"type":"Point","coordinates":[80.1561,8.9492]}},{"type":"Feature","properties":{"s":0.92},"geometry":{"type":"Point","coordinates":[80.1607,8.7887]}},{"type":"Feature","properties":{"s":0.86},"geometry":{"type":"Point","coordinates":[80.1589,8.831]}},{"type":"Feature","properties":{"s":0.81},"geometry":{"type":"Point","coordinates":[80.159,8.8765]}},{"type":"Feature","properties":{"s":1.04},"geometry":{"type":"Point","coordinates":[80.1591,8.9031]}},{"type":"Feature","properties":{"s":0.98},"geometry":{"type":"Point","coordinates":[80.1594,8.927]}},{"type":"Feature","properties":{"s":0.91},"geometry":{"type":"Point","coordinates":[80.1591,8.9428]}},{"type":"Feature","properties":{"s":0.88},"geometry":{"type":"Point","coordinates":[80.1682,8.7747]}},{"type":"Feature","properties":{"s":0.81},"geometry":{"type":"Point","coordinates":[80.1685,8.822]}},{"type":"Feature","properties":{"s":0.81},"geometry":{"type":"Point","coordinates":[80.1685,8.8532]}},{"type":"Feature","properties":{"s":0.86},"geometry":{"type":"Point","coordinates":[80.1673,8.9078]}},{"type":"Feature","properties":{"s":1.15},"geometry":{"type":"Point","coordinates":[80.1664,8.9427]}},{"type":"Feature","properties":{"s":0.93},"geometry":{"type":"Point","coordinates":[80.1712,8.7686]}},{"type":"Feature","properties":{"s":1.11},"geometry":{"type":"Point","coordinates":[80.1726,8.7955]}},{"type":"Feature","properties":{"s":1.01},"geometry":{"type":"Point","coordinates":[80.1722,8.8157]}},{"type":"Feature","properties":{"s":1.14},"geometry":{"type":"Point","coordinates":[80.1729,8.8406]}},{"type":"Feature","properties":{"s":1.19},"geometry":{"type":"Point","coordinates":[80.1744,8.8674]}},{"type":"Feature","properties":{"s":1.18},"geometry":{"type":"Point","coordinates":[80.1718,8.9319]}},{"type":"Feature","properties":{"s":1.2},"geometry":{"type":"Point","coordinates":[80.1784,8.7618]}},{"type":"Feature","properties":{"s":0.91},"geometry":{"type":"Point","coordinates":[80.1792,8.7948]}},{"type":"Feature","properties":{"s":0.94},"geometry":{"type":"Point","coordinates":[80.179,8.8192]}},{"type":"Feature","properties":{"s":0.95},"geometry":{"type":"Point","coordinates":[80.1797,8.8416]}},{"type":"Feature","properties":{"s":0.9},"geometry":{"type":"Point","coordinates":[80.1784,8.8903]}},{"type":"Feature","properties":{"s":1.05},"geometry":{"type":"Point","coordinates":[80.178,8.9082]}},{"type":"Feature","properties":{"s":1.19},"geometry":{"type":"Point","coordinates":[80.1788,8.9236]}},{"type":"Feature","properties":{"s":1.1},"geometry":{"type":"Point","coordinates":[80.1853,8.7887]}},{"type":"Feature","properties":{"s":0.9},"geometry":{"type":"Point","coordinates":[80.185,8.8037]}},{"type":"Feature","properties":{"s":1.09},"geometry":{"type":"Point","coordinates":[80.1854,8.8373]}},{"type":"Feature","properties":{"s":0.91},"geometry":{"type":"Point","coordinates":[80.1861,8.8537]}},{"type":"Feature","properties":{"s":1.08},"geometry":{"type":"Point","coordinates":[80.1856,8.8853]}},{"type":"Feature","properties":{"s":1.02},"geometry":{"type":"Point","coordinates":[80.1842,8.9236]}},{"type":"Feature","properties":{"s":1.19},"geometry":{"type":"Point","coordinates":[80.1908,8.7831]}},{"type":"Feature","properties":{"s":1.09},"geometry":{"type":"Point","coordinates":[80.1888,8.8242]}},{"type":"Feature","properties":{"s":1.04},"geometry":{"type":"Point","coordinates":[80.1901,8.8492]}},{"type":"Feature","properties":{"s":0.98},"geometry":{"type":"Point","coordinates":[80.1918,8.8654]}},{"type":"Feature","properties":{"s":0.95},"geometry":{"type":"Point","coordinates":[80.1896,8.9037]}},{"type":"Feature","properties":{"s":1.1},"geometry":{"type":"Point","coordinates":[80.1977,8.7687]}},{"type":"Feature","properties":{"s":1.08},"geometry":{"type":"Point","coordinates":[80.1967,8.7916]}},{"type":"Feature","properties":{"s":0.88},"geometry":{"type":"Point","coordinates":[80.197,8.8296]}},{"type":"Feature","properties":{"s":1.11},"geometry":{"type":"Point","coordinates":[80.1975,8.8496]}},{"type":"Feature","properties":{"s":0.94},"geometry":{"type":"Point","coordinates":[80.1986,8.8715]}},{"type":"Feature","properties":{"s":0.82},"geometry":{"type":"Point","coordinates":[80.195,8.8914]}},{"type":"Feature","properties":{"s":1.18},"geometry":{"type":"Point","coordinates":[80.1989,8.9217]}},{"type":"Feature","properties":{"s":0.9},"geometry":{"type":"Point","coordinates":[80.2016,8.7713]}},{"type":"Feature","properties":{"s":1.14},"geometry":{"type":"Point","coordinates":[80.2026,8.7932]}},{"type":"Feature","properties":{"s":1.2},"geometry":{"type":"Point","coordinates":[80.2016,8.8186]}},{"type":"Feature","properties":{"s":0.87},"geometry":{"type":"Point","coordinates":[80.2042,8.848]}},{"type":"Feature","properties":{"s":0.83},"geometry":{"type":"Point","coordinates":[80.2083,8.7773]}},{"type":"Feature","properties":{"s":1.13},"geometry":{"type":"Point","coordinates":[80.2078,8.7938]}},{"type":"Feature","properties":{"s":1.02},"geometry":{"type":"Point","coordinates":[80.207,8.8469]}},{"type":"Feature","properties":{"s":1.07},"geometry":{"type":"Point","coordinates":[80.2142,8.762]}},{"type":"Feature","properties":{"s":0.88},"geometry":{"type":"Point","coordinates":[80.2168,8.7897]}},{"type":"Feature","properties":{"s":1.03},"geometry":{"type":"Point","coordinates":[80.2129,8.8134]}},{"type":"Feature","properties":{"s":0.83},"geometry":{"type":"Point","coordinates":[80.2223,8.7928]}},{"type":"Feature","properties":{"s":1.11},"geometry":{"type":"Point","coordinates":[80.2279,8.7622]}},{"type":"Feature","properties":{"s":1.01},"geometry":{"type":"Point","coordinates":[80.2275,8.7799]}},{"type":"Feature","properties":{"s":1.02},"geometry":{"type":"Point","coordinates":[80.2264,8.7978]}},{"type":"Feature","properties":{"s":1.04},"geometry":{"type":"Point","coordinates":[80.233,8.7942]}},{"type":"Feature","properties":{"s":1.17},"geometry":{"type":"Point","coordinates":[80.2394,8.7871]}},{"type":"Feature","properties":{"s":1.03},"geometry":{"type":"Point","coordinates":[80.2912,6.4515]}},{"type":"Feature","properties":{"s":0.87},"geometry":{"type":"Point","coordinates":[80.2983,6.4422]}},{"type":"Feature","properties":{"s":1.05},"geometry":{"type":"Point","coordinates":[80.3034,6.4366]}},{"type":"Feature","properties":{"s":1.13},"geometry":{"type":"Point","coordinates":[80.3062,6.4673]}},{"type":"Feature","properties":{"s":0.91},"geometry":{"type":"Point","coordinates":[80.3109,6.439]}},{"type":"Feature","properties":{"s":1.11},"geometry":{"type":"Point","coordinates":[80.3133,6.4616]}},{"type":"Feature","properties":{"s":1.11},"geometry":{"type":"Point","coordinates":[80.317,6.4377]}},{"type":"Feature","properties":{"s":1.19},"geometry":{"type":"Point","coordinates":[80.3214,6.4382]}},{"type":"Feature","properties":{"s":0.95},"geometry":{"type":"Point","coordinates":[80.3247,6.4555]}},{"type":"Feature","properties":{"s":1.14},"geometry":{"type":"Point","coordinates":[80.3292,6.4335]}},{"type":"Feature","properties":{"s":0.99},"geometry":{"type":"Point","coordinates":[80.3311,6.455]}},{"type":"Feature","properties":{"s":0.92},"geometry":{"type":"Point","coordinates":[80.3298,6.4835]}},{"type":"Feature","properties":{"s":1.19},"geometry":{"type":"Point","coordinates":[80.3333,6.4558]}},{"type":"Feature","properties":{"s":0.94},"geometry":{"type":"Point","coordinates":[80.3338,6.4807]}},{"type":"Feature","properties":{"s":1.09},"geometry":{"type":"Point","coordinates":[80.334,6.4959]}},{"type":"Feature","properties":{"s":0.89},"geometry":{"type":"Point","coordinates":[80.3425,6.4432]}},{"type":"Feature","properties":{"s":1.12},"geometry":{"type":"Point","coordinates":[80.3416,6.4668]}},{"type":"Feature","properties":{"s":1.19},"geometry":{"type":"Point","coordinates":[80.3461,6.4118]}},{"type":"Feature","properties":{"s":1.06},"geometry":{"type":"Point","coordinates":[80.3468,6.4422]}},{"type":"Feature","properties":{"s":0.82},"geometry":{"type":"Point","coordinates":[80.3483,6.4686]}},{"type":"Feature","properties":{"s":0.81},"geometry":{"type":"Point","coordinates":[80.3536,6.4083]}},{"type":"Feature","properties":{"s":1.06},"geometry":{"type":"Point","coordinates":[80.3511,6.4321]}},{"type":"Feature","properties":{"s":0.84},"geometry":{"type":"Point","coordinates":[80.3538,6.454]}},{"type":"Feature","properties":{"s":0.89},"geometry":{"type":"Point","coordinates":[80.3516,6.4728]}},{"type":"Feature","properties":{"s":1.1},"geometry":{"type":"Point","coordinates":[80.3613,6.3964]}},{"type":"Feature","properties":{"s":0.9},"geometry":{"type":"Point","coordinates":[80.3589,6.4392]}},{"type":"Feature","properties":{"s":0.87},"geometry":{"type":"Point","coordinates":[80.3607,6.4675]}},{"type":"Feature","properties":{"s":1.03},"geometry":{"type":"Point","coordinates":[80.3571,6.4908]}},{"type":"Feature","properties":{"s":0.94},"geometry":{"type":"Point","coordinates":[80.3661,6.4205]}},{"type":"Feature","properties":{"s":1.08},"geometry":{"type":"Point","coordinates":[80.3654,6.4545]}},{"type":"Feature","properties":{"s":1.07},"geometry":{"type":"Point","coordinates":[80.365,6.4728]}},{"type":"Feature","properties":{"s":1.1},"geometry":{"type":"Point","coordinates":[80.3716,6.4215]}},{"type":"Feature","properties":{"s":1.14},"geometry":{"type":"Point","coordinates":[80.37,6.4419]}},{"type":"Feature","properties":{"s":0.88},"geometry":{"type":"Point","coordinates":[80.3791,6.4316]}},{"type":"Feature","properties":{"s":1.07},"geometry":{"type":"Point","coordinates":[80.3785,6.4627]}},{"type":"Feature","properties":{"s":0.89},"geometry":{"type":"Point","coordinates":[80.383,6.4139]}},{"type":"Feature","properties":{"s":0.89},"geometry":{"type":"Point","coordinates":[80.383,6.4484]}},{"type":"Feature","properties":{"s":1.11},"geometry":{"type":"Point","coordinates":[80.3897,6.4025]}},{"type":"Feature","properties":{"s":1.09},"geometry":{"type":"Point","coordinates":[80.3871,6.4199]}},{"type":"Feature","properties":{"s":1.07},"geometry":{"type":"Point","coordinates":[80.3872,6.4452]}},{"type":"Feature","properties":{"s":0.81},"geometry":{"type":"Point","coordinates":[80.3891,6.4608]}},{"type":"Feature","properties":{"s":0.84},"geometry":{"type":"Point","coordinates":[80.3942,6.3972]}},{"type":"Feature","properties":{"s":1.03},"geometry":{"type":"Point","coordinates":[80.3971,6.4252]}},{"type":"Feature","properties":{"s":0.93},"geometry":{"type":"Point","coordinates":[80.3965,6.4545]}},{"type":"Feature","properties":{"s":1.15},"geometry":{"type":"Point","coordinates":[80.3994,6.4086]}},{"type":"Feature","properties":{"s":1.11},"geometry":{"type":"Point","coordinates":[80.4021,6.4364]}},{"type":"Feature","properties":{"s":0.83},"geometry":{"type":"Point","coordinates":[80.4058,6.3933]}},{"type":"Feature","properties":{"s":0.8},"geometry":{"type":"Point","coordinates":[80.4091,6.4386]}},{"type":"Feature","properties":{"s":1.15},"geometry":{"type":"Point","coordinates":[80.4052,6.457]}},{"type":"Feature","properties":{"s":1.08},"geometry":{"type":"Point","coordinates":[80.4136,6.4054]}},{"type":"Feature","properties":{"s":1.1},"geometry":{"type":"Point","coordinates":[80.4136,6.444]}},{"type":"Feature","properties":{"s":1.11},"geometry":{"type":"Point","coordinates":[80.4209,6.3937]}},{"type":"Feature","properties":{"s":0.92},"geometry":{"type":"Point","coordinates":[80.4181,6.4137]}},{"type":"Feature","properties":{"s":0.94},"geometry":{"type":"Point","coordinates":[80.4206,6.4374]}},{"type":"Feature","properties":{"s":1.08},"geometry":{"type":"Point","coordinates":[80.427,6.3826]}},{"type":"Feature","properties":{"s":0.83},"geometry":{"type":"Point","coordinates":[80.4264,6.4136]}},{"type":"Feature","properties":{"s":0.84},"geometry":{"type":"Point","coordinates":[80.4234,6.449]}},{"type":"Feature","properties":{"s":0.98},"geometry":{"type":"Point","coordinates":[80.431,6.3899]}},{"type":"Feature","properties":{"s":0.84},"geometry":{"type":"Point","coordinates":[80.4299,6.4256]}},{"type":"Feature","properties":{"s":1.12},"geometry":{"type":"Point","coordinates":[80.4379,6.3755]}},{"type":"Feature","properties":{"s":1.1},"geometry":{"type":"Point","coordinates":[80.4384,6.4004]}},{"type":"Feature","properties":{"s":1.06},"geometry":{"type":"Point","coordinates":[80.4393,6.4367]}},{"type":"Feature","properties":{"s":1.08},"geometry":{"type":"Point","coordinates":[80.4449,6.3899]}},{"type":"Feature","properties":{"s":0.85},"geometry":{"type":"Point","coordinates":[80.4436,6.4092]}},{"type":"Feature","properties":{"s":1.09},"geometry":{"type":"Point","coordinates":[80.4483,6.3814]}},{"type":"Feature","properties":{"s":0.89},"geometry":{"type":"Point","coordinates":[80.4493,6.3995]}},{"type":"Feature","properties":{"s":1.11},"geometry":{"type":"Point","coordinates":[80.4476,6.4367]}},{"type":"Feature","properties":{"s":0.84},"geometry":{"type":"Point","coordinates":[80.4566,6.3994]}},{"type":"Feature","properties":{"s":0.99},"geometry":{"type":"Point","coordinates":[80.4563,6.4266]}},{"type":"Feature","properties":{"s":0.99},"geometry":{"type":"Point","coordinates":[80.462,6.39]}},{"type":"Feature","properties":{"s":0.99},"geometry":{"type":"Point","coordinates":[80.4598,6.4197]}},{"type":"Feature","properties":{"s":0.82},"geometry":{"type":"Point","coordinates":[80.4659,6.3972]}},{"type":"Feature","properties":{"s":1.08},"geometry":{"type":"Point","coordinates":[80.4687,6.4139]}},{"type":"Feature","properties":{"s":1.02},"geometry":{"type":"Point","coordinates":[80.4718,6.4114]}},{"type":"Feature","properties":{"s":1.08},"geometry":{"type":"Point","coordinates":[80.4792,6.3771]}},{"type":"Feature","properties":{"s":0.94},"geometry":{"type":"Point","coordinates":[80.4777,6.3951]}},{"type":"Feature","properties":{"s":1.18},"geometry":{"type":"Point","coordinates":[80.4863,6.3704]}},{"type":"Feature","properties":{"s":0.83},"geometry":{"type":"Point","coordinates":[80.4861,6.388]}},{"type":"Feature","properties":{"s":0.89},"geometry":{"type":"Point","coordinates":[80.4894,6.3887]}},{"type":"Feature","properties":{"s":0.82},"geometry":{"type":"Point","coordinates":[80.4904,6.4241]}},{"type":"Feature","properties":{"s":1.19},"geometry":{"type":"Point","coordinates":[80.4983,6.3697]}},{"type":"Feature","properties":{"s":1.08},"geometry":{"type":"Point","coordinates":[80.4969,6.4002]}},{"type":"Feature","properties":{"s":1},"geometry":{"type":"Point","coordinates":[80.4955,6.4181]}},{"type":"Feature","properties":{"s":0.96},"geometry":{"type":"Point","coordinates":[80.5026,6.394]}},{"type":"Feature","properties":{"s":0.87},"geometry":{"type":"Point","coordinates":[80.509,6.3693]}},{"type":"Feature","properties":{"s":0.85},"geometry":{"type":"Point","coordinates":[80.5104,6.4003]}},{"type":"Feature","properties":{"s":1},"geometry":{"type":"Point","coordinates":[80.5152,6.3708]}},{"type":"Feature","properties":{"s":0.9},"geometry":{"type":"Point","coordinates":[80.5157,6.397]}},{"type":"Feature","properties":{"s":1.06},"geometry":{"type":"Point","coordinates":[80.5212,6.3777]}},{"type":"Feature","properties":{"s":1.08},"geometry":{"type":"Point","coordinates":[80.5196,6.395]}},{"type":"Feature","properties":{"s":1.04},"geometry":{"type":"Point","coordinates":[80.526,6.3709]}},{"type":"Feature","properties":{"s":1.15},"geometry":{"type":"Point","coordinates":[80.5257,6.4093]}},{"type":"Feature","properties":{"s":1.13},"geometry":{"type":"Point","coordinates":[80.5319,6.3753]}},{"type":"Feature","properties":{"s":1.1},"geometry":{"type":"Point","coordinates":[80.5352,6.408]}},{"type":"Feature","properties":{"s":1.15},"geometry":{"type":"Point","coordinates":[80.539,6.3937]}},{"type":"Feature","properties":{"s":0.99},"geometry":{"type":"Point","coordinates":[80.5469,6.4008]}},{"type":"Feature","properties":{"s":0.88},"geometry":{"type":"Point","coordinates":[80.5532,6.4007]}},{"type":"Feature","properties":{"s":0.83},"geometry":{"type":"Point","coordinates":[80.5583,6.389]}},{"type":"Feature","properties":{"s":0.91},"geometry":{"type":"Point","coordinates":[80.5593,6.413]}},{"type":"Feature","properties":{"s":1.07},"geometry":{"type":"Point","coordinates":[80.5637,6.3937]}},{"type":"Feature","properties":{"s":0.95},"geometry":{"type":"Point","coordinates":[80.5711,6.3816]}},{"type":"Feature","properties":{"s":0.87},"geometry":{"type":"Point","coordinates":[80.5713,6.4133]}},{"type":"Feature","properties":{"s":0.86},"geometry":{"type":"Point","coordinates":[80.5733,6.3935]}},{"type":"Feature","properties":{"s":0.81},"geometry":{"type":"Point","coordinates":[80.5798,6.4057]}},{"type":"Feature","properties":{"s":0.82},"geometry":{"type":"Point","coordinates":[80.5871,6.4084]}},{"type":"Feature","properties":{"s":1.02},"geometry":{"type":"Point","coordinates":[80.5916,6.3914]}},{"type":"Feature","properties":{"s":0.99},"geometry":{"type":"Point","coordinates":[80.598,6.3909]}},{"type":"Feature","properties":{"s":1.17},"geometry":{"type":"Point","coordinates":[80.6063,6.4026]}},{"type":"Feature","properties":{"s":1.08},"geometry":{"type":"Point","coordinates":[80.6127,6.4025]}},{"type":"Feature","properties":{"s":1.12},"geometry":{"type":"Point","coordinates":[80.6184,6.384]}},{"type":"Feature","properties":{"s":1.04},"geometry":{"type":"Point","coordinates":[80.625,6.3975]}},{"type":"Feature","properties":{"s":0.94},"geometry":{"type":"Point","coordinates":[80.622,6.4173]}},{"type":"Feature","properties":{"s":1.15},"geometry":{"type":"Point","coordinates":[80.6286,6.4027]}},{"type":"Feature","properties":{"s":0.86},"geometry":{"type":"Point","coordinates":[80.6362,6.3879]}},{"type":"Feature","properties":{"s":0.9},"geometry":{"type":"Point","coordinates":[80.6405,6.3845]}},{"type":"Feature","properties":{"s":1.19},"geometry":{"type":"Point","coordinates":[80.6542,6.3837]}},{"type":"Feature","properties":{"s":0.81},"geometry":{"type":"Point","coordinates":[80.5713,8.7243]}},{"type":"Feature","properties":{"s":1.17},"geometry":{"type":"Point","coordinates":[80.5863,8.7206]}},{"type":"Feature","properties":{"s":1.18},"geometry":{"type":"Point","coordinates":[80.5848,8.7453]}},{"type":"Feature","properties":{"s":0.9},"geometry":{"type":"Point","coordinates":[80.589,8.7361]}},{"type":"Feature","properties":{"s":0.84},"geometry":{"type":"Point","coordinates":[80.5951,8.7191]}},{"type":"Feature","properties":{"s":0.87},"geometry":{"type":"Point","coordinates":[80.5951,8.7519]}},{"type":"Feature","properties":{"s":1.14},"geometry":{"type":"Point","coordinates":[80.6024,8.7261]}},{"type":"Feature","properties":{"s":1.07},"geometry":{"type":"Point","coordinates":[80.6036,8.7511]}},{"type":"Feature","properties":{"s":0.94},"geometry":{"type":"Point","coordinates":[80.6012,8.7919]}},{"type":"Feature","properties":{"s":1},"geometry":{"type":"Point","coordinates":[80.6102,8.7181]}},{"type":"Feature","properties":{"s":1},"geometry":{"type":"Point","coordinates":[80.6074,8.7602]}},{"type":"Feature","properties":{"s":1.08},"geometry":{"type":"Point","coordinates":[80.6081,8.8088]}},{"type":"Feature","properties":{"s":0.91},"geometry":{"type":"Point","coordinates":[80.6164,8.7087]}},{"type":"Feature","properties":{"s":1.12},"geometry":{"type":"Point","coordinates":[80.616,8.732]}},{"type":"Feature","properties":{"s":1},"geometry":{"type":"Point","coordinates":[80.6163,8.774]}},{"type":"Feature","properties":{"s":1.15},"geometry":{"type":"Point","coordinates":[80.6156,8.7921]}},{"type":"Feature","properties":{"s":1.1},"geometry":{"type":"Point","coordinates":[80.6219,8.7062]}},{"type":"Feature","properties":{"s":1.05},"geometry":{"type":"Point","coordinates":[80.6199,8.7247]}},{"type":"Feature","properties":{"s":1.05},"geometry":{"type":"Point","coordinates":[80.6203,8.7509]}},{"type":"Feature","properties":{"s":1.01},"geometry":{"type":"Point","coordinates":[80.6208,8.7929]}},{"type":"Feature","properties":{"s":0.9},"geometry":{"type":"Point","coordinates":[80.6286,8.7078]}},{"type":"Feature","properties":{"s":0.93},"geometry":{"type":"Point","coordinates":[80.6263,8.7393]}},{"type":"Feature","properties":{"s":1.2},"geometry":{"type":"Point","coordinates":[80.6249,8.7627]}},{"type":"Feature","properties":{"s":1.15},"geometry":{"type":"Point","coordinates":[80.6267,8.7935]}},{"type":"Feature","properties":{"s":1.02},"geometry":{"type":"Point","coordinates":[80.626,8.8139]}},{"type":"Feature","properties":{"s":0.87},"geometry":{"type":"Point","coordinates":[80.6318,8.7214]}},{"type":"Feature","properties":{"s":1.14},"geometry":{"type":"Point","coordinates":[80.6337,8.7483]}},{"type":"Feature","properties":{"s":1.11},"geometry":{"type":"Point","coordinates":[80.634,8.7735]}},{"type":"Feature","properties":{"s":0.87},"geometry":{"type":"Point","coordinates":[80.6336,8.8212]}},{"type":"Feature","properties":{"s":1.1},"geometry":{"type":"Point","coordinates":[80.6386,8.7273]}},{"type":"Feature","properties":{"s":1.06},"geometry":{"type":"Point","coordinates":[80.6399,8.7419]}},{"type":"Feature","properties":{"s":1.01},"geometry":{"type":"Point","coordinates":[80.6371,8.784]}},{"type":"Feature","properties":{"s":0.97},"geometry":{"type":"Point","coordinates":[80.6465,8.7337]}},{"type":"Feature","properties":{"s":0.84},"geometry":{"type":"Point","coordinates":[80.6467,8.7539]}},{"type":"Feature","properties":{"s":0.99},"geometry":{"type":"Point","coordinates":[80.6453,8.7799]}},{"type":"Feature","properties":{"s":0.83},"geometry":{"type":"Point","coordinates":[80.6442,8.8114]}},{"type":"Feature","properties":{"s":0.94},"geometry":{"type":"Point","coordinates":[80.6468,8.8449]}},{"type":"Feature","properties":{"s":1.15},"geometry":{"type":"Point","coordinates":[80.6506,8.7386]}},{"type":"Feature","properties":{"s":1.13},"geometry":{"type":"Point","coordinates":[80.6512,8.7675]}},{"type":"Feature","properties":{"s":1.07},"geometry":{"type":"Point","coordinates":[80.6493,8.7983]}},{"type":"Feature","properties":{"s":0.89},"geometry":{"type":"Point","coordinates":[80.6518,8.8227]}},{"type":"Feature","properties":{"s":1.14},"geometry":{"type":"Point","coordinates":[80.657,8.742]}},{"type":"Feature","properties":{"s":1.02},"geometry":{"type":"Point","coordinates":[80.6556,8.7675]}},{"type":"Feature","properties":{"s":1.02},"geometry":{"type":"Point","coordinates":[80.6586,8.7995]}},{"type":"Feature","properties":{"s":0.97},"geometry":{"type":"Point","coordinates":[80.6587,8.8215]}},{"type":"Feature","properties":{"s":1.01},"geometry":{"type":"Point","coordinates":[80.655,8.8458]}},{"type":"Feature","properties":{"s":1.03},"geometry":{"type":"Point","coordinates":[80.6627,8.7385]}},{"type":"Feature","properties":{"s":1},"geometry":{"type":"Point","coordinates":[80.6624,8.7618]}},{"type":"Feature","properties":{"s":1.12},"geometry":{"type":"Point","coordinates":[80.6613,8.7986]}},{"type":"Feature","properties":{"s":1.07},"geometry":{"type":"Point","coordinates":[80.6617,8.8164]}},{"type":"Feature","properties":{"s":1.05},"geometry":{"type":"Point","coordinates":[80.6628,8.8457]}},{"type":"Feature","properties":{"s":1.05},"geometry":{"type":"Point","coordinates":[80.6706,8.7745]}},{"type":"Feature","properties":{"s":1.09},"geometry":{"type":"Point","coordinates":[80.6669,8.8273]}},{"type":"Feature","properties":{"s":1.17},"geometry":{"type":"Point","coordinates":[80.6672,8.8595]}},{"type":"Feature","properties":{"s":0.92},"geometry":{"type":"Point","coordinates":[80.6757,8.7441]}},{"type":"Feature","properties":{"s":0.9},"geometry":{"type":"Point","coordinates":[80.6738,8.7847]}},{"type":"Feature","properties":{"s":0.93},"geometry":{"type":"Point","coordinates":[80.6735,8.803]}},{"type":"Feature","properties":{"s":0.87},"geometry":{"type":"Point","coordinates":[80.6735,8.8625]}},{"type":"Feature","properties":{"s":0.87},"geometry":{"type":"Point","coordinates":[80.6795,8.7731]}},{"type":"Feature","properties":{"s":1.1},"geometry":{"type":"Point","coordinates":[80.6805,8.7899]}},{"type":"Feature","properties":{"s":0.91},"geometry":{"type":"Point","coordinates":[80.6809,8.8297]}},{"type":"Feature","properties":{"s":0.84},"geometry":{"type":"Point","coordinates":[80.682,8.8454]}},{"type":"Feature","properties":{"s":1.05},"geometry":{"type":"Point","coordinates":[80.6817,8.869]}},{"type":"Feature","properties":{"s":1},"geometry":{"type":"Point","coordinates":[80.6876,8.7607]}},{"type":"Feature","properties":{"s":1.04},"geometry":{"type":"Point","coordinates":[80.6859,8.7924]}},{"type":"Feature","properties":{"s":1.03},"geometry":{"type":"Point","coordinates":[80.6864,8.8285]}},{"type":"Feature","properties":{"s":1.09},"geometry":{"type":"Point","coordinates":[80.6872,8.8444]}},{"type":"Feature","properties":{"s":1.03},"geometry":{"type":"Point","coordinates":[80.6941,8.7478]}},{"type":"Feature","properties":{"s":1.09},"geometry":{"type":"Point","coordinates":[80.6921,8.7803]}},{"type":"Feature","properties":{"s":1.05},"geometry":{"type":"Point","coordinates":[80.693,8.7978]}},{"type":"Feature","properties":{"s":0.87},"geometry":{"type":"Point","coordinates":[80.6932,8.8299]}},{"type":"Feature","properties":{"s":0.8},"geometry":{"type":"Point","coordinates":[80.6924,8.8533]}},{"type":"Feature","properties":{"s":0.83},"geometry":{"type":"Point","coordinates":[80.6926,8.8748]}},{"type":"Feature","properties":{"s":0.92},"geometry":{"type":"Point","coordinates":[80.6997,8.7818]}},{"type":"Feature","properties":{"s":1.17},"geometry":{"type":"Point","coordinates":[80.698,8.8104]}},{"type":"Feature","properties":{"s":0.99},"geometry":{"type":"Point","coordinates":[80.6987,8.8639]}},{"type":"Feature","properties":{"s":0.88},"geometry":{"type":"Point","coordinates":[80.704,8.7755]}},{"type":"Feature","properties":{"s":1.2},"geometry":{"type":"Point","coordinates":[80.7028,8.8056]}},{"type":"Feature","properties":{"s":0.93},"geometry":{"type":"Point","coordinates":[80.705,8.8445]}},{"type":"Feature","properties":{"s":1.18},"geometry":{"type":"Point","coordinates":[80.7117,8.7546]}},{"type":"Feature","properties":{"s":0.94},"geometry":{"type":"Point","coordinates":[80.711,8.7803]}},{"type":"Feature","properties":{"s":1},"geometry":{"type":"Point","coordinates":[80.7089,8.8115]}},{"type":"Feature","properties":{"s":1.15},"geometry":{"type":"Point","coordinates":[80.7125,8.8413]}},{"type":"Feature","properties":{"s":1.08},"geometry":{"type":"Point","coordinates":[80.7121,8.8599]}},{"type":"Feature","properties":{"s":1.16},"geometry":{"type":"Point","coordinates":[80.7154,8.7574]}},{"type":"Feature","properties":{"s":1.12},"geometry":{"type":"Point","coordinates":[80.7168,8.7859]}},{"type":"Feature","properties":{"s":1.12},"geometry":{"type":"Point","coordinates":[80.7157,8.811]}},{"type":"Feature","properties":{"s":0.87},"geometry":{"type":"Point","coordinates":[80.7181,8.8344]}},{"type":"Feature","properties":{"s":0.97},"geometry":{"type":"Point","coordinates":[80.7176,8.8508]}},{"type":"Feature","properties":{"s":1.07},"geometry":{"type":"Point","coordinates":[80.7208,8.7721]}},{"type":"Feature","properties":{"s":1.13},"geometry":{"type":"Point","coordinates":[80.7212,8.7929]}},{"type":"Feature","properties":{"s":0.93},"geometry":{"type":"Point","coordinates":[80.7215,8.8338]}},{"type":"Feature","properties":{"s":1.06},"geometry":{"type":"Point","coordinates":[80.7221,8.8693]}},{"type":"Feature","properties":{"s":0.87},"geometry":{"type":"Point","coordinates":[80.7274,8.7734]}},{"type":"Feature","properties":{"s":1.16},"geometry":{"type":"Point","coordinates":[80.7279,8.8239]}},{"type":"Feature","properties":{"s":0.99},"geometry":{"type":"Point","coordinates":[80.7271,8.8463]}},{"type":"Feature","properties":{"s":1.18},"geometry":{"type":"Point","coordinates":[80.7355,8.7639]}},{"type":"Feature","properties":{"s":1.14},"geometry":{"type":"Point","coordinates":[80.7341,8.8342]}},{"type":"Feature","properties":{"s":1.08},"geometry":{"type":"Point","coordinates":[80.7365,8.8648]}},{"type":"Feature","properties":{"s":0.84},"geometry":{"type":"Point","coordinates":[80.7424,8.8624]}},{"type":"Feature","properties":{"s":1.18},"geometry":{"type":"Point","coordinates":[80.1003,9.091]}},{"type":"Feature","properties":{"s":1.15},"geometry":{"type":"Point","coordinates":[80.1074,9.0825]}},{"type":"Feature","properties":{"s":0.97},"geometry":{"type":"Point","coordinates":[80.1144,9.1087]}},{"type":"Feature","properties":{"s":0.9},"geometry":{"type":"Point","coordinates":[80.1134,9.1373]}},{"type":"Feature","properties":{"s":0.87},"geometry":{"type":"Point","coordinates":[80.1214,9.1323]}},{"type":"Feature","properties":{"s":0.9},"geometry":{"type":"Point","coordinates":[80.1263,9.0817]}},{"type":"Feature","properties":{"s":0.96},"geometry":{"type":"Point","coordinates":[80.1265,9.126]}},{"type":"Feature","properties":{"s":1.05},"geometry":{"type":"Point","coordinates":[80.1274,9.1596]}},{"type":"Feature","properties":{"s":0.84},"geometry":{"type":"Point","coordinates":[80.131,9.0852]}},{"type":"Feature","properties":{"s":0.97},"geometry":{"type":"Point","coordinates":[80.1335,9.1127]}},{"type":"Feature","properties":{"s":1.03},"geometry":{"type":"Point","coordinates":[80.1335,9.1507]}},{"type":"Feature","properties":{"s":1.13},"geometry":{"type":"Point","coordinates":[80.1381,9.0897]}},{"type":"Feature","properties":{"s":0.84},"geometry":{"type":"Point","coordinates":[80.1401,9.1147]}},{"type":"Feature","properties":{"s":0.88},"geometry":{"type":"Point","coordinates":[80.1398,9.1436]}},{"type":"Feature","properties":{"s":1.1},"geometry":{"type":"Point","coordinates":[80.1459,9.0652]}},{"type":"Feature","properties":{"s":1},"geometry":{"type":"Point","coordinates":[80.1452,9.0839]}},{"type":"Feature","properties":{"s":1},"geometry":{"type":"Point","coordinates":[80.1458,9.1068]}},{"type":"Feature","properties":{"s":0.94},"geometry":{"type":"Point","coordinates":[80.1423,9.1434]}},{"type":"Feature","properties":{"s":1.19},"geometry":{"type":"Point","coordinates":[80.1509,9.0657]}},{"type":"Feature","properties":{"s":1.06},"geometry":{"type":"Point","coordinates":[80.1499,9.1008]}},{"type":"Feature","properties":{"s":0.81},"geometry":{"type":"Point","coordinates":[80.1481,9.1244]}},{"type":"Feature","properties":{"s":1.09},"geometry":{"type":"Point","coordinates":[80.1488,9.1558]}},{"type":"Feature","properties":{"s":0.95},"geometry":{"type":"Point","coordinates":[80.1513,9.1863]}},{"type":"Feature","properties":{"s":0.88},"geometry":{"type":"Point","coordinates":[80.1551,9.1136]}},{"type":"Feature","properties":{"s":0.96},"geometry":{"type":"Point","coordinates":[80.1542,9.1499]}},{"type":"Feature","properties":{"s":1.15},"geometry":{"type":"Point","coordinates":[80.1553,9.1753]}},{"type":"Feature","properties":{"s":0.9},"geometry":{"type":"Point","coordinates":[80.16,9.0707]}},{"type":"Feature","properties":{"s":0.93},"geometry":{"type":"Point","coordinates":[80.1617,9.0962]}},{"type":"Feature","properties":{"s":0.94},"geometry":{"type":"Point","coordinates":[80.1614,9.1371]}},{"type":"Feature","properties":{"s":1.03},"geometry":{"type":"Point","coordinates":[80.1622,9.1755]}},{"type":"Feature","properties":{"s":1.01},"geometry":{"type":"Point","coordinates":[80.1664,9.0911]}},{"type":"Feature","properties":{"s":1.02},"geometry":{"type":"Point","coordinates":[80.1694,9.12]}},{"type":"Feature","properties":{"s":1},"geometry":{"type":"Point","coordinates":[80.1683,9.1363]}},{"type":"Feature","properties":{"s":0.92},"geometry":{"type":"Point","coordinates":[80.169,9.1696]}},{"type":"Feature","properties":{"s":0.98},"geometry":{"type":"Point","coordinates":[80.173,9.0618]}},{"type":"Feature","properties":{"s":1.04},"geometry":{"type":"Point","coordinates":[80.1732,9.0819]}},{"type":"Feature","properties":{"s":1.07},"geometry":{"type":"Point","coordinates":[80.1737,9.1137]}},{"type":"Feature","properties":{"s":0.92},"geometry":{"type":"Point","coordinates":[80.1734,9.1381]}},{"type":"Feature","properties":{"s":1.18},"geometry":{"type":"Point","coordinates":[80.1742,9.1664]}},{"type":"Feature","properties":{"s":1},"geometry":{"type":"Point","coordinates":[80.1797,9.0697]}},{"type":"Feature","properties":{"s":1.15},"geometry":{"type":"Point","coordinates":[80.1803,9.0943]}},{"type":"Feature","properties":{"s":1.07},"geometry":{"type":"Point","coordinates":[80.1791,9.1209]}},{"type":"Feature","properties":{"s":1.2},"geometry":{"type":"Point","coordinates":[80.1794,9.1364]}},{"type":"Feature","properties":{"s":0.9},"geometry":{"type":"Point","coordinates":[80.1859,9.0669]}},{"type":"Feature","properties":{"s":0.86},"geometry":{"type":"Point","coordinates":[80.1874,9.0892]}},{"type":"Feature","properties":{"s":0.81},"geometry":{"type":"Point","coordinates":[80.1848,9.1146]}},{"type":"Feature","properties":{"s":1},"geometry":{"type":"Point","coordinates":[80.1865,9.1449]}},{"type":"Feature","properties":{"s":1.19},"geometry":{"type":"Point","coordinates":[80.1841,9.1733]}},{"type":"Feature","properties":{"s":1.14},"geometry":{"type":"Point","coordinates":[80.192,9.0731]}},{"type":"Feature","properties":{"s":0.86},"geometry":{"type":"Point","coordinates":[80.192,9.0957]}},{"type":"Feature","properties":{"s":1.13},"geometry":{"type":"Point","coordinates":[80.1939,9.1259]}},{"type":"Feature","properties":{"s":0.89},"geometry":{"type":"Point","coordinates":[80.19,9.1672]}},{"type":"Feature","properties":{"s":1.03},"geometry":{"type":"Point","coordinates":[80.2,9.0953]}},{"type":"Feature","properties":{"s":0.84},"geometry":{"type":"Point","coordinates":[80.198,9.1306]}},{"type":"Feature","properties":{"s":0.83},"geometry":{"type":"Point","coordinates":[80.1984,9.1489]}},{"type":"Feature","properties":{"s":1.06},"geometry":{"type":"Point","coordinates":[80.2048,9.0553]}},{"type":"Feature","properties":{"s":0.88},"geometry":{"type":"Point","coordinates":[80.2055,9.0788]}},{"type":"Feature","properties":{"s":0.83},"geometry":{"type":"Point","coordinates":[80.2036,9.1086]}},{"type":"Feature","properties":{"s":1.16},"geometry":{"type":"Point","coordinates":[80.205,9.1438]}},{"type":"Feature","properties":{"s":0.82},"geometry":{"type":"Point","coordinates":[80.2029,9.1696]}},{"type":"Feature","properties":{"s":0.84},"geometry":{"type":"Point","coordinates":[80.209,9.0531]}},{"type":"Feature","properties":{"s":1.1},"geometry":{"type":"Point","coordinates":[80.2104,9.0707]}},{"type":"Feature","properties":{"s":0.82},"geometry":{"type":"Point","coordinates":[80.2116,9.1032]}},{"type":"Feature","properties":{"s":0.82},"geometry":{"type":"Point","coordinates":[80.2087,9.1312]}},{"type":"Feature","properties":{"s":0.94},"geometry":{"type":"Point","coordinates":[80.2167,9.0362]}},{"type":"Feature","properties":{"s":0.92},"geometry":{"type":"Point","coordinates":[80.217,9.0732]}},{"type":"Feature","properties":{"s":1.18},"geometry":{"type":"Point","coordinates":[80.2143,9.0887]}},{"type":"Feature","properties":{"s":0.82},"geometry":{"type":"Point","coordinates":[80.2143,9.1073]}},{"type":"Feature","properties":{"s":1.04},"geometry":{"type":"Point","coordinates":[80.2144,9.1298]}},{"type":"Feature","properties":{"s":1.08},"geometry":{"type":"Point","coordinates":[80.2153,9.1574]}},{"type":"Feature","properties":{"s":0.82},"geometry":{"type":"Point","coordinates":[80.2201,9.0558]}},{"type":"Feature","properties":{"s":1.05},"geometry":{"type":"Point","coordinates":[80.2205,9.0842]}},{"type":"Feature","properties":{"s":1.17},"geometry":{"type":"Point","coordinates":[80.2231,9.1216]}},{"type":"Feature","properties":{"s":0.85},"geometry":{"type":"Point","coordinates":[80.2202,9.155]}},{"type":"Feature","properties":{"s":1.19},"geometry":{"type":"Point","coordinates":[80.2272,9.0474]}},{"type":"Feature","properties":{"s":1.19},"geometry":{"type":"Point","coordinates":[80.2294,9.0972]}},{"type":"Feature","properties":{"s":1.02},"geometry":{"type":"Point","coordinates":[80.2267,9.1381]}},{"type":"Feature","properties":{"s":1.04},"geometry":{"type":"Point","coordinates":[80.2355,9.0544]}},{"type":"Feature","properties":{"s":0.81},"geometry":{"type":"Point","coordinates":[80.2339,9.072]}},{"type":"Feature","properties":{"s":1.08},"geometry":{"type":"Point","coordinates":[80.2352,9.1058]}},{"type":"Feature","properties":{"s":0.89},"geometry":{"type":"Point","coordinates":[80.2321,9.1313]}},{"type":"Feature","properties":{"s":1.01},"geometry":{"type":"Point","coordinates":[80.2381,9.0553]}},{"type":"Feature","properties":{"s":1.14},"geometry":{"type":"Point","coordinates":[80.2417,9.0882]}},{"type":"Feature","properties":{"s":1.15},"geometry":{"type":"Point","coordinates":[80.2418,9.1185]}},{"type":"Feature","properties":{"s":1.18},"geometry":{"type":"Point","coordinates":[80.2448,9.0464]}},{"type":"Feature","properties":{"s":1.17},"geometry":{"type":"Point","coordinates":[80.245,9.0908]}},{"type":"Feature","properties":{"s":0.89},"geometry":{"type":"Point","coordinates":[80.2448,9.1258]}},{"type":"Feature","properties":{"s":0.85},"geometry":{"type":"Point","coordinates":[80.2522,9.0603]}},{"type":"Feature","properties":{"s":0.91},"geometry":{"type":"Point","coordinates":[80.2514,9.0819]}},{"type":"Feature","properties":{"s":1.1},"geometry":{"type":"Point","coordinates":[80.2523,9.1147]}},{"type":"Feature","properties":{"s":1.12},"geometry":{"type":"Point","coordinates":[80.2576,9.0616]}},{"type":"Feature","properties":{"s":1.01},"geometry":{"type":"Point","coordinates":[80.2586,9.0784]}},{"type":"Feature","properties":{"s":1.05},"geometry":{"type":"Point","coordinates":[80.2573,9.1067]}},{"type":"Feature","properties":{"s":1.01},"geometry":{"type":"Point","coordinates":[80.2599,9.1418]}},{"type":"Feature","properties":{"s":1},"geometry":{"type":"Point","coordinates":[80.2638,9.0662]}},{"type":"Feature","properties":{"s":1.02},"geometry":{"type":"Point","coordinates":[80.2628,9.0941]}},{"type":"Feature","properties":{"s":1.05},"geometry":{"type":"Point","coordinates":[80.2651,9.1371]}},{"type":"Feature","properties":{"s":1.07},"geometry":{"type":"Point","coordinates":[80.2705,9.0819]}},{"type":"Feature","properties":{"s":0.82},"geometry":{"type":"Point","coordinates":[80.2744,9.0763]}},{"type":"Feature","properties":{"s":0.92},"geometry":{"type":"Point","coordinates":[81.2322,7.815]}},{"type":"Feature","properties":{"s":1.15},"geometry":{"type":"Point","coordinates":[81.2332,7.8368]}},{"type":"Feature","properties":{"s":1.03},"geometry":{"type":"Point","coordinates":[81.2318,7.8747]}},{"type":"Feature","properties":{"s":1.09},"geometry":{"type":"Point","coordinates":[81.2376,7.8236]}},{"type":"Feature","properties":{"s":1.19},"geometry":{"type":"Point","coordinates":[81.2359,7.8417]}},{"type":"Feature","properties":{"s":1.05},"geometry":{"type":"Point","coordinates":[81.2361,7.8713]}},{"type":"Feature","properties":{"s":1.2},"geometry":{"type":"Point","coordinates":[81.2378,7.9224]}},{"type":"Feature","properties":{"s":1.07},"geometry":{"type":"Point","coordinates":[81.2415,7.8054]}},{"type":"Feature","properties":{"s":1.01},"geometry":{"type":"Point","coordinates":[81.2413,7.8491]}},{"type":"Feature","properties":{"s":1.01},"geometry":{"type":"Point","coordinates":[81.2429,7.8734]}},{"type":"Feature","properties":{"s":0.99},"geometry":{"type":"Point","coordinates":[81.2413,7.9039]}},{"type":"Feature","properties":{"s":0.86},"geometry":{"type":"Point","coordinates":[81.2471,7.803]}},{"type":"Feature","properties":{"s":0.96},"geometry":{"type":"Point","coordinates":[81.2499,7.82]}},{"type":"Feature","properties":{"s":1.05},"geometry":{"type":"Point","coordinates":[81.2474,7.849]}},{"type":"Feature","properties":{"s":1.06},"geometry":{"type":"Point","coordinates":[81.2501,7.8783]}},{"type":"Feature","properties":{"s":0.95},"geometry":{"type":"Point","coordinates":[81.2484,7.9082]}},{"type":"Feature","properties":{"s":1.09},"geometry":{"type":"Point","coordinates":[81.2541,7.7991]}},{"type":"Feature","properties":{"s":1.06},"geometry":{"type":"Point","coordinates":[81.2572,7.8253]}},{"type":"Feature","properties":{"s":1.17},"geometry":{"type":"Point","coordinates":[81.2541,7.8571]}},{"type":"Feature","properties":{"s":0.87},"geometry":{"type":"Point","coordinates":[81.2563,7.8862]}},{"type":"Feature","properties":{"s":0.83},"geometry":{"type":"Point","coordinates":[81.2547,7.9098]}},{"type":"Feature","properties":{"s":0.88},"geometry":{"type":"Point","coordinates":[81.2567,7.9345]}},{"type":"Feature","properties":{"s":0.99},"geometry":{"type":"Point","coordinates":[81.2604,7.8362]}},{"type":"Feature","properties":{"s":0.84},"geometry":{"type":"Point","coordinates":[81.2623,7.8562]}},{"type":"Feature","properties":{"s":0.91},"geometry":{"type":"Point","coordinates":[81.2592,7.8812]}},{"type":"Feature","properties":{"s":1.12},"geometry":{"type":"Point","coordinates":[81.2605,7.9262]}},{"type":"Feature","properties":{"s":0.89},"geometry":{"type":"Point","coordinates":[81.2683,7.818]}},{"type":"Feature","properties":{"s":0.93},"geometry":{"type":"Point","coordinates":[81.2663,7.8433]}},{"type":"Feature","properties":{"s":1.01},"geometry":{"type":"Point","coordinates":[81.266,7.8593]}},{"type":"Feature","properties":{"s":1.12},"geometry":{"type":"Point","coordinates":[81.2661,7.8775]}},{"type":"Feature","properties":{"s":0.99},"geometry":{"type":"Point","coordinates":[81.2668,7.902]}},{"type":"Feature","properties":{"s":1.06},"geometry":{"type":"Point","coordinates":[81.2653,7.9265]}},{"type":"Feature","properties":{"s":1.03},"geometry":{"type":"Point","coordinates":[81.2715,7.7999]}},{"type":"Feature","properties":{"s":1.06},"geometry":{"type":"Point","coordinates":[81.2713,7.8264]}},{"type":"Feature","properties":{"s":0.83},"geometry":{"type":"Point","coordinates":[81.2733,7.8612]}},{"type":"Feature","properties":{"s":1.12},"geometry":{"type":"Point","coordinates":[81.2721,7.8864]}},{"type":"Feature","properties":{"s":1.05},"geometry":{"type":"Point","coordinates":[81.2736,7.9138]}},{"type":"Feature","properties":{"s":1.13},"geometry":{"type":"Point","coordinates":[81.273,7.9391]}},{"type":"Feature","properties":{"s":0.86},"geometry":{"type":"Point","coordinates":[81.2811,7.8212]}},{"type":"Feature","properties":{"s":1.11},"geometry":{"type":"Point","coordinates":[81.2809,7.8729]}},{"type":"Feature","properties":{"s":1.08},"geometry":{"type":"Point","coordinates":[81.2794,7.8898]}},{"type":"Feature","properties":{"s":1.08},"geometry":{"type":"Point","coordinates":[81.2799,7.9192]}},{"type":"Feature","properties":{"s":0.97},"geometry":{"type":"Point","coordinates":[81.2849,7.8317]}},{"type":"Feature","properties":{"s":0.83},"geometry":{"type":"Point","coordinates":[81.2871,7.8503]}},{"type":"Feature","properties":{"s":0.9},"geometry":{"type":"Point","coordinates":[81.2861,7.8792]}},{"type":"Feature","properties":{"s":1.11},"geometry":{"type":"Point","coordinates":[81.2849,7.9033]}},{"type":"Feature","properties":{"s":1.07},"geometry":{"type":"Point","coordinates":[81.2872,7.927]}},{"type":"Feature","properties":{"s":0.95},"geometry":{"type":"Point","coordinates":[81.2915,7.8262]}},{"type":"Feature","properties":{"s":0.81},"geometry":{"type":"Point","coordinates":[81.2931,7.8531]}},{"type":"Feature","properties":{"s":0.91},"geometry":{"type":"Point","coordinates":[81.2916,7.8791]}},{"type":"Feature","properties":{"s":0.97},"geometry":{"type":"Point","coordinates":[81.2901,7.902]}},{"type":"Feature","properties":{"s":0.99},"geometry":{"type":"Point","coordinates":[81.2898,7.9291]}},{"type":"Feature","properties":{"s":0.98},"geometry":{"type":"Point","coordinates":[81.2967,7.8065]}},{"type":"Feature","properties":{"s":0.86},"geometry":{"type":"Point","coordinates":[81.2975,7.8247]}},{"type":"Feature","properties":{"s":1.05},"geometry":{"type":"Point","coordinates":[81.297,7.8543]}},{"type":"Feature","properties":{"s":1.05},"geometry":{"type":"Point","coordinates":[81.2981,7.8744]}},{"type":"Feature","properties":{"s":1.19},"geometry":{"type":"Point","coordinates":[81.299,7.9042]}},{"type":"Feature","properties":{"s":0.99},"geometry":{"type":"Point","coordinates":[81.2991,7.9312]}},{"type":"Feature","properties":{"s":0.88},"geometry":{"type":"Point","coordinates":[81.3019,7.8233]}},{"type":"Feature","properties":{"s":0.99},"geometry":{"type":"Point","coordinates":[81.3049,7.8543]}},{"type":"Feature","properties":{"s":0.98},"geometry":{"type":"Point","coordinates":[81.3028,7.8715]}},{"type":"Feature","properties":{"s":1.04},"geometry":{"type":"Point","coordinates":[81.3045,7.9168]}},{"type":"Feature","properties":{"s":1.19},"geometry":{"type":"Point","coordinates":[81.3095,7.8086]}},{"type":"Feature","properties":{"s":1.08},"geometry":{"type":"Point","coordinates":[81.3071,7.8441]}},{"type":"Feature","properties":{"s":0.9},"geometry":{"type":"Point","coordinates":[81.3098,7.8679]}},{"type":"Feature","properties":{"s":1.15},"geometry":{"type":"Point","coordinates":[81.3081,7.8903]}},{"type":"Feature","properties":{"s":1.15},"geometry":{"type":"Point","coordinates":[81.3076,7.9321]}},{"type":"Feature","properties":{"s":0.96},"geometry":{"type":"Point","coordinates":[81.3134,7.8205]}},{"type":"Feature","properties":{"s":0.95},"geometry":{"type":"Point","coordinates":[81.3167,7.8447]}},{"type":"Feature","properties":{"s":0.96},"geometry":{"type":"Point","coordinates":[81.3131,7.8867]}},{"type":"Feature","properties":{"s":1.03},"geometry":{"type":"Point","coordinates":[81.3166,7.9036]}},{"type":"Feature","properties":{"s":0.91},"geometry":{"type":"Point","coordinates":[81.314,7.9337]}},{"type":"Feature","properties":{"s":0.91},"geometry":{"type":"Point","coordinates":[81.3221,7.8143]}},{"type":"Feature","properties":{"s":1.04},"geometry":{"type":"Point","coordinates":[81.3217,7.8352]}},{"type":"Feature","properties":{"s":0.92},"geometry":{"type":"Point","coordinates":[81.3208,7.8623]}},{"type":"Feature","properties":{"s":1.01},"geometry":{"type":"Point","coordinates":[81.3228,7.8807]}},{"type":"Feature","properties":{"s":0.88},"geometry":{"type":"Point","coordinates":[81.3203,7.9112]}},{"type":"Feature","properties":{"s":0.86},"geometry":{"type":"Point","coordinates":[81.3266,7.8008]}},{"type":"Feature","properties":{"s":0.95},"geometry":{"type":"Point","coordinates":[81.327,7.8253]}},{"type":"Feature","properties":{"s":1.2},"geometry":{"type":"Point","coordinates":[81.3289,7.8571]}},{"type":"Feature","properties":{"s":0.99},"geometry":{"type":"Point","coordinates":[81.3255,7.8729]}},{"type":"Feature","properties":{"s":0.92},"geometry":{"type":"Point","coordinates":[81.3289,7.9101]}},{"type":"Feature","properties":{"s":0.98},"geometry":{"type":"Point","coordinates":[81.3347,7.8052]}},{"type":"Feature","properties":{"s":0.8},"geometry":{"type":"Point","coordinates":[81.3349,7.8417]}},{"type":"Feature","properties":{"s":1.08},"geometry":{"type":"Point","coordinates":[81.3337,7.8656]}},{"type":"Feature","properties":{"s":0.91},"geometry":{"type":"Point","coordinates":[81.3351,7.8916]}},{"type":"Feature","properties":{"s":1.15},"geometry":{"type":"Point","coordinates":[81.3329,7.9137]}},{"type":"Feature","properties":{"s":1.02},"geometry":{"type":"Point","coordinates":[81.3386,7.8249]}},{"type":"Feature","properties":{"s":1.05},"geometry":{"type":"Point","coordinates":[81.3384,7.8482]}},{"type":"Feature","properties":{"s":0.93},"geometry":{"type":"Point","coordinates":[81.3377,7.8668]}},{"type":"Feature","properties":{"s":0.88},"geometry":{"type":"Point","coordinates":[81.3379,7.9042]}},{"type":"Feature","properties":{"s":0.98},"geometry":{"type":"Point","coordinates":[81.3443,7.8153]}},{"type":"Feature","properties":{"s":0.82},"geometry":{"type":"Point","coordinates":[81.3445,7.8424]}},{"type":"Feature","properties":{"s":0.94},"geometry":{"type":"Point","coordinates":[81.3463,7.8786]}},{"type":"Feature","properties":{"s":1.19},"geometry":{"type":"Point","coordinates":[81.3449,7.9071]}},{"type":"Feature","properties":{"s":1.2},"geometry":{"type":"Point","coordinates":[81.351,7.8144]}},{"type":"Feature","properties":{"s":1.05},"geometry":{"type":"Point","coordinates":[81.3529,7.8508]}},{"type":"Feature","properties":{"s":1.04},"geometry":{"type":"Point","coordinates":[81.3519,7.8664]}},{"type":"Feature","properties":{"s":1.12},"geometry":{"type":"Point","coordinates":[81.3499,7.8956]}},{"type":"Feature","properties":{"s":1},"geometry":{"type":"Point","coordinates":[81.3585,7.8205]}},{"type":"Feature","properties":{"s":0.93},"geometry":{"type":"Point","coordinates":[81.3558,7.8555]}},{"type":"Feature","properties":{"s":0.94},"geometry":{"type":"Point","coordinates":[81.3581,7.9085]}},{"type":"Feature","properties":{"s":1.06},"geometry":{"type":"Point","coordinates":[81.3635,7.8741]}},{"type":"Feature","properties":{"s":1.05},"geometry":{"type":"Point","coordinates":[81.4137,6.6805]}},{"type":"Feature","properties":{"s":1.06},"geometry":{"type":"Point","coordinates":[81.4179,6.6928]}},{"type":"Feature","properties":{"s":1.19},"geometry":{"type":"Point","coordinates":[81.4168,6.7235]}},{"type":"Feature","properties":{"s":1.13},"geometry":{"type":"Point","coordinates":[81.4218,6.7288]}},{"type":"Feature","properties":{"s":1.01},"geometry":{"type":"Point","coordinates":[81.4342,6.7052]}},{"type":"Feature","properties":{"s":1.15},"geometry":{"type":"Point","coordinates":[81.4428,6.7172]}},{"type":"Feature","properties":{"s":0.89},"geometry":{"type":"Point","coordinates":[81.4528,6.7014]}},{"type":"Feature","properties":{"s":0.83},"geometry":{"type":"Point","coordinates":[81.4674,6.6932]}},{"type":"Feature","properties":{"s":1.19},"geometry":{"type":"Point","coordinates":[81.467,6.7191]}},{"type":"Feature","properties":{"s":0.85},"geometry":{"type":"Point","coordinates":[81.4723,6.7109]}},{"type":"Feature","properties":{"s":0.86},"geometry":{"type":"Point","coordinates":[81.4779,6.6995]}},{"type":"Feature","properties":{"s":1.1},"geometry":{"type":"Point","coordinates":[81.4796,6.7196]}},{"type":"Feature","properties":{"s":0.95},"geometry":{"type":"Point","coordinates":[81.4855,6.6884]}},{"type":"Feature","properties":{"s":0.84},"geometry":{"type":"Point","coordinates":[81.4821,6.7249]}},{"type":"Feature","properties":{"s":1.16},"geometry":{"type":"Point","coordinates":[81.4916,6.6804]}},{"type":"Feature","properties":{"s":1.18},"geometry":{"type":"Point","coordinates":[81.4893,6.7175]}},{"type":"Feature","properties":{"s":0.98},"geometry":{"type":"Point","coordinates":[81.488,6.7411]}},{"type":"Feature","properties":{"s":1},"geometry":{"type":"Point","coordinates":[81.4975,6.6774]}},{"type":"Feature","properties":{"s":1.05},"geometry":{"type":"Point","coordinates":[81.4967,6.6993]}},{"type":"Feature","properties":{"s":0.83},"geometry":{"type":"Point","coordinates":[81.4975,6.7169]}},{"type":"Feature","properties":{"s":0.93},"geometry":{"type":"Point","coordinates":[81.4971,6.7473]}},{"type":"Feature","properties":{"s":0.84},"geometry":{"type":"Point","coordinates":[81.5013,6.6704]}},{"type":"Feature","properties":{"s":1.02},"geometry":{"type":"Point","coordinates":[81.5001,6.7054]}},{"type":"Feature","properties":{"s":1.03},"geometry":{"type":"Point","coordinates":[81.5004,6.7289]}},{"type":"Feature","properties":{"s":0.84},"geometry":{"type":"Point","coordinates":[81.5036,6.764]}},{"type":"Feature","properties":{"s":0.9},"geometry":{"type":"Point","coordinates":[81.5081,6.6621]}},{"type":"Feature","properties":{"s":1.04},"geometry":{"type":"Point","coordinates":[81.5079,6.6938]}},{"type":"Feature","properties":{"s":0.88},"geometry":{"type":"Point","coordinates":[81.5073,6.7224]}},{"type":"Feature","properties":{"s":0.83},"geometry":{"type":"Point","coordinates":[81.5095,6.7459]}},{"type":"Feature","properties":{"s":0.95},"geometry":{"type":"Point","coordinates":[81.5159,6.674]}},{"type":"Feature","properties":{"s":1.2},"geometry":{"type":"Point","coordinates":[81.5136,6.7003]}},{"type":"Feature","properties":{"s":1.12},"geometry":{"type":"Point","coordinates":[81.5118,6.7304]}},{"type":"Feature","properties":{"s":0.81},"geometry":{"type":"Point","coordinates":[81.513,6.7549]}},{"type":"Feature","properties":{"s":1.18},"geometry":{"type":"Point","coordinates":[81.5182,6.6659]}},{"type":"Feature","properties":{"s":1.06},"geometry":{"type":"Point","coordinates":[81.5198,6.6987]}},{"type":"Feature","properties":{"s":0.92},"geometry":{"type":"Point","coordinates":[81.518,6.7184]}},{"type":"Feature","properties":{"s":0.83},"geometry":{"type":"Point","coordinates":[81.5189,6.7359]}},{"type":"Feature","properties":{"s":0.91},"geometry":{"type":"Point","coordinates":[81.5203,6.7645]}},{"type":"Feature","properties":{"s":1.08},"geometry":{"type":"Point","coordinates":[81.5254,6.6635]}},{"type":"Feature","properties":{"s":0.89},"geometry":{"type":"Point","coordinates":[81.5257,6.693]}},{"type":"Feature","properties":{"s":0.93},"geometry":{"type":"Point","coordinates":[81.527,6.7534]}},{"type":"Feature","properties":{"s":1.06},"geometry":{"type":"Point","coordinates":[81.5277,6.7721]}},{"type":"Feature","properties":{"s":1.15},"geometry":{"type":"Point","coordinates":[81.5326,6.695]}},{"type":"Feature","properties":{"s":0.89},"geometry":{"type":"Point","coordinates":[81.5328,6.7247]}},{"type":"Feature","properties":{"s":0.82},"geometry":{"type":"Point","coordinates":[81.5316,6.7461]}},{"type":"Feature","properties":{"s":1.05},"geometry":{"type":"Point","coordinates":[81.5303,6.7883]}},{"type":"Feature","properties":{"s":0.87},"geometry":{"type":"Point","coordinates":[81.5398,6.6801]}},{"type":"Feature","properties":{"s":1.02},"geometry":{"type":"Point","coordinates":[81.5376,6.7011]}},{"type":"Feature","properties":{"s":1.11},"geometry":{"type":"Point","coordinates":[81.5377,6.718]}},{"type":"Feature","properties":{"s":0.85},"geometry":{"type":"Point","coordinates":[81.537,6.7439]}},{"type":"Feature","properties":{"s":1.18},"geometry":{"type":"Point","coordinates":[81.5379,6.7658]}},{"type":"Feature","properties":{"s":0.89},"geometry":{"type":"Point","coordinates":[81.5444,6.6625]}},{"type":"Feature","properties":{"s":0.85},"geometry":{"type":"Point","coordinates":[81.5435,6.6891]}},{"type":"Feature","properties":{"s":0.89},"geometry":{"type":"Point","coordinates":[81.5448,6.7231]}},{"type":"Feature","properties":{"s":1.1},"geometry":{"type":"Point","coordinates":[81.543,6.7497]}},{"type":"Feature","properties":{"s":1.04},"geometry":{"type":"Point","coordinates":[81.546,6.7717]}},{"type":"Feature","properties":{"s":1.14},"geometry":{"type":"Point","coordinates":[81.5433,6.7972]}},{"type":"Feature","properties":{"s":1.09},"geometry":{"type":"Point","coordinates":[81.5483,6.6761]}},{"type":"Feature","properties":{"s":0.84},"geometry":{"type":"Point","coordinates":[81.5498,6.7006]}},{"type":"Feature","properties":{"s":0.88},"geometry":{"type":"Point","coordinates":[81.5512,6.7233]}},{"type":"Feature","properties":{"s":0.88},"geometry":{"type":"Point","coordinates":[81.5519,6.7488]}},{"type":"Feature","properties":{"s":0.9},"geometry":{"type":"Point","coordinates":[81.5504,6.7703]}},{"type":"Feature","properties":{"s":1.2},"geometry":{"type":"Point","coordinates":[81.5512,6.7941]}},{"type":"Feature","properties":{"s":0.87},"geometry":{"type":"Point","coordinates":[81.5554,6.6625]}},{"type":"Feature","properties":{"s":0.96},"geometry":{"type":"Point","coordinates":[81.5577,6.7072]}},{"type":"Feature","properties":{"s":0.93},"geometry":{"type":"Point","coordinates":[81.5555,6.7305]}},{"type":"Feature","properties":{"s":1.05},"geometry":{"type":"Point","coordinates":[81.5539,6.7645]}},{"type":"Feature","properties":{"s":0.84},"geometry":{"type":"Point","coordinates":[81.5544,6.7831]}},{"type":"Feature","properties":{"s":0.93},"geometry":{"type":"Point","coordinates":[81.5544,6.8131]}},{"type":"Feature","properties":{"s":0.83},"geometry":{"type":"Point","coordinates":[81.5619,6.6873]}},{"type":"Feature","properties":{"s":1.17},"geometry":{"type":"Point","coordinates":[81.5631,6.7048]}},{"type":"Feature","properties":{"s":0.89},"geometry":{"type":"Point","coordinates":[81.5638,6.7344]}},{"type":"Feature","properties":{"s":0.88},"geometry":{"type":"Point","coordinates":[81.5614,6.7769]}},{"type":"Feature","properties":{"s":0.92},"geometry":{"type":"Point","coordinates":[81.5622,6.8081]}},{"type":"Feature","properties":{"s":1.14},"geometry":{"type":"Point","coordinates":[81.5676,6.6826]}},{"type":"Feature","properties":{"s":1.07},"geometry":{"type":"Point","coordinates":[81.5671,6.7178]}},{"type":"Feature","properties":{"s":1.17},"geometry":{"type":"Point","coordinates":[81.5679,6.7546]}},{"type":"Feature","properties":{"s":1.02},"geometry":{"type":"Point","coordinates":[81.5672,6.7732]}},{"type":"Feature","properties":{"s":1.08},"geometry":{"type":"Point","coordinates":[81.5675,6.8128]}},{"type":"Feature","properties":{"s":0.93},"geometry":{"type":"Point","coordinates":[81.5747,6.6997]}},{"type":"Feature","properties":{"s":1.01},"geometry":{"type":"Point","coordinates":[81.5751,6.7303]}},{"type":"Feature","properties":{"s":1.13},"geometry":{"type":"Point","coordinates":[81.572,6.7536]}},{"type":"Feature","properties":{"s":0.82},"geometry":{"type":"Point","coordinates":[81.5746,6.7714]}},{"type":"Feature","properties":{"s":1.04},"geometry":{"type":"Point","coordinates":[81.5743,6.8135]}},{"type":"Feature","properties":{"s":0.94},"geometry":{"type":"Point","coordinates":[81.5738,6.8311]}},{"type":"Feature","properties":{"s":1.2},"geometry":{"type":"Point","coordinates":[81.58,6.7241]}},{"type":"Feature","properties":{"s":0.96},"geometry":{"type":"Point","coordinates":[81.579,6.772]}},{"type":"Feature","properties":{"s":1.03},"geometry":{"type":"Point","coordinates":[81.5782,6.8084]}},{"type":"Feature","properties":{"s":1.16},"geometry":{"type":"Point","coordinates":[81.5846,6.7012]}},{"type":"Feature","properties":{"s":0.82},"geometry":{"type":"Point","coordinates":[81.5854,6.7378]}},{"type":"Feature","properties":{"s":0.95},"geometry":{"type":"Point","coordinates":[81.584,6.7678]}},{"type":"Feature","properties":{"s":0.94},"geometry":{"type":"Point","coordinates":[81.5857,6.7834]}},{"type":"Feature","properties":{"s":0.88},"geometry":{"type":"Point","coordinates":[81.5868,6.8063]}},{"type":"Feature","properties":{"s":0.81},"geometry":{"type":"Point","coordinates":[81.5841,6.8318]}},{"type":"Feature","properties":{"s":0.83},"geometry":{"type":"Point","coordinates":[81.5904,6.7016]}},{"type":"Feature","properties":{"s":0.99},"geometry":{"type":"Point","coordinates":[81.5899,6.7427]}},{"type":"Feature","properties":{"s":1.12},"geometry":{"type":"Point","coordinates":[81.5916,6.765]}},{"type":"Feature","properties":{"s":1.11},"geometry":{"type":"Point","coordinates":[81.5909,6.7822]}},{"type":"Feature","properties":{"s":0.92},"geometry":{"type":"Point","coordinates":[81.5923,6.8124]}},{"type":"Feature","properties":{"s":1.01},"geometry":{"type":"Point","coordinates":[81.5912,6.8452]}},{"type":"Feature","properties":{"s":1.05},"geometry":{"type":"Point","coordinates":[81.5997,6.7613]}},{"type":"Feature","properties":{"s":1.12},"geometry":{"type":"Point","coordinates":[81.5984,6.7904]}},{"type":"Feature","properties":{"s":0.98},"geometry":{"type":"Point","coordinates":[81.5963,6.8399]}},{"type":"Feature","properties":{"s":1.07},"geometry":{"type":"Point","coordinates":[81.6033,6.7415]}},{"type":"Feature","properties":{"s":1.05},"geometry":{"type":"Point","coordinates":[81.6056,6.8]}},{"type":"Feature","properties":{"s":0.84},"geometry":{"type":"Point","coordinates":[81.6094,6.8014]}},{"type":"Feature","properties":{"s":1.1},"geometry":{"type":"Point","coordinates":[81.6107,6.8179]}},{"type":"Feature","properties":{"s":0.97},"geometry":{"type":"Point","coordinates":[81.262,8.099]}},{"type":"Feature","properties":{"s":1.16},"geometry":{"type":"Point","coordinates":[81.2654,8.0975]}},{"type":"Feature","properties":{"s":0.86},"geometry":{"type":"Point","coordinates":[81.2655,8.1158]}},{"type":"Feature","properties":{"s":1.19},"geometry":{"type":"Point","coordinates":[81.2743,8.0905]}},{"type":"Feature","properties":{"s":1.07},"geometry":{"type":"Point","coordinates":[81.2709,8.1082]}},{"type":"Feature","properties":{"s":1.12},"geometry":{"type":"Point","coordinates":[81.2731,8.1323]}},{"type":"Feature","properties":{"s":1.17},"geometry":{"type":"Point","coordinates":[81.2775,8.1058]}},{"type":"Feature","properties":{"s":0.89},"geometry":{"type":"Point","coordinates":[81.2788,8.1328]}},{"type":"Feature","properties":{"s":1.05},"geometry":{"type":"Point","coordinates":[81.285,8.1042]}},{"type":"Feature","properties":{"s":1.15},"geometry":{"type":"Point","coordinates":[81.2833,8.1402]}},{"type":"Feature","properties":{"s":1.01},"geometry":{"type":"Point","coordinates":[81.2912,8.0908]}},{"type":"Feature","properties":{"s":0.81},"geometry":{"type":"Point","coordinates":[81.2914,8.1102]}},{"type":"Feature","properties":{"s":0.87},"geometry":{"type":"Point","coordinates":[81.2918,8.126]}},{"type":"Feature","properties":{"s":0.84},"geometry":{"type":"Point","coordinates":[81.2949,8.0791]}},{"type":"Feature","properties":{"s":0.99},"geometry":{"type":"Point","coordinates":[81.2969,8.0972]}},{"type":"Feature","properties":{"s":0.95},"geometry":{"type":"Point","coordinates":[81.2964,8.1455]}},{"type":"Feature","properties":{"s":0.99},"geometry":{"type":"Point","coordinates":[81.2984,8.1815]}},{"type":"Feature","properties":{"s":0.97},"geometry":{"type":"Point","coordinates":[81.3018,8.0968]}},{"type":"Feature","properties":{"s":0.84},"geometry":{"type":"Point","coordinates":[81.3037,8.1285]}},{"type":"Feature","properties":{"s":1.11},"geometry":{"type":"Point","coordinates":[81.3022,8.1464]}},{"type":"Feature","properties":{"s":1.06},"geometry":{"type":"Point","coordinates":[81.3021,8.1697]}},{"type":"Feature","properties":{"s":1.06},"geometry":{"type":"Point","coordinates":[81.3019,8.1892]}},{"type":"Feature","properties":{"s":1.03},"geometry":{"type":"Point","coordinates":[81.3035,8.2121]}},{"type":"Feature","properties":{"s":0.86},"geometry":{"type":"Point","coordinates":[81.3078,8.0988]}},{"type":"Feature","properties":{"s":1.02},"geometry":{"type":"Point","coordinates":[81.3101,8.127]}},{"type":"Feature","properties":{"s":1.17},"geometry":{"type":"Point","coordinates":[81.3098,8.1647]}},{"type":"Feature","properties":{"s":1.2},"geometry":{"type":"Point","coordinates":[81.3064,8.1947]}},{"type":"Feature","properties":{"s":0.86},"geometry":{"type":"Point","coordinates":[81.3151,8.0848]}},{"type":"Feature","properties":{"s":1.07},"geometry":{"type":"Point","coordinates":[81.3139,8.1097]}},{"type":"Feature","properties":{"s":1.08},"geometry":{"type":"Point","coordinates":[81.3158,8.1355]}},{"type":"Feature","properties":{"s":1.19},"geometry":{"type":"Point","coordinates":[81.3163,8.1686]}},{"type":"Feature","properties":{"s":0.89},"geometry":{"type":"Point","coordinates":[81.3159,8.1951]}},{"type":"Feature","properties":{"s":1.04},"geometry":{"type":"Point","coordinates":[81.3207,8.0909]}},{"type":"Feature","properties":{"s":0.87},"geometry":{"type":"Point","coordinates":[81.3222,8.1177]}},{"type":"Feature","properties":{"s":0.8},"geometry":{"type":"Point","coordinates":[81.3211,8.1351]}},{"type":"Feature","properties":{"s":1.16},"geometry":{"type":"Point","coordinates":[81.3205,8.159]}},{"type":"Feature","properties":{"s":1.04},"geometry":{"type":"Point","coordinates":[81.3224,8.1769]}},{"type":"Feature","properties":{"s":1.13},"geometry":{"type":"Point","coordinates":[81.3186,8.1985]}},{"type":"Feature","properties":{"s":1.13},"geometry":{"type":"Point","coordinates":[81.328,8.0968]}},{"type":"Feature","properties":{"s":1.05},"geometry":{"type":"Point","coordinates":[81.3268,8.1139]}},{"type":"Feature","properties":{"s":1},"geometry":{"type":"Point","coordinates":[81.3277,8.1516]}},{"type":"Feature","properties":{"s":0.85},"geometry":{"type":"Point","coordinates":[81.327,8.1691]}},{"type":"Feature","properties":{"s":1},"geometry":{"type":"Point","coordinates":[81.3328,8.1044]}},{"type":"Feature","properties":{"s":1.02},"geometry":{"type":"Point","coordinates":[81.3311,8.1273]}},{"type":"Feature","properties":{"s":1.18},"geometry":{"type":"Point","coordinates":[81.331,8.1458]}},{"type":"Feature","properties":{"s":0.98},"geometry":{"type":"Point","coordinates":[81.3311,8.1834]}},{"type":"Feature","properties":{"s":1.16},"geometry":{"type":"Point","coordinates":[81.3395,8.0329]}},{"type":"Feature","properties":{"s":1.12},"geometry":{"type":"Point","coordinates":[81.3392,8.0803]}},{"type":"Feature","properties":{"s":1.15},"geometry":{"type":"Point","coordinates":[81.3401,8.1044]}},{"type":"Feature","properties":{"s":1.08},"geometry":{"type":"Point","coordinates":[81.3385,8.1335]}},{"type":"Feature","properties":{"s":1.02},"geometry":{"type":"Point","coordinates":[81.3382,8.1756]}},{"type":"Feature","properties":{"s":1.19},"geometry":{"type":"Point","coordinates":[81.3425,8.0139]}},{"type":"Feature","properties":{"s":0.87},"geometry":{"type":"Point","coordinates":[81.3435,8.042]}},{"type":"Feature","properties":{"s":0.92},"geometry":{"type":"Point","coordinates":[81.3453,8.0627]}},{"type":"Feature","properties":{"s":0.98},"geometry":{"type":"Point","coordinates":[81.3458,8.0848]}},{"type":"Feature","properties":{"s":0.96},"geometry":{"type":"Point","coordinates":[81.345,8.1228]}},{"type":"Feature","properties":{"s":1.09},"geometry":{"type":"Point","coordinates":[81.3457,8.1714]}},{"type":"Feature","properties":{"s":1.15},"geometry":{"type":"Point","coordinates":[81.3495,8.0188]}},{"type":"Feature","properties":{"s":1.07},"geometry":{"type":"Point","coordinates":[81.3495,8.036]}},{"type":"Feature","properties":{"s":1.05},"geometry":{"type":"Point","coordinates":[81.3518,8.0682]}},{"type":"Feature","properties":{"s":1.02},"geometry":{"type":"Point","coordinates":[81.3516,8.0878]}},{"type":"Feature","properties":{"s":1.01},"geometry":{"type":"Point","coordinates":[81.3484,8.1095]}},{"type":"Feature","properties":{"s":0.88},"geometry":{"type":"Point","coordinates":[81.3504,8.1698]}},{"type":"Feature","properties":{"s":0.98},"geometry":{"type":"Point","coordinates":[81.3554,8.0273]}},{"type":"Feature","properties":{"s":1.1},"geometry":{"type":"Point","coordinates":[81.3561,8.0482]}},{"type":"Feature","properties":{"s":0.84},"geometry":{"type":"Point","coordinates":[81.3576,8.0743]}},{"type":"Feature","properties":{"s":0.96},"geometry":{"type":"Point","coordinates":[81.3547,8.0959]}},{"type":"Feature","properties":{"s":0.87},"geometry":{"type":"Point","coordinates":[81.3544,8.1297]}},{"type":"Feature","properties":{"s":1.04},"geometry":{"type":"Point","coordinates":[81.3621,7.9879]}},{"type":"Feature","properties":{"s":1.05},"geometry":{"type":"Point","coordinates":[81.3634,8.0191]}},{"type":"Feature","properties":{"s":0.94},"geometry":{"type":"Point","coordinates":[81.3606,8.0393]}},{"type":"Feature","properties":{"s":0.99},"geometry":{"type":"Point","coordinates":[81.3628,8.063]}},{"type":"Feature","properties":{"s":1.11},"geometry":{"type":"Point","coordinates":[81.3635,8.0932]}},{"type":"Feature","properties":{"s":0.93},"geometry":{"type":"Point","coordinates":[81.3633,8.1118]}},{"type":"Feature","properties":{"s":1.13},"geometry":{"type":"Point","coordinates":[81.37,8.0153]}},{"type":"Feature","properties":{"s":0.95},"geometry":{"type":"Point","coordinates":[81.3672,8.0302]}},{"type":"Feature","properties":{"s":0.9},"geometry":{"type":"Point","coordinates":[81.3688,8.0729]}},{"type":"Feature","properties":{"s":0.86},"geometry":{"type":"Point","coordinates":[81.3671,8.1105]}},{"type":"Feature","properties":{"s":0.87},"geometry":{"type":"Point","coordinates":[81.3744,8.0031]}},{"type":"Feature","properties":{"s":0.89},"geometry":{"type":"Point","coordinates":[81.3737,8.0335]}},{"type":"Feature","properties":{"s":0.93},"geometry":{"type":"Point","coordinates":[81.3753,8.0485]}},{"type":"Feature","properties":{"s":1.14},"geometry":{"type":"Point","coordinates":[81.3725,8.0744]}},{"type":"Feature","properties":{"s":1.01},"geometry":{"type":"Point","coordinates":[81.382,7.9842]}},{"type":"Feature","properties":{"s":0.96},"geometry":{"type":"Point","coordinates":[81.3824,8.0212]}},{"type":"Feature","properties":{"s":0.95},"geometry":{"type":"Point","coordinates":[81.3799,8.0483]}},{"type":"Feature","properties":{"s":1.14},"geometry":{"type":"Point","coordinates":[81.3819,8.0795]}},{"type":"Feature","properties":{"s":1.04},"geometry":{"type":"Point","coordinates":[81.3862,8.0323]}},{"type":"Feature","properties":{"s":1.17},"geometry":{"type":"Point","coordinates":[81.3922,8.0239]}},{"type":"Feature","properties":{"s":0.84},"geometry":{"type":"Point","coordinates":[80.7324,9.0337]}},{"type":"Feature","properties":{"s":1.2},"geometry":{"type":"Point","coordinates":[80.7308,9.0575]}},{"type":"Feature","properties":{"s":1.12},"geometry":{"type":"Point","coordinates":[80.7389,9.032]}},{"type":"Feature","properties":{"s":0.84},"geometry":{"type":"Point","coordinates":[80.742,9.0378]}},{"type":"Feature","properties":{"s":0.96},"geometry":{"type":"Point","coordinates":[80.7414,9.0579]}},{"type":"Feature","properties":{"s":1.15},"geometry":{"type":"Point","coordinates":[80.748,9.059]}},{"type":"Feature","properties":{"s":0.95},"geometry":{"type":"Point","coordinates":[80.7502,9.0797]}},{"type":"Feature","properties":{"s":0.84},"geometry":{"type":"Point","coordinates":[80.7537,9.0379]}},{"type":"Feature","properties":{"s":1.17},"geometry":{"type":"Point","coordinates":[80.7569,9.0641]}},{"type":"Feature","properties":{"s":1.06},"geometry":{"type":"Point","coordinates":[80.7532,9.0863]}},{"type":"Feature","properties":{"s":0.93},"geometry":{"type":"Point","coordinates":[80.7592,9.0393]}},{"type":"Feature","properties":{"s":1.18},"geometry":{"type":"Point","coordinates":[80.7625,9.0636]}},{"type":"Feature","properties":{"s":1.05},"geometry":{"type":"Point","coordinates":[80.7659,9.0255]}},{"type":"Feature","properties":{"s":1.18},"geometry":{"type":"Point","coordinates":[80.7686,9.052]}},{"type":"Feature","properties":{"s":0.91},"geometry":{"type":"Point","coordinates":[80.765,9.0702]}},{"type":"Feature","properties":{"s":0.89},"geometry":{"type":"Point","coordinates":[80.7746,9.0354]}},{"type":"Feature","properties":{"s":1.16},"geometry":{"type":"Point","coordinates":[80.7738,9.057]}},{"type":"Feature","properties":{"s":0.88},"geometry":{"type":"Point","coordinates":[80.7728,9.0885]}},{"type":"Feature","properties":{"s":0.91},"geometry":{"type":"Point","coordinates":[80.7771,9.0471]}},{"type":"Feature","properties":{"s":1.01},"geometry":{"type":"Point","coordinates":[80.7785,9.064]}},{"type":"Feature","properties":{"s":0.8},"geometry":{"type":"Point","coordinates":[80.7869,9.0286]}},{"type":"Feature","properties":{"s":1.06},"geometry":{"type":"Point","coordinates":[80.7829,9.0507]}},{"type":"Feature","properties":{"s":0.93},"geometry":{"type":"Point","coordinates":[80.7861,9.0796]}},{"type":"Feature","properties":{"s":0.84},"geometry":{"type":"Point","coordinates":[80.7899,9.0273]}},{"type":"Feature","properties":{"s":1.16},"geometry":{"type":"Point","coordinates":[80.7889,9.05]}},{"type":"Feature","properties":{"s":0.95},"geometry":{"type":"Point","coordinates":[80.7892,9.077]}},{"type":"Feature","properties":{"s":1.17},"geometry":{"type":"Point","coordinates":[80.7908,9.0942]}},{"type":"Feature","properties":{"s":1.1},"geometry":{"type":"Point","coordinates":[80.7981,9.0213]}},{"type":"Feature","properties":{"s":1.11},"geometry":{"type":"Point","coordinates":[80.7989,9.0499]}},{"type":"Feature","properties":{"s":1.03},"geometry":{"type":"Point","coordinates":[80.7989,9.0676]}},{"type":"Feature","properties":{"s":1.18},"geometry":{"type":"Point","coordinates":[80.7955,9.1]}},{"type":"Feature","properties":{"s":1.05},"geometry":{"type":"Point","coordinates":[80.8039,9.0144]}},{"type":"Feature","properties":{"s":1.17},"geometry":{"type":"Point","coordinates":[80.8021,9.0593]}},{"type":"Feature","properties":{"s":0.92},"geometry":{"type":"Point","coordinates":[80.8027,9.0771]}},{"type":"Feature","properties":{"s":1.13},"geometry":{"type":"Point","coordinates":[80.8022,9.1074]}},{"type":"Feature","properties":{"s":0.84},"geometry":{"type":"Point","coordinates":[80.8085,9.0115]}},{"type":"Feature","properties":{"s":1.15},"geometry":{"type":"Point","coordinates":[80.8071,9.0322]}},{"type":"Feature","properties":{"s":0.99},"geometry":{"type":"Point","coordinates":[80.8069,9.0752]}},{"type":"Feature","properties":{"s":1.02},"geometry":{"type":"Point","coordinates":[80.8072,9.1041]}},{"type":"Feature","properties":{"s":0.9},"geometry":{"type":"Point","coordinates":[80.8147,9.0021]}},{"type":"Feature","properties":{"s":1.15},"geometry":{"type":"Point","coordinates":[80.8146,9.0334]}},{"type":"Feature","properties":{"s":0.83},"geometry":{"type":"Point","coordinates":[80.814,9.0775]}},{"type":"Feature","properties":{"s":0.96},"geometry":{"type":"Point","coordinates":[80.8156,9.107]}},{"type":"Feature","properties":{"s":0.8},"geometry":{"type":"Point","coordinates":[80.8221,9.0162]}},{"type":"Feature","properties":{"s":1.14},"geometry":{"type":"Point","coordinates":[80.8227,9.0434]}},{"type":"Feature","properties":{"s":1.13},"geometry":{"type":"Point","coordinates":[80.823,9.0867]}},{"type":"Feature","properties":{"s":0.91},"geometry":{"type":"Point","coordinates":[80.8209,9.1048]}},{"type":"Feature","properties":{"s":0.93},"geometry":{"type":"Point","coordinates":[80.8249,9.0174]}},{"type":"Feature","properties":{"s":0.97},"geometry":{"type":"Point","coordinates":[80.8252,9.035]}},{"type":"Feature","properties":{"s":1.13},"geometry":{"type":"Point","coordinates":[80.8273,9.0746]}},{"type":"Feature","properties":{"s":1.18},"geometry":{"type":"Point","coordinates":[80.8261,9.111]}},{"type":"Feature","properties":{"s":0.92},"geometry":{"type":"Point","coordinates":[80.8324,9.0098]}},{"type":"Feature","properties":{"s":1.14},"geometry":{"type":"Point","coordinates":[80.832,9.0341]}},{"type":"Feature","properties":{"s":1.03},"geometry":{"type":"Point","coordinates":[80.835,9.0534]}},{"type":"Feature","properties":{"s":0.86},"geometry":{"type":"Point","coordinates":[80.8321,9.081]}},{"type":"Feature","properties":{"s":0.86},"geometry":{"type":"Point","coordinates":[80.8398,9.0399]}},{"type":"Feature","properties":{"s":1.13},"geometry":{"type":"Point","coordinates":[80.8403,9.065]}},{"type":"Feature","properties":{"s":0.89},"geometry":{"type":"Point","coordinates":[80.8403,9.1052]}},{"type":"Feature","properties":{"s":0.96},"geometry":{"type":"Point","coordinates":[80.8406,9.1231]}},{"type":"Feature","properties":{"s":1.1},"geometry":{"type":"Point","coordinates":[80.8445,9.0801]}},{"type":"Feature","properties":{"s":1.18},"geometry":{"type":"Point","coordinates":[80.8434,9.1064]}},{"type":"Feature","properties":{"s":1.08},"geometry":{"type":"Point","coordinates":[80.8447,9.1309]}},{"type":"Feature","properties":{"s":0.92},"geometry":{"type":"Point","coordinates":[80.8507,9.07]}},{"type":"Feature","properties":{"s":1.05},"geometry":{"type":"Point","coordinates":[80.8496,9.0996]}},{"type":"Feature","properties":{"s":1.11},"geometry":{"type":"Point","coordinates":[80.852,9.1358]}},{"type":"Feature","properties":{"s":1.2},"geometry":{"type":"Point","coordinates":[80.8586,9.0759]}},{"type":"Feature","properties":{"s":1.08},"geometry":{"type":"Point","coordinates":[80.855,9.0944]}},{"type":"Feature","properties":{"s":1.05},"geometry":{"type":"Point","coordinates":[80.8572,9.1216]}},{"type":"Feature","properties":{"s":1.13},"geometry":{"type":"Point","coordinates":[80.8637,9.0738]}},{"type":"Feature","properties":{"s":1.01},"geometry":{"type":"Point","coordinates":[80.8692,9.0619]}},{"type":"Feature","properties":{"s":1.13},"geometry":{"type":"Point","coordinates":[80.8692,9.0868]}},{"type":"Feature","properties":{"s":1.07},"geometry":{"type":"Point","coordinates":[80.8733,9.0805]}},{"type":"Feature","properties":{"s":1.01},"geometry":{"type":"Point","coordinates":[80.8768,9.1097]}},{"type":"Feature","properties":{"s":1.09},"geometry":{"type":"Point","coordinates":[80.8802,9.088]}},{"type":"Feature","properties":{"s":1.03},"geometry":{"type":"Point","coordinates":[80.886,9.0745]}},{"type":"Feature","properties":{"s":1.06},"geometry":{"type":"Point","coordinates":[80.8865,9.1162]}},{"type":"Feature","properties":{"s":1.03},"geometry":{"type":"Point","coordinates":[80.6963,6.829]}},{"type":"Feature","properties":{"s":1.08},"geometry":{"type":"Point","coordinates":[80.7022,6.8084]}},{"type":"Feature","properties":{"s":1.17},"geometry":{"type":"Point","coordinates":[80.708,6.7473]}},{"type":"Feature","properties":{"s":1.19},"geometry":{"type":"Point","coordinates":[80.7069,6.8295]}},{"type":"Feature","properties":{"s":1.16},"geometry":{"type":"Point","coordinates":[80.7117,6.7574]}},{"type":"Feature","properties":{"s":1.05},"geometry":{"type":"Point","coordinates":[80.7106,6.8418]}},{"type":"Feature","properties":{"s":0.93},"geometry":{"type":"Point","coordinates":[80.717,6.752]}},{"type":"Feature","properties":{"s":0.99},"geometry":{"type":"Point","coordinates":[80.7172,6.8025]}},{"type":"Feature","properties":{"s":0.84},"geometry":{"type":"Point","coordinates":[80.7186,6.8299]}},{"type":"Feature","properties":{"s":1.16},"geometry":{"type":"Point","coordinates":[80.7255,6.7574]}},{"type":"Feature","properties":{"s":1.05},"geometry":{"type":"Point","coordinates":[80.724,6.8298]}},{"type":"Feature","properties":{"s":1.01},"geometry":{"type":"Point","coordinates":[80.7285,6.7716]}},{"type":"Feature","properties":{"s":0.95},"geometry":{"type":"Point","coordinates":[80.7298,6.8067]}},{"type":"Feature","properties":{"s":0.95},"geometry":{"type":"Point","coordinates":[80.7374,6.7752]}},{"type":"Feature","properties":{"s":1.14},"geometry":{"type":"Point","coordinates":[80.7371,6.7956]}},{"type":"Feature","properties":{"s":1.2},"geometry":{"type":"Point","coordinates":[80.741,6.7839]}},{"type":"Feature","properties":{"s":1.03},"geometry":{"type":"Point","coordinates":[80.7416,6.8016]}},{"type":"Feature","properties":{"s":0.81},"geometry":{"type":"Point","coordinates":[80.7478,6.7823]}},{"type":"Feature","properties":{"s":1.07},"geometry":{"type":"Point","coordinates":[80.749,6.808]}},{"type":"Feature","properties":{"s":0.89},"geometry":{"type":"Point","coordinates":[80.7538,6.7763]}},{"type":"Feature","properties":{"s":0.81},"geometry":{"type":"Point","coordinates":[80.7536,6.818]}},{"type":"Feature","properties":{"s":1.02},"geometry":{"type":"Point","coordinates":[80.7598,6.7823]}},{"type":"Feature","properties":{"s":0.9},"geometry":{"type":"Point","coordinates":[80.7621,6.8183]}},{"type":"Feature","properties":{"s":0.96},"geometry":{"type":"Point","coordinates":[80.7684,6.7767]}},{"type":"Feature","properties":{"s":0.83},"geometry":{"type":"Point","coordinates":[80.7679,6.8138]}},{"type":"Feature","properties":{"s":0.83},"geometry":{"type":"Point","coordinates":[80.7719,6.7775]}},{"type":"Feature","properties":{"s":1.14},"geometry":{"type":"Point","coordinates":[80.7734,6.7963]}},{"type":"Feature","properties":{"s":1.19},"geometry":{"type":"Point","coordinates":[80.7787,6.7842]}},{"type":"Feature","properties":{"s":0.83},"geometry":{"type":"Point","coordinates":[80.7792,6.8134]}},{"type":"Feature","properties":{"s":1.1},"geometry":{"type":"Point","coordinates":[80.7836,6.7848]}},{"type":"Feature","properties":{"s":0.86},"geometry":{"type":"Point","coordinates":[80.7827,6.806]}},{"type":"Feature","properties":{"s":1.05},"geometry":{"type":"Point","coordinates":[80.7856,6.8325]}},{"type":"Feature","properties":{"s":0.81},"geometry":{"type":"Point","coordinates":[80.7907,6.801]}},{"type":"Feature","properties":{"s":0.96},"geometry":{"type":"Point","coordinates":[80.7888,6.8265]}},{"type":"Feature","properties":{"s":1.08},"geometry":{"type":"Point","coordinates":[80.7891,6.8504]}},{"type":"Feature","properties":{"s":0.85},"geometry":{"type":"Point","coordinates":[80.7943,6.8111]}},{"type":"Feature","properties":{"s":0.96},"geometry":{"type":"Point","coordinates":[80.796,6.8295]}},{"type":"Feature","properties":{"s":1.11},"geometry":{"type":"Point","coordinates":[80.7984,6.8609]}},{"type":"Feature","properties":{"s":1.15},"geometry":{"type":"Point","coordinates":[80.8036,6.8141]}},{"type":"Feature","properties":{"s":1.11},"geometry":{"type":"Point","coordinates":[80.8039,6.8365]}},{"type":"Feature","properties":{"s":0.82},"geometry":{"type":"Point","coordinates":[80.8037,6.8738]}},{"type":"Feature","properties":{"s":0.84},"geometry":{"type":"Point","coordinates":[80.8065,6.8088]}},{"type":"Feature","properties":{"s":1.11},"geometry":{"type":"Point","coordinates":[80.8079,6.8421]}},{"type":"Feature","properties":{"s":0.99},"geometry":{"type":"Point","coordinates":[80.8071,6.8622]}},{"type":"Feature","properties":{"s":1.04},"geometry":{"type":"Point","coordinates":[80.8151,6.8202]}},{"type":"Feature","properties":{"s":1.01},"geometry":{"type":"Point","coordinates":[80.8125,6.8355]}},{"type":"Feature","properties":{"s":1},"geometry":{"type":"Point","coordinates":[80.8126,6.8647]}},{"type":"Feature","properties":{"s":0.9},"geometry":{"type":"Point","coordinates":[80.8202,6.8297]}},{"type":"Feature","properties":{"s":0.88},"geometry":{"type":"Point","coordinates":[80.821,6.8527]}},{"type":"Feature","properties":{"s":0.86},"geometry":{"type":"Point","coordinates":[80.8253,6.8003]}},{"type":"Feature","properties":{"s":0.82},"geometry":{"type":"Point","coordinates":[80.8277,6.8188]}},{"type":"Feature","properties":{"s":1.18},"geometry":{"type":"Point","coordinates":[80.8251,6.8364]}},{"type":"Feature","properties":{"s":0.94},"geometry":{"type":"Point","coordinates":[80.8309,6.824]}},{"type":"Feature","properties":{"s":0.97},"geometry":{"type":"Point","coordinates":[80.8342,6.8533]}},{"type":"Feature","properties":{"s":0.83},"geometry":{"type":"Point","coordinates":[80.8387,6.8228]}},{"type":"Feature","properties":{"s":1.03},"geometry":{"type":"Point","coordinates":[80.8463,6.8061]}},{"type":"Feature","properties":{"s":1},"geometry":{"type":"Point","coordinates":[80.8451,6.8322]}},{"type":"Feature","properties":{"s":0.99},"geometry":{"type":"Point","coordinates":[80.8434,6.8507]}},{"type":"Feature","properties":{"s":1.11},"geometry":{"type":"Point","coordinates":[80.8525,6.8071]}},{"type":"Feature","properties":{"s":1.17},"geometry":{"type":"Point","coordinates":[80.8511,6.8442]}},{"type":"Feature","properties":{"s":1.08},"geometry":{"type":"Point","coordinates":[80.8544,6.8203]}},{"type":"Feature","properties":{"s":0.86},"geometry":{"type":"Point","coordinates":[80.8617,6.8081]}},{"type":"Feature","properties":{"s":1.14},"geometry":{"type":"Point","coordinates":[80.8676,6.8073]}},{"type":"Feature","properties":{"s":1.08},"geometry":{"type":"Point","coordinates":[80.8754,6.796]}},{"type":"Feature","properties":{"s":0.94},"geometry":{"type":"Point","coordinates":[80.8798,6.7952]}},{"type":"Feature","properties":{"s":0.91},"geometry":{"type":"Point","coordinates":[80.891,6.7935]}},{"type":"Feature","properties":{"s":0.81},"geometry":{"type":"Point","coordinates":[80.0726,9.3784]}},{"type":"Feature","properties":{"s":1.04},"geometry":{"type":"Point","coordinates":[80.0712,9.3963]}},{"type":"Feature","properties":{"s":0.83},"geometry":{"type":"Point","coordinates":[80.0779,9.3848]}},{"type":"Feature","properties":{"s":1.05},"geometry":{"type":"Point","coordinates":[80.0839,9.3615]}},{"type":"Feature","properties":{"s":1.17},"geometry":{"type":"Point","coordinates":[80.0844,9.4049]}},{"type":"Feature","properties":{"s":0.95},"geometry":{"type":"Point","coordinates":[80.0888,9.3809]}},{"type":"Feature","properties":{"s":0.83},"geometry":{"type":"Point","coordinates":[80.0879,9.4046]}},{"type":"Feature","properties":{"s":0.96},"geometry":{"type":"Point","coordinates":[80.0944,9.374]}},{"type":"Feature","properties":{"s":0.81},"geometry":{"type":"Point","coordinates":[80.0966,9.4077]}},{"type":"Feature","properties":{"s":0.96},"geometry":{"type":"Point","coordinates":[80.0999,9.3611]}},{"type":"Feature","properties":{"s":1.18},"geometry":{"type":"Point","coordinates":[80.1033,9.3962]}},{"type":"Feature","properties":{"s":0.81},"geometry":{"type":"Point","coordinates":[80.1076,9.3453]}},{"type":"Feature","properties":{"s":0.91},"geometry":{"type":"Point","coordinates":[80.1057,9.3672]}},{"type":"Feature","properties":{"s":0.81},"geometry":{"type":"Point","coordinates":[80.1083,9.3992]}},{"type":"Feature","properties":{"s":0.8},"geometry":{"type":"Point","coordinates":[80.1155,9.3511]}},{"type":"Feature","properties":{"s":1.17},"geometry":{"type":"Point","coordinates":[80.1136,9.379]}},{"type":"Feature","properties":{"s":0.86},"geometry":{"type":"Point","coordinates":[80.1138,9.3991]}},{"type":"Feature","properties":{"s":0.96},"geometry":{"type":"Point","coordinates":[80.1187,9.3429]}},{"type":"Feature","properties":{"s":1.03},"geometry":{"type":"Point","coordinates":[80.1194,9.3682]}},{"type":"Feature","properties":{"s":1.14},"geometry":{"type":"Point","coordinates":[80.1186,9.3911]}},{"type":"Feature","properties":{"s":1.17},"geometry":{"type":"Point","coordinates":[80.1261,9.3435]}},{"type":"Feature","properties":{"s":0.81},"geometry":{"type":"Point","coordinates":[80.1265,9.3718]}},{"type":"Feature","properties":{"s":1.05},"geometry":{"type":"Point","coordinates":[80.1272,9.4074]}},{"type":"Feature","properties":{"s":1.06},"geometry":{"type":"Point","coordinates":[80.1327,9.3436]}},{"type":"Feature","properties":{"s":1.04},"geometry":{"type":"Point","coordinates":[80.1306,9.3631]}},{"type":"Feature","properties":{"s":0.93},"geometry":{"type":"Point","coordinates":[80.1335,9.3871]}},{"type":"Feature","properties":{"s":0.99},"geometry":{"type":"Point","coordinates":[80.1332,9.4087]}},{"type":"Feature","properties":{"s":0.84},"geometry":{"type":"Point","coordinates":[80.1396,9.3319]}},{"type":"Feature","properties":{"s":0.96},"geometry":{"type":"Point","coordinates":[80.1362,9.3502]}},{"type":"Feature","properties":{"s":0.88},"geometry":{"type":"Point","coordinates":[80.1387,9.3895]}},{"type":"Feature","properties":{"s":1.06},"geometry":{"type":"Point","coordinates":[80.1452,9.3237]}},{"type":"Feature","properties":{"s":0.99},"geometry":{"type":"Point","coordinates":[80.1424,9.3607]}},{"type":"Feature","properties":{"s":1},"geometry":{"type":"Point","coordinates":[80.1426,9.3905]}},{"type":"Feature","properties":{"s":1.17},"geometry":{"type":"Point","coordinates":[80.1454,9.4097]}},{"type":"Feature","properties":{"s":0.81},"geometry":{"type":"Point","coordinates":[80.1484,9.3293]}},{"type":"Feature","properties":{"s":0.88},"geometry":{"type":"Point","coordinates":[80.1507,9.3684]}},{"type":"Feature","properties":{"s":0.83},"geometry":{"type":"Point","coordinates":[80.148,9.3902]}},{"type":"Feature","properties":{"s":1},"geometry":{"type":"Point","coordinates":[80.1487,9.4136]}},{"type":"Feature","properties":{"s":0.86},"geometry":{"type":"Point","coordinates":[80.1545,9.3273]}},{"type":"Feature","properties":{"s":1.14},"geometry":{"type":"Point","coordinates":[80.1575,9.3617]}},{"type":"Feature","properties":{"s":0.8},"geometry":{"type":"Point","coordinates":[80.1556,9.381]}},{"type":"Feature","properties":{"s":0.84},"geometry":{"type":"Point","coordinates":[80.1564,9.4023]}},{"type":"Feature","properties":{"s":0.92},"geometry":{"type":"Point","coordinates":[80.1626,9.3263]}},{"type":"Feature","properties":{"s":0.87},"geometry":{"type":"Point","coordinates":[80.1635,9.3425]}},{"type":"Feature","properties":{"s":1.08},"geometry":{"type":"Point","coordinates":[80.1614,9.366]}},{"type":"Feature","properties":{"s":1.08},"geometry":{"type":"Point","coordinates":[80.1632,9.4049]}},{"type":"Feature","properties":{"s":0.93},"geometry":{"type":"Point","coordinates":[80.1636,9.4271]}},{"type":"Feature","properties":{"s":0.89},"geometry":{"type":"Point","coordinates":[80.166,9.3314]}},{"type":"Feature","properties":{"s":1.11},"geometry":{"type":"Point","coordinates":[80.1659,9.3734]}},{"type":"Feature","properties":{"s":0.83},"geometry":{"type":"Point","coordinates":[80.169,9.4159]}},{"type":"Feature","properties":{"s":1.06},"geometry":{"type":"Point","coordinates":[80.1751,9.339]}},{"type":"Feature","properties":{"s":1.18},"geometry":{"type":"Point","coordinates":[80.1744,9.3605]}},{"type":"Feature","properties":{"s":0.91},"geometry":{"type":"Point","coordinates":[80.1733,9.4223]}},{"type":"Feature","properties":{"s":0.98},"geometry":{"type":"Point","coordinates":[80.1809,9.3426]}},{"type":"Feature","properties":{"s":0.97},"geometry":{"type":"Point","coordinates":[80.1809,9.3846]}},{"type":"Feature","properties":{"s":1.01},"geometry":{"type":"Point","coordinates":[80.178,9.415]}},{"type":"Feature","properties":{"s":0.95},"geometry":{"type":"Point","coordinates":[80.1844,9.3541]}},{"type":"Feature","properties":{"s":1.07},"geometry":{"type":"Point","coordinates":[80.1869,9.3899]}},{"type":"Feature","properties":{"s":0.92},"geometry":{"type":"Point","coordinates":[80.1921,9.3418]}},{"type":"Feature","properties":{"s":0.88},"geometry":{"type":"Point","coordinates":[80.1984,9.3596]}},{"type":"Feature","properties":{"s":1.19},"geometry":{"type":"Point","coordinates":[80.0652,9.3911]}},{"type":"Feature","properties":{"s":0.97},"geometry":{"type":"Point","coordinates":[80.0697,9.3899]}},{"type":"Feature","properties":{"s":1.07},"geometry":{"type":"Point","coordinates":[80.0782,9.4016]}},{"type":"Feature","properties":{"s":1.19},"geometry":{"type":"Point","coordinates":[80.0846,9.3653]}},{"type":"Feature","properties":{"s":1.13},"geometry":{"type":"Point","coordinates":[80.0848,9.4017]}},{"type":"Feature","properties":{"s":0.97},"geometry":{"type":"Point","coordinates":[80.0909,9.369]}},{"type":"Feature","properties":{"s":1.05},"geometry":{"type":"Point","coordinates":[80.0963,9.3553]}},{"type":"Feature","properties":{"s":1},"geometry":{"type":"Point","coordinates":[80.0974,9.3842]}},{"type":"Feature","properties":{"s":1.18},"geometry":{"type":"Point","coordinates":[80.0937,9.404]}},{"type":"Feature","properties":{"s":1.02},"geometry":{"type":"Point","coordinates":[80.1008,9.3747]}},{"type":"Feature","properties":{"s":0.81},"geometry":{"type":"Point","coordinates":[80.1034,9.397]}},{"type":"Feature","properties":{"s":0.86},"geometry":{"type":"Point","coordinates":[80.1068,9.3667]}},{"type":"Feature","properties":{"s":0.83},"geometry":{"type":"Point","coordinates":[80.1062,9.3932]}},{"type":"Feature","properties":{"s":1.18},"geometry":{"type":"Point","coordinates":[80.1063,9.4088]}},{"type":"Feature","properties":{"s":1.08},"geometry":{"type":"Point","coordinates":[80.1148,9.3663]}},{"type":"Feature","properties":{"s":0.97},"geometry":{"type":"Point","coordinates":[80.1119,9.387]}},{"type":"Feature","properties":{"s":1.04},"geometry":{"type":"Point","coordinates":[80.1147,9.4132]}},{"type":"Feature","properties":{"s":0.92},"geometry":{"type":"Point","coordinates":[80.1191,9.3631]}},{"type":"Feature","properties":{"s":0.89},"geometry":{"type":"Point","coordinates":[80.1184,9.4038]}},{"type":"Feature","properties":{"s":0.96},"geometry":{"type":"Point","coordinates":[80.1268,9.3375]}},{"type":"Feature","properties":{"s":0.96},"geometry":{"type":"Point","coordinates":[80.1277,9.3848]}},{"type":"Feature","properties":{"s":1.17},"geometry":{"type":"Point","coordinates":[80.1238,9.4111]}},{"type":"Feature","properties":{"s":1.09},"geometry":{"type":"Point","coordinates":[80.1338,9.3498]}},{"type":"Feature","properties":{"s":0.84},"geometry":{"type":"Point","coordinates":[80.1328,9.3846]}},{"type":"Feature","properties":{"s":1.08},"geometry":{"type":"Point","coordinates":[80.1335,9.4088]}},{"type":"Feature","properties":{"s":1.11},"geometry":{"type":"Point","coordinates":[80.1395,9.3483]}},{"type":"Feature","properties":{"s":1.13},"geometry":{"type":"Point","coordinates":[80.1397,9.3836]}},{"type":"Feature","properties":{"s":1.07},"geometry":{"type":"Point","coordinates":[80.1369,9.4023]}},{"type":"Feature","properties":{"s":1.15},"geometry":{"type":"Point","coordinates":[80.1418,9.3305]}},{"type":"Feature","properties":{"s":1.17},"geometry":{"type":"Point","coordinates":[80.1447,9.3567]}},{"type":"Feature","properties":{"s":0.82},"geometry":{"type":"Point","coordinates":[80.1422,9.3795]}},{"type":"Feature","properties":{"s":0.95},"geometry":{"type":"Point","coordinates":[80.1454,9.4038]}},{"type":"Feature","properties":{"s":0.89},"geometry":{"type":"Point","coordinates":[80.144,9.428]}},{"type":"Feature","properties":{"s":0.8},"geometry":{"type":"Point","coordinates":[80.1507,9.3488]}},{"type":"Feature","properties":{"s":1.09},"geometry":{"type":"Point","coordinates":[80.1492,9.3688]}},{"type":"Feature","properties":{"s":1.07},"geometry":{"type":"Point","coordinates":[80.1485,9.3962]}},{"type":"Feature","properties":{"s":1.1},"geometry":{"type":"Point","coordinates":[80.1567,9.3138]}},{"type":"Feature","properties":{"s":0.95},"geometry":{"type":"Point","coordinates":[80.1543,9.3509]}},{"type":"Feature","properties":{"s":1.04},"geometry":{"type":"Point","coordinates":[80.1577,9.3714]}},{"type":"Feature","properties":{"s":0.97},"geometry":{"type":"Point","coordinates":[80.1569,9.4072]}},{"type":"Feature","properties":{"s":1.01},"geometry":{"type":"Point","coordinates":[80.1542,9.4345]}},{"type":"Feature","properties":{"s":0.87},"geometry":{"type":"Point","coordinates":[80.1608,9.3378]}},{"type":"Feature","properties":{"s":0.92},"geometry":{"type":"Point","coordinates":[80.1608,9.3669]}},{"type":"Feature","properties":{"s":1.17},"geometry":{"type":"Point","coordinates":[80.1609,9.4172]}},{"type":"Feature","properties":{"s":1.15},"geometry":{"type":"Point","coordinates":[80.1623,9.4411]}},{"type":"Feature","properties":{"s":0.85},"geometry":{"type":"Point","coordinates":[80.1658,9.3419]}},{"type":"Feature","properties":{"s":1.13},"geometry":{"type":"Point","coordinates":[80.1664,9.3733]}},{"type":"Feature","properties":{"s":1.02},"geometry":{"type":"Point","coordinates":[80.1675,9.4017]}},{"type":"Feature","properties":{"s":0.9},"geometry":{"type":"Point","coordinates":[80.1725,9.3251]}},{"type":"Feature","properties":{"s":1.01},"geometry":{"type":"Point","coordinates":[80.1749,9.3751]}},{"type":"Feature","properties":{"s":0.86},"geometry":{"type":"Point","coordinates":[80.1751,9.4031]}},{"type":"Feature","properties":{"s":1.08},"geometry":{"type":"Point","coordinates":[80.1748,9.4229]}},{"type":"Feature","properties":{"s":1.05},"geometry":{"type":"Point","coordinates":[80.1806,9.3534]}},{"type":"Feature","properties":{"s":1.08},"geometry":{"type":"Point","coordinates":[80.1787,9.3789]}},{"type":"Feature","properties":{"s":0.85},"geometry":{"type":"Point","coordinates":[80.1838,9.3252]}},{"type":"Feature","properties":{"s":1.1},"geometry":{"type":"Point","coordinates":[80.1853,9.3493]}},{"type":"Feature","properties":{"s":0.8},"geometry":{"type":"Point","coordinates":[80.1837,9.3743]}},{"type":"Feature","properties":{"s":1.02},"geometry":{"type":"Point","coordinates":[80.1915,9.3199]}},{"type":"Feature","properties":{"s":0.84},"geometry":{"type":"Point","coordinates":[80.1971,9.3605]}},{"type":"Feature","properties":{"s":0.94},"geometry":{"type":"Point","coordinates":[80.7452,8.0973]}},{"type":"Feature","properties":{"s":0.95},"geometry":{"type":"Point","coordinates":[80.752,8.0673]}},{"type":"Feature","properties":{"s":0.81},"geometry":{"type":"Point","coordinates":[80.7529,8.0867]}},{"type":"Feature","properties":{"s":1.19},"geometry":{"type":"Point","coordinates":[80.7527,8.1165]}},{"type":"Feature","properties":{"s":1.07},"geometry":{"type":"Point","coordinates":[80.754,8.1398]}},{"type":"Feature","properties":{"s":1.02},"geometry":{"type":"Point","coordinates":[80.7571,8.0727]}},{"type":"Feature","properties":{"s":0.85},"geometry":{"type":"Point","coordinates":[80.758,8.1051]}},{"type":"Feature","properties":{"s":0.87},"geometry":{"type":"Point","coordinates":[80.7581,8.1241]}},{"type":"Feature","properties":{"s":1.06},"geometry":{"type":"Point","coordinates":[80.7586,8.1602]}},{"type":"Feature","properties":{"s":1},"geometry":{"type":"Point","coordinates":[80.7591,8.1761]}},{"type":"Feature","properties":{"s":1.04},"geometry":{"type":"Point","coordinates":[80.7661,8.0807]}},{"type":"Feature","properties":{"s":0.94},"geometry":{"type":"Point","coordinates":[80.7632,8.1169]}},{"type":"Feature","properties":{"s":0.91},"geometry":{"type":"Point","coordinates":[80.7668,8.1416]}},{"type":"Feature","properties":{"s":0.87},"geometry":{"type":"Point","coordinates":[80.7664,8.177]}},{"type":"Feature","properties":{"s":0.99},"geometry":{"type":"Point","coordinates":[80.7715,8.0514]}},{"type":"Feature","properties":{"s":0.85},"geometry":{"type":"Point","coordinates":[80.7727,8.074]}},{"type":"Feature","properties":{"s":0.86},"geometry":{"type":"Point","coordinates":[80.7712,8.111]}},{"type":"Feature","properties":{"s":1.14},"geometry":{"type":"Point","coordinates":[80.7687,8.1332]}},{"type":"Feature","properties":{"s":0.81},"geometry":{"type":"Point","coordinates":[80.771,8.1688]}},{"type":"Feature","properties":{"s":0.83},"geometry":{"type":"Point","coordinates":[80.7702,8.1888]}},{"type":"Feature","properties":{"s":0.93},"geometry":{"type":"Point","coordinates":[80.7781,8.0446]}},{"type":"Feature","properties":{"s":0.82},"geometry":{"type":"Point","coordinates":[80.7751,8.075]}},{"type":"Feature","properties":{"s":0.93},"geometry":{"type":"Point","coordinates":[80.7747,8.0977]}},{"type":"Feature","properties":{"s":0.9},"geometry":{"type":"Point","coordinates":[80.7752,8.1222]}},{"type":"Feature","properties":{"s":0.95},"geometry":{"type":"Point","coordinates":[80.7764,8.1413]}},{"type":"Feature","properties":{"s":1.18},"geometry":{"type":"Point","coordinates":[80.7788,8.1629]}},{"type":"Feature","properties":{"s":1.1},"geometry":{"type":"Point","coordinates":[80.7754,8.193]}},{"type":"Feature","properties":{"s":0.97},"geometry":{"type":"Point","coordinates":[80.7788,8.2117]}},{"type":"Feature","properties":{"s":0.82},"geometry":{"type":"Point","coordinates":[80.7835,8.0484]}},{"type":"Feature","properties":{"s":0.88},"geometry":{"type":"Point","coordinates":[80.7835,8.0668]}},{"type":"Feature","properties":{"s":0.88},"geometry":{"type":"Point","coordinates":[80.7844,8.0928]}},{"type":"Feature","properties":{"s":0.83},"geometry":{"type":"Point","coordinates":[80.7837,8.1171]}},{"type":"Feature","properties":{"s":0.9},"geometry":{"type":"Point","coordinates":[80.783,8.1326]}},{"type":"Feature","properties":{"s":1.06},"geometry":{"type":"Point","coordinates":[80.7846,8.1589]}},{"type":"Feature","properties":{"s":1.13},"geometry":{"type":"Point","coordinates":[80.7841,8.1769]}},{"type":"Feature","properties":{"s":0.88},"geometry":{"type":"Point","coordinates":[80.7835,8.2164]}},{"type":"Feature","properties":{"s":0.81},"geometry":{"type":"Point","coordinates":[80.7879,8.0754]}},{"type":"Feature","properties":{"s":0.91},"geometry":{"type":"Point","coordinates":[80.788,8.1173]}},{"type":"Feature","properties":{"s":0.83},"geometry":{"type":"Point","coordinates":[80.7895,8.1451]}},{"type":"Feature","properties":{"s":1.14},"geometry":{"type":"Point","coordinates":[80.7884,8.1706]}},{"type":"Feature","properties":{"s":1.09},"geometry":{"type":"Point","coordinates":[80.789,8.1983]}},{"type":"Feature","properties":{"s":0.81},"geometry":{"type":"Point","coordinates":[80.7895,8.2184]}},{"type":"Feature","properties":{"s":0.95},"geometry":{"type":"Point","coordinates":[80.7963,8.0314]}},{"type":"Feature","properties":{"s":0.99},"geometry":{"type":"Point","coordinates":[80.796,8.064]}},{"type":"Feature","properties":{"s":1.08},"geometry":{"type":"Point","coordinates":[80.7937,8.0991]}},{"type":"Feature","properties":{"s":0.94},"geometry":{"type":"Point","coordinates":[80.7958,8.1242]}},{"type":"Feature","properties":{"s":1.01},"geometry":{"type":"Point","coordinates":[80.7958,8.1568]}},{"type":"Feature","properties":{"s":1.11},"geometry":{"type":"Point","coordinates":[80.7964,8.187]}},{"type":"Feature","properties":{"s":1.18},"geometry":{"type":"Point","coordinates":[80.7932,8.2135]}},{"type":"Feature","properties":{"s":1.04},"geometry":{"type":"Point","coordinates":[80.7958,8.2283]}},{"type":"Feature","properties":{"s":0.93},"geometry":{"type":"Point","coordinates":[80.7968,8.2736]}},{"type":"Feature","properties":{"s":0.85},"geometry":{"type":"Point","coordinates":[80.7953,8.2924]}},{"type":"Feature","properties":{"s":0.96},"geometry":{"type":"Point","coordinates":[80.8023,8.0576]}},{"type":"Feature","properties":{"s":1.06},"geometry":{"type":"Point","coordinates":[80.8028,8.0817]}},{"type":"Feature","properties":{"s":0.99},"geometry":{"type":"Point","coordinates":[80.799,8.1052]}},{"type":"Feature","properties":{"s":1.05},"geometry":{"type":"Point","coordinates":[80.7993,8.1352]}},{"type":"Feature","properties":{"s":0.88},"geometry":{"type":"Point","coordinates":[80.8016,8.1533]}},{"type":"Feature","properties":{"s":0.94},"geometry":{"type":"Point","coordinates":[80.7987,8.1931]}},{"type":"Feature","properties":{"s":0.8},"geometry":{"type":"Point","coordinates":[80.7988,8.226]}},{"type":"Feature","properties":{"s":1.17},"geometry":{"type":"Point","coordinates":[80.8026,8.2403]}},{"type":"Feature","properties":{"s":1.16},"geometry":{"type":"Point","coordinates":[80.7999,8.271]}},{"type":"Feature","properties":{"s":1.1},"geometry":{"type":"Point","coordinates":[80.8054,8.1901]}},{"type":"Feature","properties":{"s":1.19},"geometry":{"type":"Point","coordinates":[80.8054,8.2968]}},{"type":"Feature","properties":{"s":0.83},"geometry":{"type":"Point","coordinates":[80.5849,8.9432]}},{"type":"Feature","properties":{"s":1.07},"geometry":{"type":"Point","coordinates":[80.5931,8.9225]}},{"type":"Feature","properties":{"s":1.14},"geometry":{"type":"Point","coordinates":[80.593,8.9512]}},{"type":"Feature","properties":{"s":0.97},"geometry":{"type":"Point","coordinates":[80.5972,8.9099]}},{"type":"Feature","properties":{"s":1.14},"geometry":{"type":"Point","coordinates":[80.5962,8.9328]}},{"type":"Feature","properties":{"s":0.84},"geometry":{"type":"Point","coordinates":[80.5987,8.9974]}},{"type":"Feature","properties":{"s":0.92},"geometry":{"type":"Point","coordinates":[80.5966,9.0223]}},{"type":"Feature","properties":{"s":1.18},"geometry":{"type":"Point","coordinates":[80.6024,8.9044]}},{"type":"Feature","properties":{"s":1.12},"geometry":{"type":"Point","coordinates":[80.6044,8.9225]}},{"type":"Feature","properties":{"s":0.82},"geometry":{"type":"Point","coordinates":[80.6044,8.9503]}},{"type":"Feature","properties":{"s":0.99},"geometry":{"type":"Point","coordinates":[80.6029,8.9812]}},{"type":"Feature","properties":{"s":1.05},"geometry":{"type":"Point","coordinates":[80.6057,9.0099]}},{"type":"Feature","properties":{"s":0.84},"geometry":{"type":"Point","coordinates":[80.606,9.029]}},{"type":"Feature","properties":{"s":0.87},"geometry":{"type":"Point","coordinates":[80.6115,8.9076]}},{"type":"Feature","properties":{"s":0.93},"geometry":{"type":"Point","coordinates":[80.6115,8.9321]}},{"type":"Feature","properties":{"s":1.01},"geometry":{"type":"Point","coordinates":[80.6102,8.9609]}},{"type":"Feature","properties":{"s":1.05},"geometry":{"type":"Point","coordinates":[80.61,8.9918]}},{"type":"Feature","properties":{"s":1.16},"geometry":{"type":"Point","coordinates":[80.6087,9.0106]}},{"type":"Feature","properties":{"s":1.04},"geometry":{"type":"Point","coordinates":[80.6146,8.9042]}},{"type":"Feature","properties":{"s":1.02},"geometry":{"type":"Point","coordinates":[80.6148,8.9331]}},{"type":"Feature","properties":{"s":0.84},"geometry":{"type":"Point","coordinates":[80.6149,8.9514]}},{"type":"Feature","properties":{"s":1.04},"geometry":{"type":"Point","coordinates":[80.6151,8.9759]}},{"type":"Feature","properties":{"s":1.01},"geometry":{"type":"Point","coordinates":[80.6167,9.0244]}},{"type":"Feature","properties":{"s":0.83},"geometry":{"type":"Point","coordinates":[80.6227,8.9039]}},{"type":"Feature","properties":{"s":0.8},"geometry":{"type":"Point","coordinates":[80.6239,8.9338]}},{"type":"Feature","properties":{"s":0.98},"geometry":{"type":"Point","coordinates":[80.6203,8.9577]}},{"type":"Feature","properties":{"s":1.02},"geometry":{"type":"Point","coordinates":[80.624,8.9912]}},{"type":"Feature","properties":{"s":1.12},"geometry":{"type":"Point","coordinates":[80.6202,9.0176]}},{"type":"Feature","properties":{"s":1.05},"geometry":{"type":"Point","coordinates":[80.6272,8.9164]}},{"type":"Feature","properties":{"s":0.84},"geometry":{"type":"Point","coordinates":[80.6278,8.9579]}},{"type":"Feature","properties":{"s":0.91},"geometry":{"type":"Point","coordinates":[80.6262,8.9755]}},{"type":"Feature","properties":{"s":0.88},"geometry":{"type":"Point","coordinates":[80.6297,9.0175]}},{"type":"Feature","properties":{"s":1.02},"geometry":{"type":"Point","coordinates":[80.6336,8.9222]}},{"type":"Feature","properties":{"s":1.19},"geometry":{"type":"Point","coordinates":[80.6348,8.9552]}},{"type":"Feature","properties":{"s":0.85},"geometry":{"type":"Point","coordinates":[80.6346,8.9749]}},{"type":"Feature","properties":{"s":0.88},"geometry":{"type":"Point","coordinates":[80.6352,9.0215]}},{"type":"Feature","properties":{"s":0.93},"geometry":{"type":"Point","coordinates":[80.6388,8.937]}},{"type":"Feature","properties":{"s":0.95},"geometry":{"type":"Point","coordinates":[80.6409,8.9642]}},{"type":"Feature","properties":{"s":0.84},"geometry":{"type":"Point","coordinates":[80.6411,9.0003]}},{"type":"Feature","properties":{"s":1.04},"geometry":{"type":"Point","coordinates":[80.642,9.0226]}},{"type":"Feature","properties":{"s":0.83},"geometry":{"type":"Point","coordinates":[80.6472,8.9132]}},{"type":"Feature","properties":{"s":0.81},"geometry":{"type":"Point","coordinates":[80.6481,8.9467]}},{"type":"Feature","properties":{"s":1.13},"geometry":{"type":"Point","coordinates":[80.6449,8.9702]}},{"type":"Feature","properties":{"s":0.86},"geometry":{"type":"Point","coordinates":[80.6463,9.0104]}},{"type":"Feature","properties":{"s":1.04},"geometry":{"type":"Point","coordinates":[80.6514,8.9163]}},{"type":"Feature","properties":{"s":1.18},"geometry":{"type":"Point","coordinates":[80.6535,8.9334]}},{"type":"Feature","properties":{"s":0.86},"geometry":{"type":"Point","coordinates":[80.6505,8.9644]}},{"type":"Feature","properties":{"s":0.94},"geometry":{"type":"Point","coordinates":[80.6534,8.9909]}},{"type":"Feature","properties":{"s":0.92},"geometry":{"type":"Point","coordinates":[80.6533,9.0217]}},{"type":"Feature","properties":{"s":1.19},"geometry":{"type":"Point","coordinates":[80.6537,9.0413]}},{"type":"Feature","properties":{"s":1.15},"geometry":{"type":"Point","coordinates":[80.66,8.9557]}},{"type":"Feature","properties":{"s":1.18},"geometry":{"type":"Point","coordinates":[80.6658,8.9323]}},{"type":"Feature","properties":{"s":0.81},"geometry":{"type":"Point","coordinates":[80.6652,8.9757]}},{"type":"Feature","properties":{"s":0.98},"geometry":{"type":"Point","coordinates":[80.6712,8.9314]}},{"type":"Feature","properties":{"s":1.12},"geometry":{"type":"Point","coordinates":[80.6753,8.9328]}},{"type":"Feature","properties":{"s":1.05},"geometry":{"type":"Point","coordinates":[81.2228,7.4893]}},{"type":"Feature","properties":{"s":0.85},"geometry":{"type":"Point","coordinates":[81.22,7.5083]}},{"type":"Feature","properties":{"s":0.91},"geometry":{"type":"Point","coordinates":[81.2196,7.5379]}},{"type":"Feature","properties":{"s":0.86},"geometry":{"type":"Point","coordinates":[81.2214,7.5743]}},{"type":"Feature","properties":{"s":1.07},"geometry":{"type":"Point","coordinates":[81.2204,7.5886]}},{"type":"Feature","properties":{"s":0.86},"geometry":{"type":"Point","coordinates":[81.2223,7.6136]}},{"type":"Feature","properties":{"s":1.16},"geometry":{"type":"Point","coordinates":[81.2224,7.6309]}},{"type":"Feature","properties":{"s":1.03},"geometry":{"type":"Point","coordinates":[81.2231,7.649]}},{"type":"Feature","properties":{"s":1.14},"geometry":{"type":"Point","coordinates":[81.2267,7.4929]}},{"type":"Feature","properties":{"s":0.82},"geometry":{"type":"Point","coordinates":[81.2282,7.5113]}},{"type":"Feature","properties":{"s":1.06},"geometry":{"type":"Point","coordinates":[81.226,7.5408]}},{"type":"Feature","properties":{"s":1.07},"geometry":{"type":"Point","coordinates":[81.2281,7.5672]}},{"type":"Feature","properties":{"s":0.88},"geometry":{"type":"Point","coordinates":[81.2291,7.5856]}},{"type":"Feature","properties":{"s":1.2},"geometry":{"type":"Point","coordinates":[81.2271,7.6199]}},{"type":"Feature","properties":{"s":1.05},"geometry":{"type":"Point","coordinates":[81.2267,7.6378]}},{"type":"Feature","properties":{"s":1.03},"geometry":{"type":"Point","coordinates":[81.2331,7.501]}},{"type":"Feature","properties":{"s":1.18},"geometry":{"type":"Point","coordinates":[81.2353,7.5318]}},{"type":"Feature","properties":{"s":0.96},"geometry":{"type":"Point","coordinates":[81.2348,7.5623]}},{"type":"Feature","properties":{"s":1.17},"geometry":{"type":"Point","coordinates":[81.2349,7.5778]}},{"type":"Feature","properties":{"s":0.97},"geometry":{"type":"Point","coordinates":[81.2342,7.6089]}},{"type":"Feature","properties":{"s":1.07},"geometry":{"type":"Point","coordinates":[81.2409,7.5168]}},{"type":"Feature","properties":{"s":1.09},"geometry":{"type":"Point","coordinates":[81.2381,7.5414]}},{"type":"Feature","properties":{"s":0.87},"geometry":{"type":"Point","coordinates":[81.2394,7.5722]}},{"type":"Feature","properties":{"s":1.08},"geometry":{"type":"Point","coordinates":[81.241,7.6019]}},{"type":"Feature","properties":{"s":1.08},"geometry":{"type":"Point","coordinates":[81.2464,7.5054]}},{"type":"Feature","properties":{"s":1.17},"geometry":{"type":"Point","coordinates":[81.2456,7.538]}},{"type":"Feature","properties":{"s":1.08},"geometry":{"type":"Point","coordinates":[81.2453,7.5609]}},{"type":"Feature","properties":{"s":1.06},"geometry":{"type":"Point","coordinates":[81.2438,7.5895]}},{"type":"Feature","properties":{"s":0.95},"geometry":{"type":"Point","coordinates":[81.2463,7.6077]}},{"type":"Feature","properties":{"s":0.87},"geometry":{"type":"Point","coordinates":[81.252,7.506]}},{"type":"Feature","properties":{"s":1.18},"geometry":{"type":"Point","coordinates":[81.2508,7.5494]}},{"type":"Feature","properties":{"s":0.88},"geometry":{"type":"Point","coordinates":[81.2524,7.577]}},{"type":"Feature","properties":{"s":0.96},"geometry":{"type":"Point","coordinates":[81.2554,7.5015]}},{"type":"Feature","properties":{"s":0.91},"geometry":{"type":"Point","coordinates":[81.2586,7.5301]}},{"type":"Feature","properties":{"s":0.85},"geometry":{"type":"Point","coordinates":[81.2563,7.5535]}},{"type":"Feature","properties":{"s":1.16},"geometry":{"type":"Point","coordinates":[81.2626,7.5058]}},{"type":"Feature","properties":{"s":0.91},"geometry":{"type":"Point","coordinates":[81.2651,7.532]}},{"type":"Feature","properties":{"s":0.99},"geometry":{"type":"Point","coordinates":[81.2625,7.5549]}},{"type":"Feature","properties":{"s":0.88},"geometry":{"type":"Point","coordinates":[81.2614,7.5854]}},{"type":"Feature","properties":{"s":1.05},"geometry":{"type":"Point","coordinates":[81.2712,7.5425]}},{"type":"Feature","properties":{"s":0.8},"geometry":{"type":"Point","coordinates":[81.2745,7.5293]}},{"type":"Feature","properties":{"s":0.91},"geometry":{"type":"Point","coordinates":[81.2738,7.5654]}},{"type":"Feature","properties":{"s":1.08},"geometry":{"type":"Point","coordinates":[81.2794,7.5305]}},{"type":"Feature","properties":{"s":1.2},"geometry":{"type":"Point","coordinates":[81.2794,7.5554]}},{"type":"Feature","properties":{"s":1.07},"geometry":{"type":"Point","coordinates":[81.2877,7.5233]}},{"type":"Feature","properties":{"s":1.13},"geometry":{"type":"Point","coordinates":[81.2868,7.5414]}},{"type":"Feature","properties":{"s":1.16},"geometry":{"type":"Point","coordinates":[81.2859,7.5667]}},{"type":"Feature","properties":{"s":1.04},"geometry":{"type":"Point","coordinates":[81.2935,7.5664]}},{"type":"Feature","properties":{"s":1.04},"geometry":{"type":"Point","coordinates":[81.3001,7.5493]}},{"type":"Feature","properties":{"s":1.14},"geometry":{"type":"Point","coordinates":[81.3058,7.5304]}},{"type":"Feature","properties":{"s":0.84},"geometry":{"type":"Point","coordinates":[81.3066,7.555]}},{"type":"Feature","properties":{"s":0.95},"geometry":{"type":"Point","coordinates":[81.3103,7.5419]}},{"type":"Feature","properties":{"s":1.06},"geometry":{"type":"Point","coordinates":[81.3229,7.544]}},{"type":"Feature","properties":{"s":1.12},"geometry":{"type":"Point","coordinates":[81.3227,7.559]}},{"type":"Feature","properties":{"s":0.98},"geometry":{"type":"Point","coordinates":[80.518,9.0658]}},{"type":"Feature","properties":{"s":0.8},"geometry":{"type":"Point","coordinates":[80.5162,9.09]}},{"type":"Feature","properties":{"s":1.15},"geometry":{"type":"Point","coordinates":[80.5151,9.109]}},{"type":"Feature","properties":{"s":0.85},"geometry":{"type":"Point","coordinates":[80.5211,9.0732]}},{"type":"Feature","properties":{"s":0.97},"geometry":{"type":"Point","coordinates":[80.5215,9.1087]}},{"type":"Feature","properties":{"s":1.2},"geometry":{"type":"Point","coordinates":[80.5235,9.1389]}},{"type":"Feature","properties":{"s":1.04},"geometry":{"type":"Point","coordinates":[80.5267,9.0888]}},{"type":"Feature","properties":{"s":1.02},"geometry":{"type":"Point","coordinates":[80.5282,9.1184]}},{"type":"Feature","properties":{"s":1.14},"geometry":{"type":"Point","coordinates":[80.5285,9.138]}},{"type":"Feature","properties":{"s":0.99},"geometry":{"type":"Point","coordinates":[80.5343,9.1153]}},{"type":"Feature","properties":{"s":1.05},"geometry":{"type":"Point","coordinates":[80.54,9.0911]}},{"type":"Feature","properties":{"s":0.82},"geometry":{"type":"Point","coordinates":[80.5409,9.1082]}},{"type":"Feature","properties":{"s":1.01},"geometry":{"type":"Point","coordinates":[80.5387,9.1434]}},{"type":"Feature","properties":{"s":0.87},"geometry":{"type":"Point","coordinates":[80.5483,9.0958]}},{"type":"Feature","properties":{"s":0.81},"geometry":{"type":"Point","coordinates":[80.5461,9.1244]}},{"type":"Feature","properties":{"s":0.84},"geometry":{"type":"Point","coordinates":[80.5533,9.1072]}},{"type":"Feature","properties":{"s":1.04},"geometry":{"type":"Point","coordinates":[80.5502,9.1249]}},{"type":"Feature","properties":{"s":1.18},"geometry":{"type":"Point","coordinates":[80.5581,9.0781]}},{"type":"Feature","properties":{"s":0.86},"geometry":{"type":"Point","coordinates":[80.5577,9.1011]}},{"type":"Feature","properties":{"s":0.85},"geometry":{"type":"Point","coordinates":[80.5598,9.1387]}},{"type":"Feature","properties":{"s":0.9},"geometry":{"type":"Point","coordinates":[80.5652,9.1021]}},{"type":"Feature","properties":{"s":0.89},"geometry":{"type":"Point","coordinates":[80.5632,9.1189]}},{"type":"Feature","properties":{"s":1.13},"geometry":{"type":"Point","coordinates":[80.5633,9.1507]}},{"type":"Feature","properties":{"s":1.19},"geometry":{"type":"Point","coordinates":[80.5706,9.0797]}},{"type":"Feature","properties":{"s":1.14},"geometry":{"type":"Point","coordinates":[80.5682,9.1198]}},{"type":"Feature","properties":{"s":0.86},"geometry":{"type":"Point","coordinates":[80.5704,9.1551]}},{"type":"Feature","properties":{"s":1.2},"geometry":{"type":"Point","coordinates":[80.5757,9.1222]}},{"type":"Feature","properties":{"s":0.82},"geometry":{"type":"Point","coordinates":[80.578,9.1517]}},{"type":"Feature","properties":{"s":0.86},"geometry":{"type":"Point","coordinates":[80.5817,9.089]}},{"type":"Feature","properties":{"s":0.94},"geometry":{"type":"Point","coordinates":[80.582,9.1397]}},{"type":"Feature","properties":{"s":1.15},"geometry":{"type":"Point","coordinates":[80.5876,9.0684]}},{"type":"Feature","properties":{"s":1.16},"geometry":{"type":"Point","coordinates":[80.5896,9.097]}},{"type":"Feature","properties":{"s":1.06},"geometry":{"type":"Point","coordinates":[80.5888,9.121]}},{"type":"Feature","properties":{"s":0.82},"geometry":{"type":"Point","coordinates":[80.5943,9.1039]}},{"type":"Feature","properties":{"s":1.08},"geometry":{"type":"Point","coordinates":[80.5959,9.1369]}},{"type":"Feature","properties":{"s":1.18},"geometry":{"type":"Point","coordinates":[80.6014,9.108]}},{"type":"Feature","properties":{"s":1.09},"geometry":{"type":"Point","coordinates":[80.5996,9.1317]}},{"type":"Feature","properties":{"s":1.19},"geometry":{"type":"Point","coordinates":[80.6065,9.1025]}},{"type":"Feature","properties":{"s":0.92},"geometry":{"type":"Point","coordinates":[80.6073,9.1195]}},{"type":"Feature","properties":{"s":1.16},"geometry":{"type":"Point","coordinates":[80.614,9.0924]}},{"type":"Feature","properties":{"s":0.88},"geometry":{"type":"Point","coordinates":[80.6137,9.1245]}},{"type":"Feature","properties":{"s":0.87},"geometry":{"type":"Point","coordinates":[80.619,9.084]}},{"type":"Feature","properties":{"s":0.91},"geometry":{"type":"Point","coordinates":[80.6186,9.1248]}},{"type":"Feature","properties":{"s":1.18},"geometry":{"type":"Point","coordinates":[80.6169,9.1483]}},{"type":"Feature","properties":{"s":1.12},"geometry":{"type":"Point","coordinates":[80.6236,9.1208]}},{"type":"Feature","properties":{"s":0.88},"geometry":{"type":"Point","coordinates":[80.6241,9.1437]}},{"type":"Feature","properties":{"s":0.93},"geometry":{"type":"Point","coordinates":[80.6319,9.1187]}},{"type":"Feature","properties":{"s":1.15},"geometry":{"type":"Point","coordinates":[80.6318,9.1519]}},{"type":"Feature","properties":{"s":1.19},"geometry":{"type":"Point","coordinates":[80.6348,9.1222]}},{"type":"Feature","properties":{"s":0.92},"geometry":{"type":"Point","coordinates":[80.6423,9.0917]}},{"type":"Feature","properties":{"s":0.95},"geometry":{"type":"Point","coordinates":[80.6494,9.0943]}},{"type":"Feature","properties":{"s":0.84},"geometry":{"type":"Point","coordinates":[81.0759,7.4846]}},{"type":"Feature","properties":{"s":0.94},"geometry":{"type":"Point","coordinates":[81.0823,7.4111]}},{"type":"Feature","properties":{"s":1.15},"geometry":{"type":"Point","coordinates":[81.0802,7.4602]}},{"type":"Feature","properties":{"s":0.81},"geometry":{"type":"Point","coordinates":[81.0808,7.4852]}},{"type":"Feature","properties":{"s":0.95},"geometry":{"type":"Point","coordinates":[81.0862,7.4022]}},{"type":"Feature","properties":{"s":1.02},"geometry":{"type":"Point","coordinates":[81.0873,7.4373]}},{"type":"Feature","properties":{"s":0.98},"geometry":{"type":"Point","coordinates":[81.0862,7.4733]}},{"type":"Feature","properties":{"s":1.1},"geometry":{"type":"Point","coordinates":[81.0877,7.498]}},{"type":"Feature","properties":{"s":1.1},"geometry":{"type":"Point","coordinates":[81.0942,7.4047]}},{"type":"Feature","properties":{"s":1.02},"geometry":{"type":"Point","coordinates":[81.0927,7.4413]}},{"type":"Feature","properties":{"s":0.9},"geometry":{"type":"Point","coordinates":[81.0931,7.4657]}},{"type":"Feature","properties":{"s":1.1},"geometry":{"type":"Point","coordinates":[81.0948,7.5068]}},{"type":"Feature","properties":{"s":1.14},"geometry":{"type":"Point","coordinates":[81.0975,7.4123]}},{"type":"Feature","properties":{"s":0.81},"geometry":{"type":"Point","coordinates":[81.0992,7.4495]}},{"type":"Feature","properties":{"s":0.95},"geometry":{"type":"Point","coordinates":[81.0967,7.479]}},{"type":"Feature","properties":{"s":0.86},"geometry":{"type":"Point","coordinates":[81.1027,7.4371]}},{"type":"Feature","properties":{"s":1.2},"geometry":{"type":"Point","coordinates":[81.1044,7.455]}},{"type":"Feature","properties":{"s":1.15},"geometry":{"type":"Point","coordinates":[81.1068,7.4784]}},{"type":"Feature","properties":{"s":0.94},"geometry":{"type":"Point","coordinates":[81.1094,7.3992]}},{"type":"Feature","properties":{"s":1.18},"geometry":{"type":"Point","coordinates":[81.1127,7.4303]}},{"type":"Feature","properties":{"s":0.83},"geometry":{"type":"Point","coordinates":[81.111,7.4648]}},{"type":"Feature","properties":{"s":1.15},"geometry":{"type":"Point","coordinates":[81.1158,7.4496]}},{"type":"Feature","properties":{"s":1.16},"geometry":{"type":"Point","coordinates":[81.1185,7.4832]}},{"type":"Feature","properties":{"s":1.02},"geometry":{"type":"Point","coordinates":[81.1244,7.4367]}},{"type":"Feature","properties":{"s":1.1},"geometry":{"type":"Point","coordinates":[81.1229,7.465]}},{"type":"Feature","properties":{"s":1.15},"geometry":{"type":"Point","coordinates":[81.1237,7.4907]}},{"type":"Feature","properties":{"s":0.98},"geometry":{"type":"Point","coordinates":[81.1285,7.4547]}},{"type":"Feature","properties":{"s":1.14},"geometry":{"type":"Point","coordinates":[81.1291,7.4852]}},{"type":"Feature","properties":{"s":0.91},"geometry":{"type":"Point","coordinates":[81.1334,7.4535]}},{"type":"Feature","properties":{"s":1.1},"geometry":{"type":"Point","coordinates":[81.1358,7.4833]}},{"type":"Feature","properties":{"s":1},"geometry":{"type":"Point","coordinates":[81.1391,7.4492]}},{"type":"Feature","properties":{"s":1.11},"geometry":{"type":"Point","coordinates":[81.1462,7.4078]}},{"type":"Feature","properties":{"s":1.14},"geometry":{"type":"Point","coordinates":[81.1483,7.436]}},{"type":"Feature","properties":{"s":1.14},"geometry":{"type":"Point","coordinates":[81.1483,7.4548]}},{"type":"Feature","properties":{"s":1.06},"geometry":{"type":"Point","coordinates":[81.1536,7.4252]}},{"type":"Feature","properties":{"s":0.83},"geometry":{"type":"Point","coordinates":[81.151,7.4497]}},{"type":"Feature","properties":{"s":1.18},"geometry":{"type":"Point","coordinates":[81.1608,7.4263]}},{"type":"Feature","properties":{"s":0.99},"geometry":{"type":"Point","coordinates":[81.1589,7.4546]}},{"type":"Feature","properties":{"s":1.07},"geometry":{"type":"Point","coordinates":[81.1659,7.4314]}},{"type":"Feature","properties":{"s":1},"geometry":{"type":"Point","coordinates":[81.1627,7.4491]}},{"type":"Feature","properties":{"s":1.01},"geometry":{"type":"Point","coordinates":[81.1726,7.4372]}},{"type":"Feature","properties":{"s":0.82},"geometry":{"type":"Point","coordinates":[81.1714,7.4678]}},{"type":"Feature","properties":{"s":0.96},"geometry":{"type":"Point","coordinates":[81.1768,7.4643]}},{"type":"Feature","properties":{"s":1.01},"geometry":{"type":"Point","coordinates":[81.1813,7.4558]}},{"type":"Feature","properties":{"s":0.81},"geometry":{"type":"Point","coordinates":[81.1876,7.4559]}},{"type":"Feature","properties":{"s":0.85},"geometry":{"type":"Point","coordinates":[80.1624,9.2339]}},{"type":"Feature","properties":{"s":0.82},"geometry":{"type":"Point","coordinates":[80.1686,9.2511]}},{"type":"Feature","properties":{"s":1.1},"geometry":{"type":"Point","coordinates":[80.1803,9.2394]}},{"type":"Feature","properties":{"s":0.92},"geometry":{"type":"Point","coordinates":[80.1865,9.2298]}},{"type":"Feature","properties":{"s":1.19},"geometry":{"type":"Point","coordinates":[80.1849,9.2657]}},{"type":"Feature","properties":{"s":1.06},"geometry":{"type":"Point","coordinates":[80.1908,9.2243]}},{"type":"Feature","properties":{"s":0.94},"geometry":{"type":"Point","coordinates":[80.1911,9.242]}},{"type":"Feature","properties":{"s":1.04},"geometry":{"type":"Point","coordinates":[80.1901,9.2823]}},{"type":"Feature","properties":{"s":0.83},"geometry":{"type":"Point","coordinates":[80.1974,9.2416]}},{"type":"Feature","properties":{"s":0.82},"geometry":{"type":"Point","coordinates":[80.1981,9.2753]}},{"type":"Feature","properties":{"s":1.16},"geometry":{"type":"Point","coordinates":[80.2046,9.2357]}},{"type":"Feature","properties":{"s":1.17},"geometry":{"type":"Point","coordinates":[80.2027,9.2644]}},{"type":"Feature","properties":{"s":1.07},"geometry":{"type":"Point","coordinates":[80.2069,9.2418]}},{"type":"Feature","properties":{"s":1.08},"geometry":{"type":"Point","coordinates":[80.2079,9.2687]}},{"type":"Feature","properties":{"s":1.1},"geometry":{"type":"Point","coordinates":[80.2066,9.2992]}},{"type":"Feature","properties":{"s":1.06},"geometry":{"type":"Point","coordinates":[80.2147,9.2422]}},{"type":"Feature","properties":{"s":1},"geometry":{"type":"Point","coordinates":[80.2134,9.2724]}},{"type":"Feature","properties":{"s":0.96},"geometry":{"type":"Point","coordinates":[80.2159,9.3007]}},{"type":"Feature","properties":{"s":0.93},"geometry":{"type":"Point","coordinates":[80.2226,9.2355]}},{"type":"Feature","properties":{"s":0.85},"geometry":{"type":"Point","coordinates":[80.222,9.2669]}},{"type":"Feature","properties":{"s":0.85},"geometry":{"type":"Point","coordinates":[80.2212,9.2836]}},{"type":"Feature","properties":{"s":1.1},"geometry":{"type":"Point","coordinates":[80.225,9.2337]}},{"type":"Feature","properties":{"s":0.89},"geometry":{"type":"Point","coordinates":[80.2254,9.2665]}},{"type":"Feature","properties":{"s":0.84},"geometry":{"type":"Point","coordinates":[80.2287,9.2902]}},{"type":"Feature","properties":{"s":0.81},"geometry":{"type":"Point","coordinates":[80.2347,9.2713]}},{"type":"Feature","properties":{"s":0.83},"geometry":{"type":"Point","coordinates":[80.2309,9.2967]}},{"type":"Feature","properties":{"s":0.83},"geometry":{"type":"Point","coordinates":[80.2396,9.2711]}},{"type":"Feature","properties":{"s":1.05},"geometry":{"type":"Point","coordinates":[80.2374,9.2961]}},{"type":"Feature","properties":{"s":1.01},"geometry":{"type":"Point","coordinates":[80.2429,9.2524]}},{"type":"Feature","properties":{"s":1.13},"geometry":{"type":"Point","coordinates":[80.2432,9.2998]}},{"type":"Feature","properties":{"s":0.86},"geometry":{"type":"Point","coordinates":[80.2508,9.266]}},{"type":"Feature","properties":{"s":1.08},"geometry":{"type":"Point","coordinates":[80.2573,9.2547]}},{"type":"Feature","properties":{"s":0.9},"geometry":{"type":"Point","coordinates":[80.2569,9.2947]}},{"type":"Feature","properties":{"s":1.18},"geometry":{"type":"Point","coordinates":[80.2615,9.2463]}},{"type":"Feature","properties":{"s":0.86},"geometry":{"type":"Point","coordinates":[80.2611,9.2839]}},{"type":"Feature","properties":{"s":0.85},"geometry":{"type":"Point","coordinates":[80.2702,9.2631]}},{"type":"Feature","properties":{"s":1.07},"geometry":{"type":"Point","coordinates":[80.2675,9.296]}},{"type":"Feature","properties":{"s":0.81},"geometry":{"type":"Point","coordinates":[80.2754,9.2968]}},{"type":"Feature","properties":{"s":0.81},"geometry":{"type":"Point","coordinates":[80.2855,9.287]}},{"type":"Feature","properties":{"s":0.92},"geometry":{"type":"Point","coordinates":[80.6942,7.127]}},{"type":"Feature","properties":{"s":1.08},"geometry":{"type":"Point","coordinates":[80.6998,7.1078]}},{"type":"Feature","properties":{"s":0.99},"geometry":{"type":"Point","coordinates":[80.7001,7.1352]}},{"type":"Feature","properties":{"s":1},"geometry":{"type":"Point","coordinates":[80.7056,7.1058]}},{"type":"Feature","properties":{"s":0.8},"geometry":{"type":"Point","coordinates":[80.7156,7.1073]}},{"type":"Feature","properties":{"s":1.14},"geometry":{"type":"Point","coordinates":[80.7208,7.0766]}},{"type":"Feature","properties":{"s":0.8},"geometry":{"type":"Point","coordinates":[80.7243,7.0715]}},{"type":"Feature","properties":{"s":1.1},"geometry":{"type":"Point","coordinates":[80.7241,7.0965]}},{"type":"Feature","properties":{"s":1.13},"geometry":{"type":"Point","coordinates":[80.7318,7.0722]}},{"type":"Feature","properties":{"s":0.89},"geometry":{"type":"Point","coordinates":[80.7389,7.0597]}},{"type":"Feature","properties":{"s":1.03},"geometry":{"type":"Point","coordinates":[80.7382,7.0816]}},{"type":"Feature","properties":{"s":1.19},"geometry":{"type":"Point","coordinates":[80.7445,7.0337]}},{"type":"Feature","properties":{"s":1.14},"geometry":{"type":"Point","coordinates":[80.7423,7.0691]}},{"type":"Feature","properties":{"s":0.84},"geometry":{"type":"Point","coordinates":[80.7511,7.0233]}},{"type":"Feature","properties":{"s":1.2},"geometry":{"type":"Point","coordinates":[80.7545,6.998]}},{"type":"Feature","properties":{"s":1.01},"geometry":{"type":"Point","coordinates":[80.7559,7.0339]}},{"type":"Feature","properties":{"s":1.08},"geometry":{"type":"Point","coordinates":[80.7545,7.0726]}},{"type":"Feature","properties":{"s":0.89},"geometry":{"type":"Point","coordinates":[80.7615,7.0151]}},{"type":"Feature","properties":{"s":0.98},"geometry":{"type":"Point","coordinates":[80.7625,7.0394]}},{"type":"Feature","properties":{"s":0.84},"geometry":{"type":"Point","coordinates":[80.7666,6.9946]}},{"type":"Feature","properties":{"s":1.03},"geometry":{"type":"Point","coordinates":[80.7662,7.0094]}},{"type":"Feature","properties":{"s":1},"geometry":{"type":"Point","coordinates":[80.768,7.0424]}},{"type":"Feature","properties":{"s":0.87},"geometry":{"type":"Point","coordinates":[80.773,7.0176]}},{"type":"Feature","properties":{"s":1.15},"geometry":{"type":"Point","coordinates":[80.7807,6.98]}},{"type":"Feature","properties":{"s":1.15},"geometry":{"type":"Point","coordinates":[80.7816,7.0181]}},{"type":"Feature","properties":{"s":0.97},"geometry":{"type":"Point","coordinates":[80.7873,6.9857]}},{"type":"Feature","properties":{"s":0.81},"geometry":{"type":"Point","coordinates":[80.7874,7.0226]}},{"type":"Feature","properties":{"s":0.85},"geometry":{"type":"Point","coordinates":[80.7905,6.9993]}},{"type":"Feature","properties":{"s":0.97},"geometry":{"type":"Point","coordinates":[80.7966,7.0131]}},{"type":"Feature","properties":{"s":1.15},"geometry":{"type":"Point","coordinates":[80.8021,7.0106]}},{"type":"Feature","properties":{"s":0.83},"geometry":{"type":"Point","coordinates":[80.8043,7.0333]}},{"type":"Feature","properties":{"s":0.89},"geometry":{"type":"Point","coordinates":[80.8162,7.019]}},{"type":"Feature","properties":{"s":1.16},"geometry":{"type":"Point","coordinates":[80.8213,7.0186]}},{"type":"Feature","properties":{"s":0.99},"geometry":{"type":"Point","coordinates":[80.8274,7.031]}},{"type":"Feature","properties":{"s":1.06},"geometry":{"type":"Point","coordinates":[80.8886,7.9226]}},{"type":"Feature","properties":{"s":1.15},"geometry":{"type":"Point","coordinates":[80.895,7.9099]}},{"type":"Feature","properties":{"s":1.1},"geometry":{"type":"Point","coordinates":[80.8944,7.9449]}},{"type":"Feature","properties":{"s":0.8},"geometry":{"type":"Point","coordinates":[80.8984,7.9101]}},{"type":"Feature","properties":{"s":0.89},"geometry":{"type":"Point","coordinates":[80.8987,7.9324]}},{"type":"Feature","properties":{"s":1},"geometry":{"type":"Point","coordinates":[80.9041,7.8779]}},{"type":"Feature","properties":{"s":0.84},"geometry":{"type":"Point","coordinates":[80.9069,7.9036]}},{"type":"Feature","properties":{"s":0.92},"geometry":{"type":"Point","coordinates":[80.9031,7.9471]}},{"type":"Feature","properties":{"s":0.84},"geometry":{"type":"Point","coordinates":[80.9112,7.8621]}},{"type":"Feature","properties":{"s":1.09},"geometry":{"type":"Point","coordinates":[80.9122,7.9111]}},{"type":"Feature","properties":{"s":1.07},"geometry":{"type":"Point","coordinates":[80.9103,7.9274]}},{"type":"Feature","properties":{"s":1.08},"geometry":{"type":"Point","coordinates":[80.9126,7.9735]}},{"type":"Feature","properties":{"s":1.12},"geometry":{"type":"Point","coordinates":[80.9162,7.8868]}},{"type":"Feature","properties":{"s":1.16},"geometry":{"type":"Point","coordinates":[80.9189,7.9035]}},{"type":"Feature","properties":{"s":1.17},"geometry":{"type":"Point","coordinates":[80.9151,7.9471]}},{"type":"Feature","properties":{"s":0.87},"geometry":{"type":"Point","coordinates":[80.9165,7.9759]}},{"type":"Feature","properties":{"s":1.03},"geometry":{"type":"Point","coordinates":[80.924,7.8806]}},{"type":"Feature","properties":{"s":0.93},"geometry":{"type":"Point","coordinates":[80.9225,7.9143]}},{"type":"Feature","properties":{"s":0.89},"geometry":{"type":"Point","coordinates":[80.9227,7.939]}},{"type":"Feature","properties":{"s":1.08},"geometry":{"type":"Point","coordinates":[80.9234,7.9616]}},{"type":"Feature","properties":{"s":0.81},"geometry":{"type":"Point","coordinates":[80.9294,7.8899]}},{"type":"Feature","properties":{"s":0.91},"geometry":{"type":"Point","coordinates":[80.929,7.9154]}},{"type":"Feature","properties":{"s":1.04},"geometry":{"type":"Point","coordinates":[80.9306,7.9453]}},{"type":"Feature","properties":{"s":1.03},"geometry":{"type":"Point","coordinates":[80.9283,7.964]}},{"type":"Feature","properties":{"s":1.03},"geometry":{"type":"Point","coordinates":[80.937,7.9015]}},{"type":"Feature","properties":{"s":0.91},"geometry":{"type":"Point","coordinates":[80.9369,7.9283]}},{"type":"Feature","properties":{"s":1},"geometry":{"type":"Point","coordinates":[80.9354,7.9583]}},{"type":"Feature","properties":{"s":1.08},"geometry":{"type":"Point","coordinates":[80.9421,7.9071]}},{"type":"Feature","properties":{"s":1.1},"geometry":{"type":"Point","coordinates":[80.9421,7.9464]}},{"type":"Feature","properties":{"s":1.09},"geometry":{"type":"Point","coordinates":[80.9471,7.8988]}},{"type":"Feature","properties":{"s":1.06},"geometry":{"type":"Point","coordinates":[80.9483,7.9164]}},{"type":"Feature","properties":{"s":0.84},"geometry":{"type":"Point","coordinates":[80.947,7.9431]}},{"type":"Feature","properties":{"s":1.16},"geometry":{"type":"Point","coordinates":[80.9547,7.9108]}},{"type":"Feature","properties":{"s":0.87},"geometry":{"type":"Point","coordinates":[80.9516,7.9432]}},{"type":"Feature","properties":{"s":0.9},"geometry":{"type":"Point","coordinates":[80.9601,7.9438]}},{"type":"Feature","properties":{"s":0.93},"geometry":{"type":"Point","coordinates":[80.9715,7.9448]}},{"type":"Feature","properties":{"s":0.95},"geometry":{"type":"Point","coordinates":[80.9924,8.7765]}},{"type":"Feature","properties":{"s":1.16},"geometry":{"type":"Point","coordinates":[81.0008,8.7709]}},{"type":"Feature","properties":{"s":0.91},"geometry":{"type":"Point","coordinates":[80.9977,8.7913]}},{"type":"Feature","properties":{"s":1},"geometry":{"type":"Point","coordinates":[81.0067,8.742]}},{"type":"Feature","properties":{"s":0.87},"geometry":{"type":"Point","coordinates":[81.0068,8.7701]}},{"type":"Feature","properties":{"s":1.07},"geometry":{"type":"Point","coordinates":[81.0036,8.803]}},{"type":"Feature","properties":{"s":0.87},"geometry":{"type":"Point","coordinates":[81.0098,8.7493]}},{"type":"Feature","properties":{"s":0.89},"geometry":{"type":"Point","coordinates":[81.0117,8.7797]}},{"type":"Feature","properties":{"s":0.86},"geometry":{"type":"Point","coordinates":[81.0115,8.8242]}},{"type":"Feature","properties":{"s":1.09},"geometry":{"type":"Point","coordinates":[81.0154,8.7476]}},{"type":"Feature","properties":{"s":0.97},"geometry":{"type":"Point","coordinates":[81.0196,8.7717]}},{"type":"Feature","properties":{"s":0.96},"geometry":{"type":"Point","coordinates":[81.0164,8.8062]}},{"type":"Feature","properties":{"s":0.97},"geometry":{"type":"Point","coordinates":[81.0189,8.8499]}},{"type":"Feature","properties":{"s":1.08},"geometry":{"type":"Point","coordinates":[81.0238,8.7714]}},{"type":"Feature","properties":{"s":0.88},"geometry":{"type":"Point","coordinates":[81.0255,8.7974]}},{"type":"Feature","properties":{"s":0.85},"geometry":{"type":"Point","coordinates":[81.0243,8.8305]}},{"type":"Feature","properties":{"s":1.07},"geometry":{"type":"Point","coordinates":[81.0311,8.7462]}},{"type":"Feature","properties":{"s":1.19},"geometry":{"type":"Point","coordinates":[81.031,8.7891]}},{"type":"Feature","properties":{"s":1.03},"geometry":{"type":"Point","coordinates":[81.0298,8.8373]}},{"type":"Feature","properties":{"s":0.99},"geometry":{"type":"Point","coordinates":[81.0348,8.7586]}},{"type":"Feature","properties":{"s":1.07},"geometry":{"type":"Point","coordinates":[81.034,8.8214]}},{"type":"Feature","properties":{"s":0.99},"geometry":{"type":"Point","coordinates":[81.0358,8.845]}},{"type":"Feature","properties":{"s":1.01},"geometry":{"type":"Point","coordinates":[81.0435,8.7657]}},{"type":"Feature","properties":{"s":0.91},"geometry":{"type":"Point","coordinates":[81.0436,8.8258]}},{"type":"Feature","properties":{"s":1.05},"geometry":{"type":"Point","coordinates":[81.042,8.8481]}},{"type":"Feature","properties":{"s":1.1},"geometry":{"type":"Point","coordinates":[81.0471,8.7802]}},{"type":"Feature","properties":{"s":1.18},"geometry":{"type":"Point","coordinates":[81.0483,8.8268]}},{"type":"Feature","properties":{"s":1.2},"geometry":{"type":"Point","coordinates":[81.0544,8.7763]}},{"type":"Feature","properties":{"s":1.11},"geometry":{"type":"Point","coordinates":[81.0556,8.798]}},{"type":"Feature","properties":{"s":1.11},"geometry":{"type":"Point","coordinates":[81.0586,8.7614]}},{"type":"Feature","properties":{"s":0.82},"geometry":{"type":"Point","coordinates":[81.0592,8.7963]}},{"type":"Feature","properties":{"s":1.14},"geometry":{"type":"Point","coordinates":[81.0638,8.8021]}},{"type":"Feature","properties":{"s":0.85},"geometry":{"type":"Point","coordinates":[80.107,8.9993]}},{"type":"Feature","properties":{"s":1.16},"geometry":{"type":"Point","coordinates":[80.1066,9.0343]}},{"type":"Feature","properties":{"s":1.16},"geometry":{"type":"Point","coordinates":[80.1126,8.9827]}},{"type":"Feature","properties":{"s":0.96},"geometry":{"type":"Point","coordinates":[80.1138,9.0135]}},{"type":"Feature","properties":{"s":1.03},"geometry":{"type":"Point","coordinates":[80.1126,9.0381]}},{"type":"Feature","properties":{"s":0.87},"geometry":{"type":"Point","coordinates":[80.1202,8.9929]}},{"type":"Feature","properties":{"s":1.03},"geometry":{"type":"Point","coordinates":[80.1173,9.0183]}},{"type":"Feature","properties":{"s":1.14},"geometry":{"type":"Point","coordinates":[80.1192,9.0462]}},{"type":"Feature","properties":{"s":1.07},"geometry":{"type":"Point","coordinates":[80.1241,8.9932]}},{"type":"Feature","properties":{"s":0.81},"geometry":{"type":"Point","coordinates":[80.1266,9.0246]}},{"type":"Feature","properties":{"s":0.94},"geometry":{"type":"Point","coordinates":[80.1239,9.054]}},{"type":"Feature","properties":{"s":0.82},"geometry":{"type":"Point","coordinates":[80.1301,9.0059]}},{"type":"Feature","properties":{"s":1.04},"geometry":{"type":"Point","coordinates":[80.1322,9.0298]}},{"type":"Feature","properties":{"s":0.97},"geometry":{"type":"Point","coordinates":[80.1306,9.0498]}},{"type":"Feature","properties":{"s":1.19},"geometry":{"type":"Point","coordinates":[80.1351,9.001]}},{"type":"Feature","properties":{"s":0.92},"geometry":{"type":"Point","coordinates":[80.1368,9.0286]}},{"type":"Feature","properties":{"s":1.16},"geometry":{"type":"Point","coordinates":[80.1421,8.9812]}},{"type":"Feature","properties":{"s":1.08},"geometry":{"type":"Point","coordinates":[80.1442,9.0124]}},{"type":"Feature","properties":{"s":1.08},"geometry":{"type":"Point","coordinates":[80.1427,9.0317]}},{"type":"Feature","properties":{"s":0.84},"geometry":{"type":"Point","coordinates":[80.1478,8.9869]}},{"type":"Feature","properties":{"s":0.96},"geometry":{"type":"Point","coordinates":[80.1493,9.0122]}},{"type":"Feature","properties":{"s":0.84},"geometry":{"type":"Point","coordinates":[80.1491,9.0403]}},{"type":"Feature","properties":{"s":0.82},"geometry":{"type":"Point","coordinates":[80.1565,9.0167]}},{"type":"Feature","properties":{"s":1.18},"geometry":{"type":"Point","coordinates":[80.1566,9.047]}},{"type":"Feature","properties":{"s":1.17},"geometry":{"type":"Point","coordinates":[80.1611,9.0055]}},{"type":"Feature","properties":{"s":1.11},"geometry":{"type":"Point","coordinates":[80.1605,9.0346]}},{"type":"Feature","properties":{"s":1.07},"geometry":{"type":"Point","coordinates":[80.1683,9.0015]}},{"type":"Feature","properties":{"s":1.18},"geometry":{"type":"Point","coordinates":[80.1719,8.9937]}},{"type":"Feature","properties":{"s":0.95},"geometry":{"type":"Point","coordinates":[80.1744,9.0299]}},{"type":"Feature","properties":{"s":1.06},"geometry":{"type":"Point","coordinates":[80.1779,9.0188]}},{"type":"Feature","properties":{"s":0.94},"geometry":{"type":"Point","coordinates":[80.1776,9.0356]}},{"type":"Feature","properties":{"s":1.04},"geometry":{"type":"Point","coordinates":[80.1862,9.0361]}},{"type":"Feature","properties":{"s":1.15},"geometry":{"type":"Point","coordinates":[80.1909,9.0189]}},{"type":"Feature","properties":{"s":0.96},"geometry":{"type":"Point","coordinates":[80.1891,9.0358]}},{"type":"Feature","properties":{"s":1.03},"geometry":{"type":"Point","coordinates":[80.1975,9.0282]}},{"type":"Feature","properties":{"s":0.85},"geometry":{"type":"Point","coordinates":[80.2019,9.0162]}},{"type":"Feature","properties":{"s":1.1},"geometry":{"type":"Point","coordinates":[80.2103,9.0366]}},{"type":"Feature","properties":{"s":1.03},"geometry":{"type":"Point","coordinates":[80.4404,7.8667]}},{"type":"Feature","properties":{"s":0.92},"geometry":{"type":"Point","coordinates":[80.4456,7.8635]}},{"type":"Feature","properties":{"s":0.83},"geometry":{"type":"Point","coordinates":[80.4441,7.9049]}},{"type":"Feature","properties":{"s":0.92},"geometry":{"type":"Point","coordinates":[80.4526,7.859]}},{"type":"Feature","properties":{"s":0.96},"geometry":{"type":"Point","coordinates":[80.4511,7.8889]}},{"type":"Feature","properties":{"s":1.11},"geometry":{"type":"Point","coordinates":[80.4499,7.9179]}},{"type":"Feature","properties":{"s":1.11},"geometry":{"type":"Point","coordinates":[80.4572,7.8482]}},{"type":"Feature","properties":{"s":0.84},"geometry":{"type":"Point","coordinates":[80.4583,7.8751]}},{"type":"Feature","properties":{"s":1.07},"geometry":{"type":"Point","coordinates":[80.4574,7.9053]}},{"type":"Feature","properties":{"s":0.82},"geometry":{"type":"Point","coordinates":[80.4585,7.929]}},{"type":"Feature","properties":{"s":0.95},"geometry":{"type":"Point","coordinates":[80.4616,7.8838]}},{"type":"Feature","properties":{"s":0.84},"geometry":{"type":"Point","coordinates":[80.4639,7.9008]}},{"type":"Feature","properties":{"s":1.11},"geometry":{"type":"Point","coordinates":[80.4608,7.9329]}},{"type":"Feature","properties":{"s":1.13},"geometry":{"type":"Point","coordinates":[80.4702,7.8513]}},{"type":"Feature","properties":{"s":0.88},"geometry":{"type":"Point","coordinates":[80.4695,7.8834]}},{"type":"Feature","properties":{"s":1},"geometry":{"type":"Point","coordinates":[80.4668,7.9207]}},{"type":"Feature","properties":{"s":1.19},"geometry":{"type":"Point","coordinates":[80.4734,7.8452]}},{"type":"Feature","properties":{"s":0.85},"geometry":{"type":"Point","coordinates":[80.4755,7.8693]}},{"type":"Feature","properties":{"s":1.01},"geometry":{"type":"Point","coordinates":[80.4742,7.8888]}},{"type":"Feature","properties":{"s":0.93},"geometry":{"type":"Point","coordinates":[80.4753,7.9145]}},{"type":"Feature","properties":{"s":1.13},"geometry":{"type":"Point","coordinates":[80.4823,7.8604]}},{"type":"Feature","properties":{"s":1.07},"geometry":{"type":"Point","coordinates":[80.4818,7.8836]}},{"type":"Feature","properties":{"s":1.17},"geometry":{"type":"Point","coordinates":[80.4852,7.767]}},{"type":"Feature","properties":{"s":1.04},"geometry":{"type":"Point","coordinates":[80.4852,7.853]}},{"type":"Feature","properties":{"s":1},"geometry":{"type":"Point","coordinates":[80.4876,7.8773]}},{"type":"Feature","properties":{"s":1.12},"geometry":{"type":"Point","coordinates":[80.4944,7.7751]}},{"type":"Feature","properties":{"s":0.98},"geometry":{"type":"Point","coordinates":[80.4907,7.7984]}},{"type":"Feature","properties":{"s":1.11},"geometry":{"type":"Point","coordinates":[80.4912,7.8333]}},{"type":"Feature","properties":{"s":1.15},"geometry":{"type":"Point","coordinates":[80.4925,7.8512]}},{"type":"Feature","properties":{"s":0.9},"geometry":{"type":"Point","coordinates":[80.5001,7.7829]}},{"type":"Feature","properties":{"s":1.06},"geometry":{"type":"Point","coordinates":[80.4966,7.8006]}},{"type":"Feature","properties":{"s":1.01},"geometry":{"type":"Point","coordinates":[80.4969,7.8273]}},{"type":"Feature","properties":{"s":0.82},"geometry":{"type":"Point","coordinates":[80.5025,7.7638]}},{"type":"Feature","properties":{"s":1},"geometry":{"type":"Point","coordinates":[80.5059,7.8223]}},{"type":"Feature","properties":{"s":0.99},"geometry":{"type":"Point","coordinates":[80.5052,7.8667]}},{"type":"Feature","properties":{"s":0.9},"geometry":{"type":"Point","coordinates":[80.5089,7.8545]}},{"type":"Feature","properties":{"s":0.82},"geometry":{"type":"Point","coordinates":[80.5102,7.8751]}},{"type":"Feature","properties":{"s":0.86},"geometry":{"type":"Point","coordinates":[80.5152,7.869]}},{"type":"Feature","properties":{"s":1.05},"geometry":{"type":"Point","coordinates":[80.8611,8.2852]}},{"type":"Feature","properties":{"s":0.85},"geometry":{"type":"Point","coordinates":[80.8658,8.2585]}},{"type":"Feature","properties":{"s":1.05},"geometry":{"type":"Point","coordinates":[80.8672,8.2764]}},{"type":"Feature","properties":{"s":1.16},"geometry":{"type":"Point","coordinates":[80.8656,8.3046]}},{"type":"Feature","properties":{"s":0.97},"geometry":{"type":"Point","coordinates":[80.8734,8.2404]}},{"type":"Feature","properties":{"s":1.05},"geometry":{"type":"Point","coordinates":[80.8695,8.2571]}},{"type":"Feature","properties":{"s":0.85},"geometry":{"type":"Point","coordinates":[80.8726,8.2979]}},{"type":"Feature","properties":{"s":0.87},"geometry":{"type":"Point","coordinates":[80.8731,8.317]}},{"type":"Feature","properties":{"s":0.91},"geometry":{"type":"Point","coordinates":[80.8753,8.2641]}},{"type":"Feature","properties":{"s":0.9},"geometry":{"type":"Point","coordinates":[80.877,8.2915]}},{"type":"Feature","properties":{"s":0.92},"geometry":{"type":"Point","coordinates":[80.8772,8.3117]}},{"type":"Feature","properties":{"s":0.82},"geometry":{"type":"Point","coordinates":[80.8833,8.264]}},{"type":"Feature","properties":{"s":1.11},"geometry":{"type":"Point","coordinates":[80.8825,8.288]}},{"type":"Feature","properties":{"s":1.16},"geometry":{"type":"Point","coordinates":[80.8915,8.2532]}},{"type":"Feature","properties":{"s":1.03},"geometry":{"type":"Point","coordinates":[80.8893,8.2676]}},{"type":"Feature","properties":{"s":0.86},"geometry":{"type":"Point","coordinates":[80.8909,8.3186]}},{"type":"Feature","properties":{"s":1.2},"geometry":{"type":"Point","coordinates":[80.8943,8.269]}},{"type":"Feature","properties":{"s":1.02},"geometry":{"type":"Point","coordinates":[80.8946,8.2874]}},{"type":"Feature","properties":{"s":0.99},"geometry":{"type":"Point","coordinates":[80.8933,8.31]}},{"type":"Feature","properties":{"s":0.84},"geometry":{"type":"Point","coordinates":[80.9009,8.245]}},{"type":"Feature","properties":{"s":0.94},"geometry":{"type":"Point","coordinates":[80.9019,8.2926]}},{"type":"Feature","properties":{"s":0.96},"geometry":{"type":"Point","coordinates":[80.8994,8.3184]}},{"type":"Feature","properties":{"s":0.83},"geometry":{"type":"Point","coordinates":[80.9053,8.257]}},{"type":"Feature","properties":{"s":1.15},"geometry":{"type":"Point","coordinates":[80.9092,8.2867]}},{"type":"Feature","properties":{"s":1.08},"geometry":{"type":"Point","coordinates":[80.9093,8.3189]}},{"type":"Feature","properties":{"s":1.17},"geometry":{"type":"Point","coordinates":[80.9122,8.2812]}},{"type":"Feature","properties":{"s":0.89},"geometry":{"type":"Point","coordinates":[80.9151,8.2989]}},{"type":"Feature","properties":{"s":0.8},"geometry":{"type":"Point","coordinates":[80.9178,8.2711]}},{"type":"Feature","properties":{"s":1.19},"geometry":{"type":"Point","coordinates":[80.9181,8.3105]}},{"type":"Feature","properties":{"s":1.11},"geometry":{"type":"Point","coordinates":[80.9233,8.2978]}},{"type":"Feature","properties":{"s":0.83},"geometry":{"type":"Point","coordinates":[80.9294,8.298]}},{"type":"Feature","properties":{"s":1.02},"geometry":{"type":"Point","coordinates":[80.9364,8.2998]}},{"type":"Feature","properties":{"s":0.97},"geometry":{"type":"Point","coordinates":[80.943,8.3119]}},{"type":"Feature","properties":{"s":1},"geometry":{"type":"Point","coordinates":[80.6984,9.1087]}},{"type":"Feature","properties":{"s":0.87},"geometry":{"type":"Point","coordinates":[80.7019,9.1093]}},{"type":"Feature","properties":{"s":1.12},"geometry":{"type":"Point","coordinates":[80.7068,9.1267]}},{"type":"Feature","properties":{"s":1.07},"geometry":{"type":"Point","coordinates":[80.7132,9.1152]}},{"type":"Feature","properties":{"s":1},"geometry":{"type":"Point","coordinates":[80.7197,9.1155]}},{"type":"Feature","properties":{"s":1.09},"geometry":{"type":"Point","coordinates":[80.7254,9.1218]}},{"type":"Feature","properties":{"s":1.06},"geometry":{"type":"Point","coordinates":[80.7263,9.15]}},{"type":"Feature","properties":{"s":1.08},"geometry":{"type":"Point","coordinates":[80.7342,9.1378]}},{"type":"Feature","properties":{"s":0.9},"geometry":{"type":"Point","coordinates":[80.7365,9.1204]}},{"type":"Feature","properties":{"s":0.84},"geometry":{"type":"Point","coordinates":[80.7463,9.1099]}},{"type":"Feature","properties":{"s":1.18},"geometry":{"type":"Point","coordinates":[80.7436,9.1306]}},{"type":"Feature","properties":{"s":0.92},"geometry":{"type":"Point","coordinates":[80.7488,9.1094]}},{"type":"Feature","properties":{"s":0.8},"geometry":{"type":"Point","coordinates":[80.751,9.1399]}},{"type":"Feature","properties":{"s":1.01},"geometry":{"type":"Point","coordinates":[80.7523,9.161]}},{"type":"Feature","properties":{"s":1.16},"geometry":{"type":"Point","coordinates":[80.7565,9.1099]}},{"type":"Feature","properties":{"s":1.16},"geometry":{"type":"Point","coordinates":[80.7578,9.1368]}},{"type":"Feature","properties":{"s":1.14},"geometry":{"type":"Point","coordinates":[80.7572,9.18]}},{"type":"Feature","properties":{"s":1.09},"geometry":{"type":"Point","coordinates":[80.7646,9.1184]}},{"type":"Feature","properties":{"s":1.15},"geometry":{"type":"Point","coordinates":[80.7636,9.1399]}},{"type":"Feature","properties":{"s":1.17},"geometry":{"type":"Point","coordinates":[80.7638,9.1665]}},{"type":"Feature","properties":{"s":1.1},"geometry":{"type":"Point","coordinates":[80.7701,9.1246]}},{"type":"Feature","properties":{"s":0.91},"geometry":{"type":"Point","coordinates":[80.7704,9.1486]}},{"type":"Feature","properties":{"s":1.03},"geometry":{"type":"Point","coordinates":[80.7679,9.1867]}},{"type":"Feature","properties":{"s":0.99},"geometry":{"type":"Point","coordinates":[80.775,9.1377]}},{"type":"Feature","properties":{"s":1.18},"geometry":{"type":"Point","coordinates":[80.774,9.1753]}},{"type":"Feature","properties":{"s":0.97},"geometry":{"type":"Point","coordinates":[80.7795,9.1424]}},{"type":"Feature","properties":{"s":0.97},"geometry":{"type":"Point","coordinates":[80.7785,9.1858]}},{"type":"Feature","properties":{"s":1.12},"geometry":{"type":"Point","coordinates":[80.7935,9.1582]}},{"type":"Feature","properties":{"s":1.08},"geometry":{"type":"Point","coordinates":[80.7999,9.1665]}},{"type":"Feature","properties":{"s":1.15},"geometry":{"type":"Point","coordinates":[80.8109,9.1561]}},{"type":"Feature","properties":{"s":1.17},"geometry":{"type":"Point","coordinates":[80.809,9.1782]}},{"type":"Feature","properties":{"s":0.83},"geometry":{"type":"Point","coordinates":[80.5248,6.8239]}},{"type":"Feature","properties":{"s":0.94},"geometry":{"type":"Point","coordinates":[80.5289,6.8057]}},{"type":"Feature","properties":{"s":1.07},"geometry":{"type":"Point","coordinates":[80.5307,6.8245]}},{"type":"Feature","properties":{"s":1.16},"geometry":{"type":"Point","coordinates":[80.5401,6.8072]}},{"type":"Feature","properties":{"s":0.82},"geometry":{"type":"Point","coordinates":[80.5417,6.8224]}},{"type":"Feature","properties":{"s":1.12},"geometry":{"type":"Point","coordinates":[80.5473,6.7996]}},{"type":"Feature","properties":{"s":1.18},"geometry":{"type":"Point","coordinates":[80.5479,6.8174]}},{"type":"Feature","properties":{"s":0.81},"geometry":{"type":"Point","coordinates":[80.5521,6.7809]}},{"type":"Feature","properties":{"s":1.08},"geometry":{"type":"Point","coordinates":[80.5538,6.8077]}},{"type":"Feature","properties":{"s":0.93},"geometry":{"type":"Point","coordinates":[80.554,6.8245]}},{"type":"Feature","properties":{"s":0.88},"geometry":{"type":"Point","coordinates":[80.5596,6.7863]}},{"type":"Feature","properties":{"s":0.96},"geometry":{"type":"Point","coordinates":[80.5597,6.8199]}},{"type":"Feature","properties":{"s":1.12},"geometry":{"type":"Point","coordinates":[80.5671,6.8056]}},{"type":"Feature","properties":{"s":0.96},"geometry":{"type":"Point","coordinates":[80.5718,6.8122]}},{"type":"Feature","properties":{"s":0.9},"geometry":{"type":"Point","coordinates":[80.5781,6.7996]}},{"type":"Feature","properties":{"s":0.83},"geometry":{"type":"Point","coordinates":[80.5785,6.8233]}},{"type":"Feature","properties":{"s":1.06},"geometry":{"type":"Point","coordinates":[80.5816,6.8135]}},{"type":"Feature","properties":{"s":1.06},"geometry":{"type":"Point","coordinates":[80.5872,6.7766]}},{"type":"Feature","properties":{"s":1.19},"geometry":{"type":"Point","coordinates":[80.5887,6.8052]}},{"type":"Feature","properties":{"s":0.82},"geometry":{"type":"Point","coordinates":[80.594,6.7761]}},{"type":"Feature","properties":{"s":1.08},"geometry":{"type":"Point","coordinates":[80.5959,6.8072]}},{"type":"Feature","properties":{"s":0.91},"geometry":{"type":"Point","coordinates":[80.5997,6.7865]}},{"type":"Feature","properties":{"s":0.88},"geometry":{"type":"Point","coordinates":[80.607,6.7827]}},{"type":"Feature","properties":{"s":1.06},"geometry":{"type":"Point","coordinates":[80.6072,6.8021]}},{"type":"Feature","properties":{"s":0.82},"geometry":{"type":"Point","coordinates":[80.6131,6.788]}},{"type":"Feature","properties":{"s":1.03},"geometry":{"type":"Point","coordinates":[80.6187,6.7635]}},{"type":"Feature","properties":{"s":0.81},"geometry":{"type":"Point","coordinates":[80.6208,6.7819]}},{"type":"Feature","properties":{"s":1.12},"geometry":{"type":"Point","coordinates":[80.6193,6.8065]}},{"type":"Feature","properties":{"s":1.11},"geometry":{"type":"Point","coordinates":[80.6242,6.7772]}},{"type":"Feature","properties":{"s":0.8},"geometry":{"type":"Point","coordinates":[80.6256,6.7958]}},{"type":"Feature","properties":{"s":1.18},"geometry":{"type":"Point","coordinates":[80.6321,6.7961]}},{"type":"Feature","properties":{"s":1.05},"geometry":{"type":"Point","coordinates":[81.0291,8.72]}},{"type":"Feature","properties":{"s":0.92},"geometry":{"type":"Point","coordinates":[81.0403,8.6915]}},{"type":"Feature","properties":{"s":0.98},"geometry":{"type":"Point","coordinates":[81.0394,8.7083]}},{"type":"Feature","properties":{"s":0.94},"geometry":{"type":"Point","coordinates":[81.045,8.6972]}},{"type":"Feature","properties":{"s":1.19},"geometry":{"type":"Point","coordinates":[81.0464,8.727]}},{"type":"Feature","properties":{"s":1.13},"geometry":{"type":"Point","coordinates":[81.0516,8.691]}},{"type":"Feature","properties":{"s":0.93},"geometry":{"type":"Point","coordinates":[81.0511,8.7309]}},{"type":"Feature","properties":{"s":1.19},"geometry":{"type":"Point","coordinates":[81.0562,8.7032]}},{"type":"Feature","properties":{"s":1.1},"geometry":{"type":"Point","coordinates":[81.0591,8.721]}},{"type":"Feature","properties":{"s":0.97},"geometry":{"type":"Point","coordinates":[81.0631,8.7306]}},{"type":"Feature","properties":{"s":1.11},"geometry":{"type":"Point","coordinates":[81.0646,8.7495]}},{"type":"Feature","properties":{"s":0.97},"geometry":{"type":"Point","coordinates":[81.0683,8.7335]}},{"type":"Feature","properties":{"s":1.14},"geometry":{"type":"Point","coordinates":[81.0772,8.6907]}},{"type":"Feature","properties":{"s":0.97},"geometry":{"type":"Point","coordinates":[81.0748,8.72]}},{"type":"Feature","properties":{"s":1.12},"geometry":{"type":"Point","coordinates":[81.0747,8.7372]}},{"type":"Feature","properties":{"s":0.84},"geometry":{"type":"Point","coordinates":[81.0833,8.6978]}},{"type":"Feature","properties":{"s":1.04},"geometry":{"type":"Point","coordinates":[81.08,8.7211]}},{"type":"Feature","properties":{"s":0.85},"geometry":{"type":"Point","coordinates":[81.0828,8.7374]}},{"type":"Feature","properties":{"s":0.97},"geometry":{"type":"Point","coordinates":[81.0878,8.6906]}},{"type":"Feature","properties":{"s":0.89},"geometry":{"type":"Point","coordinates":[81.0866,8.7125]}},{"type":"Feature","properties":{"s":1.2},"geometry":{"type":"Point","coordinates":[81.0868,8.7395]}},{"type":"Feature","properties":{"s":0.86},"geometry":{"type":"Point","coordinates":[81.095,8.697]}},{"type":"Feature","properties":{"s":0.91},"geometry":{"type":"Point","coordinates":[81.0955,8.7248]}},{"type":"Feature","properties":{"s":0.98},"geometry":{"type":"Point","coordinates":[81.0932,8.75]}},{"type":"Feature","properties":{"s":0.85},"geometry":{"type":"Point","coordinates":[81.0948,8.7669]}},{"type":"Feature","properties":{"s":1.18},"geometry":{"type":"Point","coordinates":[81.1002,8.7316]}},{"type":"Feature","properties":{"s":1.18},"geometry":{"type":"Point","coordinates":[81.1065,8.7212]}},{"type":"Feature","properties":{"s":1.06},"geometry":{"type":"Point","coordinates":[81.1055,8.7438]}},{"type":"Feature","properties":{"s":1.13},"geometry":{"type":"Point","coordinates":[81.1117,8.734]}},{"type":"Feature","properties":{"s":0.9},"geometry":{"type":"Point","coordinates":[81.1123,8.7549]}},{"type":"Feature","properties":{"s":1.05},"geometry":{"type":"Point","coordinates":[80.1925,9.4016]}},{"type":"Feature","properties":{"s":1.15},"geometry":{"type":"Point","coordinates":[80.2005,9.4097]}},{"type":"Feature","properties":{"s":0.84},"geometry":{"type":"Point","coordinates":[80.2058,9.3903]}},{"type":"Feature","properties":{"s":1.04},"geometry":{"type":"Point","coordinates":[80.2077,9.4186]}},{"type":"Feature","properties":{"s":1.17},"geometry":{"type":"Point","coordinates":[80.2132,9.4004]}},{"type":"Feature","properties":{"s":0.89},"geometry":{"type":"Point","coordinates":[80.2253,9.3733]}},{"type":"Feature","properties":{"s":0.96},"geometry":{"type":"Point","coordinates":[80.2257,9.3883]}},{"type":"Feature","properties":{"s":1.13},"geometry":{"type":"Point","coordinates":[80.23,9.3727]}},{"type":"Feature","properties":{"s":0.98},"geometry":{"type":"Point","coordinates":[80.2325,9.4036]}},{"type":"Feature","properties":{"s":0.93},"geometry":{"type":"Point","coordinates":[80.2367,9.3378]}},{"type":"Feature","properties":{"s":1.04},"geometry":{"type":"Point","coordinates":[80.2375,9.3704]}},{"type":"Feature","properties":{"s":0.98},"geometry":{"type":"Point","coordinates":[80.2385,9.3885]}},{"type":"Feature","properties":{"s":0.92},"geometry":{"type":"Point","coordinates":[80.2358,9.4075]}},{"type":"Feature","properties":{"s":0.98},"geometry":{"type":"Point","coordinates":[80.242,9.3528]}},{"type":"Feature","properties":{"s":1.14},"geometry":{"type":"Point","coordinates":[80.2429,9.3712]}},{"type":"Feature","properties":{"s":1.08},"geometry":{"type":"Point","coordinates":[80.2414,9.4137]}},{"type":"Feature","properties":{"s":0.97},"geometry":{"type":"Point","coordinates":[80.2468,9.3361]}},{"type":"Feature","properties":{"s":0.91},"geometry":{"type":"Point","coordinates":[80.2488,9.3521]}},{"type":"Feature","properties":{"s":0.95},"geometry":{"type":"Point","coordinates":[80.2487,9.4151]}},{"type":"Feature","properties":{"s":1.17},"geometry":{"type":"Point","coordinates":[80.253,9.3664]}},{"type":"Feature","properties":{"s":1.01},"geometry":{"type":"Point","coordinates":[80.2611,9.3224]}},{"type":"Feature","properties":{"s":0.92},"geometry":{"type":"Point","coordinates":[80.2596,9.3656]}},{"type":"Feature","properties":{"s":1.05},"geometry":{"type":"Point","coordinates":[80.2649,9.3314]}},{"type":"Feature","properties":{"s":1.02},"geometry":{"type":"Point","coordinates":[80.2663,9.3611]}},{"type":"Feature","properties":{"s":0.96},"geometry":{"type":"Point","coordinates":[80.2704,9.3315]}},{"type":"Feature","properties":{"s":1.17},"geometry":{"type":"Point","coordinates":[80.2726,9.3737]}},{"type":"Feature","properties":{"s":0.9},"geometry":{"type":"Point","coordinates":[80.2792,9.3417]}},{"type":"Feature","properties":{"s":0.92},"geometry":{"type":"Point","coordinates":[80.2846,9.3402]}},{"type":"Feature","properties":{"s":0.83},"geometry":{"type":"Point","coordinates":[79.9343,8.613]}},{"type":"Feature","properties":{"s":0.95},"geometry":{"type":"Point","coordinates":[79.9365,8.6006]}},{"type":"Feature","properties":{"s":0.85},"geometry":{"type":"Point","coordinates":[79.9443,8.6048]}},{"type":"Feature","properties":{"s":1.18},"geometry":{"type":"Point","coordinates":[79.9447,8.623]}},{"type":"Feature","properties":{"s":1.14},"geometry":{"type":"Point","coordinates":[79.951,8.6011]}},{"type":"Feature","properties":{"s":0.9},"geometry":{"type":"Point","coordinates":[79.9489,8.6185]}},{"type":"Feature","properties":{"s":0.91},"geometry":{"type":"Point","coordinates":[79.9503,8.6401]}},{"type":"Feature","properties":{"s":1.02},"geometry":{"type":"Point","coordinates":[79.9562,8.6045]}},{"type":"Feature","properties":{"s":0.99},"geometry":{"type":"Point","coordinates":[79.9565,8.631]}},{"type":"Feature","properties":{"s":1.02},"geometry":{"type":"Point","coordinates":[79.964,8.5825]}},{"type":"Feature","properties":{"s":1.08},"geometry":{"type":"Point","coordinates":[79.962,8.6157]}},{"type":"Feature","properties":{"s":1.12},"geometry":{"type":"Point","coordinates":[79.9643,8.6404]}},{"type":"Feature","properties":{"s":1.18},"geometry":{"type":"Point","coordinates":[79.9678,8.5865]}},{"type":"Feature","properties":{"s":0.86},"geometry":{"type":"Point","coordinates":[79.9683,8.6219]}},{"type":"Feature","properties":{"s":0.81},"geometry":{"type":"Point","coordinates":[79.9682,8.6523]}},{"type":"Feature","properties":{"s":1.17},"geometry":{"type":"Point","coordinates":[79.9698,8.6735]}},{"type":"Feature","properties":{"s":0.84},"geometry":{"type":"Point","coordinates":[79.9692,8.7115]}},{"type":"Feature","properties":{"s":1.12},"geometry":{"type":"Point","coordinates":[79.9741,8.5892]}},{"type":"Feature","properties":{"s":1.04},"geometry":{"type":"Point","coordinates":[79.9731,8.6058]}},{"type":"Feature","properties":{"s":1.09},"geometry":{"type":"Point","coordinates":[79.9745,8.6485]}},{"type":"Feature","properties":{"s":1.08},"geometry":{"type":"Point","coordinates":[79.9741,8.6762]}},{"type":"Feature","properties":{"s":0.97},"geometry":{"type":"Point","coordinates":[79.9746,8.7136]}},{"type":"Feature","properties":{"s":0.81},"geometry":{"type":"Point","coordinates":[79.9799,8.5885]}},{"type":"Feature","properties":{"s":1},"geometry":{"type":"Point","coordinates":[79.9785,8.6111]}},{"type":"Feature","properties":{"s":1.13},"geometry":{"type":"Point","coordinates":[79.9812,8.6484]}},{"type":"Feature","properties":{"s":0.91},"geometry":{"type":"Point","coordinates":[79.9849,8.5714]}},{"type":"Feature","properties":{"s":1.06},"geometry":{"type":"Point","coordinates":[81.1617,7.5977]}},{"type":"Feature","properties":{"s":1.11},"geometry":{"type":"Point","coordinates":[81.1683,7.6026]}},{"type":"Feature","properties":{"s":0.81},"geometry":{"type":"Point","coordinates":[81.1803,7.568]}},{"type":"Feature","properties":{"s":0.94},"geometry":{"type":"Point","coordinates":[81.1777,7.6086]}},{"type":"Feature","properties":{"s":1.08},"geometry":{"type":"Point","coordinates":[81.1853,7.5763]}},{"type":"Feature","properties":{"s":1.14},"geometry":{"type":"Point","coordinates":[81.1912,7.55]}},{"type":"Feature","properties":{"s":0.8},"geometry":{"type":"Point","coordinates":[81.1919,7.5858]}},{"type":"Feature","properties":{"s":0.99},"geometry":{"type":"Point","coordinates":[81.192,7.616]}},{"type":"Feature","properties":{"s":1.18},"geometry":{"type":"Point","coordinates":[81.1971,7.5455]}},{"type":"Feature","properties":{"s":1.17},"geometry":{"type":"Point","coordinates":[81.198,7.5852]}},{"type":"Feature","properties":{"s":1.13},"geometry":{"type":"Point","coordinates":[81.1969,7.6167]}},{"type":"Feature","properties":{"s":1.02},"geometry":{"type":"Point","coordinates":[81.1972,7.6442]}},{"type":"Feature","properties":{"s":0.93},"geometry":{"type":"Point","coordinates":[81.201,7.5009]}},{"type":"Feature","properties":{"s":0.96},"geometry":{"type":"Point","coordinates":[81.2044,7.5554]}},{"type":"Feature","properties":{"s":0.83},"geometry":{"type":"Point","coordinates":[81.2013,7.5937]}},{"type":"Feature","properties":{"s":0.82},"geometry":{"type":"Point","coordinates":[81.2027,7.6155]}},{"type":"Feature","properties":{"s":0.84},"geometry":{"type":"Point","coordinates":[81.2011,7.6351]}},{"type":"Feature","properties":{"s":0.88},"geometry":{"type":"Point","coordinates":[81.208,7.5039]}},{"type":"Feature","properties":{"s":1.13},"geometry":{"type":"Point","coordinates":[81.2065,7.5329]}},{"type":"Feature","properties":{"s":0.91},"geometry":{"type":"Point","coordinates":[81.2084,7.5542]}},{"type":"Feature","properties":{"s":1.19},"geometry":{"type":"Point","coordinates":[81.2106,7.5985]}},{"type":"Feature","properties":{"s":1.15},"geometry":{"type":"Point","coordinates":[81.2071,7.6171]}},{"type":"Feature","properties":{"s":0.85},"geometry":{"type":"Point","coordinates":[81.2147,7.5556]}},{"type":"Feature","properties":{"s":0.91},"geometry":{"type":"Point","coordinates":[81.2146,7.6092]}},{"type":"Feature","properties":{"s":1.12},"geometry":{"type":"Point","coordinates":[81.215,7.6395]}},{"type":"Feature","properties":{"s":0.85},"geometry":{"type":"Point","coordinates":[81.2204,7.6118]}},{"type":"Feature","properties":{"s":0.88},"geometry":{"type":"Point","coordinates":[81.2275,7.5983]}},{"type":"Feature","properties":{"s":1.03},"geometry":{"type":"Point","coordinates":[81.5353,7.5672]}},{"type":"Feature","properties":{"s":0.94},"geometry":{"type":"Point","coordinates":[81.542,7.5797]}},{"type":"Feature","properties":{"s":0.9},"geometry":{"type":"Point","coordinates":[81.547,7.5738]}},{"type":"Feature","properties":{"s":0.97},"geometry":{"type":"Point","coordinates":[81.5539,7.5943]}},{"type":"Feature","properties":{"s":0.88},"geometry":{"type":"Point","coordinates":[81.5589,7.562]}},{"type":"Feature","properties":{"s":1.19},"geometry":{"type":"Point","coordinates":[81.5668,7.5386]}},{"type":"Feature","properties":{"s":1.08},"geometry":{"type":"Point","coordinates":[81.5661,7.5615]}},{"type":"Feature","properties":{"s":1.17},"geometry":{"type":"Point","coordinates":[81.5698,7.538]}},{"type":"Feature","properties":{"s":1.09},"geometry":{"type":"Point","coordinates":[81.5717,7.5818]}},{"type":"Feature","properties":{"s":0.92},"geometry":{"type":"Point","coordinates":[81.5772,7.5566]}},{"type":"Feature","properties":{"s":1.09},"geometry":{"type":"Point","coordinates":[81.584,7.5341]}},{"type":"Feature","properties":{"s":0.88},"geometry":{"type":"Point","coordinates":[81.5819,7.5521]}},{"type":"Feature","properties":{"s":0.89},"geometry":{"type":"Point","coordinates":[81.5853,7.5888]}},{"type":"Feature","properties":{"s":1.17},"geometry":{"type":"Point","coordinates":[81.5885,7.539]}},{"type":"Feature","properties":{"s":0.97},"geometry":{"type":"Point","coordinates":[81.5887,7.5632]}},{"type":"Feature","properties":{"s":0.86},"geometry":{"type":"Point","coordinates":[81.591,7.5982]}},{"type":"Feature","properties":{"s":1.18},"geometry":{"type":"Point","coordinates":[81.5957,7.5447]}},{"type":"Feature","properties":{"s":1.12},"geometry":{"type":"Point","coordinates":[81.5951,7.5856]}},{"type":"Feature","properties":{"s":0.83},"geometry":{"type":"Point","coordinates":[81.6026,7.558]}},{"type":"Feature","properties":{"s":0.83},"geometry":{"type":"Point","coordinates":[81.6085,7.5466]}},{"type":"Feature","properties":{"s":0.87},"geometry":{"type":"Point","coordinates":[81.6126,7.5529]}},{"type":"Feature","properties":{"s":0.81},"geometry":{"type":"Point","coordinates":[81.6187,7.5385]}},{"type":"Feature","properties":{"s":0.85},"geometry":{"type":"Point","coordinates":[81.6247,7.5377]}},{"type":"Feature","properties":{"s":1.15},"geometry":{"type":"Point","coordinates":[81.6316,7.5392]}},{"type":"Feature","properties":{"s":0.96},"geometry":{"type":"Point","coordinates":[80.8159,6.6771]}},{"type":"Feature","properties":{"s":0.99},"geometry":{"type":"Point","coordinates":[80.8226,6.6856]}},{"type":"Feature","properties":{"s":0.85},"geometry":{"type":"Point","coordinates":[80.8254,6.6978]}},{"type":"Feature","properties":{"s":0.96},"geometry":{"type":"Point","coordinates":[80.8339,6.6921]}},{"type":"Feature","properties":{"s":1},"geometry":{"type":"Point","coordinates":[80.8391,6.6807]}},{"type":"Feature","properties":{"s":0.99},"geometry":{"type":"Point","coordinates":[80.8386,6.7037]}},{"type":"Feature","properties":{"s":1},"geometry":{"type":"Point","coordinates":[80.8414,6.7407]}},{"type":"Feature","properties":{"s":0.95},"geometry":{"type":"Point","coordinates":[80.8446,6.681]}},{"type":"Feature","properties":{"s":1.05},"geometry":{"type":"Point","coordinates":[80.8465,6.7038]}},{"type":"Feature","properties":{"s":0.81},"geometry":{"type":"Point","coordinates":[80.8525,6.6861]}},{"type":"Feature","properties":{"s":1.16},"geometry":{"type":"Point","coordinates":[80.8514,6.7229]}},{"type":"Feature","properties":{"s":0.99},"geometry":{"type":"Point","coordinates":[80.8522,6.7459]}},{"type":"Feature","properties":{"s":0.91},"geometry":{"type":"Point","coordinates":[80.8575,6.6679]}},{"type":"Feature","properties":{"s":0.98},"geometry":{"type":"Point","coordinates":[80.8558,6.6985]}},{"type":"Feature","properties":{"s":1.15},"geometry":{"type":"Point","coordinates":[80.8572,6.7519]}},{"type":"Feature","properties":{"s":1.1},"geometry":{"type":"Point","coordinates":[80.862,6.7034]}},{"type":"Feature","properties":{"s":1.16},"geometry":{"type":"Point","coordinates":[80.8678,6.6891]}},{"type":"Feature","properties":{"s":1.17},"geometry":{"type":"Point","coordinates":[80.8745,6.6776]}},{"type":"Feature","properties":{"s":1.12},"geometry":{"type":"Point","coordinates":[80.8768,6.705]}},{"type":"Feature","properties":{"s":0.89},"geometry":{"type":"Point","coordinates":[80.8828,6.6876]}},{"type":"Feature","properties":{"s":0.91},"geometry":{"type":"Point","coordinates":[80.8866,6.6773]}},{"type":"Feature","properties":{"s":0.93},"geometry":{"type":"Point","coordinates":[80.8924,6.6705]}},{"type":"Feature","properties":{"s":1.02},"geometry":{"type":"Point","coordinates":[80.8915,6.6942]}},{"type":"Feature","properties":{"s":0.86},"geometry":{"type":"Point","coordinates":[80.9049,6.6652]}},{"type":"Feature","properties":{"s":1.12},"geometry":{"type":"Point","coordinates":[80.9068,6.6801]}},{"type":"Feature","properties":{"s":0.91},"geometry":{"type":"Point","coordinates":[80.9245,6.6887]}},{"type":"Feature","properties":{"s":0.88},"geometry":{"type":"Point","coordinates":[80.9145,8.7168]}},{"type":"Feature","properties":{"s":0.88},"geometry":{"type":"Point","coordinates":[80.9216,8.7143]}},{"type":"Feature","properties":{"s":1.16},"geometry":{"type":"Point","coordinates":[80.9241,8.7141]}},{"type":"Feature","properties":{"s":0.8},"geometry":{"type":"Point","coordinates":[80.9337,8.7058]}},{"type":"Feature","properties":{"s":1.18},"geometry":{"type":"Point","coordinates":[80.9319,8.7325]}},{"type":"Feature","properties":{"s":1.04},"geometry":{"type":"Point","coordinates":[80.938,8.7161]}},{"type":"Feature","properties":{"s":0.85},"geometry":{"type":"Point","coordinates":[80.9378,8.7414]}},{"type":"Feature","properties":{"s":0.92},"geometry":{"type":"Point","coordinates":[80.9371,8.7772]}},{"type":"Feature","properties":{"s":1.14},"geometry":{"type":"Point","coordinates":[80.946,8.7099]}},{"type":"Feature","properties":{"s":0.88},"geometry":{"type":"Point","coordinates":[80.9427,8.7468]}},{"type":"Feature","properties":{"s":1.13},"geometry":{"type":"Point","coordinates":[80.9427,8.7646]}},{"type":"Feature","properties":{"s":0.8},"geometry":{"type":"Point","coordinates":[80.9435,8.7935]}},{"type":"Feature","properties":{"s":1.05},"geometry":{"type":"Point","coordinates":[80.9503,8.7446]}},{"type":"Feature","properties":{"s":0.84},"geometry":{"type":"Point","coordinates":[80.9491,8.7757]}},{"type":"Feature","properties":{"s":1.15},"geometry":{"type":"Point","coordinates":[80.956,8.7648]}},{"type":"Feature","properties":{"s":0.88},"geometry":{"type":"Point","coordinates":[80.9602,8.7382]}},{"type":"Feature","properties":{"s":1.13},"geometry":{"type":"Point","coordinates":[80.9605,8.7689]}},{"type":"Feature","properties":{"s":0.81},"geometry":{"type":"Point","coordinates":[80.9696,8.7713]}},{"type":"Feature","properties":{"s":0.88},"geometry":{"type":"Point","coordinates":[80.9746,8.7995]}},{"type":"Feature","properties":{"s":1.14},"geometry":{"type":"Point","coordinates":[80.9814,8.8108]}},{"type":"Feature","properties":{"s":1.17},"geometry":{"type":"Point","coordinates":[80.9868,8.7939]}},{"type":"Feature","properties":{"s":0.96},"geometry":{"type":"Point","coordinates":[80.991,8.8046]}},{"type":"Feature","properties":{"s":0.86},"geometry":{"type":"Point","coordinates":[80.9996,8.8123]}},{"type":"Feature","properties":{"s":1.12},"geometry":{"type":"Point","coordinates":[80.7475,6.8817]}},{"type":"Feature","properties":{"s":0.92},"geometry":{"type":"Point","coordinates":[80.7539,6.9224]}},{"type":"Feature","properties":{"s":0.98},"geometry":{"type":"Point","coordinates":[80.759,6.87]}},{"type":"Feature","properties":{"s":0.8},"geometry":{"type":"Point","coordinates":[80.7668,6.8651]}},{"type":"Feature","properties":{"s":1.13},"geometry":{"type":"Point","coordinates":[80.766,6.8928]}},{"type":"Feature","properties":{"s":0.92},"geometry":{"type":"Point","coordinates":[80.7664,6.9311]}},{"type":"Feature","properties":{"s":0.92},"geometry":{"type":"Point","coordinates":[80.7652,6.947]}},{"type":"Feature","properties":{"s":0.95},"geometry":{"type":"Point","coordinates":[80.7703,6.874]}},{"type":"Feature","properties":{"s":1.14},"geometry":{"type":"Point","coordinates":[80.7703,6.8985]}},{"type":"Feature","properties":{"s":1.16},"geometry":{"type":"Point","coordinates":[80.7695,6.9229]}},{"type":"Feature","properties":{"s":0.98},"geometry":{"type":"Point","coordinates":[80.7792,6.8932]}},{"type":"Feature","properties":{"s":1.06},"geometry":{"type":"Point","coordinates":[80.7844,6.8618]}},{"type":"Feature","properties":{"s":1.14},"geometry":{"type":"Point","coordinates":[80.7822,6.8811]}},{"type":"Feature","properties":{"s":0.87},"geometry":{"type":"Point","coordinates":[80.7817,6.9126]}},{"type":"Feature","properties":{"s":1.17},"geometry":{"type":"Point","coordinates":[80.788,6.8622]}},{"type":"Feature","properties":{"s":0.95},"geometry":{"type":"Point","coordinates":[80.789,6.894]}},{"type":"Feature","properties":{"s":0.9},"geometry":{"type":"Point","coordinates":[80.7937,6.8675]}},{"type":"Feature","properties":{"s":0.97},"geometry":{"type":"Point","coordinates":[80.7954,6.8855]}},{"type":"Feature","properties":{"s":0.9},"geometry":{"type":"Point","coordinates":[80.7938,6.9213]}},{"type":"Feature","properties":{"s":1.03},"geometry":{"type":"Point","coordinates":[80.8027,6.892]}},{"type":"Feature","properties":{"s":1.01},"geometry":{"type":"Point","coordinates":[80.8004,6.928]}},{"type":"Feature","properties":{"s":1.2},"geometry":{"type":"Point","coordinates":[80.8076,6.8988]}},{"type":"Feature","properties":{"s":0.97},"geometry":{"type":"Point","coordinates":[80.8123,6.8818]}},{"type":"Feature","properties":{"s":1.07},"geometry":{"type":"Point","coordinates":[80.8115,6.9054]}},{"type":"Feature","properties":{"s":1},"geometry":{"type":"Point","coordinates":[80.8151,6.9283]}},{"type":"Feature","properties":{"s":1.13},"geometry":{"type":"Point","coordinates":[80.8257,6.9094]}},{"type":"Feature","properties":{"s":1.05},"geometry":{"type":"Point","coordinates":[80.5455,8.6928]}},{"type":"Feature","properties":{"s":0.93},"geometry":{"type":"Point","coordinates":[80.5522,8.7063]}},{"type":"Feature","properties":{"s":0.89},"geometry":{"type":"Point","coordinates":[80.5646,8.6617]}},{"type":"Feature","properties":{"s":1.05},"geometry":{"type":"Point","coordinates":[80.5707,8.6281]}},{"type":"Feature","properties":{"s":0.84},"geometry":{"type":"Point","coordinates":[80.5707,8.6911]}},{"type":"Feature","properties":{"s":0.93},"geometry":{"type":"Point","coordinates":[80.5752,8.6288]}},{"type":"Feature","properties":{"s":1.13},"geometry":{"type":"Point","coordinates":[80.5748,8.6505]}},{"type":"Feature","properties":{"s":0.85},"geometry":{"type":"Point","coordinates":[80.5741,8.6914]}},{"type":"Feature","properties":{"s":1.06},"geometry":{"type":"Point","coordinates":[80.5799,8.622]}},{"type":"Feature","properties":{"s":0.93},"geometry":{"type":"Point","coordinates":[80.5814,8.6557]}},{"type":"Feature","properties":{"s":1},"geometry":{"type":"Point","coordinates":[80.5793,8.6796]}},{"type":"Feature","properties":{"s":0.8},"geometry":{"type":"Point","coordinates":[80.5889,8.6316]}},{"type":"Feature","properties":{"s":0.89},"geometry":{"type":"Point","coordinates":[80.5851,8.6561]}},{"type":"Feature","properties":{"s":1.09},"geometry":{"type":"Point","coordinates":[80.5858,8.6743]}},{"type":"Feature","properties":{"s":1.04},"geometry":{"type":"Point","coordinates":[80.5937,8.6518]}},{"type":"Feature","properties":{"s":1.16},"geometry":{"type":"Point","coordinates":[80.5928,8.6704]}},{"type":"Feature","properties":{"s":0.94},"geometry":{"type":"Point","coordinates":[80.5971,8.6385]}},{"type":"Feature","properties":{"s":0.97},"geometry":{"type":"Point","coordinates":[80.6,8.656]}},{"type":"Feature","properties":{"s":0.87},"geometry":{"type":"Point","coordinates":[80.5985,8.6909]}},{"type":"Feature","properties":{"s":1.15},"geometry":{"type":"Point","coordinates":[80.6045,8.6504]}},{"type":"Feature","properties":{"s":1.02},"geometry":{"type":"Point","coordinates":[80.6039,8.6708]}},{"type":"Feature","properties":{"s":1.17},"geometry":{"type":"Point","coordinates":[80.613,8.6314]}},{"type":"Feature","properties":{"s":0.81},"geometry":{"type":"Point","coordinates":[80.6101,8.6568]}},{"type":"Feature","properties":{"s":1.17},"geometry":{"type":"Point","coordinates":[80.6112,8.6798]}},{"type":"Feature","properties":{"s":1.09},"geometry":{"type":"Point","coordinates":[80.6174,8.6373]}},{"type":"Feature","properties":{"s":0.83},"geometry":{"type":"Point","coordinates":[80.6224,8.6326]}},{"type":"Feature","properties":{"s":1.18},"geometry":{"type":"Point","coordinates":[80.6279,8.6379]}},{"type":"Feature","properties":{"s":1.14},"geometry":{"type":"Point","coordinates":[81.5624,7.3008]}},{"type":"Feature","properties":{"s":0.89},"geometry":{"type":"Point","coordinates":[81.5693,7.2963]}},{"type":"Feature","properties":{"s":1.03},"geometry":{"type":"Point","coordinates":[81.5701,7.3109]}},{"type":"Feature","properties":{"s":0.91},"geometry":{"type":"Point","coordinates":[81.5768,7.2958]}},{"type":"Feature","properties":{"s":1.07},"geometry":{"type":"Point","coordinates":[81.5839,7.2889]}},{"type":"Feature","properties":{"s":1.14},"geometry":{"type":"Point","coordinates":[81.5814,7.3062]}},{"type":"Feature","properties":{"s":1.02},"geometry":{"type":"Point","coordinates":[81.5866,7.3184]}},{"type":"Feature","properties":{"s":1.08},"geometry":{"type":"Point","coordinates":[81.5923,7.2925]}},{"type":"Feature","properties":{"s":1.01},"geometry":{"type":"Point","coordinates":[81.5945,7.3131]}},{"type":"Feature","properties":{"s":1.03},"geometry":{"type":"Point","coordinates":[81.5941,7.3374]}},{"type":"Feature","properties":{"s":0.98},"geometry":{"type":"Point","coordinates":[81.5999,7.2931]}},{"type":"Feature","properties":{"s":1.11},"geometry":{"type":"Point","coordinates":[81.5985,7.3308]}},{"type":"Feature","properties":{"s":1.05},"geometry":{"type":"Point","coordinates":[81.6065,7.2986]}},{"type":"Feature","properties":{"s":1},"geometry":{"type":"Point","coordinates":[81.6047,7.3287]}},{"type":"Feature","properties":{"s":1.1},"geometry":{"type":"Point","coordinates":[81.6138,7.2965]}},{"type":"Feature","properties":{"s":0.93},"geometry":{"type":"Point","coordinates":[81.6132,7.3229]}},{"type":"Feature","properties":{"s":1.11},"geometry":{"type":"Point","coordinates":[81.6169,7.3061]}},{"type":"Feature","properties":{"s":0.99},"geometry":{"type":"Point","coordinates":[81.6231,7.2932]}},{"type":"Feature","properties":{"s":1.18},"geometry":{"type":"Point","coordinates":[81.6242,7.3178]}},{"type":"Feature","properties":{"s":0.88},"geometry":{"type":"Point","coordinates":[81.6283,7.3074]}},{"type":"Feature","properties":{"s":1.15},"geometry":{"type":"Point","coordinates":[81.6285,7.3253]}},{"type":"Feature","properties":{"s":0.94},"geometry":{"type":"Point","coordinates":[81.6433,7.3259]}},{"type":"Feature","properties":{"s":0.8},"geometry":{"type":"Point","coordinates":[81.6471,7.3138]}},{"type":"Feature","properties":{"s":0.83},"geometry":{"type":"Point","coordinates":[81.654,7.319]}},{"type":"Feature","properties":{"s":1.14},"geometry":{"type":"Point","coordinates":[81.653,7.3347]}},{"type":"Feature","properties":{"s":1.1},"geometry":{"type":"Point","coordinates":[80.7854,8.621]}},{"type":"Feature","properties":{"s":0.9},"geometry":{"type":"Point","coordinates":[80.7897,8.6146]}},{"type":"Feature","properties":{"s":1.13},"geometry":{"type":"Point","coordinates":[80.7967,8.5768]}},{"type":"Feature","properties":{"s":1.07},"geometry":{"type":"Point","coordinates":[80.7944,8.6165]}},{"type":"Feature","properties":{"s":0.81},"geometry":{"type":"Point","coordinates":[80.8038,8.5922]}},{"type":"Feature","properties":{"s":0.92},"geometry":{"type":"Point","coordinates":[80.8036,8.6247]}},{"type":"Feature","properties":{"s":0.93},"geometry":{"type":"Point","coordinates":[80.8065,8.6037]}},{"type":"Feature","properties":{"s":1.18},"geometry":{"type":"Point","coordinates":[80.8149,8.571]}},{"type":"Feature","properties":{"s":0.94},"geometry":{"type":"Point","coordinates":[80.8133,8.608]}},{"type":"Feature","properties":{"s":1.08},"geometry":{"type":"Point","coordinates":[80.8128,8.6456]}},{"type":"Feature","properties":{"s":0.86},"geometry":{"type":"Point","coordinates":[80.8217,8.602]}},{"type":"Feature","properties":{"s":1},"geometry":{"type":"Point","coordinates":[80.8182,8.632]}},{"type":"Feature","properties":{"s":1.06},"geometry":{"type":"Point","coordinates":[80.8253,8.6041]}},{"type":"Feature","properties":{"s":1.17},"geometry":{"type":"Point","coordinates":[80.8332,8.6025]}},{"type":"Feature","properties":{"s":1.06},"geometry":{"type":"Point","coordinates":[80.831,8.626]}},{"type":"Feature","properties":{"s":0.96},"geometry":{"type":"Point","coordinates":[80.8364,8.6324]}},{"type":"Feature","properties":{"s":0.95},"geometry":{"type":"Point","coordinates":[80.8425,8.6207]}},{"type":"Feature","properties":{"s":1.11},"geometry":{"type":"Point","coordinates":[80.8428,8.6366]}},{"type":"Feature","properties":{"s":1},"geometry":{"type":"Point","coordinates":[80.8504,8.6132]}},{"type":"Feature","properties":{"s":0.83},"geometry":{"type":"Point","coordinates":[80.8493,8.6554]}},{"type":"Feature","properties":{"s":1.07},"geometry":{"type":"Point","coordinates":[80.8554,8.6328]}},{"type":"Feature","properties":{"s":0.97},"geometry":{"type":"Point","coordinates":[80.8552,8.6554]}},{"type":"Feature","properties":{"s":0.98},"geometry":{"type":"Point","coordinates":[80.8601,8.6384]}},{"type":"Feature","properties":{"s":0.94},"geometry":{"type":"Point","coordinates":[80.8686,8.6628]}},{"type":"Feature","properties":{"s":0.97},"geometry":{"type":"Point","coordinates":[80.432,6.5128]}},{"type":"Feature","properties":{"s":1.11},"geometry":{"type":"Point","coordinates":[80.4426,6.5131]}},{"type":"Feature","properties":{"s":1.08},"geometry":{"type":"Point","coordinates":[80.4551,6.5019]}},{"type":"Feature","properties":{"s":1.01},"geometry":{"type":"Point","coordinates":[80.4608,6.5003]}},{"type":"Feature","properties":{"s":0.95},"geometry":{"type":"Point","coordinates":[80.4673,6.5]}},{"type":"Feature","properties":{"s":0.94},"geometry":{"type":"Point","coordinates":[80.473,6.4877]}},{"type":"Feature","properties":{"s":0.93},"geometry":{"type":"Point","coordinates":[80.4781,6.481]}},{"type":"Feature","properties":{"s":0.92},"geometry":{"type":"Point","coordinates":[80.4796,6.5144]}},{"type":"Feature","properties":{"s":0.84},"geometry":{"type":"Point","coordinates":[80.4848,6.5007]}},{"type":"Feature","properties":{"s":1.11},"geometry":{"type":"Point","coordinates":[80.4889,6.494]}},{"type":"Feature","properties":{"s":1.1},"geometry":{"type":"Point","coordinates":[80.4976,6.4785]}},{"type":"Feature","properties":{"s":1.08},"geometry":{"type":"Point","coordinates":[80.4981,6.5023]}},{"type":"Feature","properties":{"s":1.12},"geometry":{"type":"Point","coordinates":[80.5008,6.4852]}},{"type":"Feature","properties":{"s":0.97},"geometry":{"type":"Point","coordinates":[80.5017,6.5056]}},{"type":"Feature","properties":{"s":1.07},"geometry":{"type":"Point","coordinates":[80.5088,6.5004]}},{"type":"Feature","properties":{"s":1.16},"geometry":{"type":"Point","coordinates":[80.5141,6.4817]}},{"type":"Feature","properties":{"s":0.87},"geometry":{"type":"Point","coordinates":[80.5189,6.4844]}},{"type":"Feature","properties":{"s":0.86},"geometry":{"type":"Point","coordinates":[80.5284,6.477]}},{"type":"Feature","properties":{"s":0.85},"geometry":{"type":"Point","coordinates":[80.5307,6.4903]}},{"type":"Feature","properties":{"s":1.03},"geometry":{"type":"Point","coordinates":[80.5392,6.4946]}},{"type":"Feature","properties":{"s":1.11},"geometry":{"type":"Point","coordinates":[80.5451,6.4824]}},{"type":"Feature","properties":{"s":0.91},"geometry":{"type":"Point","coordinates":[80.5546,6.4776]}},{"type":"Feature","properties":{"s":0.94},"geometry":{"type":"Point","coordinates":[80.5686,6.469]}},{"type":"Feature","properties":{"s":0.88},"geometry":{"type":"Point","coordinates":[80.2369,8.8746]}},{"type":"Feature","properties":{"s":1.02},"geometry":{"type":"Point","coordinates":[80.2424,8.8795]}},{"type":"Feature","properties":{"s":1.03},"geometry":{"type":"Point","coordinates":[80.2489,8.8474]}},{"type":"Feature","properties":{"s":1.17},"geometry":{"type":"Point","coordinates":[80.2472,8.8841]}},{"type":"Feature","properties":{"s":1.19},"geometry":{"type":"Point","coordinates":[80.2468,8.9041]}},{"type":"Feature","properties":{"s":0.95},"geometry":{"type":"Point","coordinates":[80.2565,8.8673]}},{"type":"Feature","properties":{"s":1.11},"geometry":{"type":"Point","coordinates":[80.2534,8.8844]}},{"type":"Feature","properties":{"s":1.07},"geometry":{"type":"Point","coordinates":[80.2606,8.8535]}},{"type":"Feature","properties":{"s":0.99},"geometry":{"type":"Point","coordinates":[80.2585,8.8909]}},{"type":"Feature","properties":{"s":0.8},"geometry":{"type":"Point","coordinates":[80.2658,8.8613]}},{"type":"Feature","properties":{"s":1.06},"geometry":{"type":"Point","coordinates":[80.2668,8.8895]}},{"type":"Feature","properties":{"s":0.83},"geometry":{"type":"Point","coordinates":[80.2707,8.8449]}},{"type":"Feature","properties":{"s":1.05},"geometry":{"type":"Point","coordinates":[80.273,8.8839]}},{"type":"Feature","properties":{"s":1.17},"geometry":{"type":"Point","coordinates":[80.2767,8.8556]}},{"type":"Feature","properties":{"s":1.04},"geometry":{"type":"Point","coordinates":[80.2795,8.8734]}},{"type":"Feature","properties":{"s":0.97},"geometry":{"type":"Point","coordinates":[80.2803,8.8969]}},{"type":"Feature","properties":{"s":0.85},"geometry":{"type":"Point","coordinates":[80.2823,8.8556]}},{"type":"Feature","properties":{"s":1.18},"geometry":{"type":"Point","coordinates":[80.2831,8.8784]}},{"type":"Feature","properties":{"s":1.11},"geometry":{"type":"Point","coordinates":[80.2906,8.8425]}},{"type":"Feature","properties":{"s":1.09},"geometry":{"type":"Point","coordinates":[80.2886,8.8751]}},{"type":"Feature","properties":{"s":0.82},"geometry":{"type":"Point","coordinates":[80.2967,8.8559]}},{"type":"Feature","properties":{"s":1.05},"geometry":{"type":"Point","coordinates":[80.2964,8.8738]}},{"type":"Feature","properties":{"s":0.96},"geometry":{"type":"Point","coordinates":[80.3019,8.8613]}},{"type":"Feature","properties":{"s":1.15},"geometry":{"type":"Point","coordinates":[80.3087,8.848]}},{"type":"Feature","properties":{"s":0.93},"geometry":{"type":"Point","coordinates":[80.3099,8.8732]}},{"type":"Feature","properties":{"s":0.98},"geometry":{"type":"Point","coordinates":[80.3186,8.8689]}},{"type":"Feature","properties":{"s":0.97},"geometry":{"type":"Point","coordinates":[81.3136,8.2186]}},{"type":"Feature","properties":{"s":0.92},"geometry":{"type":"Point","coordinates":[81.3222,8.2245]}},{"type":"Feature","properties":{"s":0.93},"geometry":{"type":"Point","coordinates":[81.3224,8.248]}},{"type":"Feature","properties":{"s":1.19},"geometry":{"type":"Point","coordinates":[81.3214,8.2996]}},{"type":"Feature","properties":{"s":0.95},"geometry":{"type":"Point","coordinates":[81.3283,8.2347]}},{"type":"Feature","properties":{"s":1.18},"geometry":{"type":"Point","coordinates":[81.3253,8.2604]}},{"type":"Feature","properties":{"s":1.09},"geometry":{"type":"Point","coordinates":[81.3264,8.2882]}},{"type":"Feature","properties":{"s":0.85},"geometry":{"type":"Point","coordinates":[81.3353,8.2396]}},{"type":"Feature","properties":{"s":0.94},"geometry":{"type":"Point","coordinates":[81.3378,8.2102]}},{"type":"Feature","properties":{"s":1.2},"geometry":{"type":"Point","coordinates":[81.3383,8.2399]}},{"type":"Feature","properties":{"s":0.88},"geometry":{"type":"Point","coordinates":[81.3388,8.2716]}},{"type":"Feature","properties":{"s":0.92},"geometry":{"type":"Point","coordinates":[81.3464,8.2634]}},{"type":"Feature","properties":{"s":0.9},"geometry":{"type":"Point","coordinates":[81.3509,8.2225]}},{"type":"Feature","properties":{"s":0.81},"geometry":{"type":"Point","coordinates":[81.3529,8.2668]}},{"type":"Feature","properties":{"s":1.07},"geometry":{"type":"Point","coordinates":[81.356,8.2166]}},{"type":"Feature","properties":{"s":1.17},"geometry":{"type":"Point","coordinates":[81.3563,8.2633]}},{"type":"Feature","properties":{"s":0.89},"geometry":{"type":"Point","coordinates":[81.371,8.231]}},{"type":"Feature","properties":{"s":1.16},"geometry":{"type":"Point","coordinates":[81.3743,8.2284]}},{"type":"Feature","properties":{"s":0.93},"geometry":{"type":"Point","coordinates":[81.3096,8.2177]}},{"type":"Feature","properties":{"s":0.85},"geometry":{"type":"Point","coordinates":[81.3169,8.2296]}},{"type":"Feature","properties":{"s":0.92},"geometry":{"type":"Point","coordinates":[81.3206,8.2371]}},{"type":"Feature","properties":{"s":0.87},"geometry":{"type":"Point","coordinates":[81.322,8.2811]}},{"type":"Feature","properties":{"s":1.12},"geometry":{"type":"Point","coordinates":[81.3228,8.3054]}},{"type":"Feature","properties":{"s":1.02},"geometry":{"type":"Point","coordinates":[81.3284,8.2408]}},{"type":"Feature","properties":{"s":0.81},"geometry":{"type":"Point","coordinates":[81.3266,8.2717]}},{"type":"Feature","properties":{"s":1.02},"geometry":{"type":"Point","coordinates":[81.3281,8.3057]}},{"type":"Feature","properties":{"s":1.17},"geometry":{"type":"Point","coordinates":[81.3344,8.2297]}},{"type":"Feature","properties":{"s":0.95},"geometry":{"type":"Point","coordinates":[81.334,8.2572]}},{"type":"Feature","properties":{"s":0.93},"geometry":{"type":"Point","coordinates":[81.3377,8.2107]}},{"type":"Feature","properties":{"s":0.99},"geometry":{"type":"Point","coordinates":[81.338,8.2288]}},{"type":"Feature","properties":{"s":1.06},"geometry":{"type":"Point","coordinates":[81.3375,8.2705]}},{"type":"Feature","properties":{"s":0.85},"geometry":{"type":"Point","coordinates":[81.3474,8.2284]}},{"type":"Feature","properties":{"s":0.83},"geometry":{"type":"Point","coordinates":[81.3443,8.2473]}},{"type":"Feature","properties":{"s":1.05},"geometry":{"type":"Point","coordinates":[81.3507,8.217]}},{"type":"Feature","properties":{"s":1.12},"geometry":{"type":"Point","coordinates":[81.3528,8.2611]}},{"type":"Feature","properties":{"s":1.16},"geometry":{"type":"Point","coordinates":[81.3572,8.2537]}},{"type":"Feature","properties":{"s":0.99},"geometry":{"type":"Point","coordinates":[81.3616,8.2062]}},{"type":"Feature","properties":{"s":1.09},"geometry":{"type":"Point","coordinates":[81.3617,8.2309]}},{"type":"Feature","properties":{"s":1.14},"geometry":{"type":"Point","coordinates":[81.3757,8.2356]}},{"type":"Feature","properties":{"s":0.84},"geometry":{"type":"Point","coordinates":[81.3427,6.9078]}},{"type":"Feature","properties":{"s":0.88},"geometry":{"type":"Point","coordinates":[81.3519,6.8766]}},{"type":"Feature","properties":{"s":0.93},"geometry":{"type":"Point","coordinates":[81.353,6.8987]}},{"type":"Feature","properties":{"s":1.03},"geometry":{"type":"Point","coordinates":[81.3599,6.848]}},{"type":"Feature","properties":{"s":1.06},"geometry":{"type":"Point","coordinates":[81.3571,6.8821]}},{"type":"Feature","properties":{"s":0.87},"geometry":{"type":"Point","coordinates":[81.3591,6.9019]}},{"type":"Feature","properties":{"s":0.88},"geometry":{"type":"Point","coordinates":[81.3671,6.8657]}},{"type":"Feature","properties":{"s":0.97},"geometry":{"type":"Point","coordinates":[81.3636,6.8967]}},{"type":"Feature","properties":{"s":1.17},"geometry":{"type":"Point","coordinates":[81.3713,6.8463]}},{"type":"Feature","properties":{"s":1.01},"geometry":{"type":"Point","coordinates":[81.3732,6.8883]}},{"type":"Feature","properties":{"s":0.81},"geometry":{"type":"Point","coordinates":[81.371,6.9263]}},{"type":"Feature","properties":{"s":0.99},"geometry":{"type":"Point","coordinates":[81.3773,6.8729]}},{"type":"Feature","properties":{"s":0.89},"geometry":{"type":"Point","coordinates":[81.3772,6.8871]}},{"type":"Feature","properties":{"s":1.14},"geometry":{"type":"Point","coordinates":[81.381,6.8517]}},{"type":"Feature","properties":{"s":0.94},"geometry":{"type":"Point","coordinates":[81.3819,6.8758]}},{"type":"Feature","properties":{"s":0.82},"geometry":{"type":"Point","coordinates":[81.3843,6.9079]}},{"type":"Feature","properties":{"s":1},"geometry":{"type":"Point","coordinates":[81.3892,6.8728]}},{"type":"Feature","properties":{"s":0.9},"geometry":{"type":"Point","coordinates":[81.3901,6.8874]}},{"type":"Feature","properties":{"s":0.91},"geometry":{"type":"Point","coordinates":[81.3939,6.8571]}},{"type":"Feature","properties":{"s":1.08},"geometry":{"type":"Point","coordinates":[81.3941,6.8758]}},{"type":"Feature","properties":{"s":0.99},"geometry":{"type":"Point","coordinates":[81.396,6.8941]}},{"type":"Feature","properties":{"s":0.84},"geometry":{"type":"Point","coordinates":[81.4031,6.8769]}},{"type":"Feature","properties":{"s":0.92},"geometry":{"type":"Point","coordinates":[81.4013,6.8945]}},{"type":"Feature","properties":{"s":1.06},"geometry":{"type":"Point","coordinates":[81.3978,7.0236]}},{"type":"Feature","properties":{"s":0.82},"geometry":{"type":"Point","coordinates":[81.4049,7.0306]}},{"type":"Feature","properties":{"s":1.12},"geometry":{"type":"Point","coordinates":[81.4089,7.0175]}},{"type":"Feature","properties":{"s":0.83},"geometry":{"type":"Point","coordinates":[81.4122,7.0468]}},{"type":"Feature","properties":{"s":1},"geometry":{"type":"Point","coordinates":[81.4147,7.0308]}},{"type":"Feature","properties":{"s":1.19},"geometry":{"type":"Point","coordinates":[81.4184,7.0636]}},{"type":"Feature","properties":{"s":1.15},"geometry":{"type":"Point","coordinates":[81.4208,7.0467]}},{"type":"Feature","properties":{"s":0.97},"geometry":{"type":"Point","coordinates":[81.4291,7.0712]}},{"type":"Feature","properties":{"s":1.1},"geometry":{"type":"Point","coordinates":[81.4352,7.004]}},{"type":"Feature","properties":{"s":1.01},"geometry":{"type":"Point","coordinates":[81.4407,7.0076]}},{"type":"Feature","properties":{"s":0.98},"geometry":{"type":"Point","coordinates":[81.4399,7.0575]}},{"type":"Feature","properties":{"s":0.91},"geometry":{"type":"Point","coordinates":[81.4469,7.0107]}},{"type":"Feature","properties":{"s":0.83},"geometry":{"type":"Point","coordinates":[81.4455,7.0486]}},{"type":"Feature","properties":{"s":1.2},"geometry":{"type":"Point","coordinates":[81.4449,7.0819]}},{"type":"Feature","properties":{"s":1.14},"geometry":{"type":"Point","coordinates":[81.4513,6.9989]}},{"type":"Feature","properties":{"s":0.87},"geometry":{"type":"Point","coordinates":[81.4544,7.0455]}},{"type":"Feature","properties":{"s":0.89},"geometry":{"type":"Point","coordinates":[81.4523,7.079]}},{"type":"Feature","properties":{"s":1.04},"geometry":{"type":"Point","coordinates":[81.4571,7.0349]}},{"type":"Feature","properties":{"s":1.14},"geometry":{"type":"Point","coordinates":[81.4629,6.9934]}},{"type":"Feature","properties":{"s":0.82},"geometry":{"type":"Point","coordinates":[81.4646,7.0374]}},{"type":"Feature","properties":{"s":0.83},"geometry":{"type":"Point","coordinates":[81.5265,7.0679]}},{"type":"Feature","properties":{"s":1.2},"geometry":{"type":"Point","coordinates":[81.5252,7.0889]}},{"type":"Feature","properties":{"s":1.01},"geometry":{"type":"Point","coordinates":[81.5296,7.0615]}},{"type":"Feature","properties":{"s":1.03},"geometry":{"type":"Point","coordinates":[81.5327,7.089]}},{"type":"Feature","properties":{"s":1.1},"geometry":{"type":"Point","coordinates":[81.5327,7.1065]}},{"type":"Feature","properties":{"s":0.84},"geometry":{"type":"Point","coordinates":[81.5329,7.131]}},{"type":"Feature","properties":{"s":1.03},"geometry":{"type":"Point","coordinates":[81.5349,7.059]}},{"type":"Feature","properties":{"s":0.83},"geometry":{"type":"Point","coordinates":[81.5356,7.094]}},{"type":"Feature","properties":{"s":1.13},"geometry":{"type":"Point","coordinates":[81.538,7.1314]}},{"type":"Feature","properties":{"s":1.03},"geometry":{"type":"Point","coordinates":[81.5376,7.1638]}},{"type":"Feature","properties":{"s":1.09},"geometry":{"type":"Point","coordinates":[81.538,7.1889]}},{"type":"Feature","properties":{"s":1.11},"geometry":{"type":"Point","coordinates":[81.5409,7.1173]}},{"type":"Feature","properties":{"s":0.87},"geometry":{"type":"Point","coordinates":[81.5411,7.1714]}},{"type":"Feature","properties":{"s":1.15},"geometry":{"type":"Point","coordinates":[81.5443,7.1885]}},{"type":"Feature","properties":{"s":1.15},"geometry":{"type":"Point","coordinates":[81.5479,7.1104]}},{"type":"Feature","properties":{"s":1.04},"geometry":{"type":"Point","coordinates":[81.5499,7.1368]}},{"type":"Feature","properties":{"s":0.86},"geometry":{"type":"Point","coordinates":[81.548,7.1585]}},{"type":"Feature","properties":{"s":0.96},"geometry":{"type":"Point","coordinates":[81.5506,7.1901]}},{"type":"Feature","properties":{"s":0.85},"geometry":{"type":"Point","coordinates":[81.5476,7.209]}},{"type":"Feature","properties":{"s":1.13},"geometry":{"type":"Point","coordinates":[81.5551,7.1944]}},{"type":"Feature","properties":{"s":0.96},"geometry":{"type":"Point","coordinates":[81.5608,7.1162]}},{"type":"Feature","properties":{"s":1.16},"geometry":{"type":"Point","coordinates":[81.5602,7.1846]}},{"type":"Feature","properties":{"s":1.11},"geometry":{"type":"Point","coordinates":[81.5669,7.1285]}},{"type":"Feature","properties":{"s":1.07},"geometry":{"type":"Point","coordinates":[80.1241,8.5024]}},{"type":"Feature","properties":{"s":0.98},"geometry":{"type":"Point","coordinates":[80.1369,8.4899]}},{"type":"Feature","properties":{"s":1.16},"geometry":{"type":"Point","coordinates":[80.1436,8.4913]}},{"type":"Feature","properties":{"s":1.13},"geometry":{"type":"Point","coordinates":[80.1411,8.5094]}},{"type":"Feature","properties":{"s":1.18},"geometry":{"type":"Point","coordinates":[80.1482,8.5107]}},{"type":"Feature","properties":{"s":0.92},"geometry":{"type":"Point","coordinates":[80.1533,8.4851]}},{"type":"Feature","properties":{"s":0.91},"geometry":{"type":"Point","coordinates":[80.1542,8.5137]}},{"type":"Feature","properties":{"s":1.17},"geometry":{"type":"Point","coordinates":[80.1599,8.4672]}},{"type":"Feature","properties":{"s":0.91},"geometry":{"type":"Point","coordinates":[80.1615,8.4992]}},{"type":"Feature","properties":{"s":0.84},"geometry":{"type":"Point","coordinates":[80.1652,8.407]}},{"type":"Feature","properties":{"s":1.16},"geometry":{"type":"Point","coordinates":[80.1645,8.4616]}},{"type":"Feature","properties":{"s":1},"geometry":{"type":"Point","coordinates":[80.168,8.4909]}},{"type":"Feature","properties":{"s":1.17},"geometry":{"type":"Point","coordinates":[80.1684,8.5087]}},{"type":"Feature","properties":{"s":1.16},"geometry":{"type":"Point","coordinates":[80.1714,8.4843]}},{"type":"Feature","properties":{"s":0.85},"geometry":{"type":"Point","coordinates":[80.1731,8.511]}},{"type":"Feature","properties":{"s":1.18},"geometry":{"type":"Point","coordinates":[80.178,8.4578]}},{"type":"Feature","properties":{"s":1.07},"geometry":{"type":"Point","coordinates":[80.1803,8.4859]}},{"type":"Feature","properties":{"s":1},"geometry":{"type":"Point","coordinates":[80.179,8.5082]}},{"type":"Feature","properties":{"s":1.1},"geometry":{"type":"Point","coordinates":[80.1826,8.4786]}},{"type":"Feature","properties":{"s":1.16},"geometry":{"type":"Point","coordinates":[80.1826,8.4976]}},{"type":"Feature","properties":{"s":1.05},"geometry":{"type":"Point","coordinates":[80.1887,8.4804]}},{"type":"Feature","properties":{"s":1.06},"geometry":{"type":"Point","coordinates":[80.1922,8.5096]}},{"type":"Feature","properties":{"s":1.12},"geometry":{"type":"Point","coordinates":[80.2042,8.5054]}},{"type":"Feature","properties":{"s":0.92},"geometry":{"type":"Point","coordinates":[80.2266,8.5176]}},{"type":"Feature","properties":{"s":0.99},"geometry":{"type":"Point","coordinates":[80.2315,8.5293]}},{"type":"Feature","properties":{"s":1.11},"geometry":{"type":"Point","coordinates":[80.2318,8.5618]}},{"type":"Feature","properties":{"s":0.97},"geometry":{"type":"Point","coordinates":[80.2367,8.5811]}},{"type":"Feature","properties":{"s":1.16},"geometry":{"type":"Point","coordinates":[80.2491,8.6052]}},{"type":"Feature","properties":{"s":0.87},"geometry":{"type":"Point","coordinates":[80.3761,7.0471]}},{"type":"Feature","properties":{"s":1.14},"geometry":{"type":"Point","coordinates":[80.3806,7.0207]}},{"type":"Feature","properties":{"s":1.17},"geometry":{"type":"Point","coordinates":[80.3857,7.0586]}},{"type":"Feature","properties":{"s":1.17},"geometry":{"type":"Point","coordinates":[80.3911,7.0422]}},{"type":"Feature","properties":{"s":1.11},"geometry":{"type":"Point","coordinates":[80.3981,7.0358]}},{"type":"Feature","properties":{"s":1.04},"geometry":{"type":"Point","coordinates":[80.4029,7.0273]}},{"type":"Feature","properties":{"s":0.9},"geometry":{"type":"Point","coordinates":[80.4045,7.0633]}},{"type":"Feature","properties":{"s":1.07},"geometry":{"type":"Point","coordinates":[80.4332,7.0398]}},{"type":"Feature","properties":{"s":0.96},"geometry":{"type":"Point","coordinates":[80.4411,7.0287]}},{"type":"Feature","properties":{"s":1.15},"geometry":{"type":"Point","coordinates":[80.4477,7.0121]}},{"type":"Feature","properties":{"s":1.06},"geometry":{"type":"Point","coordinates":[80.452,7.0233]}},{"type":"Feature","properties":{"s":0.92},"geometry":{"type":"Point","coordinates":[80.4527,7.0419]}},{"type":"Feature","properties":{"s":1.19},"geometry":{"type":"Point","coordinates":[80.4605,7.0149]}},{"type":"Feature","properties":{"s":0.96},"geometry":{"type":"Point","coordinates":[80.4594,7.0389]}},{"type":"Feature","properties":{"s":1.01},"geometry":{"type":"Point","coordinates":[80.4649,7.0292]}},{"type":"Feature","properties":{"s":1.06},"geometry":{"type":"Point","coordinates":[80.4704,7.0351]}},{"type":"Feature","properties":{"s":0.87},"geometry":{"type":"Point","coordinates":[80.475,7.0278]}},{"type":"Feature","properties":{"s":1},"geometry":{"type":"Point","coordinates":[80.4843,7.0336]}},{"type":"Feature","properties":{"s":1.03},"geometry":{"type":"Point","coordinates":[80.4891,7.0348]}},{"type":"Feature","properties":{"s":1.03},"geometry":{"type":"Point","coordinates":[80.5365,7.9633]}},{"type":"Feature","properties":{"s":1.03},"geometry":{"type":"Point","coordinates":[80.5446,7.9606]}},{"type":"Feature","properties":{"s":1.01},"geometry":{"type":"Point","coordinates":[80.5445,7.9922]}},{"type":"Feature","properties":{"s":0.86},"geometry":{"type":"Point","coordinates":[80.5428,8.0172]}},{"type":"Feature","properties":{"s":1.08},"geometry":{"type":"Point","coordinates":[80.5511,7.9611]}},{"type":"Feature","properties":{"s":1.14},"geometry":{"type":"Point","coordinates":[80.5495,7.9865]}},{"type":"Feature","properties":{"s":0.87},"geometry":{"type":"Point","coordinates":[80.5499,8.0222]}},{"type":"Feature","properties":{"s":1.12},"geometry":{"type":"Point","coordinates":[80.5499,8.0435]}},{"type":"Feature","properties":{"s":1.13},"geometry":{"type":"Point","coordinates":[80.5551,8.0021]}},{"type":"Feature","properties":{"s":1.18},"geometry":{"type":"Point","coordinates":[80.557,8.0229]}},{"type":"Feature","properties":{"s":0.96},"geometry":{"type":"Point","coordinates":[80.5601,7.9628]}},{"type":"Feature","properties":{"s":1.09},"geometry":{"type":"Point","coordinates":[80.5634,7.9957]}},{"type":"Feature","properties":{"s":0.91},"geometry":{"type":"Point","coordinates":[80.5624,8.0328]}},{"type":"Feature","properties":{"s":1.16},"geometry":{"type":"Point","coordinates":[80.5683,8.0045]}},{"type":"Feature","properties":{"s":1},"geometry":{"type":"Point","coordinates":[80.5665,8.0278]}},{"type":"Feature","properties":{"s":1.04},"geometry":{"type":"Point","coordinates":[80.5719,8.0052]}},{"type":"Feature","properties":{"s":1.13},"geometry":{"type":"Point","coordinates":[80.5806,7.9923]}},{"type":"Feature","properties":{"s":1.02},"geometry":{"type":"Point","coordinates":[80.5796,8.0275]}},{"type":"Feature","properties":{"s":1.09},"geometry":{"type":"Point","coordinates":[80.5851,8.0038]}},{"type":"Feature","properties":{"s":0.98},"geometry":{"type":"Point","coordinates":[80.5924,7.9669]}},{"type":"Feature","properties":{"s":0.87},"geometry":{"type":"Point","coordinates":[80.6786,8.0796]}},{"type":"Feature","properties":{"s":0.97},"geometry":{"type":"Point","coordinates":[80.6848,8.1106]}},{"type":"Feature","properties":{"s":0.89},"geometry":{"type":"Point","coordinates":[80.688,8.0845]}},{"type":"Feature","properties":{"s":0.87},"geometry":{"type":"Point","coordinates":[80.6876,8.1231]}},{"type":"Feature","properties":{"s":1.17},"geometry":{"type":"Point","coordinates":[80.6955,8.1077]}},{"type":"Feature","properties":{"s":0.86},"geometry":{"type":"Point","coordinates":[80.694,8.1565]}},{"type":"Feature","properties":{"s":1.2},"geometry":{"type":"Point","coordinates":[80.6972,8.1791]}},{"type":"Feature","properties":{"s":1.2},"geometry":{"type":"Point","coordinates":[80.7022,8.09]}},{"type":"Feature","properties":{"s":1.01},"geometry":{"type":"Point","coordinates":[80.7017,8.1085]}},{"type":"Feature","properties":{"s":0.92},"geometry":{"type":"Point","coordinates":[80.7,8.1523]}},{"type":"Feature","properties":{"s":0.96},"geometry":{"type":"Point","coordinates":[80.7056,8.0724]}},{"type":"Feature","properties":{"s":0.88},"geometry":{"type":"Point","coordinates":[80.7079,8.1049]}},{"type":"Feature","properties":{"s":0.98},"geometry":{"type":"Point","coordinates":[80.7115,8.1032]}},{"type":"Feature","properties":{"s":0.86},"geometry":{"type":"Point","coordinates":[80.7135,8.1219]}},{"type":"Feature","properties":{"s":0.98},"geometry":{"type":"Point","coordinates":[80.7132,8.1372]}},{"type":"Feature","properties":{"s":0.86},"geometry":{"type":"Point","coordinates":[80.7205,8.1265]}},{"type":"Feature","properties":{"s":1.09},"geometry":{"type":"Point","coordinates":[80.7234,8.1142]}},{"type":"Feature","properties":{"s":1.13},"geometry":{"type":"Point","coordinates":[80.7273,8.1431]}},{"type":"Feature","properties":{"s":1.16},"geometry":{"type":"Point","coordinates":[80.7323,8.1279]}},{"type":"Feature","properties":{"s":0.86},"geometry":{"type":"Point","coordinates":[80.7311,8.1638]}},{"type":"Feature","properties":{"s":1.19},"geometry":{"type":"Point","coordinates":[80.5924,8.8771]}},{"type":"Feature","properties":{"s":1.01},"geometry":{"type":"Point","coordinates":[80.5973,8.8643]}},{"type":"Feature","properties":{"s":0.94},"geometry":{"type":"Point","coordinates":[80.6035,8.8839]}},{"type":"Feature","properties":{"s":1.06},"geometry":{"type":"Point","coordinates":[80.6071,8.8587]}},{"type":"Feature","properties":{"s":1.08},"geometry":{"type":"Point","coordinates":[80.6078,8.8787]}},{"type":"Feature","properties":{"s":1.1},"geometry":{"type":"Point","coordinates":[80.6152,8.8698]}},{"type":"Feature","properties":{"s":0.93},"geometry":{"type":"Point","coordinates":[80.6164,8.89]}},{"type":"Feature","properties":{"s":1.19},"geometry":{"type":"Point","coordinates":[80.622,8.8761]}},{"type":"Feature","properties":{"s":0.83},"geometry":{"type":"Point","coordinates":[80.6262,8.8667]}},{"type":"Feature","properties":{"s":0.92},"geometry":{"type":"Point","coordinates":[80.6333,8.8482]}},{"type":"Feature","properties":{"s":0.92},"geometry":{"type":"Point","coordinates":[80.6331,8.8875]}},{"type":"Feature","properties":{"s":1.08},"geometry":{"type":"Point","coordinates":[80.6402,8.8737]}},{"type":"Feature","properties":{"s":1.17},"geometry":{"type":"Point","coordinates":[80.6406,8.9004]}},{"type":"Feature","properties":{"s":0.91},"geometry":{"type":"Point","coordinates":[80.6442,8.8793]}},{"type":"Feature","properties":{"s":1.03},"geometry":{"type":"Point","coordinates":[80.6466,8.906]}},{"type":"Feature","properties":{"s":1.15},"geometry":{"type":"Point","coordinates":[80.6549,8.9025]}},{"type":"Feature","properties":{"s":1.04},"geometry":{"type":"Point","coordinates":[80.6977,9.2115]}},{"type":"Feature","properties":{"s":0.86},"geometry":{"type":"Point","coordinates":[80.7156,9.2055]}},{"type":"Feature","properties":{"s":1},"geometry":{"type":"Point","coordinates":[80.7194,9.2122]}},{"type":"Feature","properties":{"s":0.98},"geometry":{"type":"Point","coordinates":[80.7194,9.2419]}},{"type":"Feature","properties":{"s":1.02},"geometry":{"type":"Point","coordinates":[80.7212,9.2563]}},{"type":"Feature","properties":{"s":0.95},"geometry":{"type":"Point","coordinates":[80.724,9.2225]}},{"type":"Feature","properties":{"s":1.07},"geometry":{"type":"Point","coordinates":[80.7325,9.2154]}},{"type":"Feature","properties":{"s":1.18},"geometry":{"type":"Point","coordinates":[80.7314,9.2341]}},{"type":"Feature","properties":{"s":0.82},"geometry":{"type":"Point","coordinates":[80.7314,9.2718]}},{"type":"Feature","properties":{"s":0.96},"geometry":{"type":"Point","coordinates":[80.7365,9.2149]}},{"type":"Feature","properties":{"s":0.83},"geometry":{"type":"Point","coordinates":[80.7384,9.2451]}},{"type":"Feature","properties":{"s":0.84},"geometry":{"type":"Point","coordinates":[80.7364,9.2658]}},{"type":"Feature","properties":{"s":0.92},"geometry":{"type":"Point","coordinates":[80.7426,9.2157]}},{"type":"Feature","properties":{"s":0.81},"geometry":{"type":"Point","coordinates":[80.744,9.2585]}},{"type":"Feature","properties":{"s":1.17},"geometry":{"type":"Point","coordinates":[80.7419,9.2754]}},{"type":"Feature","properties":{"s":0.89},"geometry":{"type":"Point","coordinates":[80.7488,9.2385]}},{"type":"Feature","properties":{"s":1},"geometry":{"type":"Point","coordinates":[80.7502,9.2593]}},{"type":"Feature","properties":{"s":1.01},"geometry":{"type":"Point","coordinates":[80.7552,9.2082]}},{"type":"Feature","properties":{"s":0.99},"geometry":{"type":"Point","coordinates":[80.7544,9.2576]}},{"type":"Feature","properties":{"s":0.91},"geometry":{"type":"Point","coordinates":[80.7598,9.2419]}},{"type":"Feature","properties":{"s":1.2},"geometry":{"type":"Point","coordinates":[80.7836,8.3433]}},{"type":"Feature","properties":{"s":0.9},"geometry":{"type":"Point","coordinates":[80.7901,8.3414]}},{"type":"Feature","properties":{"s":0.83},"geometry":{"type":"Point","coordinates":[80.8018,8.3473]}},{"type":"Feature","properties":{"s":1.12},"geometry":{"type":"Point","coordinates":[80.8071,8.3758]}},{"type":"Feature","properties":{"s":1.09},"geometry":{"type":"Point","coordinates":[80.8139,8.3519]}},{"type":"Feature","properties":{"s":0.84},"geometry":{"type":"Point","coordinates":[80.8149,8.4]}},{"type":"Feature","properties":{"s":1.06},"geometry":{"type":"Point","coordinates":[80.8196,8.3581]}},{"type":"Feature","properties":{"s":1.18},"geometry":{"type":"Point","coordinates":[80.8221,8.4418]}},{"type":"Feature","properties":{"s":0.98},"geometry":{"type":"Point","coordinates":[80.829,8.4083]}},{"type":"Feature","properties":{"s":1.2},"geometry":{"type":"Point","coordinates":[80.8269,8.43]}},{"type":"Feature","properties":{"s":1.07},"geometry":{"type":"Point","coordinates":[80.8315,8.3588]}},{"type":"Feature","properties":{"s":1.11},"geometry":{"type":"Point","coordinates":[80.8336,8.3798]}},{"type":"Feature","properties":{"s":0.86},"geometry":{"type":"Point","coordinates":[80.8342,8.4151]}},{"type":"Feature","properties":{"s":0.95},"geometry":{"type":"Point","coordinates":[80.8314,8.4393]}},{"type":"Feature","properties":{"s":0.81},"geometry":{"type":"Point","coordinates":[80.8339,8.454]}},{"type":"Feature","properties":{"s":0.96},"geometry":{"type":"Point","coordinates":[80.8411,8.3956]}},{"type":"Feature","properties":{"s":1.18},"geometry":{"type":"Point","coordinates":[80.8396,8.4306]}},{"type":"Feature","properties":{"s":1},"geometry":{"type":"Point","coordinates":[80.8468,8.4382]}},{"type":"Feature","properties":{"s":0.82},"geometry":{"type":"Point","coordinates":[80.9206,8.6361]}},{"type":"Feature","properties":{"s":0.91},"geometry":{"type":"Point","coordinates":[80.9184,8.6566]}},{"type":"Feature","properties":{"s":0.82},"geometry":{"type":"Point","coordinates":[80.9321,8.613]}},{"type":"Feature","properties":{"s":0.86},"geometry":{"type":"Point","coordinates":[80.9325,8.6512]}},{"type":"Feature","properties":{"s":0.8},"geometry":{"type":"Point","coordinates":[80.9374,8.6362]}},{"type":"Feature","properties":{"s":0.95},"geometry":{"type":"Point","coordinates":[80.9429,8.6149]}},{"type":"Feature","properties":{"s":0.92},"geometry":{"type":"Point","coordinates":[80.9442,8.6373]}},{"type":"Feature","properties":{"s":1.03},"geometry":{"type":"Point","coordinates":[80.9479,8.6215]}},{"type":"Feature","properties":{"s":1.1},"geometry":{"type":"Point","coordinates":[80.9481,8.6453]}},{"type":"Feature","properties":{"s":1.1},"geometry":{"type":"Point","coordinates":[80.9566,8.6028]}},{"type":"Feature","properties":{"s":0.94},"geometry":{"type":"Point","coordinates":[80.9553,8.6312]}},{"type":"Feature","properties":{"s":1.09},"geometry":{"type":"Point","coordinates":[80.9546,8.6574]}},{"type":"Feature","properties":{"s":1.1},"geometry":{"type":"Point","coordinates":[80.9598,8.6447]}},{"type":"Feature","properties":{"s":1.08},"geometry":{"type":"Point","coordinates":[80.9663,8.6028]}},{"type":"Feature","properties":{"s":0.96},"geometry":{"type":"Point","coordinates":[80.9683,8.6677]}},{"type":"Feature","properties":{"s":1.13},"geometry":{"type":"Point","coordinates":[80.9753,8.6598]}},{"type":"Feature","properties":{"s":1.04},"geometry":{"type":"Point","coordinates":[80.9794,8.6618]}},{"type":"Feature","properties":{"s":1.07},"geometry":{"type":"Point","coordinates":[80.9905,8.6632]}},{"type":"Feature","properties":{"s":0.94},"geometry":{"type":"Point","coordinates":[81.4826,7.3301]}},{"type":"Feature","properties":{"s":1.02},"geometry":{"type":"Point","coordinates":[81.4872,7.317]}},{"type":"Feature","properties":{"s":0.84},"geometry":{"type":"Point","coordinates":[81.4945,7.2925]}},{"type":"Feature","properties":{"s":1.06},"geometry":{"type":"Point","coordinates":[81.4957,7.3303]}},{"type":"Feature","properties":{"s":0.96},"geometry":{"type":"Point","coordinates":[81.4982,7.288]}},{"type":"Feature","properties":{"s":0.84},"geometry":{"type":"Point","coordinates":[81.5004,7.3123]}},{"type":"Feature","properties":{"s":1.14},"geometry":{"type":"Point","coordinates":[81.508,7.2802]}},{"type":"Feature","properties":{"s":1.19},"geometry":{"type":"Point","coordinates":[81.5046,7.312]}},{"type":"Feature","properties":{"s":0.89},"geometry":{"type":"Point","coordinates":[81.5106,7.2996]}},{"type":"Feature","properties":{"s":0.84},"geometry":{"type":"Point","coordinates":[81.5165,7.2888]}},{"type":"Feature","properties":{"s":1},"geometry":{"type":"Point","coordinates":[81.5172,7.312]}},{"type":"Feature","properties":{"s":1.08},"geometry":{"type":"Point","coordinates":[81.5231,7.2861]}},{"type":"Feature","properties":{"s":1.13},"geometry":{"type":"Point","coordinates":[81.5244,7.3037]}},{"type":"Feature","properties":{"s":1.1},"geometry":{"type":"Point","coordinates":[81.5298,7.3095]}},{"type":"Feature","properties":{"s":0.91},"geometry":{"type":"Point","coordinates":[81.5369,7.3156]}},{"type":"Feature","properties":{"s":0.96},"geometry":{"type":"Point","coordinates":[81.5407,7.3213]}},{"type":"Feature","properties":{"s":0.86},"geometry":{"type":"Point","coordinates":[80.575,9.4391]}},{"type":"Feature","properties":{"s":1.07},"geometry":{"type":"Point","coordinates":[80.5875,9.4105]}},{"type":"Feature","properties":{"s":0.89},"geometry":{"type":"Point","coordinates":[80.5874,9.4335]}},{"type":"Feature","properties":{"s":1.15},"geometry":{"type":"Point","coordinates":[80.592,9.4149]}},{"type":"Feature","properties":{"s":1.03},"geometry":{"type":"Point","coordinates":[80.5929,9.4462]}},{"type":"Feature","properties":{"s":0.84},"geometry":{"type":"Point","coordinates":[80.5999,9.4284]}},{"type":"Feature","properties":{"s":1.17},"geometry":{"type":"Point","coordinates":[80.6023,9.3936]}},{"type":"Feature","properties":{"s":0.95},"geometry":{"type":"Point","coordinates":[80.6084,9.3945]}},{"type":"Feature","properties":{"s":1.05},"geometry":{"type":"Point","coordinates":[80.6104,9.4159]}},{"type":"Feature","properties":{"s":1.03},"geometry":{"type":"Point","coordinates":[80.6157,9.4086]}},{"type":"Feature","properties":{"s":0.91},"geometry":{"type":"Point","coordinates":[80.62,9.421]}},{"type":"Feature","properties":{"s":0.93},"geometry":{"type":"Point","coordinates":[80.6261,9.4165]}},{"type":"Feature","properties":{"s":1.12},"geometry":{"type":"Point","coordinates":[80.6327,9.4209]}},{"type":"Feature","properties":{"s":1.17},"geometry":{"type":"Point","coordinates":[80.6392,9.4038]}},{"type":"Feature","properties":{"s":1.01},"geometry":{"type":"Point","coordinates":[80.6447,9.4031]}},{"type":"Feature","properties":{"s":0.86},"geometry":{"type":"Point","coordinates":[80.6526,9.386]}},{"type":"Feature","properties":{"s":1.16},"geometry":{"type":"Point","coordinates":[80.6566,9.3811]}},{"type":"Feature","properties":{"s":1.02},"geometry":{"type":"Point","coordinates":[80.6591,9.4033]}},{"type":"Feature","properties":{"s":0.84},"geometry":{"type":"Point","coordinates":[80.669,9.3869]}},{"type":"Feature","properties":{"s":1.03},"geometry":{"type":"Point","coordinates":[81.0728,7.5537]}},{"type":"Feature","properties":{"s":0.96},"geometry":{"type":"Point","coordinates":[81.0785,7.5573]}},{"type":"Feature","properties":{"s":0.82},"geometry":{"type":"Point","coordinates":[81.0848,7.5996]}},{"type":"Feature","properties":{"s":1.12},"geometry":{"type":"Point","coordinates":[81.0937,7.5945]}},{"type":"Feature","properties":{"s":0.89},"geometry":{"type":"Point","coordinates":[81.0932,7.6171]}},{"type":"Feature","properties":{"s":0.92},"geometry":{"type":"Point","coordinates":[81.099,7.6143]}},{"type":"Feature","properties":{"s":1.1},"geometry":{"type":"Point","coordinates":[81.0963,7.6349]}},{"type":"Feature","properties":{"s":0.88},"geometry":{"type":"Point","coordinates":[81.1045,7.6082]}},{"type":"Feature","properties":{"s":0.9},"geometry":{"type":"Point","coordinates":[81.1045,7.6228]}},{"type":"Feature","properties":{"s":1},"geometry":{"type":"Point","coordinates":[81.1054,7.6562]}},{"type":"Feature","properties":{"s":0.86},"geometry":{"type":"Point","coordinates":[81.1086,7.6298]}},{"type":"Feature","properties":{"s":1.18},"geometry":{"type":"Point","coordinates":[81.1102,7.6602]}},{"type":"Feature","properties":{"s":0.91},"geometry":{"type":"Point","coordinates":[81.1143,7.6501]}},{"type":"Feature","properties":{"s":1.09},"geometry":{"type":"Point","coordinates":[81.1235,7.6165]}},{"type":"Feature","properties":{"s":0.83},"geometry":{"type":"Point","coordinates":[81.1226,7.6351]}},{"type":"Feature","properties":{"s":1.18},"geometry":{"type":"Point","coordinates":[81.1289,7.6257]}},{"type":"Feature","properties":{"s":0.81},"geometry":{"type":"Point","coordinates":[81.1277,7.6469]}},{"type":"Feature","properties":{"s":1},"geometry":{"type":"Point","coordinates":[81.1336,7.6308]}},{"type":"Feature","properties":{"s":0.81},"geometry":{"type":"Point","coordinates":[81.1344,7.6618]}},{"type":"Feature","properties":{"s":0.91},"geometry":{"type":"Point","coordinates":[81.1383,7.6537]}},{"type":"Feature","properties":{"s":1.07},"geometry":{"type":"Point","coordinates":[81.1541,7.6498]}},{"type":"Feature","properties":{"s":0.95},"geometry":{"type":"Point","coordinates":[81.1649,7.6483]}},{"type":"Feature","properties":{"s":0.86},"geometry":{"type":"Point","coordinates":[81.1706,7.6557]}},{"type":"Feature","properties":{"s":1.17},"geometry":{"type":"Point","coordinates":[80.8008,6.611]}},{"type":"Feature","properties":{"s":1.08},"geometry":{"type":"Point","coordinates":[80.8084,6.6253]}},{"type":"Feature","properties":{"s":1.18},"geometry":{"type":"Point","coordinates":[80.8077,6.6709]}},{"type":"Feature","properties":{"s":1.11},"geometry":{"type":"Point","coordinates":[80.8132,6.6248]}},{"type":"Feature","properties":{"s":0.94},"geometry":{"type":"Point","coordinates":[80.8178,6.6471]}},{"type":"Feature","properties":{"s":0.8},"geometry":{"type":"Point","coordinates":[80.8169,6.6677]}},{"type":"Feature","properties":{"s":0.94},"geometry":{"type":"Point","coordinates":[80.8238,6.6482]}},{"type":"Feature","properties":{"s":0.93},"geometry":{"type":"Point","coordinates":[80.8248,6.6709]}},{"type":"Feature","properties":{"s":1.14},"geometry":{"type":"Point","coordinates":[80.8303,6.6383]}},{"type":"Feature","properties":{"s":1.03},"geometry":{"type":"Point","coordinates":[80.8321,6.6618]}},{"type":"Feature","properties":{"s":0.86},"geometry":{"type":"Point","coordinates":[80.8364,6.632]}},{"type":"Feature","properties":{"s":0.93},"geometry":{"type":"Point","coordinates":[80.8426,6.624]}},{"type":"Feature","properties":{"s":0.97},"geometry":{"type":"Point","coordinates":[80.8413,6.6559]}},{"type":"Feature","properties":{"s":1.11},"geometry":{"type":"Point","coordinates":[80.8497,6.6507]}},{"type":"Feature","properties":{"s":0.92},"geometry":{"type":"Point","coordinates":[80.8648,6.6624]}},{"type":"Feature","properties":{"s":0.86},"geometry":{"type":"Point","coordinates":[80.3468,8.7847]}},{"type":"Feature","properties":{"s":0.98},"geometry":{"type":"Point","coordinates":[80.353,8.7981]}},{"type":"Feature","properties":{"s":1.11},"geometry":{"type":"Point","coordinates":[80.3509,8.8125]}},{"type":"Feature","properties":{"s":0.89},"geometry":{"type":"Point","coordinates":[80.3587,8.7984]}},{"type":"Feature","properties":{"s":1.18},"geometry":{"type":"Point","coordinates":[80.3646,8.7725]}},{"type":"Feature","properties":{"s":0.96},"geometry":{"type":"Point","coordinates":[80.3628,8.7914]}},{"type":"Feature","properties":{"s":1.03},"geometry":{"type":"Point","coordinates":[80.366,8.8224]}},{"type":"Feature","properties":{"s":1.17},"geometry":{"type":"Point","coordinates":[80.3652,8.8406]}},{"type":"Feature","properties":{"s":0.81},"geometry":{"type":"Point","coordinates":[80.3718,8.7965]}},{"type":"Feature","properties":{"s":0.82},"geometry":{"type":"Point","coordinates":[80.3696,8.8318]}},{"type":"Feature","properties":{"s":1.17},"geometry":{"type":"Point","coordinates":[80.3771,8.7967]}},{"type":"Feature","properties":{"s":0.84},"geometry":{"type":"Point","coordinates":[80.3838,8.7737]}},{"type":"Feature","properties":{"s":1.19},"geometry":{"type":"Point","coordinates":[80.3812,8.8087]}},{"type":"Feature","properties":{"s":1.18},"geometry":{"type":"Point","coordinates":[80.3893,8.7893]}},{"type":"Feature","properties":{"s":0.96},"geometry":{"type":"Point","coordinates":[80.395,8.7674]}},{"type":"Feature","properties":{"s":0.84},"geometry":{"type":"Point","coordinates":[80.3921,8.7945]}},{"type":"Feature","properties":{"s":0.92},"geometry":{"type":"Point","coordinates":[80.4067,8.7768]}},{"type":"Feature","properties":{"s":0.81},"geometry":{"type":"Point","coordinates":[80.4113,8.7726]}},{"type":"Feature","properties":{"s":0.8},"geometry":{"type":"Point","coordinates":[80.6341,6.7393]}},{"type":"Feature","properties":{"s":1.12},"geometry":{"type":"Point","coordinates":[80.6402,6.7412]}},{"type":"Feature","properties":{"s":1.16},"geometry":{"type":"Point","coordinates":[80.6375,6.7578]}},{"type":"Feature","properties":{"s":0.81},"geometry":{"type":"Point","coordinates":[80.6378,6.7819]}},{"type":"Feature","properties":{"s":1.03},"geometry":{"type":"Point","coordinates":[80.6434,6.755]}},{"type":"Feature","properties":{"s":1.05},"geometry":{"type":"Point","coordinates":[80.6429,6.7826]}},{"type":"Feature","properties":{"s":0.83},"geometry":{"type":"Point","coordinates":[80.6515,6.7583]}},{"type":"Feature","properties":{"s":1},"geometry":{"type":"Point","coordinates":[80.6518,6.7852]}},{"type":"Feature","properties":{"s":0.95},"geometry":{"type":"Point","coordinates":[80.6573,6.7782]}},{"type":"Feature","properties":{"s":1.17},"geometry":{"type":"Point","coordinates":[80.6643,6.7454]}},{"type":"Feature","properties":{"s":0.9},"geometry":{"type":"Point","coordinates":[80.6641,6.7794]}},{"type":"Feature","properties":{"s":1.01},"geometry":{"type":"Point","coordinates":[80.6692,6.7473]}},{"type":"Feature","properties":{"s":0.87},"geometry":{"type":"Point","coordinates":[80.6681,6.7633]}},{"type":"Feature","properties":{"s":1.19},"geometry":{"type":"Point","coordinates":[80.675,6.7576]}},{"type":"Feature","properties":{"s":1.1},"geometry":{"type":"Point","coordinates":[80.6828,6.7415]}},{"type":"Feature","properties":{"s":1.11},"geometry":{"type":"Point","coordinates":[80.6889,6.7486]}},{"type":"Feature","properties":{"s":0.88},"geometry":{"type":"Point","coordinates":[79.8481,8.2827]}},{"type":"Feature","properties":{"s":0.83},"geometry":{"type":"Point","coordinates":[79.8957,8.2434]}},{"type":"Feature","properties":{"s":0.95},"geometry":{"type":"Point","coordinates":[79.9037,8.2439]}},{"type":"Feature","properties":{"s":1.09},"geometry":{"type":"Point","coordinates":[79.9024,8.2596]}},{"type":"Feature","properties":{"s":0.88},"geometry":{"type":"Point","coordinates":[79.907,8.2485]}},{"type":"Feature","properties":{"s":0.96},"geometry":{"type":"Point","coordinates":[79.9096,8.2648]}},{"type":"Feature","properties":{"s":1.06},"geometry":{"type":"Point","coordinates":[79.9204,8.2286]}},{"type":"Feature","properties":{"s":0.81},"geometry":{"type":"Point","coordinates":[79.9198,8.2467]}},{"type":"Feature","properties":{"s":1.17},"geometry":{"type":"Point","coordinates":[79.9266,8.224]}},{"type":"Feature","properties":{"s":1.04},"geometry":{"type":"Point","coordinates":[79.9279,8.2538]}},{"type":"Feature","properties":{"s":1.19},"geometry":{"type":"Point","coordinates":[79.9307,8.2234]}},{"type":"Feature","properties":{"s":1.13},"geometry":{"type":"Point","coordinates":[79.9375,8.2173]}},{"type":"Feature","properties":{"s":1.05},"geometry":{"type":"Point","coordinates":[79.9381,8.2406]}},{"type":"Feature","properties":{"s":0.85},"geometry":{"type":"Point","coordinates":[79.9423,8.2176]}},{"type":"Feature","properties":{"s":0.83},"geometry":{"type":"Point","coordinates":[79.9503,8.2242]}},{"type":"Feature","properties":{"s":1.07},"geometry":{"type":"Point","coordinates":[79.9512,8.2426]}},{"type":"Feature","properties":{"s":1.15},"geometry":{"type":"Point","coordinates":[79.956,8.2441]}},{"type":"Feature","properties":{"s":0.9},"geometry":{"type":"Point","coordinates":[81.3886,7.9701]}},{"type":"Feature","properties":{"s":1.06},"geometry":{"type":"Point","coordinates":[81.3885,7.9983]}},{"type":"Feature","properties":{"s":0.91},"geometry":{"type":"Point","coordinates":[81.397,7.977]}},{"type":"Feature","properties":{"s":1.16},"geometry":{"type":"Point","coordinates":[81.4032,7.9738]}},{"type":"Feature","properties":{"s":0.8},"geometry":{"type":"Point","coordinates":[81.4096,7.9772]}},{"type":"Feature","properties":{"s":0.83},"geometry":{"type":"Point","coordinates":[81.4105,8.0072]}},{"type":"Feature","properties":{"s":0.87},"geometry":{"type":"Point","coordinates":[81.4154,8.0004]}},{"type":"Feature","properties":{"s":0.91},"geometry":{"type":"Point","coordinates":[81.4209,7.9868]}},{"type":"Feature","properties":{"s":0.98},"geometry":{"type":"Point","coordinates":[81.4241,8.0065]}},{"type":"Feature","properties":{"s":1.09},"geometry":{"type":"Point","coordinates":[81.4299,8.0009]}},{"type":"Feature","properties":{"s":0.95},"geometry":{"type":"Point","coordinates":[81.4365,7.9742]}},{"type":"Feature","properties":{"s":1},"geometry":{"type":"Point","coordinates":[81.4346,7.9994]}},{"type":"Feature","properties":{"s":1.12},"geometry":{"type":"Point","coordinates":[81.4418,7.9988]}},{"type":"Feature","properties":{"s":1.16},"geometry":{"type":"Point","coordinates":[81.4466,7.9931]}},{"type":"Feature","properties":{"s":1.18},"geometry":{"type":"Point","coordinates":[81.4514,7.9948]}},{"type":"Feature","properties":{"s":1.06},"geometry":{"type":"Point","coordinates":[80.8983,8.231]}},{"type":"Feature","properties":{"s":0.86},"geometry":{"type":"Point","coordinates":[80.9235,8.2497]}},{"type":"Feature","properties":{"s":0.82},"geometry":{"type":"Point","coordinates":[80.9267,8.2537]}},{"type":"Feature","properties":{"s":0.92},"geometry":{"type":"Point","coordinates":[80.9268,8.2706]}},{"type":"Feature","properties":{"s":0.82},"geometry":{"type":"Point","coordinates":[80.9334,8.2836]}},{"type":"Feature","properties":{"s":0.89},"geometry":{"type":"Point","coordinates":[80.9438,8.2737]}},{"type":"Feature","properties":{"s":0.8},"geometry":{"type":"Point","coordinates":[80.9522,8.2806]}},{"type":"Feature","properties":{"s":0.83},"geometry":{"type":"Point","coordinates":[80.9592,8.2654]}},{"type":"Feature","properties":{"s":0.81},"geometry":{"type":"Point","coordinates":[80.9572,8.2899]}},{"type":"Feature","properties":{"s":0.88},"geometry":{"type":"Point","coordinates":[80.965,8.2783]}},{"type":"Feature","properties":{"s":0.92},"geometry":{"type":"Point","coordinates":[80.9622,8.3084]}},{"type":"Feature","properties":{"s":0.84},"geometry":{"type":"Point","coordinates":[80.9697,8.2834]}},{"type":"Feature","properties":{"s":1},"geometry":{"type":"Point","coordinates":[80.9716,8.3071]}},{"type":"Feature","properties":{"s":1.13},"geometry":{"type":"Point","coordinates":[80.9748,8.3072]}},{"type":"Feature","properties":{"s":0.93},"geometry":{"type":"Point","coordinates":[80.9833,8.289]}},{"type":"Feature","properties":{"s":1.01},"geometry":{"type":"Point","coordinates":[81.0201,7.8415]}},{"type":"Feature","properties":{"s":1.03},"geometry":{"type":"Point","coordinates":[81.0407,7.8398]}},{"type":"Feature","properties":{"s":1.01},"geometry":{"type":"Point","coordinates":[81.0438,7.8405]}},{"type":"Feature","properties":{"s":1},"geometry":{"type":"Point","coordinates":[81.0618,7.8571]}},{"type":"Feature","properties":{"s":0.8},"geometry":{"type":"Point","coordinates":[81.067,7.859]}},{"type":"Feature","properties":{"s":1.05},"geometry":{"type":"Point","coordinates":[81.0727,7.8544]}},{"type":"Feature","properties":{"s":1.03},"geometry":{"type":"Point","coordinates":[81.0752,7.8842]}},{"type":"Feature","properties":{"s":1.08},"geometry":{"type":"Point","coordinates":[81.0812,7.8832]}},{"type":"Feature","properties":{"s":0.92},"geometry":{"type":"Point","coordinates":[81.088,7.8655]}},{"type":"Feature","properties":{"s":0.91},"geometry":{"type":"Point","coordinates":[81.0846,7.8907]}},{"type":"Feature","properties":{"s":1.05},"geometry":{"type":"Point","coordinates":[81.0925,7.877]}},{"type":"Feature","properties":{"s":1.05},"geometry":{"type":"Point","coordinates":[81.0923,7.9077]}},{"type":"Feature","properties":{"s":1.02},"geometry":{"type":"Point","coordinates":[81.1048,7.8786]}},{"type":"Feature","properties":{"s":0.89},"geometry":{"type":"Point","coordinates":[81.11,7.8848]}},{"type":"Feature","properties":{"s":1.16},"geometry":{"type":"Point","coordinates":[80.6357,8.1028]}},{"type":"Feature","properties":{"s":1.06},"geometry":{"type":"Point","coordinates":[80.6406,8.1137]}},{"type":"Feature","properties":{"s":0.82},"geometry":{"type":"Point","coordinates":[80.647,8.1028]}},{"type":"Feature","properties":{"s":0.88},"geometry":{"type":"Point","coordinates":[80.6455,8.1308]}},{"type":"Feature","properties":{"s":1.07},"geometry":{"type":"Point","coordinates":[80.6535,8.1339]}},{"type":"Feature","properties":{"s":1.09},"geometry":{"type":"Point","coordinates":[80.6563,8.1018]}},{"type":"Feature","properties":{"s":0.98},"geometry":{"type":"Point","coordinates":[80.6563,8.1385]}},{"type":"Feature","properties":{"s":1.01},"geometry":{"type":"Point","coordinates":[80.6584,8.1608]}},{"type":"Feature","properties":{"s":1.15},"geometry":{"type":"Point","coordinates":[80.6621,8.11]}},{"type":"Feature","properties":{"s":0.87},"geometry":{"type":"Point","coordinates":[80.6632,8.1443]}},{"type":"Feature","properties":{"s":0.97},"geometry":{"type":"Point","coordinates":[80.666,8.1608]}},{"type":"Feature","properties":{"s":1},"geometry":{"type":"Point","coordinates":[80.6714,8.1194]}},{"type":"Feature","properties":{"s":0.95},"geometry":{"type":"Point","coordinates":[80.6687,8.1372]}},{"type":"Feature","properties":{"s":0.88},"geometry":{"type":"Point","coordinates":[80.6719,8.1611]}},{"type":"Feature","properties":{"s":0.85},"geometry":{"type":"Point","coordinates":[80.676,8.1342]}},{"type":"Feature","properties":{"s":0.82},"geometry":{"type":"Point","coordinates":[80.6774,8.1495]}},{"type":"Feature","properties":{"s":1.08},"geometry":{"type":"Point","coordinates":[80.6819,8.1442]}},{"type":"Feature","properties":{"s":0.89},"geometry":{"type":"Point","coordinates":[80.6356,8.1143]}},{"type":"Feature","properties":{"s":0.86},"geometry":{"type":"Point","coordinates":[80.6393,8.1164]}},{"type":"Feature","properties":{"s":1.04},"geometry":{"type":"Point","coordinates":[80.6459,8.1088]}},{"type":"Feature","properties":{"s":1},"geometry":{"type":"Point","coordinates":[80.6441,8.1309]}},{"type":"Feature","properties":{"s":0.95},"geometry":{"type":"Point","coordinates":[80.6528,8.1093]}},{"type":"Feature","properties":{"s":1.1},"geometry":{"type":"Point","coordinates":[80.6525,8.1377]}},{"type":"Feature","properties":{"s":0.96},"geometry":{"type":"Point","coordinates":[80.6586,8.1143]}},{"type":"Feature","properties":{"s":0.89},"geometry":{"type":"Point","coordinates":[80.659,8.1365]}},{"type":"Feature","properties":{"s":0.88},"geometry":{"type":"Point","coordinates":[80.6591,8.1581]}},{"type":"Feature","properties":{"s":1.03},"geometry":{"type":"Point","coordinates":[80.6622,8.1199]}},{"type":"Feature","properties":{"s":1.16},"geometry":{"type":"Point","coordinates":[80.662,8.1384]}},{"type":"Feature","properties":{"s":1.13},"geometry":{"type":"Point","coordinates":[80.6626,8.1633]}},{"type":"Feature","properties":{"s":1.14},"geometry":{"type":"Point","coordinates":[80.6688,8.0966]}},{"type":"Feature","properties":{"s":1.17},"geometry":{"type":"Point","coordinates":[80.6695,8.1221]}},{"type":"Feature","properties":{"s":1.14},"geometry":{"type":"Point","coordinates":[80.6702,8.149]}},{"type":"Feature","properties":{"s":1.07},"geometry":{"type":"Point","coordinates":[80.6683,8.1704]}},{"type":"Feature","properties":{"s":1.06},"geometry":{"type":"Point","coordinates":[80.6747,8.1126]}},{"type":"Feature","properties":{"s":1.09},"geometry":{"type":"Point","coordinates":[80.6751,8.1303]}},{"type":"Feature","properties":{"s":0.92},"geometry":{"type":"Point","coordinates":[80.6741,8.149]}},{"type":"Feature","properties":{"s":1.15},"geometry":{"type":"Point","coordinates":[80.6888,8.1463]}},{"type":"Feature","properties":{"s":0.96},"geometry":{"type":"Point","coordinates":[80.1253,6.42]}},{"type":"Feature","properties":{"s":1.03},"geometry":{"type":"Point","coordinates":[80.1292,6.4309]}},{"type":"Feature","properties":{"s":0.84},"geometry":{"type":"Point","coordinates":[80.1416,6.3716]}},{"type":"Feature","properties":{"s":1.13},"geometry":{"type":"Point","coordinates":[80.142,6.3891]}},{"type":"Feature","properties":{"s":1.1},"geometry":{"type":"Point","coordinates":[80.149,6.3775]}},{"type":"Feature","properties":{"s":0.89},"geometry":{"type":"Point","coordinates":[80.1493,6.4073]}},{"type":"Feature","properties":{"s":0.87},"geometry":{"type":"Point","coordinates":[80.1546,6.3882]}},{"type":"Feature","properties":{"s":0.98},"geometry":{"type":"Point","coordinates":[80.1535,6.4061]}},{"type":"Feature","properties":{"s":0.9},"geometry":{"type":"Point","coordinates":[80.1572,6.3788]}},{"type":"Feature","properties":{"s":0.82},"geometry":{"type":"Point","coordinates":[80.1632,6.3789]}},{"type":"Feature","properties":{"s":0.82},"geometry":{"type":"Point","coordinates":[80.1653,6.4032]}},{"type":"Feature","properties":{"s":1.15},"geometry":{"type":"Point","coordinates":[80.1716,6.3794]}},{"type":"Feature","properties":{"s":0.99},"geometry":{"type":"Point","coordinates":[80.1696,6.4063]}},{"type":"Feature","properties":{"s":0.89},"geometry":{"type":"Point","coordinates":[80.1851,6.3782]}},{"type":"Feature","properties":{"s":0.81},"geometry":{"type":"Point","coordinates":[80.5407,6.4324]}},{"type":"Feature","properties":{"s":1.04},"geometry":{"type":"Point","coordinates":[80.5466,6.4357]}},{"type":"Feature","properties":{"s":1.13},"geometry":{"type":"Point","coordinates":[80.56,6.4262]}},{"type":"Feature","properties":{"s":1.19},"geometry":{"type":"Point","coordinates":[80.5586,6.4423]}},{"type":"Feature","properties":{"s":0.95},"geometry":{"type":"Point","coordinates":[80.5695,6.4446]}},{"type":"Feature","properties":{"s":1},"geometry":{"type":"Point","coordinates":[80.5821,6.4253]}},{"type":"Feature","properties":{"s":0.99},"geometry":{"type":"Point","coordinates":[80.5823,6.4474]}},{"type":"Feature","properties":{"s":0.95},"geometry":{"type":"Point","coordinates":[80.5906,6.4473]}},{"type":"Feature","properties":{"s":0.95},"geometry":{"type":"Point","coordinates":[80.5957,6.45]}},{"type":"Feature","properties":{"s":1.05},"geometry":{"type":"Point","coordinates":[80.6021,6.4327]}},{"type":"Feature","properties":{"s":0.88},"geometry":{"type":"Point","coordinates":[80.5994,6.4472]}},{"type":"Feature","properties":{"s":0.95},"geometry":{"type":"Point","coordinates":[80.6079,6.4208]}},{"type":"Feature","properties":{"s":1.08},"geometry":{"type":"Point","coordinates":[80.6068,6.4489]}},{"type":"Feature","properties":{"s":1.06},"geometry":{"type":"Point","coordinates":[80.615,6.4371]}},{"type":"Feature","properties":{"s":1.16},"geometry":{"type":"Point","coordinates":[80.6185,6.4233]}},{"type":"Feature","properties":{"s":0.97},"geometry":{"type":"Point","coordinates":[80.6263,6.4421]}},{"type":"Feature","properties":{"s":1.04},"geometry":{"type":"Point","coordinates":[81.2618,6.7749]}},{"type":"Feature","properties":{"s":0.98},"geometry":{"type":"Point","coordinates":[81.2596,6.8098]}},{"type":"Feature","properties":{"s":0.85},"geometry":{"type":"Point","coordinates":[81.261,6.8483]}},{"type":"Feature","properties":{"s":1.08},"geometry":{"type":"Point","coordinates":[81.2666,6.8036]}},{"type":"Feature","properties":{"s":0.99},"geometry":{"type":"Point","coordinates":[81.2685,6.8278]}},{"type":"Feature","properties":{"s":0.91},"geometry":{"type":"Point","coordinates":[81.2706,6.7871]}},{"type":"Feature","properties":{"s":1.01},"geometry":{"type":"Point","coordinates":[81.2737,6.8098]}},{"type":"Feature","properties":{"s":0.96},"geometry":{"type":"Point","coordinates":[81.274,6.8338]}},{"type":"Feature","properties":{"s":1.09},"geometry":{"type":"Point","coordinates":[81.2797,6.7996]}},{"type":"Feature","properties":{"s":0.91},"geometry":{"type":"Point","coordinates":[81.2789,6.8425]}},{"type":"Feature","properties":{"s":0.88},"geometry":{"type":"Point","coordinates":[81.2849,6.806]}},{"type":"Feature","properties":{"s":1.07},"geometry":{"type":"Point","coordinates":[81.2829,6.8484]}},{"type":"Feature","properties":{"s":1.05},"geometry":{"type":"Point","coordinates":[81.2843,6.8815]}},{"type":"Feature","properties":{"s":1.06},"geometry":{"type":"Point","coordinates":[81.2906,6.8543]}},{"type":"Feature","properties":{"s":0.98},"geometry":{"type":"Point","coordinates":[81.0863,8.6733]}},{"type":"Feature","properties":{"s":0.92},"geometry":{"type":"Point","coordinates":[81.0918,8.6805]}},{"type":"Feature","properties":{"s":0.9},"geometry":{"type":"Point","coordinates":[81.0953,8.6585]}},{"type":"Feature","properties":{"s":0.85},"geometry":{"type":"Point","coordinates":[81.0984,8.6773]}},{"type":"Feature","properties":{"s":1.16},"geometry":{"type":"Point","coordinates":[81.1007,8.6583]}},{"type":"Feature","properties":{"s":0.99},"geometry":{"type":"Point","coordinates":[81.1033,8.6947]}},{"type":"Feature","properties":{"s":1.1},"geometry":{"type":"Point","coordinates":[81.1087,8.6564]}},{"type":"Feature","properties":{"s":0.93},"geometry":{"type":"Point","coordinates":[81.1098,8.6756]}},{"type":"Feature","properties":{"s":0.93},"geometry":{"type":"Point","coordinates":[81.1085,8.6933]}},{"type":"Feature","properties":{"s":1.12},"geometry":{"type":"Point","coordinates":[81.1134,8.6933]}},{"type":"Feature","properties":{"s":0.84},"geometry":{"type":"Point","coordinates":[81.1223,8.6696]}},{"type":"Feature","properties":{"s":0.85},"geometry":{"type":"Point","coordinates":[81.1275,8.6687]}},{"type":"Feature","properties":{"s":0.91},"geometry":{"type":"Point","coordinates":[81.125,8.7067]}},{"type":"Feature","properties":{"s":1.12},"geometry":{"type":"Point","coordinates":[81.1395,8.6974]}},{"type":"Feature","properties":{"s":1.11},"geometry":{"type":"Point","coordinates":[80.6781,8.9882]}},{"type":"Feature","properties":{"s":0.9},"geometry":{"type":"Point","coordinates":[80.6843,8.981]}},{"type":"Feature","properties":{"s":1.2},"geometry":{"type":"Point","coordinates":[80.6917,8.9789]}},{"type":"Feature","properties":{"s":1.03},"geometry":{"type":"Point","coordinates":[80.691,8.9989]}},{"type":"Feature","properties":{"s":0.98},"geometry":{"type":"Point","coordinates":[80.6949,8.993]}},{"type":"Feature","properties":{"s":1.03},"geometry":{"type":"Point","coordinates":[80.701,8.9605]}},{"type":"Feature","properties":{"s":1.11},"geometry":{"type":"Point","coordinates":[80.6999,8.9796]}},{"type":"Feature","properties":{"s":1.11},"geometry":{"type":"Point","coordinates":[80.709,8.9616]}},{"type":"Feature","properties":{"s":0.91},"geometry":{"type":"Point","coordinates":[80.7136,8.9502]}},{"type":"Feature","properties":{"s":1.16},"geometry":{"type":"Point","coordinates":[80.7127,8.9905]}},{"type":"Feature","properties":{"s":1.13},"geometry":{"type":"Point","coordinates":[80.7211,8.9614]}},{"type":"Feature","properties":{"s":1.17},"geometry":{"type":"Point","coordinates":[80.7185,8.9869]}},{"type":"Feature","properties":{"s":0.86},"geometry":{"type":"Point","coordinates":[80.7243,8.9615]}},{"type":"Feature","properties":{"s":1},"geometry":{"type":"Point","coordinates":[80.7298,8.946]}},{"type":"Feature","properties":{"s":1.2},"geometry":{"type":"Point","coordinates":[80.7324,8.9698]}},{"type":"Feature","properties":{"s":0.89},"geometry":{"type":"Point","coordinates":[80.7364,8.9507]}},{"type":"Feature","properties":{"s":0.87},"geometry":{"type":"Point","coordinates":[80.7425,8.9486]}},{"type":"Feature","properties":{"s":1.19},"geometry":{"type":"Point","coordinates":[80.6875,9.1291]}},{"type":"Feature","properties":{"s":0.98},"geometry":{"type":"Point","coordinates":[80.6957,9.1472]}},{"type":"Feature","properties":{"s":0.94},"geometry":{"type":"Point","coordinates":[80.6993,9.1361]}},{"type":"Feature","properties":{"s":0.87},"geometry":{"type":"Point","coordinates":[80.6989,9.1575]}},{"type":"Feature","properties":{"s":0.86},"geometry":{"type":"Point","coordinates":[80.6997,9.1809]}},{"type":"Feature","properties":{"s":0.81},"geometry":{"type":"Point","coordinates":[80.7039,9.1646]}},{"type":"Feature","properties":{"s":1.1},"geometry":{"type":"Point","coordinates":[80.7133,9.1639]}},{"type":"Feature","properties":{"s":1.12},"geometry":{"type":"Point","coordinates":[80.7191,9.1641]}},{"type":"Feature","properties":{"s":1.14},"geometry":{"type":"Point","coordinates":[80.7171,9.1878]}},{"type":"Feature","properties":{"s":0.83},"geometry":{"type":"Point","coordinates":[80.7222,9.1885]}},{"type":"Feature","properties":{"s":0.95},"geometry":{"type":"Point","coordinates":[80.7296,9.1903]}},{"type":"Feature","properties":{"s":0.88},"geometry":{"type":"Point","coordinates":[80.7436,9.1896]}},{"type":"Feature","properties":{"s":1.12},"geometry":{"type":"Point","coordinates":[80.7487,9.2005]}},{"type":"Feature","properties":{"s":1.1},"geometry":{"type":"Point","coordinates":[80.7618,9.206]}},{"type":"Feature","properties":{"s":0.86},"geometry":{"type":"Point","coordinates":[80.5277,9.0437]}},{"type":"Feature","properties":{"s":0.89},"geometry":{"type":"Point","coordinates":[80.5327,8.9906]}},{"type":"Feature","properties":{"s":0.82},"geometry":{"type":"Point","coordinates":[80.5321,9.0133]}},{"type":"Feature","properties":{"s":0.93},"geometry":{"type":"Point","coordinates":[80.5317,9.0469]}},{"type":"Feature","properties":{"s":0.91},"geometry":{"type":"Point","coordinates":[80.5407,9.0023]}},{"type":"Feature","properties":{"s":1.09},"geometry":{"type":"Point","coordinates":[80.5411,9.0438]}},{"type":"Feature","properties":{"s":0.88},"geometry":{"type":"Point","coordinates":[80.5462,9.0082]}},{"type":"Feature","properties":{"s":1.07},"geometry":{"type":"Point","coordinates":[80.5469,9.0476]}},{"type":"Feature","properties":{"s":0.85},"geometry":{"type":"Point","coordinates":[80.5519,9.0468]}},{"type":"Feature","properties":{"s":1.09},"geometry":{"type":"Point","coordinates":[80.5628,9.0315]}},{"type":"Feature","properties":{"s":1.11},"geometry":{"type":"Point","coordinates":[80.5768,9.0294]}},{"type":"Feature","properties":{"s":1.05},"geometry":{"type":"Point","coordinates":[80.5798,9.0182]}},{"type":"Feature","properties":{"s":1.02},"geometry":{"type":"Point","coordinates":[80.5803,9.0414]}},{"type":"Feature","properties":{"s":0.81},"geometry":{"type":"Point","coordinates":[81.66,7.3387]}},{"type":"Feature","properties":{"s":0.91},"geometry":{"type":"Point","coordinates":[81.666,7.3332]}},{"type":"Feature","properties":{"s":0.98},"geometry":{"type":"Point","coordinates":[81.6719,7.3214]}},{"type":"Feature","properties":{"s":1.06},"geometry":{"type":"Point","coordinates":[81.6687,7.3421]}},{"type":"Feature","properties":{"s":1.09},"geometry":{"type":"Point","coordinates":[81.6769,7.3533]}},{"type":"Feature","properties":{"s":1.15},"geometry":{"type":"Point","coordinates":[81.6818,7.3166]}},{"type":"Feature","properties":{"s":1.06},"geometry":{"type":"Point","coordinates":[81.6829,7.3346]}},{"type":"Feature","properties":{"s":0.81},"geometry":{"type":"Point","coordinates":[81.6898,7.3178]}},{"type":"Feature","properties":{"s":0.9},"geometry":{"type":"Point","coordinates":[81.6888,7.3511]}},{"type":"Feature","properties":{"s":1.07},"geometry":{"type":"Point","coordinates":[81.6961,7.3211]}},{"type":"Feature","properties":{"s":1.06},"geometry":{"type":"Point","coordinates":[81.6942,7.3532]}},{"type":"Feature","properties":{"s":1.01},"geometry":{"type":"Point","coordinates":[81.6988,7.3329]}},{"type":"Feature","properties":{"s":0.9},"geometry":{"type":"Point","coordinates":[81.7001,7.3567]}},{"type":"Feature","properties":{"s":1.04},"geometry":{"type":"Point","coordinates":[81.7056,7.346]}},{"type":"Feature","properties":{"s":1.1},"geometry":{"type":"Point","coordinates":[81.0365,8.2222]}},{"type":"Feature","properties":{"s":0.84},"geometry":{"type":"Point","coordinates":[81.0423,8.2132]}},{"type":"Feature","properties":{"s":1.13},"geometry":{"type":"Point","coordinates":[81.0474,8.2031]}},{"type":"Feature","properties":{"s":1.15},"geometry":{"type":"Point","coordinates":[81.0481,8.2321]}},{"type":"Feature","properties":{"s":0.87},"geometry":{"type":"Point","coordinates":[81.0542,8.2218]}},{"type":"Feature","properties":{"s":1.13},"geometry":{"type":"Point","coordinates":[81.0585,8.2103]}},{"type":"Feature","properties":{"s":0.86},"geometry":{"type":"Point","coordinates":[81.0646,8.1894]}},{"type":"Feature","properties":{"s":0.99},"geometry":{"type":"Point","coordinates":[81.0642,8.2158]}},{"type":"Feature","properties":{"s":1.07},"geometry":{"type":"Point","coordinates":[81.0695,8.1722]}},{"type":"Feature","properties":{"s":1.07},"geometry":{"type":"Point","coordinates":[81.0726,8.1967]}},{"type":"Feature","properties":{"s":1.14},"geometry":{"type":"Point","coordinates":[81.0713,8.2282]}},{"type":"Feature","properties":{"s":0.89},"geometry":{"type":"Point","coordinates":[81.0766,8.1899]}},{"type":"Feature","properties":{"s":0.95},"geometry":{"type":"Point","coordinates":[81.0755,8.2195]}},{"type":"Feature","properties":{"s":0.94},"geometry":{"type":"Point","coordinates":[81.0837,8.1615]}},{"type":"Feature","properties":{"s":0.84},"geometry":{"type":"Point","coordinates":[81.0842,8.2029]}},{"type":"Feature","properties":{"s":1.1},"geometry":{"type":"Point","coordinates":[81.0886,8.1679]}},{"type":"Feature","properties":{"s":0.99},"geometry":{"type":"Point","coordinates":[81.0881,8.2071]}},{"type":"Feature","properties":{"s":0.81},"geometry":{"type":"Point","coordinates":[81.0897,8.2387]}},{"type":"Feature","properties":{"s":1.06},"geometry":{"type":"Point","coordinates":[81.0941,8.1924]}},{"type":"Feature","properties":{"s":1.13},"geometry":{"type":"Point","coordinates":[81.0964,8.2189]}},{"type":"Feature","properties":{"s":0.91},"geometry":{"type":"Point","coordinates":[81.1009,8.1425]}},{"type":"Feature","properties":{"s":1.17},"geometry":{"type":"Point","coordinates":[81.0994,8.161]}},{"type":"Feature","properties":{"s":0.87},"geometry":{"type":"Point","coordinates":[81.1063,8.1427]}},{"type":"Feature","properties":{"s":1},"geometry":{"type":"Point","coordinates":[81.1085,8.2304]}},{"type":"Feature","properties":{"s":1.05},"geometry":{"type":"Point","coordinates":[81.1113,8.1437]}},{"type":"Feature","properties":{"s":0.89},"geometry":{"type":"Point","coordinates":[81.1193,8.1255]}},{"type":"Feature","properties":{"s":1.15},"geometry":{"type":"Point","coordinates":[81.1184,8.1472]}},{"type":"Feature","properties":{"s":0.84},"geometry":{"type":"Point","coordinates":[81.1233,8.2321]}},{"type":"Feature","properties":{"s":1},"geometry":{"type":"Point","coordinates":[81.135,8.2378]}},{"type":"Feature","properties":{"s":0.95},"geometry":{"type":"Point","coordinates":[80.6698,6.9709]}},{"type":"Feature","properties":{"s":0.93},"geometry":{"type":"Point","coordinates":[80.6759,6.9721]}},{"type":"Feature","properties":{"s":0.92},"geometry":{"type":"Point","coordinates":[80.6781,6.9882]}},{"type":"Feature","properties":{"s":0.85},"geometry":{"type":"Point","coordinates":[80.6882,6.9821]}},{"type":"Feature","properties":{"s":0.86},"geometry":{"type":"Point","coordinates":[80.6966,6.9775]}},{"type":"Feature","properties":{"s":0.88},"geometry":{"type":"Point","coordinates":[80.7007,6.9765]}},{"type":"Feature","properties":{"s":1.03},"geometry":{"type":"Point","coordinates":[80.7005,6.9924]}},{"type":"Feature","properties":{"s":1.04},"geometry":{"type":"Point","coordinates":[80.7085,6.9741]}},{"type":"Feature","properties":{"s":1.04},"geometry":{"type":"Point","coordinates":[80.7141,6.9812]}},{"type":"Feature","properties":{"s":1.13},"geometry":{"type":"Point","coordinates":[80.7177,6.9778]}},{"type":"Feature","properties":{"s":1.13},"geometry":{"type":"Point","coordinates":[80.7389,6.9534]}},{"type":"Feature","properties":{"s":0.83},"geometry":{"type":"Point","coordinates":[80.7458,6.9622]}},{"type":"Feature","properties":{"s":1.09},"geometry":{"type":"Point","coordinates":[80.7567,6.9539]}},{"type":"Feature","properties":{"s":1.14},"geometry":{"type":"Point","coordinates":[80.76,6.9711]}},{"type":"Feature","properties":{"s":1.01},"geometry":{"type":"Point","coordinates":[80.592,8.5513]}},{"type":"Feature","properties":{"s":1.19},"geometry":{"type":"Point","coordinates":[80.6034,8.5505]}},{"type":"Feature","properties":{"s":1.15},"geometry":{"type":"Point","coordinates":[80.6043,8.5789]}},{"type":"Feature","properties":{"s":1.04},"geometry":{"type":"Point","coordinates":[80.61,8.5985]}},{"type":"Feature","properties":{"s":0.96},"geometry":{"type":"Point","coordinates":[80.6132,8.5798]}},{"type":"Feature","properties":{"s":1},"geometry":{"type":"Point","coordinates":[80.6151,8.6048]}},{"type":"Feature","properties":{"s":1.16},"geometry":{"type":"Point","coordinates":[80.6198,8.5845]}},{"type":"Feature","properties":{"s":0.92},"geometry":{"type":"Point","coordinates":[80.6248,8.5847]}},{"type":"Feature","properties":{"s":1.09},"geometry":{"type":"Point","coordinates":[80.6263,8.6217]}},{"type":"Feature","properties":{"s":0.81},"geometry":{"type":"Point","coordinates":[80.632,8.6223]}},{"type":"Feature","properties":{"s":0.82},"geometry":{"type":"Point","coordinates":[80.6389,8.6172]}},{"type":"Feature","properties":{"s":0.86},"geometry":{"type":"Point","coordinates":[80.6436,8.6141]}},{"type":"Feature","properties":{"s":1.18},"geometry":{"type":"Point","coordinates":[80.7577,6.5837]}},{"type":"Feature","properties":{"s":0.8},"geometry":{"type":"Point","coordinates":[80.7751,6.5894]}},{"type":"Feature","properties":{"s":0.87},"geometry":{"type":"Point","coordinates":[80.8025,6.5832]}},{"type":"Feature","properties":{"s":1.06},"geometry":{"type":"Point","coordinates":[80.8128,6.5865]}},{"type":"Feature","properties":{"s":0.98},"geometry":{"type":"Point","coordinates":[80.8171,6.5923]}},{"type":"Feature","properties":{"s":1.02},"geometry":{"type":"Point","coordinates":[80.832,6.5824]}},{"type":"Feature","properties":{"s":0.85},"geometry":{"type":"Point","coordinates":[80.8439,6.6076]}},{"type":"Feature","properties":{"s":1.15},"geometry":{"type":"Point","coordinates":[80.8507,6.6009]}},{"type":"Feature","properties":{"s":0.83},"geometry":{"type":"Point","coordinates":[80.8569,6.6032]}},{"type":"Feature","properties":{"s":1.06},"geometry":{"type":"Point","coordinates":[80.8632,6.6067]}},{"type":"Feature","properties":{"s":1.06},"geometry":{"type":"Point","coordinates":[80.8685,6.6136]}},{"type":"Feature","properties":{"s":1.14},"geometry":{"type":"Point","coordinates":[80.8735,6.637]}},{"type":"Feature","properties":{"s":1.03},"geometry":{"type":"Point","coordinates":[80.8777,6.6483]}},{"type":"Feature","properties":{"s":1},"geometry":{"type":"Point","coordinates":[80.8031,7.2107]}},{"type":"Feature","properties":{"s":0.89},"geometry":{"type":"Point","coordinates":[80.8021,7.2344]}},{"type":"Feature","properties":{"s":1.15},"geometry":{"type":"Point","coordinates":[80.8103,7.2229]}},{"type":"Feature","properties":{"s":1.01},"geometry":{"type":"Point","coordinates":[80.818,7.2033]}},{"type":"Feature","properties":{"s":1.08},"geometry":{"type":"Point","coordinates":[80.8166,7.2235]}},{"type":"Feature","properties":{"s":0.96},"geometry":{"type":"Point","coordinates":[80.8239,7.2161]}},{"type":"Feature","properties":{"s":0.96},"geometry":{"type":"Point","coordinates":[80.8298,7.2089]}},{"type":"Feature","properties":{"s":0.92},"geometry":{"type":"Point","coordinates":[80.8358,7.1989]}},{"type":"Feature","properties":{"s":1.11},"geometry":{"type":"Point","coordinates":[80.84,7.2156]}},{"type":"Feature","properties":{"s":1.01},"geometry":{"type":"Point","coordinates":[80.8462,7.2053]}},{"type":"Feature","properties":{"s":0.9},"geometry":{"type":"Point","coordinates":[80.8535,7.203]}},{"type":"Feature","properties":{"s":0.84},"geometry":{"type":"Point","coordinates":[80.8567,7.2175]}},{"type":"Feature","properties":{"s":0.94},"geometry":{"type":"Point","coordinates":[80.8714,7.2107]}},{"type":"Feature","properties":{"s":0.82},"geometry":{"type":"Point","coordinates":[80.8763,7.217]}},{"type":"Feature","properties":{"s":1.18},"geometry":{"type":"Point","coordinates":[80.9009,7.2216]}},{"type":"Feature","properties":{"s":1.18},"geometry":{"type":"Point","coordinates":[80.2633,8.6367]}},{"type":"Feature","properties":{"s":0.96},"geometry":{"type":"Point","coordinates":[80.2718,8.6132]}},{"type":"Feature","properties":{"s":0.84},"geometry":{"type":"Point","coordinates":[80.2707,8.6343]}},{"type":"Feature","properties":{"s":0.82},"geometry":{"type":"Point","coordinates":[80.2727,8.6701]}},{"type":"Feature","properties":{"s":1.12},"geometry":{"type":"Point","coordinates":[80.2783,8.6094]}},{"type":"Feature","properties":{"s":1.1},"geometry":{"type":"Point","coordinates":[80.2759,8.6695]}},{"type":"Feature","properties":{"s":1.01},"geometry":{"type":"Point","coordinates":[80.2818,8.6117]}},{"type":"Feature","properties":{"s":0.91},"geometry":{"type":"Point","coordinates":[80.2841,8.6406]}},{"type":"Feature","properties":{"s":0.81},"geometry":{"type":"Point","coordinates":[80.2812,8.6771]}},{"type":"Feature","properties":{"s":1.08},"geometry":{"type":"Point","coordinates":[80.2899,8.6524]}},{"type":"Feature","properties":{"s":1.14},"geometry":{"type":"Point","coordinates":[80.2938,8.6344]}},{"type":"Feature","properties":{"s":1.04},"geometry":{"type":"Point","coordinates":[80.295,8.6526]}},{"type":"Feature","properties":{"s":0.94},"geometry":{"type":"Point","coordinates":[80.6898,8.4775]}},{"type":"Feature","properties":{"s":0.96},"geometry":{"type":"Point","coordinates":[80.6916,8.4922]}},{"type":"Feature","properties":{"s":0.85},"geometry":{"type":"Point","coordinates":[80.6966,8.5001]}},{"type":"Feature","properties":{"s":0.95},"geometry":{"type":"Point","coordinates":[80.7006,8.4873]}},{"type":"Feature","properties":{"s":0.99},"geometry":{"type":"Point","coordinates":[80.7031,8.511]}},{"type":"Feature","properties":{"s":1.04},"geometry":{"type":"Point","coordinates":[80.7076,8.4811]}},{"type":"Feature","properties":{"s":0.9},"geometry":{"type":"Point","coordinates":[80.7071,8.5036]}},{"type":"Feature","properties":{"s":0.89},"geometry":{"type":"Point","coordinates":[80.7065,8.5279]}},{"type":"Feature","properties":{"s":0.83},"geometry":{"type":"Point","coordinates":[80.7129,8.5006]}},{"type":"Feature","properties":{"s":1.19},"geometry":{"type":"Point","coordinates":[80.7149,8.5162]}},{"type":"Feature","properties":{"s":1.17},"geometry":{"type":"Point","coordinates":[80.7203,8.4877]}},{"type":"Feature","properties":{"s":1.2},"geometry":{"type":"Point","coordinates":[80.7193,8.5097]}},{"type":"Feature","properties":{"s":1.12},"geometry":{"type":"Point","coordinates":[80.7241,8.4694]}},{"type":"Feature","properties":{"s":1.14},"geometry":{"type":"Point","coordinates":[80.7277,8.5157]}},{"type":"Feature","properties":{"s":0.87},"geometry":{"type":"Point","coordinates":[80.7335,8.516]}},{"type":"Feature","properties":{"s":1.12},"geometry":{"type":"Point","coordinates":[80.7386,8.5003]}},{"type":"Feature","properties":{"s":0.94},"geometry":{"type":"Point","coordinates":[80.7374,8.5239]}},{"type":"Feature","properties":{"s":0.99},"geometry":{"type":"Point","coordinates":[81.1552,8.0795]}},{"type":"Feature","properties":{"s":1.05},"geometry":{"type":"Point","coordinates":[81.1622,8.0847]}},{"type":"Feature","properties":{"s":0.85},"geometry":{"type":"Point","coordinates":[81.1646,8.1328]}},{"type":"Feature","properties":{"s":0.86},"geometry":{"type":"Point","coordinates":[81.1687,8.1234]}},{"type":"Feature","properties":{"s":0.96},"geometry":{"type":"Point","coordinates":[81.1693,8.1503]}},{"type":"Feature","properties":{"s":1.16},"geometry":{"type":"Point","coordinates":[81.1739,8.1171]}},{"type":"Feature","properties":{"s":1.15},"geometry":{"type":"Point","coordinates":[81.174,8.1387]}},{"type":"Feature","properties":{"s":0.99},"geometry":{"type":"Point","coordinates":[81.174,8.1641]}},{"type":"Feature","properties":{"s":0.97},"geometry":{"type":"Point","coordinates":[81.1809,8.1181]}},{"type":"Feature","properties":{"s":0.91},"geometry":{"type":"Point","coordinates":[81.1827,8.1336]}},{"type":"Feature","properties":{"s":1},"geometry":{"type":"Point","coordinates":[81.181,8.1643]}},{"type":"Feature","properties":{"s":1.19},"geometry":{"type":"Point","coordinates":[81.1797,8.1949]}},{"type":"Feature","properties":{"s":1.06},"geometry":{"type":"Point","coordinates":[81.1819,8.2101]}},{"type":"Feature","properties":{"s":0.97},"geometry":{"type":"Point","coordinates":[80.4566,9.1276]}},{"type":"Feature","properties":{"s":1.13},"geometry":{"type":"Point","coordinates":[80.46,9.1268]}},{"type":"Feature","properties":{"s":1.05},"geometry":{"type":"Point","coordinates":[80.4677,9.1281]}},{"type":"Feature","properties":{"s":0.9},"geometry":{"type":"Point","coordinates":[80.4711,9.1211]}},{"type":"Feature","properties":{"s":1.18},"geometry":{"type":"Point","coordinates":[80.4768,9.1146]}},{"type":"Feature","properties":{"s":1.09},"geometry":{"type":"Point","coordinates":[80.4779,9.1391]}},{"type":"Feature","properties":{"s":0.88},"geometry":{"type":"Point","coordinates":[80.4833,9.1125]}},{"type":"Feature","properties":{"s":0.97},"geometry":{"type":"Point","coordinates":[80.4895,9.0915]}},{"type":"Feature","properties":{"s":1},"geometry":{"type":"Point","coordinates":[80.4899,9.1146]}},{"type":"Feature","properties":{"s":1.2},"geometry":{"type":"Point","coordinates":[80.4956,9.0795]}},{"type":"Feature","properties":{"s":1.12},"geometry":{"type":"Point","coordinates":[80.4985,9.1091]}},{"type":"Feature","properties":{"s":1.11},"geometry":{"type":"Point","coordinates":[80.504,9.0966]}},{"type":"Feature","properties":{"s":1},"geometry":{"type":"Point","coordinates":[80.5069,9.1128]}},{"type":"Feature","properties":{"s":1.06},"geometry":{"type":"Point","coordinates":[81.0586,6.8033]}},{"type":"Feature","properties":{"s":0.98},"geometry":{"type":"Point","coordinates":[81.065,6.7679]}},{"type":"Feature","properties":{"s":0.86},"geometry":{"type":"Point","coordinates":[81.0624,6.8007]}},{"type":"Feature","properties":{"s":0.87},"geometry":{"type":"Point","coordinates":[81.0655,6.8337]}},{"type":"Feature","properties":{"s":0.94},"geometry":{"type":"Point","coordinates":[81.0699,6.7766]}},{"type":"Feature","properties":{"s":1.03},"geometry":{"type":"Point","coordinates":[81.0716,6.8071]}},{"type":"Feature","properties":{"s":0.82},"geometry":{"type":"Point","coordinates":[81.0744,6.7704]}},{"type":"Feature","properties":{"s":1.2},"geometry":{"type":"Point","coordinates":[81.0776,6.79]}},{"type":"Feature","properties":{"s":1.04},"geometry":{"type":"Point","coordinates":[81.0833,6.7836]}},{"type":"Feature","properties":{"s":0.95},"geometry":{"type":"Point","coordinates":[81.089,6.785]}},{"type":"Feature","properties":{"s":0.81},"geometry":{"type":"Point","coordinates":[81.0962,6.7923]}},{"type":"Feature","properties":{"s":0.83},"geometry":{"type":"Point","coordinates":[81.0999,6.7899]}},{"type":"Feature","properties":{"s":1.09},"geometry":{"type":"Point","coordinates":[81.1063,6.783]}},{"type":"Feature","properties":{"s":0.92},"geometry":{"type":"Point","coordinates":[80.4616,7.9633]}},{"type":"Feature","properties":{"s":0.94},"geometry":{"type":"Point","coordinates":[80.4675,7.9685]}},{"type":"Feature","properties":{"s":0.82},"geometry":{"type":"Point","coordinates":[80.4794,7.9509]}},{"type":"Feature","properties":{"s":0.95},"geometry":{"type":"Point","coordinates":[80.4926,7.9378]}},{"type":"Feature","properties":{"s":0.86},"geometry":{"type":"Point","coordinates":[80.4988,7.9017]}},{"type":"Feature","properties":{"s":1.04},"geometry":{"type":"Point","coordinates":[80.4954,7.9528]}},{"type":"Feature","properties":{"s":0.99},"geometry":{"type":"Point","coordinates":[80.5046,7.9084]}},{"type":"Feature","properties":{"s":0.84},"geometry":{"type":"Point","coordinates":[80.5018,7.9314]}},{"type":"Feature","properties":{"s":0.91},"geometry":{"type":"Point","coordinates":[80.5047,7.9565]}},{"type":"Feature","properties":{"s":0.94},"geometry":{"type":"Point","coordinates":[80.5099,7.9221]}},{"type":"Feature","properties":{"s":0.92},"geometry":{"type":"Point","coordinates":[80.7202,8.621]}},{"type":"Feature","properties":{"s":1.12},"geometry":{"type":"Point","coordinates":[80.7258,8.6255]}},{"type":"Feature","properties":{"s":1.14},"geometry":{"type":"Point","coordinates":[80.7359,8.6276]}},{"type":"Feature","properties":{"s":1.2},"geometry":{"type":"Point","coordinates":[80.7415,8.6309]}},{"type":"Feature","properties":{"s":0.98},"geometry":{"type":"Point","coordinates":[80.7541,8.5883]}},{"type":"Feature","properties":{"s":0.88},"geometry":{"type":"Point","coordinates":[80.7565,8.6322]}},{"type":"Feature","properties":{"s":1.11},"geometry":{"type":"Point","coordinates":[80.76,8.6074]}},{"type":"Feature","properties":{"s":0.96},"geometry":{"type":"Point","coordinates":[80.7618,8.6331]}},{"type":"Feature","properties":{"s":0.86},"geometry":{"type":"Point","coordinates":[80.7662,8.6259]}},{"type":"Feature","properties":{"s":1.07},"geometry":{"type":"Point","coordinates":[80.7715,8.6072]}},{"type":"Feature","properties":{"s":1.14},"geometry":{"type":"Point","coordinates":[80.7806,8.6254]}},{"type":"Feature","properties":{"s":1.01},"geometry":{"type":"Point","coordinates":[80.7866,8.6374]}},{"type":"Feature","properties":{"s":1.12},"geometry":{"type":"Point","coordinates":[80.7964,8.6421]}},{"type":"Feature","properties":{"s":0.99},"geometry":{"type":"Point","coordinates":[81.1967,7.2292]}},{"type":"Feature","properties":{"s":0.82},"geometry":{"type":"Point","coordinates":[81.2082,7.2036]}},{"type":"Feature","properties":{"s":1.03},"geometry":{"type":"Point","coordinates":[81.2068,7.2362]}},{"type":"Feature","properties":{"s":0.95},"geometry":{"type":"Point","coordinates":[81.2136,7.2249]}},{"type":"Feature","properties":{"s":0.98},"geometry":{"type":"Point","coordinates":[81.2152,7.2528]}},{"type":"Feature","properties":{"s":0.86},"geometry":{"type":"Point","coordinates":[81.221,7.237]}},{"type":"Feature","properties":{"s":0.94},"geometry":{"type":"Point","coordinates":[81.2277,7.2238]}},{"type":"Feature","properties":{"s":0.94},"geometry":{"type":"Point","coordinates":[81.2253,7.2522]}},{"type":"Feature","properties":{"s":1.04},"geometry":{"type":"Point","coordinates":[81.2326,7.2346]}},{"type":"Feature","properties":{"s":1.02},"geometry":{"type":"Point","coordinates":[80.1658,9.4518]}},{"type":"Feature","properties":{"s":0.9},"geometry":{"type":"Point","coordinates":[80.1711,9.4573]}},{"type":"Feature","properties":{"s":1.09},"geometry":{"type":"Point","coordinates":[80.1773,9.4566]}},{"type":"Feature","properties":{"s":1.2},"geometry":{"type":"Point","coordinates":[80.1825,9.4593]}},{"type":"Feature","properties":{"s":1.04},"geometry":{"type":"Point","coordinates":[80.1914,9.4319]}},{"type":"Feature","properties":{"s":0.83},"geometry":{"type":"Point","coordinates":[80.1893,9.4688]}},{"type":"Feature","properties":{"s":0.87},"geometry":{"type":"Point","coordinates":[80.1954,9.4455]}},{"type":"Feature","properties":{"s":0.94},"geometry":{"type":"Point","coordinates":[80.1966,9.4685]}},{"type":"Feature","properties":{"s":0.84},"geometry":{"type":"Point","coordinates":[80.2007,9.4625]}},{"type":"Feature","properties":{"s":1.08},"geometry":{"type":"Point","coordinates":[80.2087,9.4505]}},{"type":"Feature","properties":{"s":1},"geometry":{"type":"Point","coordinates":[80.2357,9.4279]}},{"type":"Feature","properties":{"s":0.91},"geometry":{"type":"Point","coordinates":[80.2508,9.4235]}},{"type":"Feature","properties":{"s":1.03},"geometry":{"type":"Point","coordinates":[81.1275,8.0989]}},{"type":"Feature","properties":{"s":1.06},"geometry":{"type":"Point","coordinates":[81.1318,8.1487]}},{"type":"Feature","properties":{"s":0.95},"geometry":{"type":"Point","coordinates":[81.1449,8.1488]}},{"type":"Feature","properties":{"s":1.11},"geometry":{"type":"Point","coordinates":[81.1524,8.1556]}},{"type":"Feature","properties":{"s":0.81},"geometry":{"type":"Point","coordinates":[81.1572,8.1408]}},{"type":"Feature","properties":{"s":1.03},"geometry":{"type":"Point","coordinates":[81.1643,8.1377]}},{"type":"Feature","properties":{"s":1},"geometry":{"type":"Point","coordinates":[81.1697,8.1006]}},{"type":"Feature","properties":{"s":1.05},"geometry":{"type":"Point","coordinates":[81.1705,8.1368]}},{"type":"Feature","properties":{"s":0.86},"geometry":{"type":"Point","coordinates":[81.1689,8.1615]}},{"type":"Feature","properties":{"s":1.14},"geometry":{"type":"Point","coordinates":[81.177,8.1436]}},{"type":"Feature","properties":{"s":0.86},"geometry":{"type":"Point","coordinates":[81.1809,8.1613]}},{"type":"Feature","properties":{"s":1.13},"geometry":{"type":"Point","coordinates":[80.4363,6.898]}},{"type":"Feature","properties":{"s":1.04},"geometry":{"type":"Point","coordinates":[80.4389,6.9199]}},{"type":"Feature","properties":{"s":1.19},"geometry":{"type":"Point","coordinates":[80.4451,6.9407]}},{"type":"Feature","properties":{"s":1.09},"geometry":{"type":"Point","coordinates":[80.4494,6.9229]}},{"type":"Feature","properties":{"s":1.14},"geometry":{"type":"Point","coordinates":[80.4479,6.9478]}},{"type":"Feature","properties":{"s":1.19},"geometry":{"type":"Point","coordinates":[80.4559,6.9361]}},{"type":"Feature","properties":{"s":0.84},"geometry":{"type":"Point","coordinates":[80.4637,6.9118]}},{"type":"Feature","properties":{"s":0.82},"geometry":{"type":"Point","coordinates":[80.4607,6.9427]}},{"type":"Feature","properties":{"s":1.13},"geometry":{"type":"Point","coordinates":[80.4692,6.9199]}},{"type":"Feature","properties":{"s":1.2},"geometry":{"type":"Point","coordinates":[80.4752,6.9166]}},{"type":"Feature","properties":{"s":1.11},"geometry":{"type":"Point","coordinates":[80.4814,6.9137]}},{"type":"Feature","properties":{"s":1.02},"geometry":{"type":"Point","coordinates":[80.4867,6.8993]}},{"type":"Feature","properties":{"s":1.04},"geometry":{"type":"Point","coordinates":[80.1696,6.8299]}},{"type":"Feature","properties":{"s":1.18},"geometry":{"type":"Point","coordinates":[80.1738,6.8435]}},{"type":"Feature","properties":{"s":0.86},"geometry":{"type":"Point","coordinates":[80.1821,6.8439]}},{"type":"Feature","properties":{"s":0.99},"geometry":{"type":"Point","coordinates":[80.1884,6.823]}},{"type":"Feature","properties":{"s":0.87},"geometry":{"type":"Point","coordinates":[80.1876,6.8479]}},{"type":"Feature","properties":{"s":1.16},"geometry":{"type":"Point","coordinates":[80.1917,6.8242]}},{"type":"Feature","properties":{"s":1.08},"geometry":{"type":"Point","coordinates":[80.1939,6.8433]}},{"type":"Feature","properties":{"s":0.89},"geometry":{"type":"Point","coordinates":[80.1976,6.8302]}},{"type":"Feature","properties":{"s":0.85},"geometry":{"type":"Point","coordinates":[80.2002,6.8613]}},{"type":"Feature","properties":{"s":0.99},"geometry":{"type":"Point","coordinates":[80.2038,6.8189]}},{"type":"Feature","properties":{"s":0.86},"geometry":{"type":"Point","coordinates":[80.2029,6.8499]}},{"type":"Feature","properties":{"s":0.86},"geometry":{"type":"Point","coordinates":[80.2057,6.8652]}},{"type":"Feature","properties":{"s":1.09},"geometry":{"type":"Point","coordinates":[80.2109,6.8382]}},{"type":"Feature","properties":{"s":1.17},"geometry":{"type":"Point","coordinates":[81.5832,7.5115]}},{"type":"Feature","properties":{"s":1},"geometry":{"type":"Point","coordinates":[81.5927,7.4822]}},{"type":"Feature","properties":{"s":1.03},"geometry":{"type":"Point","coordinates":[81.5936,7.5011]}},{"type":"Feature","properties":{"s":0.83},"geometry":{"type":"Point","coordinates":[81.6017,7.4712]}},{"type":"Feature","properties":{"s":0.88},"geometry":{"type":"Point","coordinates":[81.6026,7.5072]}},{"type":"Feature","properties":{"s":1.05},"geometry":{"type":"Point","coordinates":[81.607,7.5071]}},{"type":"Feature","properties":{"s":0.94},"geometry":{"type":"Point","coordinates":[81.6129,7.4839]}},{"type":"Feature","properties":{"s":1.14},"geometry":{"type":"Point","coordinates":[81.6131,7.5093]}},{"type":"Feature","properties":{"s":0.83},"geometry":{"type":"Point","coordinates":[81.6187,7.4855]}},{"type":"Feature","properties":{"s":0.81},"geometry":{"type":"Point","coordinates":[81.6233,7.4836]}},{"type":"Feature","properties":{"s":1.18},"geometry":{"type":"Point","coordinates":[81.6313,7.4945]}},{"type":"Feature","properties":{"s":0.81},"geometry":{"type":"Point","coordinates":[81.153,6.6644]}},{"type":"Feature","properties":{"s":1.18},"geometry":{"type":"Point","coordinates":[81.1529,6.7187]}},{"type":"Feature","properties":{"s":1.05},"geometry":{"type":"Point","coordinates":[81.1562,6.6719]}},{"type":"Feature","properties":{"s":1.06},"geometry":{"type":"Point","coordinates":[81.1588,6.6918]}},{"type":"Feature","properties":{"s":1.12},"geometry":{"type":"Point","coordinates":[81.1588,6.7076]}},{"type":"Feature","properties":{"s":1.14},"geometry":{"type":"Point","coordinates":[81.1569,6.7367]}},{"type":"Feature","properties":{"s":1.15},"geometry":{"type":"Point","coordinates":[81.1656,6.6713]}},{"type":"Feature","properties":{"s":0.83},"geometry":{"type":"Point","coordinates":[81.1628,6.7096]}},{"type":"Feature","properties":{"s":1.02},"geometry":{"type":"Point","coordinates":[81.1653,6.7373]}},{"type":"Feature","properties":{"s":1.05},"geometry":{"type":"Point","coordinates":[81.1681,6.7388]}},{"type":"Feature","properties":{"s":0.98},"geometry":{"type":"Point","coordinates":[81.1756,6.7364]}},{"type":"Feature","properties":{"s":0.86},"geometry":{"type":"Point","coordinates":[80.3282,9.3258]}},{"type":"Feature","properties":{"s":1.09},"geometry":{"type":"Point","coordinates":[80.3353,9.3132]}},{"type":"Feature","properties":{"s":0.89},"geometry":{"type":"Point","coordinates":[80.343,9.3193]}},{"type":"Feature","properties":{"s":1.16},"geometry":{"type":"Point","coordinates":[80.3404,9.3381]}},{"type":"Feature","properties":{"s":1},"geometry":{"type":"Point","coordinates":[80.3453,9.3304]}},{"type":"Feature","properties":{"s":0.89},"geometry":{"type":"Point","coordinates":[80.3523,9.336]}},{"type":"Feature","properties":{"s":0.98},"geometry":{"type":"Point","coordinates":[80.3669,9.3254]}},{"type":"Feature","properties":{"s":0.89},"geometry":{"type":"Point","coordinates":[80.3656,9.3503]}},{"type":"Feature","properties":{"s":0.9},"geometry":{"type":"Point","coordinates":[80.371,9.3184]}},{"type":"Feature","properties":{"s":1.12},"geometry":{"type":"Point","coordinates":[80.3775,9.3178]}},{"type":"Feature","properties":{"s":1.06},"geometry":{"type":"Point","coordinates":[80.383,9.3088]}},{"type":"Feature","properties":{"s":0.81},"geometry":{"type":"Point","coordinates":[80.3904,9.313]}},{"type":"Feature","properties":{"s":1.13},"geometry":{"type":"Point","coordinates":[80.397,9.3292]}},{"type":"Feature","properties":{"s":0.83},"geometry":{"type":"Point","coordinates":[80.7999,7.9971]}},{"type":"Feature","properties":{"s":1.06},"geometry":{"type":"Point","coordinates":[80.808,7.997]}},{"type":"Feature","properties":{"s":1},"geometry":{"type":"Point","coordinates":[80.8127,7.9837]}},{"type":"Feature","properties":{"s":0.94},"geometry":{"type":"Point","coordinates":[80.8203,7.9957]}},{"type":"Feature","properties":{"s":1.09},"geometry":{"type":"Point","coordinates":[80.8252,7.9949]}},{"type":"Feature","properties":{"s":0.97},"geometry":{"type":"Point","coordinates":[80.8315,7.989]}},{"type":"Feature","properties":{"s":0.96},"geometry":{"type":"Point","coordinates":[80.8365,7.976]}},{"type":"Feature","properties":{"s":1.03},"geometry":{"type":"Point","coordinates":[80.8447,7.9766]}},{"type":"Feature","properties":{"s":1.04},"geometry":{"type":"Point","coordinates":[80.8513,7.9919]}},{"type":"Feature","properties":{"s":1.08},"geometry":{"type":"Point","coordinates":[80.8605,7.9878]}},{"type":"Feature","properties":{"s":0.96},"geometry":{"type":"Point","coordinates":[80.803,8.0063]}},{"type":"Feature","properties":{"s":1.15},"geometry":{"type":"Point","coordinates":[80.8082,8.0026]}},{"type":"Feature","properties":{"s":1.13},"geometry":{"type":"Point","coordinates":[80.8122,8.0089]}},{"type":"Feature","properties":{"s":1.08},"geometry":{"type":"Point","coordinates":[80.8232,7.9837]}},{"type":"Feature","properties":{"s":1.15},"geometry":{"type":"Point","coordinates":[80.8242,8.0027]}},{"type":"Feature","properties":{"s":0.85},"geometry":{"type":"Point","coordinates":[80.8364,7.9796]}},{"type":"Feature","properties":{"s":0.98},"geometry":{"type":"Point","coordinates":[80.8373,7.9954]}},{"type":"Feature","properties":{"s":0.86},"geometry":{"type":"Point","coordinates":[80.8414,7.9909]}},{"type":"Feature","properties":{"s":1},"geometry":{"type":"Point","coordinates":[80.8535,7.9844]}},{"type":"Feature","properties":{"s":0.81},"geometry":{"type":"Point","coordinates":[80.8611,7.9893]}},{"type":"Feature","properties":{"s":0.85},"geometry":{"type":"Point","coordinates":[80.8685,7.9903]}},{"type":"Feature","properties":{"s":1.07},"geometry":{"type":"Point","coordinates":[80.8685,8.0287]}},{"type":"Feature","properties":{"s":0.97},"geometry":{"type":"Point","coordinates":[80.8747,7.9987]}},{"type":"Feature","properties":{"s":1.03},"geometry":{"type":"Point","coordinates":[80.8748,8.0228]}},{"type":"Feature","properties":{"s":0.93},"geometry":{"type":"Point","coordinates":[80.877,8.0541]}},{"type":"Feature","properties":{"s":0.91},"geometry":{"type":"Point","coordinates":[80.8834,8.0079]}},{"type":"Feature","properties":{"s":0.87},"geometry":{"type":"Point","coordinates":[80.8802,8.0482]}},{"type":"Feature","properties":{"s":1.19},"geometry":{"type":"Point","coordinates":[80.8881,8.0477]}},{"type":"Feature","properties":{"s":1.09},"geometry":{"type":"Point","coordinates":[80.892,8.0379]}},{"type":"Feature","properties":{"s":0.82},"geometry":{"type":"Point","coordinates":[80.3866,8.0162]}},{"type":"Feature","properties":{"s":1.19},"geometry":{"type":"Point","coordinates":[80.3998,8.0241]}},{"type":"Feature","properties":{"s":0.94},"geometry":{"type":"Point","coordinates":[80.4119,8.0132]}},{"type":"Feature","properties":{"s":1.1},"geometry":{"type":"Point","coordinates":[80.4151,7.9948]}},{"type":"Feature","properties":{"s":0.84},"geometry":{"type":"Point","coordinates":[80.4227,7.9872]}},{"type":"Feature","properties":{"s":0.84},"geometry":{"type":"Point","coordinates":[80.4215,8.012]}},{"type":"Feature","properties":{"s":0.81},"geometry":{"type":"Point","coordinates":[80.4282,8.0005]}},{"type":"Feature","properties":{"s":0.97},"geometry":{"type":"Point","coordinates":[80.4364,8]}},{"type":"Feature","properties":{"s":1.11},"geometry":{"type":"Point","coordinates":[80.4405,7.9872]}},{"type":"Feature","properties":{"s":1.09},"geometry":{"type":"Point","coordinates":[81.2557,6.3727]}},{"type":"Feature","properties":{"s":1.03},"geometry":{"type":"Point","coordinates":[81.2586,6.3799]}},{"type":"Feature","properties":{"s":0.87},"geometry":{"type":"Point","coordinates":[81.2718,6.3733]}},{"type":"Feature","properties":{"s":1.17},"geometry":{"type":"Point","coordinates":[81.2736,6.392]}},{"type":"Feature","properties":{"s":0.99},"geometry":{"type":"Point","coordinates":[81.2765,6.3839]}},{"type":"Feature","properties":{"s":1.01},"geometry":{"type":"Point","coordinates":[81.2862,6.3861]}},{"type":"Feature","properties":{"s":1.17},"geometry":{"type":"Point","coordinates":[81.2836,6.4091]}},{"type":"Feature","properties":{"s":1.01},"geometry":{"type":"Point","coordinates":[81.2922,6.3849]}},{"type":"Feature","properties":{"s":1.2},"geometry":{"type":"Point","coordinates":[81.2921,6.4078]}},{"type":"Feature","properties":{"s":1.03},"geometry":{"type":"Point","coordinates":[81.2985,6.4066]}},{"type":"Feature","properties":{"s":0.83},"geometry":{"type":"Point","coordinates":[81.3034,6.4006]}},{"type":"Feature","properties":{"s":1.06},"geometry":{"type":"Point","coordinates":[81.3162,6.4154]}},{"type":"Feature","properties":{"s":0.88},"geometry":{"type":"Point","coordinates":[80.6788,7.627]}},{"type":"Feature","properties":{"s":1.17},"geometry":{"type":"Point","coordinates":[80.6869,7.6201]}},{"type":"Feature","properties":{"s":0.96},"geometry":{"type":"Point","coordinates":[80.6931,7.6254]}},{"type":"Feature","properties":{"s":1.08},"geometry":{"type":"Point","coordinates":[80.6998,7.5834]}},{"type":"Feature","properties":{"s":0.81},"geometry":{"type":"Point","coordinates":[80.6961,7.6289]}},{"type":"Feature","properties":{"s":1.17},"geometry":{"type":"Point","coordinates":[80.7052,7.5809]}},{"type":"Feature","properties":{"s":0.98},"geometry":{"type":"Point","coordinates":[80.7054,7.6072]}},{"type":"Feature","properties":{"s":0.94},"geometry":{"type":"Point","coordinates":[80.7054,7.6346]}},{"type":"Feature","properties":{"s":1.04},"geometry":{"type":"Point","coordinates":[80.7083,7.6443]}},{"type":"Feature","properties":{"s":0.88},"geometry":{"type":"Point","coordinates":[81.3071,7.0718]}},{"type":"Feature","properties":{"s":1.17},"geometry":{"type":"Point","coordinates":[81.3121,7.0394]}},{"type":"Feature","properties":{"s":1.16},"geometry":{"type":"Point","coordinates":[81.3142,7.0712]}},{"type":"Feature","properties":{"s":0.96},"geometry":{"type":"Point","coordinates":[81.3173,7.0476]}},{"type":"Feature","properties":{"s":0.87},"geometry":{"type":"Point","coordinates":[81.3173,7.0776]}},{"type":"Feature","properties":{"s":1.02},"geometry":{"type":"Point","coordinates":[81.3194,7.1]}},{"type":"Feature","properties":{"s":0.82},"geometry":{"type":"Point","coordinates":[81.3262,7.0791]}},{"type":"Feature","properties":{"s":1.07},"geometry":{"type":"Point","coordinates":[81.3312,7.0766]}},{"type":"Feature","properties":{"s":0.84},"geometry":{"type":"Point","coordinates":[81.3298,7.0962]}},{"type":"Feature","properties":{"s":1.06},"geometry":{"type":"Point","coordinates":[81.3303,7.1127]}},{"type":"Feature","properties":{"s":1.03},"geometry":{"type":"Point","coordinates":[81.3357,7.1208]}},{"type":"Feature","properties":{"s":0.88},"geometry":{"type":"Point","coordinates":[80.9681,7.1053]}},{"type":"Feature","properties":{"s":0.91},"geometry":{"type":"Point","coordinates":[80.9735,7.1099]}},{"type":"Feature","properties":{"s":1.1},"geometry":{"type":"Point","coordinates":[80.9752,7.1289]}},{"type":"Feature","properties":{"s":1.01},"geometry":{"type":"Point","coordinates":[80.9758,7.1499]}},{"type":"Feature","properties":{"s":0.99},"geometry":{"type":"Point","coordinates":[80.9814,7.1081]}},{"type":"Feature","properties":{"s":0.9},"geometry":{"type":"Point","coordinates":[80.9777,7.1343]}},{"type":"Feature","properties":{"s":0.86},"geometry":{"type":"Point","coordinates":[80.9814,7.1707]}},{"type":"Feature","properties":{"s":1.07},"geometry":{"type":"Point","coordinates":[80.9797,7.1865]}},{"type":"Feature","properties":{"s":0.97},"geometry":{"type":"Point","coordinates":[80.9838,7.1224]}},{"type":"Feature","properties":{"s":0.8},"geometry":{"type":"Point","coordinates":[80.9855,7.1581]}},{"type":"Feature","properties":{"s":0.83},"geometry":{"type":"Point","coordinates":[80.9839,7.18]}},{"type":"Feature","properties":{"s":0.96},"geometry":{"type":"Point","coordinates":[80.9898,7.1698]}},{"type":"Feature","properties":{"s":0.98},"geometry":{"type":"Point","coordinates":[81.5035,7.5884]}},{"type":"Feature","properties":{"s":0.83},"geometry":{"type":"Point","coordinates":[81.5028,7.6493]}},{"type":"Feature","properties":{"s":1.07},"geometry":{"type":"Point","coordinates":[81.5099,7.5975]}},{"type":"Feature","properties":{"s":0.88},"geometry":{"type":"Point","coordinates":[81.5084,7.6241]}},{"type":"Feature","properties":{"s":1.04},"geometry":{"type":"Point","coordinates":[81.5152,7.5946]}},{"type":"Feature","properties":{"s":1},"geometry":{"type":"Point","coordinates":[81.5175,7.6143]}},{"type":"Feature","properties":{"s":1.02},"geometry":{"type":"Point","coordinates":[81.5143,7.6391]}},{"type":"Feature","properties":{"s":0.91},"geometry":{"type":"Point","coordinates":[81.5231,7.6085]}},{"type":"Feature","properties":{"s":1.09},"geometry":{"type":"Point","coordinates":[81.5221,7.6304]}},{"type":"Feature","properties":{"s":1.04},"geometry":{"type":"Point","coordinates":[81.5297,7.6098]}},{"type":"Feature","properties":{"s":1.17},"geometry":{"type":"Point","coordinates":[81.532,7.6278]}},{"type":"Feature","properties":{"s":0.84},"geometry":{"type":"Point","coordinates":[80.8944,8.8627]}},{"type":"Feature","properties":{"s":0.95},"geometry":{"type":"Point","coordinates":[80.892,8.887]}},{"type":"Feature","properties":{"s":0.88},"geometry":{"type":"Point","coordinates":[80.8982,8.863]}},{"type":"Feature","properties":{"s":1.12},"geometry":{"type":"Point","coordinates":[80.8999,8.8865]}},{"type":"Feature","properties":{"s":1.18},"geometry":{"type":"Point","coordinates":[80.9048,8.8668]}},{"type":"Feature","properties":{"s":1.13},"geometry":{"type":"Point","coordinates":[80.9124,8.8614]}},{"type":"Feature","properties":{"s":1.03},"geometry":{"type":"Point","coordinates":[80.9124,8.8788]}},{"type":"Feature","properties":{"s":0.98},"geometry":{"type":"Point","coordinates":[80.9157,8.8678]}},{"type":"Feature","properties":{"s":1.16},"geometry":{"type":"Point","coordinates":[80.9148,8.9004]}},{"type":"Feature","properties":{"s":0.9},"geometry":{"type":"Point","coordinates":[80.9244,8.876]}},{"type":"Feature","properties":{"s":0.84},"geometry":{"type":"Point","coordinates":[80.9272,8.8693]}},{"type":"Feature","properties":{"s":0.96},"geometry":{"type":"Point","coordinates":[80.5375,8.9664]}},{"type":"Feature","properties":{"s":1.02},"geometry":{"type":"Point","coordinates":[80.5491,8.9533]}},{"type":"Feature","properties":{"s":0.99},"geometry":{"type":"Point","coordinates":[80.5535,8.9666]}},{"type":"Feature","properties":{"s":1.1},"geometry":{"type":"Point","coordinates":[80.5545,8.9834]}},{"type":"Feature","properties":{"s":0.81},"geometry":{"type":"Point","coordinates":[80.5617,8.9854]}},{"type":"Feature","properties":{"s":1.19},"geometry":{"type":"Point","coordinates":[80.5687,8.957]}},{"type":"Feature","properties":{"s":1.05},"geometry":{"type":"Point","coordinates":[80.5686,8.9786]}},{"type":"Feature","properties":{"s":1.18},"geometry":{"type":"Point","coordinates":[80.5731,8.9666]}},{"type":"Feature","properties":{"s":1.15},"geometry":{"type":"Point","coordinates":[80.5727,8.9907]}},{"type":"Feature","properties":{"s":0.82},"geometry":{"type":"Point","coordinates":[80.5834,8.9449]}},{"type":"Feature","properties":{"s":0.91},"geometry":{"type":"Point","coordinates":[80.6289,8.6968]}},{"type":"Feature","properties":{"s":0.95},"geometry":{"type":"Point","coordinates":[80.6358,8.7002]}},{"type":"Feature","properties":{"s":1.2},"geometry":{"type":"Point","coordinates":[80.6393,8.7094]}},{"type":"Feature","properties":{"s":1.1},"geometry":{"type":"Point","coordinates":[80.6457,8.6902]}},{"type":"Feature","properties":{"s":1.05},"geometry":{"type":"Point","coordinates":[80.6521,8.6842]}},{"type":"Feature","properties":{"s":0.82},"geometry":{"type":"Point","coordinates":[80.6528,8.709]}},{"type":"Feature","properties":{"s":0.84},"geometry":{"type":"Point","coordinates":[80.6589,8.7084]}},{"type":"Feature","properties":{"s":0.93},"geometry":{"type":"Point","coordinates":[80.664,8.6846]}},{"type":"Feature","properties":{"s":0.93},"geometry":{"type":"Point","coordinates":[80.6631,8.7001]}},{"type":"Feature","properties":{"s":0.95},"geometry":{"type":"Point","coordinates":[80.6706,8.6854]}},{"type":"Feature","properties":{"s":1.19},"geometry":{"type":"Point","coordinates":[80.6705,8.7068]}},{"type":"Feature","properties":{"s":0.91},"geometry":{"type":"Point","coordinates":[80.6809,8.7178]}},{"type":"Feature","properties":{"s":1.07},"geometry":{"type":"Point","coordinates":[80.7862,7.6936]}},{"type":"Feature","properties":{"s":1.19},"geometry":{"type":"Point","coordinates":[80.7906,7.6865]}},{"type":"Feature","properties":{"s":0.98},"geometry":{"type":"Point","coordinates":[80.797,7.6855]}},{"type":"Feature","properties":{"s":0.92},"geometry":{"type":"Point","coordinates":[80.7962,7.7169]}},{"type":"Feature","properties":{"s":0.85},"geometry":{"type":"Point","coordinates":[80.8056,7.6872]}},{"type":"Feature","properties":{"s":0.85},"geometry":{"type":"Point","coordinates":[80.8033,7.7168]}},{"type":"Feature","properties":{"s":1.03},"geometry":{"type":"Point","coordinates":[80.8099,7.6807]}},{"type":"Feature","properties":{"s":0.92},"geometry":{"type":"Point","coordinates":[80.8105,7.7025]}},{"type":"Feature","properties":{"s":0.82},"geometry":{"type":"Point","coordinates":[80.8093,7.7286]}},{"type":"Feature","properties":{"s":0.82},"geometry":{"type":"Point","coordinates":[80.8223,7.704]}},{"type":"Feature","properties":{"s":0.88},"geometry":{"type":"Point","coordinates":[81.1417,6.4225]}},{"type":"Feature","properties":{"s":1.14},"geometry":{"type":"Point","coordinates":[81.1422,6.4531]}},{"type":"Feature","properties":{"s":1.01},"geometry":{"type":"Point","coordinates":[81.1389,6.469]}},{"type":"Feature","properties":{"s":0.93},"geometry":{"type":"Point","coordinates":[81.1456,6.4583]}},{"type":"Feature","properties":{"s":0.83},"geometry":{"type":"Point","coordinates":[81.152,6.4244]}},{"type":"Feature","properties":{"s":0.82},"geometry":{"type":"Point","coordinates":[81.1513,6.4411]}},{"type":"Feature","properties":{"s":0.8},"geometry":{"type":"Point","coordinates":[81.1562,6.4046]}},{"type":"Feature","properties":{"s":1.12},"geometry":{"type":"Point","coordinates":[81.1577,6.4389]}},{"type":"Feature","properties":{"s":0.86},"geometry":{"type":"Point","coordinates":[81.1622,6.4184]}},{"type":"Feature","properties":{"s":1.03},"geometry":{"type":"Point","coordinates":[80.6934,9.0862]}},{"type":"Feature","properties":{"s":0.84},"geometry":{"type":"Point","coordinates":[80.6991,9.0556]}},{"type":"Feature","properties":{"s":1.16},"geometry":{"type":"Point","coordinates":[80.6956,9.1038]}},{"type":"Feature","properties":{"s":0.84},"geometry":{"type":"Point","coordinates":[80.7016,9.0685]}},{"type":"Feature","properties":{"s":0.9},"geometry":{"type":"Point","coordinates":[80.7021,9.0856]}},{"type":"Feature","properties":{"s":0.83},"geometry":{"type":"Point","coordinates":[80.7106,9.0623]}},{"type":"Feature","properties":{"s":1},"geometry":{"type":"Point","coordinates":[80.7104,9.0778]}},{"type":"Feature","properties":{"s":0.92},"geometry":{"type":"Point","coordinates":[80.7149,9.0746]}},{"type":"Feature","properties":{"s":1.18},"geometry":{"type":"Point","coordinates":[80.7161,9.0914]}},{"type":"Feature","properties":{"s":0.99},"geometry":{"type":"Point","coordinates":[80.7331,9.0986]}},{"type":"Feature","properties":{"s":0.89},"geometry":{"type":"Point","coordinates":[80.6823,7.3711]}},{"type":"Feature","properties":{"s":0.97},"geometry":{"type":"Point","coordinates":[80.6886,7.375]}},{"type":"Feature","properties":{"s":1.19},"geometry":{"type":"Point","coordinates":[80.6953,7.4217]}},{"type":"Feature","properties":{"s":1.06},"geometry":{"type":"Point","coordinates":[80.7012,7.401]}},{"type":"Feature","properties":{"s":1.16},"geometry":{"type":"Point","coordinates":[80.7032,7.4283]}},{"type":"Feature","properties":{"s":0.82},"geometry":{"type":"Point","coordinates":[80.7091,7.3825]}},{"type":"Feature","properties":{"s":1.14},"geometry":{"type":"Point","coordinates":[80.7083,7.4293]}},{"type":"Feature","properties":{"s":0.87},"geometry":{"type":"Point","coordinates":[80.7147,7.3817]}},{"type":"Feature","properties":{"s":0.91},"geometry":{"type":"Point","coordinates":[80.7121,7.4045]}},{"type":"Feature","properties":{"s":1.08},"geometry":{"type":"Point","coordinates":[80.7198,7.4002]}},{"type":"Feature","properties":{"s":0.9},"geometry":{"type":"Point","coordinates":[81.3788,7.8997]}},{"type":"Feature","properties":{"s":0.88},"geometry":{"type":"Point","coordinates":[81.383,7.8871]}},{"type":"Feature","properties":{"s":0.93},"geometry":{"type":"Point","coordinates":[81.3898,7.8923]}},{"type":"Feature","properties":{"s":1.15},"geometry":{"type":"Point","coordinates":[81.393,7.8808]}},{"type":"Feature","properties":{"s":1.15},"geometry":{"type":"Point","coordinates":[81.4028,7.8819]}},{"type":"Feature","properties":{"s":1.02},"geometry":{"type":"Point","coordinates":[81.407,7.8797]}},{"type":"Feature","properties":{"s":1.2},"geometry":{"type":"Point","coordinates":[81.4069,7.9049]}},{"type":"Feature","properties":{"s":0.97},"geometry":{"type":"Point","coordinates":[81.4208,7.8808]}},{"type":"Feature","properties":{"s":0.93},"geometry":{"type":"Point","coordinates":[81.1166,6.7649]}},{"type":"Feature","properties":{"s":0.84},"geometry":{"type":"Point","coordinates":[81.1214,6.767]}},{"type":"Feature","properties":{"s":0.91},"geometry":{"type":"Point","coordinates":[81.1187,6.7915]}},{"type":"Feature","properties":{"s":1.07},"geometry":{"type":"Point","coordinates":[81.1258,6.7803]}},{"type":"Feature","properties":{"s":0.83},"geometry":{"type":"Point","coordinates":[81.1342,6.7886]}},{"type":"Feature","properties":{"s":1.03},"geometry":{"type":"Point","coordinates":[81.1458,6.7568]}},{"type":"Feature","properties":{"s":1.19},"geometry":{"type":"Point","coordinates":[81.1488,6.7639]}},{"type":"Feature","properties":{"s":0.82},"geometry":{"type":"Point","coordinates":[81.1563,6.7567]}},{"type":"Feature","properties":{"s":1.09},"geometry":{"type":"Point","coordinates":[81.1584,6.8038]}},{"type":"Feature","properties":{"s":1.15},"geometry":{"type":"Point","coordinates":[81.0414,6.7243]}},{"type":"Feature","properties":{"s":0.92},"geometry":{"type":"Point","coordinates":[81.0544,6.7234]}},{"type":"Feature","properties":{"s":0.83},"geometry":{"type":"Point","coordinates":[81.0612,6.7341]}},{"type":"Feature","properties":{"s":0.98},"geometry":{"type":"Point","coordinates":[81.0658,6.7244]}},{"type":"Feature","properties":{"s":0.95},"geometry":{"type":"Point","coordinates":[81.0672,6.7479]}},{"type":"Feature","properties":{"s":0.94},"geometry":{"type":"Point","coordinates":[81.0696,6.7356]}},{"type":"Feature","properties":{"s":1.01},"geometry":{"type":"Point","coordinates":[81.0697,6.7548]}},{"type":"Feature","properties":{"s":0.95},"geometry":{"type":"Point","coordinates":[81.0771,6.7466]}},{"type":"Feature","properties":{"s":1.2},"geometry":{"type":"Point","coordinates":[81.0816,6.7309]}},{"type":"Feature","properties":{"s":0.96},"geometry":{"type":"Point","coordinates":[81.09,6.7363]}},{"type":"Feature","properties":{"s":0.88},"geometry":{"type":"Point","coordinates":[81.0889,6.7547]}},{"type":"Feature","properties":{"s":0.97},"geometry":{"type":"Point","coordinates":[80.9443,8.8139]}},{"type":"Feature","properties":{"s":1.08},"geometry":{"type":"Point","coordinates":[80.9415,8.8307]}},{"type":"Feature","properties":{"s":1.08},"geometry":{"type":"Point","coordinates":[80.9509,8.8249]}},{"type":"Feature","properties":{"s":1.01},"geometry":{"type":"Point","coordinates":[80.9506,8.8588]}},{"type":"Feature","properties":{"s":1.13},"geometry":{"type":"Point","coordinates":[80.9558,8.8294]}},{"type":"Feature","properties":{"s":0.85},"geometry":{"type":"Point","coordinates":[80.9604,8.8237]}},{"type":"Feature","properties":{"s":1.15},"geometry":{"type":"Point","coordinates":[80.961,8.8496]}},{"type":"Feature","properties":{"s":1.07},"geometry":{"type":"Point","coordinates":[80.9693,8.8347]}},{"type":"Feature","properties":{"s":1.12},"geometry":{"type":"Point","coordinates":[80.9742,8.8553]}},{"type":"Feature","properties":{"s":1.17},"geometry":{"type":"Point","coordinates":[81.023,7.1389]}},{"type":"Feature","properties":{"s":1.09},"geometry":{"type":"Point","coordinates":[81.0288,7.1304]}},{"type":"Feature","properties":{"s":0.95},"geometry":{"type":"Point","coordinates":[81.0301,7.1693]}},{"type":"Feature","properties":{"s":1.03},"geometry":{"type":"Point","coordinates":[81.0348,7.1494]}},{"type":"Feature","properties":{"s":1.18},"geometry":{"type":"Point","coordinates":[81.034,7.1793]}},{"type":"Feature","properties":{"s":1.04},"geometry":{"type":"Point","coordinates":[81.0396,7.1241]}},{"type":"Feature","properties":{"s":1.01},"geometry":{"type":"Point","coordinates":[81.0418,7.1575]}},{"type":"Feature","properties":{"s":1.17},"geometry":{"type":"Point","coordinates":[81.0425,7.172]}},{"type":"Feature","properties":{"s":1.07},"geometry":{"type":"Point","coordinates":[81.0459,7.13]}},{"type":"Feature","properties":{"s":1.07},"geometry":{"type":"Point","coordinates":[81.0518,7.1497]}},{"type":"Feature","properties":{"s":1.06},"geometry":{"type":"Point","coordinates":[80.4657,6.6314]}},{"type":"Feature","properties":{"s":1.13},"geometry":{"type":"Point","coordinates":[80.4721,6.6301]}},{"type":"Feature","properties":{"s":0.84},"geometry":{"type":"Point","coordinates":[80.4768,6.6234]}},{"type":"Feature","properties":{"s":1.01},"geometry":{"type":"Point","coordinates":[80.4821,6.6351]}},{"type":"Feature","properties":{"s":0.86},"geometry":{"type":"Point","coordinates":[80.4863,6.6318]}},{"type":"Feature","properties":{"s":0.96},"geometry":{"type":"Point","coordinates":[80.496,6.6182]}},{"type":"Feature","properties":{"s":0.86},"geometry":{"type":"Point","coordinates":[80.5065,6.6136]}},{"type":"Feature","properties":{"s":1.17},"geometry":{"type":"Point","coordinates":[80.5112,6.6081]}},{"type":"Feature","properties":{"s":0.94},"geometry":{"type":"Point","coordinates":[80.5232,6.6066]}},{"type":"Feature","properties":{"s":1.08},"geometry":{"type":"Point","coordinates":[80.5278,8.9249]}},{"type":"Feature","properties":{"s":0.99},"geometry":{"type":"Point","coordinates":[80.5283,8.9435]}},{"type":"Feature","properties":{"s":0.91},"geometry":{"type":"Point","coordinates":[80.532,8.9472]}},{"type":"Feature","properties":{"s":1.17},"geometry":{"type":"Point","coordinates":[80.541,8.9372]}},{"type":"Feature","properties":{"s":1},"geometry":{"type":"Point","coordinates":[80.5439,8.9418]}},{"type":"Feature","properties":{"s":1.18},"geometry":{"type":"Point","coordinates":[80.5535,8.9305]}},{"type":"Feature","properties":{"s":1.13},"geometry":{"type":"Point","coordinates":[80.5561,8.9413]}},{"type":"Feature","properties":{"s":0.93},"geometry":{"type":"Point","coordinates":[80.5715,8.9176]}},{"type":"Feature","properties":{"s":1.1},"geometry":{"type":"Point","coordinates":[80.5683,8.9407]}},{"type":"Feature","properties":{"s":1.18},"geometry":{"type":"Point","coordinates":[80.3737,6.9785]}},{"type":"Feature","properties":{"s":1.09},"geometry":{"type":"Point","coordinates":[80.3821,6.9878]}},{"type":"Feature","properties":{"s":1.02},"geometry":{"type":"Point","coordinates":[80.3866,6.9884]}},{"type":"Feature","properties":{"s":0.88},"geometry":{"type":"Point","coordinates":[80.3981,6.9947]}},{"type":"Feature","properties":{"s":1.04},"geometry":{"type":"Point","coordinates":[80.4071,6.9897]}},{"type":"Feature","properties":{"s":1.01},"geometry":{"type":"Point","coordinates":[80.4217,6.9709]}},{"type":"Feature","properties":{"s":0.94},"geometry":{"type":"Point","coordinates":[80.4362,6.9602]}},{"type":"Feature","properties":{"s":0.96},"geometry":{"type":"Point","coordinates":[80.4369,6.981]}},{"type":"Feature","properties":{"s":1.19},"geometry":{"type":"Point","coordinates":[80.9312,7.209]}},{"type":"Feature","properties":{"s":0.83},"geometry":{"type":"Point","coordinates":[80.9487,7.2131]}},{"type":"Feature","properties":{"s":0.83},"geometry":{"type":"Point","coordinates":[80.9533,7.2211]}},{"type":"Feature","properties":{"s":1.09},"geometry":{"type":"Point","coordinates":[80.962,7.2337]}},{"type":"Feature","properties":{"s":0.96},"geometry":{"type":"Point","coordinates":[80.9666,7.2315]}},{"type":"Feature","properties":{"s":1.07},"geometry":{"type":"Point","coordinates":[80.9716,7.2214]}},{"type":"Feature","properties":{"s":0.97},"geometry":{"type":"Point","coordinates":[80.978,7.226]}},{"type":"Feature","properties":{"s":0.98},"geometry":{"type":"Point","coordinates":[80.9836,7.2471]}},{"type":"Feature","properties":{"s":1.11},"geometry":{"type":"Point","coordinates":[80.479,9.1701]}},{"type":"Feature","properties":{"s":1.17},"geometry":{"type":"Point","coordinates":[80.4841,9.1612]}},{"type":"Feature","properties":{"s":0.85},"geometry":{"type":"Point","coordinates":[80.4863,9.1832]}},{"type":"Feature","properties":{"s":0.87},"geometry":{"type":"Point","coordinates":[80.487,9.2011]}},{"type":"Feature","properties":{"s":1.16},"geometry":{"type":"Point","coordinates":[80.4905,9.1977]}},{"type":"Feature","properties":{"s":0.88},"geometry":{"type":"Point","coordinates":[80.4955,9.1744]}},{"type":"Feature","properties":{"s":0.99},"geometry":{"type":"Point","coordinates":[80.5052,9.1552]}},{"type":"Feature","properties":{"s":1.19},"geometry":{"type":"Point","coordinates":[80.5036,9.1813]}},{"type":"Feature","properties":{"s":1.12},"geometry":{"type":"Point","coordinates":[80.5089,9.1672]}},{"type":"Feature","properties":{"s":1.04},"geometry":{"type":"Point","coordinates":[81.7605,6.8202]}},{"type":"Feature","properties":{"s":0.91},"geometry":{"type":"Point","coordinates":[81.7684,6.802]}},{"type":"Feature","properties":{"s":0.81},"geometry":{"type":"Point","coordinates":[81.7765,6.78]}},{"type":"Feature","properties":{"s":1.11},"geometry":{"type":"Point","coordinates":[81.7861,6.7983]}},{"type":"Feature","properties":{"s":1.06},"geometry":{"type":"Point","coordinates":[81.7891,6.7977]}},{"type":"Feature","properties":{"s":1.17},"geometry":{"type":"Point","coordinates":[81.798,6.787]}},{"type":"Feature","properties":{"s":0.86},"geometry":{"type":"Point","coordinates":[81.802,6.7866]}},{"type":"Feature","properties":{"s":0.97},"geometry":{"type":"Point","coordinates":[81.8079,6.7964]}},{"type":"Feature","properties":{"s":1.05},"geometry":{"type":"Point","coordinates":[80.9084,8.0455]}},{"type":"Feature","properties":{"s":0.9},"geometry":{"type":"Point","coordinates":[80.9076,8.0879]}},{"type":"Feature","properties":{"s":0.99},"geometry":{"type":"Point","coordinates":[80.9149,8.0535]}},{"type":"Feature","properties":{"s":0.91},"geometry":{"type":"Point","coordinates":[80.9137,8.0973]}},{"type":"Feature","properties":{"s":1.18},"geometry":{"type":"Point","coordinates":[80.9175,8.0638]}},{"type":"Feature","properties":{"s":0.98},"geometry":{"type":"Point","coordinates":[80.9196,8.0892]}},{"type":"Feature","properties":{"s":0.83},"geometry":{"type":"Point","coordinates":[80.9259,8.0888]}},{"type":"Feature","properties":{"s":0.88},"geometry":{"type":"Point","coordinates":[81.5142,7.5549]}},{"type":"Feature","properties":{"s":0.9},"geometry":{"type":"Point","coordinates":[81.5176,7.5535]}},{"type":"Feature","properties":{"s":1.13},"geometry":{"type":"Point","coordinates":[81.5268,7.562]}},{"type":"Feature","properties":{"s":1.08},"geometry":{"type":"Point","coordinates":[81.5335,7.5372]}},{"type":"Feature","properties":{"s":1.17},"geometry":{"type":"Point","coordinates":[81.5377,7.5353]}},{"type":"Feature","properties":{"s":1.04},"geometry":{"type":"Point","coordinates":[81.5418,7.5539]}},{"type":"Feature","properties":{"s":1.11},"geometry":{"type":"Point","coordinates":[81.5513,7.5493]}},{"type":"Feature","properties":{"s":1.02},"geometry":{"type":"Point","coordinates":[81.5604,7.5499]}},{"type":"Feature","properties":{"s":1.17},"geometry":{"type":"Point","coordinates":[81.1876,8.3057]}},{"type":"Feature","properties":{"s":0.85},"geometry":{"type":"Point","coordinates":[81.2535,8.2891]}},{"type":"Feature","properties":{"s":0.98},"geometry":{"type":"Point","coordinates":[81.266,8.2873]}},{"type":"Feature","properties":{"s":0.81},"geometry":{"type":"Point","coordinates":[81.2853,8.2837]}},{"type":"Feature","properties":{"s":0.83},"geometry":{"type":"Point","coordinates":[81.292,8.2784]}},{"type":"Feature","properties":{"s":1.13},"geometry":{"type":"Point","coordinates":[81.2993,8.2776]}},{"type":"Feature","properties":{"s":1.11},"geometry":{"type":"Point","coordinates":[81.3047,8.2728]}},{"type":"Feature","properties":{"s":1.09},"geometry":{"type":"Point","coordinates":[81.3024,8.2938]}},{"type":"Feature","properties":{"s":1.08},"geometry":{"type":"Point","coordinates":[81.3079,8.2728]}},{"type":"Feature","properties":{"s":1.07},"geometry":{"type":"Point","coordinates":[81.3089,8.3068]}},{"type":"Feature","properties":{"s":1.11},"geometry":{"type":"Point","coordinates":[81.3145,8.3132]}},{"type":"Feature","properties":{"s":0.86},"geometry":{"type":"Point","coordinates":[80.5771,6.6307]}},{"type":"Feature","properties":{"s":1.05},"geometry":{"type":"Point","coordinates":[80.5811,6.6693]}},{"type":"Feature","properties":{"s":0.96},"geometry":{"type":"Point","coordinates":[80.5864,6.6613]}},{"type":"Feature","properties":{"s":1.08},"geometry":{"type":"Point","coordinates":[80.5927,6.6575]}},{"type":"Feature","properties":{"s":0.84},"geometry":{"type":"Point","coordinates":[80.5987,6.6461]}},{"type":"Feature","properties":{"s":0.92},"geometry":{"type":"Point","coordinates":[80.602,6.6509]}},{"type":"Feature","properties":{"s":1.14},"geometry":{"type":"Point","coordinates":[80.6093,6.6685]}},{"type":"Feature","properties":{"s":1.1},"geometry":{"type":"Point","coordinates":[81.3314,6.8081]}},{"type":"Feature","properties":{"s":0.83},"geometry":{"type":"Point","coordinates":[81.3389,6.784]}},{"type":"Feature","properties":{"s":1.05},"geometry":{"type":"Point","coordinates":[81.3405,6.8144]}},{"type":"Feature","properties":{"s":0.99},"geometry":{"type":"Point","coordinates":[81.3428,6.7857]}},{"type":"Feature","properties":{"s":0.85},"geometry":{"type":"Point","coordinates":[81.3436,6.8026]}},{"type":"Feature","properties":{"s":0.9},"geometry":{"type":"Point","coordinates":[81.3524,6.7867]}},{"type":"Feature","properties":{"s":1.16},"geometry":{"type":"Point","coordinates":[81.3522,6.8057]}},{"type":"Feature","properties":{"s":0.94},"geometry":{"type":"Point","coordinates":[81.3556,6.7915]}},{"type":"Feature","properties":{"s":1.03},"geometry":{"type":"Point","coordinates":[81.4158,7.8183]}},{"type":"Feature","properties":{"s":0.88},"geometry":{"type":"Point","coordinates":[81.4158,7.8371]}},{"type":"Feature","properties":{"s":0.95},"geometry":{"type":"Point","coordinates":[81.4223,7.8306]}},{"type":"Feature","properties":{"s":0.83},"geometry":{"type":"Point","coordinates":[81.425,7.8203]}},{"type":"Feature","properties":{"s":0.91},"geometry":{"type":"Point","coordinates":[81.4254,7.8495]}},{"type":"Feature","properties":{"s":1.16},"geometry":{"type":"Point","coordinates":[81.4324,7.8325]}},{"type":"Feature","properties":{"s":0.97},"geometry":{"type":"Point","coordinates":[81.4396,7.8193]}},{"type":"Feature","properties":{"s":1.12},"geometry":{"type":"Point","coordinates":[81.4442,7.8381]}},{"type":"Feature","properties":{"s":0.94},"geometry":{"type":"Point","coordinates":[81.4499,7.8456]}},{"type":"Feature","properties":{"s":1.17},"geometry":{"type":"Point","coordinates":[80.9589,8.3551]}},{"type":"Feature","properties":{"s":0.92},"geometry":{"type":"Point","coordinates":[80.9637,8.3377]}},{"type":"Feature","properties":{"s":0.94},"geometry":{"type":"Point","coordinates":[80.9674,8.362]}},{"type":"Feature","properties":{"s":0.8},"geometry":{"type":"Point","coordinates":[80.9712,8.3491]}},{"type":"Feature","properties":{"s":1.18},"geometry":{"type":"Point","coordinates":[80.9757,8.349]}},{"type":"Feature","properties":{"s":0.97},"geometry":{"type":"Point","coordinates":[80.9788,8.3974]}},{"type":"Feature","properties":{"s":0.99},"geometry":{"type":"Point","coordinates":[80.9826,8.382]}},{"type":"Feature","properties":{"s":0.87},"geometry":{"type":"Point","coordinates":[81.3784,7.8227]}},{"type":"Feature","properties":{"s":0.8},"geometry":{"type":"Point","coordinates":[81.3971,7.8188]}},{"type":"Feature","properties":{"s":0.97},"geometry":{"type":"Point","coordinates":[81.403,7.8177]}},{"type":"Feature","properties":{"s":1.09},"geometry":{"type":"Point","coordinates":[81.4084,7.8173]}},{"type":"Feature","properties":{"s":0.8},"geometry":{"type":"Point","coordinates":[81.4145,7.8002]}},{"type":"Feature","properties":{"s":1.09},"geometry":{"type":"Point","coordinates":[81.4223,7.7933]}},{"type":"Feature","properties":{"s":0.91},"geometry":{"type":"Point","coordinates":[81.4247,7.7948]}},{"type":"Feature","properties":{"s":1.13},"geometry":{"type":"Point","coordinates":[81.4389,7.7944]}},{"type":"Feature","properties":{"s":0.88},"geometry":{"type":"Point","coordinates":[81.0804,7.9355]}},{"type":"Feature","properties":{"s":0.86},"geometry":{"type":"Point","coordinates":[81.0841,7.9567]}},{"type":"Feature","properties":{"s":1.01},"geometry":{"type":"Point","coordinates":[81.0916,7.955]}},{"type":"Feature","properties":{"s":1.11},"geometry":{"type":"Point","coordinates":[81.0914,7.9794]}},{"type":"Feature","properties":{"s":1.15},"geometry":{"type":"Point","coordinates":[81.0927,7.9972]}},{"type":"Feature","properties":{"s":1.06},"geometry":{"type":"Point","coordinates":[81.0986,7.9971]}},{"type":"Feature","properties":{"s":1.09},"geometry":{"type":"Point","coordinates":[81.0995,8.0284]}},{"type":"Feature","properties":{"s":0.95},"geometry":{"type":"Point","coordinates":[81.1041,8.0458]}},{"type":"Feature","properties":{"s":1.09},"geometry":{"type":"Point","coordinates":[80.7986,6.9637]}},{"type":"Feature","properties":{"s":1.06},"geometry":{"type":"Point","coordinates":[80.8052,6.9682]}},{"type":"Feature","properties":{"s":1.18},"geometry":{"type":"Point","coordinates":[80.8221,6.9755]}},{"type":"Feature","properties":{"s":0.87},"geometry":{"type":"Point","coordinates":[80.829,6.9745]}},{"type":"Feature","properties":{"s":1.05},"geometry":{"type":"Point","coordinates":[80.8406,6.9953]}},{"type":"Feature","properties":{"s":1.2},"geometry":{"type":"Point","coordinates":[80.845,6.9927]}},{"type":"Feature","properties":{"s":1.09},"geometry":{"type":"Point","coordinates":[80.8689,6.9765]}},{"type":"Feature","properties":{"s":1.09},"geometry":{"type":"Point","coordinates":[80.8163,6.4372]}},{"type":"Feature","properties":{"s":1.07},"geometry":{"type":"Point","coordinates":[80.8306,6.4292]}},{"type":"Feature","properties":{"s":0.99},"geometry":{"type":"Point","coordinates":[80.8435,6.4369]}},{"type":"Feature","properties":{"s":0.92},"geometry":{"type":"Point","coordinates":[80.8675,6.4364]}},{"type":"Feature","properties":{"s":1},"geometry":{"type":"Point","coordinates":[80.8951,6.4307]}},{"type":"Feature","properties":{"s":0.89},"geometry":{"type":"Point","coordinates":[80.9155,6.4269]}},{"type":"Feature","properties":{"s":1.15},"geometry":{"type":"Point","coordinates":[80.9248,6.4272]}},{"type":"Feature","properties":{"s":0.89},"geometry":{"type":"Point","coordinates":[80.9559,6.4245]}},{"type":"Feature","properties":{"s":1.16},"geometry":{"type":"Point","coordinates":[80.9798,6.4254]}},{"type":"Feature","properties":{"s":1.05},"geometry":{"type":"Point","coordinates":[80.3989,7.6288]}},{"type":"Feature","properties":{"s":1.14},"geometry":{"type":"Point","coordinates":[80.4022,7.6236]}},{"type":"Feature","properties":{"s":1.04},"geometry":{"type":"Point","coordinates":[80.4019,7.6523]}},{"type":"Feature","properties":{"s":1.13},"geometry":{"type":"Point","coordinates":[80.4096,7.6303]}},{"type":"Feature","properties":{"s":1.13},"geometry":{"type":"Point","coordinates":[80.416,7.5978]}},{"type":"Feature","properties":{"s":1.12},"geometry":{"type":"Point","coordinates":[80.414,7.6422]}},{"type":"Feature","properties":{"s":0.98},"geometry":{"type":"Point","coordinates":[80.4204,7.639]}},{"type":"Feature","properties":{"s":0.94},"geometry":{"type":"Point","coordinates":[80.8412,7.1881]}},{"type":"Feature","properties":{"s":1.09},"geometry":{"type":"Point","coordinates":[80.8729,7.1923]}},{"type":"Feature","properties":{"s":0.9},"geometry":{"type":"Point","coordinates":[80.8855,7.1527]}},{"type":"Feature","properties":{"s":1.15},"geometry":{"type":"Point","coordinates":[80.8883,7.1708]}},{"type":"Feature","properties":{"s":1.11},"geometry":{"type":"Point","coordinates":[80.8905,7.1917]}},{"type":"Feature","properties":{"s":1.16},"geometry":{"type":"Point","coordinates":[80.9008,7.1947]}},{"type":"Feature","properties":{"s":0.93},"geometry":{"type":"Point","coordinates":[80.9189,7.194]}},{"type":"Feature","properties":{"s":0.81},"geometry":{"type":"Point","coordinates":[80.6921,8.3662]}},{"type":"Feature","properties":{"s":1.07},"geometry":{"type":"Point","coordinates":[80.6924,8.397]}},{"type":"Feature","properties":{"s":1.14},"geometry":{"type":"Point","coordinates":[80.698,8.3956]}},{"type":"Feature","properties":{"s":1.14},"geometry":{"type":"Point","coordinates":[80.703,8.4002]}},{"type":"Feature","properties":{"s":1.17},"geometry":{"type":"Point","coordinates":[80.7092,8.3833]}},{"type":"Feature","properties":{"s":0.9},"geometry":{"type":"Point","coordinates":[80.7112,8.4057]}},{"type":"Feature","properties":{"s":1.02},"geometry":{"type":"Point","coordinates":[81.4457,7.6072]}},{"type":"Feature","properties":{"s":1.06},"geometry":{"type":"Point","coordinates":[81.4539,7.5928]}},{"type":"Feature","properties":{"s":0.94},"geometry":{"type":"Point","coordinates":[81.4504,7.6202]}},{"type":"Feature","properties":{"s":0.86},"geometry":{"type":"Point","coordinates":[81.4597,7.6014]}},{"type":"Feature","properties":{"s":1.08},"geometry":{"type":"Point","coordinates":[81.4586,7.6249]}},{"type":"Feature","properties":{"s":1.08},"geometry":{"type":"Point","coordinates":[81.4644,7.6199]}},{"type":"Feature","properties":{"s":0.86},"geometry":{"type":"Point","coordinates":[81.4693,7.6119]}},{"type":"Feature","properties":{"s":0.92},"geometry":{"type":"Point","coordinates":[81.4763,7.6046]}},{"type":"Feature","properties":{"s":0.87},"geometry":{"type":"Point","coordinates":[80.312,7.5905]}},{"type":"Feature","properties":{"s":0.88},"geometry":{"type":"Point","coordinates":[80.3116,7.6157]}},{"type":"Feature","properties":{"s":1.07},"geometry":{"type":"Point","coordinates":[80.3169,7.616]}},{"type":"Feature","properties":{"s":1},"geometry":{"type":"Point","coordinates":[80.3254,7.5831]}},{"type":"Feature","properties":{"s":1.04},"geometry":{"type":"Point","coordinates":[80.3439,7.5662]}},{"type":"Feature","properties":{"s":0.85},"geometry":{"type":"Point","coordinates":[80.3605,7.5362]}},{"type":"Feature","properties":{"s":1.11},"geometry":{"type":"Point","coordinates":[80.3644,7.5177]}},{"type":"Feature","properties":{"s":0.88},"geometry":{"type":"Point","coordinates":[80.3721,7.5172]}},{"type":"Feature","properties":{"s":1.01},"geometry":{"type":"Point","coordinates":[81.0204,7.1263]}},{"type":"Feature","properties":{"s":0.88},"geometry":{"type":"Point","coordinates":[81.0324,7.0801]}},{"type":"Feature","properties":{"s":0.88},"geometry":{"type":"Point","coordinates":[81.0333,7.1046]}},{"type":"Feature","properties":{"s":0.96},"geometry":{"type":"Point","coordinates":[81.0379,7.1019]}},{"type":"Feature","properties":{"s":0.87},"geometry":{"type":"Point","coordinates":[81.0445,7.0604]}},{"type":"Feature","properties":{"s":0.83},"geometry":{"type":"Point","coordinates":[81.043,7.104]}},{"type":"Feature","properties":{"s":0.87},"geometry":{"type":"Point","coordinates":[81.0517,7.0616]}},{"type":"Feature","properties":{"s":1.14},"geometry":{"type":"Point","coordinates":[80.0862,8.7813]}},{"type":"Feature","properties":{"s":0.94},"geometry":{"type":"Point","coordinates":[80.0997,8.7731]}},{"type":"Feature","properties":{"s":0.86},"geometry":{"type":"Point","coordinates":[80.0999,8.7938]}},{"type":"Feature","properties":{"s":0.96},"geometry":{"type":"Point","coordinates":[80.1063,8.7811]}},{"type":"Feature","properties":{"s":0.85},"geometry":{"type":"Point","coordinates":[80.1192,8.7698]}},{"type":"Feature","properties":{"s":0.97},"geometry":{"type":"Point","coordinates":[80.1166,8.7857]}},{"type":"Feature","properties":{"s":1.14},"geometry":{"type":"Point","coordinates":[80.1286,8.7698]}},{"type":"Feature","properties":{"s":1.15},"geometry":{"type":"Point","coordinates":[80.1409,8.7674]}},{"type":"Feature","properties":{"s":0.93},"geometry":{"type":"Point","coordinates":[80.152,8.7675]}},{"type":"Feature","properties":{"s":1.16},"geometry":{"type":"Point","coordinates":[80.6809,7.034]}},{"type":"Feature","properties":{"s":1.14},"geometry":{"type":"Point","coordinates":[80.6937,7.0242]}},{"type":"Feature","properties":{"s":0.97},"geometry":{"type":"Point","coordinates":[80.6973,7.0228]}},{"type":"Feature","properties":{"s":1.1},"geometry":{"type":"Point","coordinates":[80.7035,7.0188]}},{"type":"Feature","properties":{"s":0.99},"geometry":{"type":"Point","coordinates":[80.7175,6.9938]}},{"type":"Feature","properties":{"s":0.93},"geometry":{"type":"Point","coordinates":[80.7217,7.0164]}},{"type":"Feature","properties":{"s":1.12},"geometry":{"type":"Point","coordinates":[80.7356,6.9827]}},{"type":"Feature","properties":{"s":1.12},"geometry":{"type":"Point","coordinates":[80.7452,6.9935]}},{"type":"Feature","properties":{"s":0.87},"geometry":{"type":"Point","coordinates":[81.2667,6.7141]}},{"type":"Feature","properties":{"s":1.06},"geometry":{"type":"Point","coordinates":[81.2642,6.7563]}},{"type":"Feature","properties":{"s":1.03},"geometry":{"type":"Point","coordinates":[81.2703,6.7107]}},{"type":"Feature","properties":{"s":0.94},"geometry":{"type":"Point","coordinates":[81.272,6.7257]}},{"type":"Feature","properties":{"s":1.12},"geometry":{"type":"Point","coordinates":[81.2708,6.7559]}},{"type":"Feature","properties":{"s":1.01},"geometry":{"type":"Point","coordinates":[81.2757,6.7202]}},{"type":"Feature","properties":{"s":0.92},"geometry":{"type":"Point","coordinates":[81.2786,6.7792]}},{"type":"Feature","properties":{"s":1.11},"geometry":{"type":"Point","coordinates":[80.9512,7.3303]}},{"type":"Feature","properties":{"s":1},"geometry":{"type":"Point","coordinates":[80.9548,7.3242]}},{"type":"Feature","properties":{"s":1.2},"geometry":{"type":"Point","coordinates":[80.9632,7.3193]}},{"type":"Feature","properties":{"s":0.85},"geometry":{"type":"Point","coordinates":[80.9591,7.3373]}},{"type":"Feature","properties":{"s":1.15},"geometry":{"type":"Point","coordinates":[80.9659,7.3185]}},{"type":"Feature","properties":{"s":0.98},"geometry":{"type":"Point","coordinates":[80.9669,7.3395]}},{"type":"Feature","properties":{"s":0.93},"geometry":{"type":"Point","coordinates":[80.9727,7.2833]}},{"type":"Feature","properties":{"s":0.84},"geometry":{"type":"Point","coordinates":[81.2044,8.1545]}},{"type":"Feature","properties":{"s":0.87},"geometry":{"type":"Point","coordinates":[81.2104,8.1617]}},{"type":"Feature","properties":{"s":0.86},"geometry":{"type":"Point","coordinates":[81.2246,8.162]}},{"type":"Feature","properties":{"s":0.95},"geometry":{"type":"Point","coordinates":[81.2236,8.1827]}},{"type":"Feature","properties":{"s":0.82},"geometry":{"type":"Point","coordinates":[81.2273,8.1833]}},{"type":"Feature","properties":{"s":0.88},"geometry":{"type":"Point","coordinates":[81.2358,8.1948]}},{"type":"Feature","properties":{"s":0.8},"geometry":{"type":"Point","coordinates":[81.2486,8.2123]}},{"type":"Feature","properties":{"s":1.16},"geometry":{"type":"Point","coordinates":[80.6923,7.7458]}},{"type":"Feature","properties":{"s":1.08},"geometry":{"type":"Point","coordinates":[80.6955,7.7459]}},{"type":"Feature","properties":{"s":0.85},"geometry":{"type":"Point","coordinates":[80.7045,7.747]}},{"type":"Feature","properties":{"s":1.17},"geometry":{"type":"Point","coordinates":[80.7011,7.7651]}},{"type":"Feature","properties":{"s":1.1},"geometry":{"type":"Point","coordinates":[80.7072,7.7603]}},{"type":"Feature","properties":{"s":0.94},"geometry":{"type":"Point","coordinates":[80.713,7.7443]}},{"type":"Feature","properties":{"s":1.07},"geometry":{"type":"Point","coordinates":[80.7134,7.763]}},{"type":"Feature","properties":{"s":1.05},"geometry":{"type":"Point","coordinates":[80.9353,8.8868]}},{"type":"Feature","properties":{"s":0.98},"geometry":{"type":"Point","coordinates":[80.9399,8.8805]}},{"type":"Feature","properties":{"s":1.19},"geometry":{"type":"Point","coordinates":[80.9425,8.9068]}},{"type":"Feature","properties":{"s":1.02},"geometry":{"type":"Point","coordinates":[80.9476,8.8887]}},{"type":"Feature","properties":{"s":1.14},"geometry":{"type":"Point","coordinates":[80.9481,8.9054]}},{"type":"Feature","properties":{"s":1.1},"geometry":{"type":"Point","coordinates":[80.9506,8.913]}},{"type":"Feature","properties":{"s":1.18},"geometry":{"type":"Point","coordinates":[80.9597,8.9172]}},{"type":"Feature","properties":{"s":1.14},"geometry":{"type":"Point","coordinates":[80.9627,8.9244]}},{"type":"Feature","properties":{"s":1.19},"geometry":{"type":"Point","coordinates":[80.852,9.011]}},{"type":"Feature","properties":{"s":0.91},"geometry":{"type":"Point","coordinates":[80.8646,8.9892]}},{"type":"Feature","properties":{"s":1.16},"geometry":{"type":"Point","coordinates":[80.8712,8.9916]}},{"type":"Feature","properties":{"s":1.08},"geometry":{"type":"Point","coordinates":[80.8754,8.9701]}},{"type":"Feature","properties":{"s":0.86},"geometry":{"type":"Point","coordinates":[80.8765,8.9917]}},{"type":"Feature","properties":{"s":0.97},"geometry":{"type":"Point","coordinates":[80.884,8.9887]}},{"type":"Feature","properties":{"s":0.92},"geometry":{"type":"Point","coordinates":[80.8894,8.9916]}},{"type":"Feature","properties":{"s":1.13},"geometry":{"type":"Point","coordinates":[80.9018,8.9861]}},{"type":"Feature","properties":{"s":1.17},"geometry":{"type":"Point","coordinates":[80.2188,8.7387]}},{"type":"Feature","properties":{"s":1.07},"geometry":{"type":"Point","coordinates":[80.2259,8.7499]}},{"type":"Feature","properties":{"s":0.98},"geometry":{"type":"Point","coordinates":[80.2371,8.7287]}},{"type":"Feature","properties":{"s":1.01},"geometry":{"type":"Point","coordinates":[80.2457,8.7201]}},{"type":"Feature","properties":{"s":0.92},"geometry":{"type":"Point","coordinates":[80.2446,8.7487]}},{"type":"Feature","properties":{"s":0.98},"geometry":{"type":"Point","coordinates":[80.2499,8.7247]}},{"type":"Feature","properties":{"s":1.03},"geometry":{"type":"Point","coordinates":[80.5398,8.016]}},{"type":"Feature","properties":{"s":1.05},"geometry":{"type":"Point","coordinates":[80.5462,8.0053]}},{"type":"Feature","properties":{"s":0.83},"geometry":{"type":"Point","coordinates":[80.5605,7.9881]}},{"type":"Feature","properties":{"s":0.86},"geometry":{"type":"Point","coordinates":[80.5674,8.0219]}},{"type":"Feature","properties":{"s":0.95},"geometry":{"type":"Point","coordinates":[80.5708,8.0089]}},{"type":"Feature","properties":{"s":0.81},"geometry":{"type":"Point","coordinates":[80.5203,8.5514]}},{"type":"Feature","properties":{"s":0.95},"geometry":{"type":"Point","coordinates":[80.5252,8.576]}},{"type":"Feature","properties":{"s":1.08},"geometry":{"type":"Point","coordinates":[80.5324,8.5866]}},{"type":"Feature","properties":{"s":1.09},"geometry":{"type":"Point","coordinates":[80.5364,8.5905]}},{"type":"Feature","properties":{"s":0.99},"geometry":{"type":"Point","coordinates":[80.5517,8.5976]}},{"type":"Feature","properties":{"s":1.17},"geometry":{"type":"Point","coordinates":[81.0905,8.3448]}},{"type":"Feature","properties":{"s":0.94},"geometry":{"type":"Point","coordinates":[81.1038,8.3134]}},{"type":"Feature","properties":{"s":0.85},"geometry":{"type":"Point","coordinates":[81.1108,8.3126]}},{"type":"Feature","properties":{"s":0.97},"geometry":{"type":"Point","coordinates":[81.1084,8.3431]}},{"type":"Feature","properties":{"s":1.15},"geometry":{"type":"Point","coordinates":[81.1179,8.3311]}},{"type":"Feature","properties":{"s":0.92},"geometry":{"type":"Point","coordinates":[81.1225,8.3332]}},{"type":"Feature","properties":{"s":1.01},"geometry":{"type":"Point","coordinates":[81.129,8.3437]}},{"type":"Feature","properties":{"s":0.92},"geometry":{"type":"Point","coordinates":[80.5581,8.7398]}},{"type":"Feature","properties":{"s":1.02},"geometry":{"type":"Point","coordinates":[80.5549,8.76]}},{"type":"Feature","properties":{"s":0.99},"geometry":{"type":"Point","coordinates":[80.5626,8.7414]}},{"type":"Feature","properties":{"s":0.95},"geometry":{"type":"Point","coordinates":[80.5665,8.7661]}},{"type":"Feature","properties":{"s":0.92},"geometry":{"type":"Point","coordinates":[80.575,8.7676]}},{"type":"Feature","properties":{"s":0.81},"geometry":{"type":"Point","coordinates":[80.8618,8.6159]}},{"type":"Feature","properties":{"s":1.14},"geometry":{"type":"Point","coordinates":[80.8667,8.6156]}},{"type":"Feature","properties":{"s":1.03},"geometry":{"type":"Point","coordinates":[80.8739,8.608]}},{"type":"Feature","properties":{"s":0.83},"geometry":{"type":"Point","coordinates":[80.8743,8.6311]}},{"type":"Feature","properties":{"s":1.01},"geometry":{"type":"Point","coordinates":[80.8786,8.603]}},{"type":"Feature","properties":{"s":1.06},"geometry":{"type":"Point","coordinates":[80.8847,8.6146]}},{"type":"Feature","properties":{"s":1.03},"geometry":{"type":"Point","coordinates":[80.8845,8.6315]}},{"type":"Feature","properties":{"s":1.17},"geometry":{"type":"Point","coordinates":[80.6034,6.2071]}},{"type":"Feature","properties":{"s":1.08},"geometry":{"type":"Point","coordinates":[80.6154,6.2213]}},{"type":"Feature","properties":{"s":1.11},"geometry":{"type":"Point","coordinates":[80.6203,6.226]}},{"type":"Feature","properties":{"s":0.92},"geometry":{"type":"Point","coordinates":[80.628,6.2262]}},{"type":"Feature","properties":{"s":1.05},"geometry":{"type":"Point","coordinates":[80.6266,6.2496]}},{"type":"Feature","properties":{"s":0.95},"geometry":{"type":"Point","coordinates":[80.6335,6.2499]}},{"type":"Feature","properties":{"s":0.84},"geometry":{"type":"Point","coordinates":[80.6399,6.2561]}},{"type":"Feature","properties":{"s":0.84},"geometry":{"type":"Point","coordinates":[80.5213,8.8791]}},{"type":"Feature","properties":{"s":1.19},"geometry":{"type":"Point","coordinates":[80.5305,8.8731]}},{"type":"Feature","properties":{"s":0.9},"geometry":{"type":"Point","coordinates":[80.5305,8.894]}},{"type":"Feature","properties":{"s":1.16},"geometry":{"type":"Point","coordinates":[80.5374,8.8859]}},{"type":"Feature","properties":{"s":0.92},"geometry":{"type":"Point","coordinates":[80.5391,8.9032]}},{"type":"Feature","properties":{"s":0.82},"geometry":{"type":"Point","coordinates":[80.5441,8.8795]}},{"type":"Feature","properties":{"s":1.18},"geometry":{"type":"Point","coordinates":[80.55,8.8768]}},{"type":"Feature","properties":{"s":1.14},"geometry":{"type":"Point","coordinates":[81.3688,8.1212]}},{"type":"Feature","properties":{"s":0.81},"geometry":{"type":"Point","coordinates":[81.3748,8.1329]}},{"type":"Feature","properties":{"s":0.9},"geometry":{"type":"Point","coordinates":[81.3805,8.1214]}},{"type":"Feature","properties":{"s":0.98},"geometry":{"type":"Point","coordinates":[81.3869,8.1276]}},{"type":"Feature","properties":{"s":1.2},"geometry":{"type":"Point","coordinates":[81.3925,8.1139]}},{"type":"Feature","properties":{"s":1.03},"geometry":{"type":"Point","coordinates":[81.4004,8.1093]}},{"type":"Feature","properties":{"s":0.84},"geometry":{"type":"Point","coordinates":[79.9886,8.7182]}},{"type":"Feature","properties":{"s":0.86},"geometry":{"type":"Point","coordinates":[79.9968,8.7038]}},{"type":"Feature","properties":{"s":1.13},"geometry":{"type":"Point","coordinates":[80.0017,8.7013]}},{"type":"Feature","properties":{"s":1.06},"geometry":{"type":"Point","coordinates":[80.005,8.7097]}},{"type":"Feature","properties":{"s":1.11},"geometry":{"type":"Point","coordinates":[80.0119,8.7087]}},{"type":"Feature","properties":{"s":1.06},"geometry":{"type":"Point","coordinates":[80.0266,8.678]}},{"type":"Feature","properties":{"s":0.97},"geometry":{"type":"Point","coordinates":[80.0306,8.7035]}},{"type":"Feature","properties":{"s":0.94},"geometry":{"type":"Point","coordinates":[80.3281,8.6782]}},{"type":"Feature","properties":{"s":0.83},"geometry":{"type":"Point","coordinates":[80.3331,8.6917]}},{"type":"Feature","properties":{"s":1.15},"geometry":{"type":"Point","coordinates":[80.3364,8.6839]}},{"type":"Feature","properties":{"s":0.91},"geometry":{"type":"Point","coordinates":[80.3459,8.676]}},{"type":"Feature","properties":{"s":1.08},"geometry":{"type":"Point","coordinates":[80.3488,8.6709]}},{"type":"Feature","properties":{"s":0.86},"geometry":{"type":"Point","coordinates":[80.3553,8.6881]}},{"type":"Feature","properties":{"s":1.1},"geometry":{"type":"Point","coordinates":[80.3632,8.6699]}},{"type":"Feature","properties":{"s":1.04},"geometry":{"type":"Point","coordinates":[80.3752,8.6842]}},{"type":"Feature","properties":{"s":0.96},"geometry":{"type":"Point","coordinates":[80.9184,6.539]}},{"type":"Feature","properties":{"s":0.92},"geometry":{"type":"Point","coordinates":[80.9216,6.5328]}},{"type":"Feature","properties":{"s":0.9},"geometry":{"type":"Point","coordinates":[80.9363,6.5079]}},{"type":"Feature","properties":{"s":0.99},"geometry":{"type":"Point","coordinates":[80.9347,6.5312]}},{"type":"Feature","properties":{"s":0.97},"geometry":{"type":"Point","coordinates":[80.9487,6.514]}},{"type":"Feature","properties":{"s":1.06},"geometry":{"type":"Point","coordinates":[80.9591,6.5128]}},{"type":"Feature","properties":{"s":0.93},"geometry":{"type":"Point","coordinates":[81.0085,8.2649]}},{"type":"Feature","properties":{"s":0.83},"geometry":{"type":"Point","coordinates":[81.0337,8.2667]}},{"type":"Feature","properties":{"s":0.95},"geometry":{"type":"Point","coordinates":[81.0384,8.2735]}},{"type":"Feature","properties":{"s":0.94},"geometry":{"type":"Point","coordinates":[81.0555,8.2667]}},{"type":"Feature","properties":{"s":1.06},"geometry":{"type":"Point","coordinates":[81.0701,8.2655]}},{"type":"Feature","properties":{"s":1.2},"geometry":{"type":"Point","coordinates":[81.08,8.2625]}},{"type":"Feature","properties":{"s":1.1},"geometry":{"type":"Point","coordinates":[80.4346,6.0676]}},{"type":"Feature","properties":{"s":1.07},"geometry":{"type":"Point","coordinates":[80.4361,6.0892]}},{"type":"Feature","properties":{"s":1.09},"geometry":{"type":"Point","coordinates":[80.4413,6.0714]}},{"type":"Feature","properties":{"s":0.89},"geometry":{"type":"Point","coordinates":[80.4486,6.0807]}},{"type":"Feature","properties":{"s":0.9},"geometry":{"type":"Point","coordinates":[80.4527,6.0891]}},{"type":"Feature","properties":{"s":0.9},"geometry":{"type":"Point","coordinates":[80.759,8.0074]}},{"type":"Feature","properties":{"s":0.95},"geometry":{"type":"Point","coordinates":[80.764,8.0057]}},{"type":"Feature","properties":{"s":0.87},"geometry":{"type":"Point","coordinates":[80.7716,8.0126]}},{"type":"Feature","properties":{"s":0.91},"geometry":{"type":"Point","coordinates":[80.7772,8.027]}},{"type":"Feature","properties":{"s":0.98},"geometry":{"type":"Point","coordinates":[80.7821,8.025]}},{"type":"Feature","properties":{"s":1.13},"geometry":{"type":"Point","coordinates":[80.4032,6.188]}},{"type":"Feature","properties":{"s":0.97},"geometry":{"type":"Point","coordinates":[80.4113,6.1962]}},{"type":"Feature","properties":{"s":1},"geometry":{"type":"Point","coordinates":[80.4225,6.179]}},{"type":"Feature","properties":{"s":1.15},"geometry":{"type":"Point","coordinates":[80.4227,6.1959]}},{"type":"Feature","properties":{"s":1.09},"geometry":{"type":"Point","coordinates":[80.428,6.188]}},{"type":"Feature","properties":{"s":1.02},"geometry":{"type":"Point","coordinates":[80.4048,6.1779]}},{"type":"Feature","properties":{"s":1.15},"geometry":{"type":"Point","coordinates":[80.4098,6.1705]}},{"type":"Feature","properties":{"s":1.09},"geometry":{"type":"Point","coordinates":[80.4142,6.1721]}},{"type":"Feature","properties":{"s":1.09},"geometry":{"type":"Point","coordinates":[80.4148,6.1881]}},{"type":"Feature","properties":{"s":0.85},"geometry":{"type":"Point","coordinates":[80.4225,6.1774]}},{"type":"Feature","properties":{"s":0.96},"geometry":{"type":"Point","coordinates":[80.4261,6.17]}},{"type":"Feature","properties":{"s":0.92},"geometry":{"type":"Point","coordinates":[80.4319,6.1896]}},{"type":"Feature","properties":{"s":1.17},"geometry":{"type":"Point","coordinates":[81.2692,8.1375]}},{"type":"Feature","properties":{"s":0.86},"geometry":{"type":"Point","coordinates":[81.2773,8.1659]}},{"type":"Feature","properties":{"s":1},"geometry":{"type":"Point","coordinates":[81.2814,8.167]}},{"type":"Feature","properties":{"s":1.01},"geometry":{"type":"Point","coordinates":[81.2888,8.1781]}},{"type":"Feature","properties":{"s":1.14},"geometry":{"type":"Point","coordinates":[81.293,8.1787]}},{"type":"Feature","properties":{"s":0.93},"geometry":{"type":"Point","coordinates":[80.5659,6.9603]}},{"type":"Feature","properties":{"s":1.05},"geometry":{"type":"Point","coordinates":[80.5691,6.9525]}},{"type":"Feature","properties":{"s":0.96},"geometry":{"type":"Point","coordinates":[80.5689,6.9803]}},{"type":"Feature","properties":{"s":0.95},"geometry":{"type":"Point","coordinates":[80.5751,6.9769]}},{"type":"Feature","properties":{"s":1.1},"geometry":{"type":"Point","coordinates":[80.5828,6.9653]}},{"type":"Feature","properties":{"s":1.03},"geometry":{"type":"Point","coordinates":[80.5841,6.9891]}},{"type":"Feature","properties":{"s":0.9},"geometry":{"type":"Point","coordinates":[81.2467,7.2066]}},{"type":"Feature","properties":{"s":0.81},"geometry":{"type":"Point","coordinates":[81.2669,7.2022]}},{"type":"Feature","properties":{"s":1.11},"geometry":{"type":"Point","coordinates":[81.276,7.2016]}},{"type":"Feature","properties":{"s":0.98},"geometry":{"type":"Point","coordinates":[81.2908,7.19]}},{"type":"Feature","properties":{"s":0.81},"geometry":{"type":"Point","coordinates":[81.2931,7.1898]}},{"type":"Feature","properties":{"s":1.17},"geometry":{"type":"Point","coordinates":[81.3026,7.1968]}},{"type":"Feature","properties":{"s":1.16},"geometry":{"type":"Point","coordinates":[81.117,8.2822]}},{"type":"Feature","properties":{"s":0.83},"geometry":{"type":"Point","coordinates":[81.1236,8.2935]}},{"type":"Feature","properties":{"s":0.83},"geometry":{"type":"Point","coordinates":[81.13,8.2911]}},{"type":"Feature","properties":{"s":0.94},"geometry":{"type":"Point","coordinates":[81.1395,8.2886]}},{"type":"Feature","properties":{"s":0.93},"geometry":{"type":"Point","coordinates":[81.1415,8.3133]}},{"type":"Feature","properties":{"s":0.85},"geometry":{"type":"Point","coordinates":[80.4124,6.3721]}},{"type":"Feature","properties":{"s":0.87},"geometry":{"type":"Point","coordinates":[80.4231,6.3719]}},{"type":"Feature","properties":{"s":1.17},"geometry":{"type":"Point","coordinates":[80.4278,6.3648]}},{"type":"Feature","properties":{"s":0.97},"geometry":{"type":"Point","coordinates":[80.4531,6.3094]}},{"type":"Feature","properties":{"s":1.19},"geometry":{"type":"Point","coordinates":[80.453,6.3344]}},{"type":"Feature","properties":{"s":1.12},"geometry":{"type":"Point","coordinates":[80.4659,6.3062]}},{"type":"Feature","properties":{"s":1.02},"geometry":{"type":"Point","coordinates":[81.1745,8.2534]}},{"type":"Feature","properties":{"s":0.91},"geometry":{"type":"Point","coordinates":[81.1713,8.3018]}},{"type":"Feature","properties":{"s":1.15},"geometry":{"type":"Point","coordinates":[81.1771,8.2617]}},{"type":"Feature","properties":{"s":1.15},"geometry":{"type":"Point","coordinates":[81.1851,8.2232]}},{"type":"Feature","properties":{"s":1.09},"geometry":{"type":"Point","coordinates":[81.1892,8.1824]}},{"type":"Feature","properties":{"s":1.06},"geometry":{"type":"Point","coordinates":[81.1894,8.201]}},{"type":"Feature","properties":{"s":0.91},"geometry":{"type":"Point","coordinates":[81.1925,8.2294]}},{"type":"Feature","properties":{"s":0.94},"geometry":{"type":"Point","coordinates":[81.1963,8.1832]}},{"type":"Feature","properties":{"s":0.85},"geometry":{"type":"Point","coordinates":[81.1987,8.2038]}},{"type":"Feature","properties":{"s":1.06},"geometry":{"type":"Point","coordinates":[81.2029,8.1652]}},{"type":"Feature","properties":{"s":0.81},"geometry":{"type":"Point","coordinates":[81.2018,8.1817]}},{"type":"Feature","properties":{"s":0.83},"geometry":{"type":"Point","coordinates":[81.2041,8.2185]}},{"type":"Feature","properties":{"s":1},"geometry":{"type":"Point","coordinates":[81.2085,8.1771]}},{"type":"Feature","properties":{"s":0.93},"geometry":{"type":"Point","coordinates":[81.0274,7.8825]}},{"type":"Feature","properties":{"s":0.92},"geometry":{"type":"Point","coordinates":[81.0381,7.8778]}},{"type":"Feature","properties":{"s":1.05},"geometry":{"type":"Point","coordinates":[81.0448,7.8736]}},{"type":"Feature","properties":{"s":0.93},"geometry":{"type":"Point","coordinates":[81.0533,7.9007]}},{"type":"Feature","properties":{"s":1.1},"geometry":{"type":"Point","coordinates":[81.0592,7.8887]}},{"type":"Feature","properties":{"s":0.98},"geometry":{"type":"Point","coordinates":[81.0634,7.9009]}},{"type":"Feature","properties":{"s":0.84},"geometry":{"type":"Point","coordinates":[81.0651,8.6318]}},{"type":"Feature","properties":{"s":1.17},"geometry":{"type":"Point","coordinates":[81.0775,8.6338]}},{"type":"Feature","properties":{"s":1.08},"geometry":{"type":"Point","coordinates":[81.0976,8.6249]}},{"type":"Feature","properties":{"s":1.01},"geometry":{"type":"Point","coordinates":[81.122,8.6128]}},{"type":"Feature","properties":{"s":1.16},"geometry":{"type":"Point","coordinates":[81.1532,8.6071]}},{"type":"Feature","properties":{"s":1.15},"geometry":{"type":"Point","coordinates":[81.1653,8.607]}},{"type":"Feature","properties":{"s":1.04},"geometry":{"type":"Point","coordinates":[81.1708,8.601]}},{"type":"Feature","properties":{"s":0.93},"geometry":{"type":"Point","coordinates":[81.2269,8.1414]}},{"type":"Feature","properties":{"s":1.14},"geometry":{"type":"Point","coordinates":[81.2342,8.1562]}},{"type":"Feature","properties":{"s":0.92},"geometry":{"type":"Point","coordinates":[81.2376,8.1608]}},{"type":"Feature","properties":{"s":0.89},"geometry":{"type":"Point","coordinates":[81.2438,8.1486]}},{"type":"Feature","properties":{"s":1.17},"geometry":{"type":"Point","coordinates":[81.2467,8.1717]}},{"type":"Feature","properties":{"s":0.97},"geometry":{"type":"Point","coordinates":[81.2551,8.1789]}},{"type":"Feature","properties":{"s":1.15},"geometry":{"type":"Point","coordinates":[80.517,6.1889]}},{"type":"Feature","properties":{"s":1.11},"geometry":{"type":"Point","coordinates":[80.5314,6.188]}},{"type":"Feature","properties":{"s":1.05},"geometry":{"type":"Point","coordinates":[80.544,6.1946]}},{"type":"Feature","properties":{"s":0.84},"geometry":{"type":"Point","coordinates":[80.5554,6.1997]}},{"type":"Feature","properties":{"s":0.97},"geometry":{"type":"Point","coordinates":[80.5664,6.208]}},{"type":"Feature","properties":{"s":0.97},"geometry":{"type":"Point","coordinates":[81.6084,7.1918]}},{"type":"Feature","properties":{"s":0.97},"geometry":{"type":"Point","coordinates":[81.6187,7.1789]}},{"type":"Feature","properties":{"s":0.9},"geometry":{"type":"Point","coordinates":[81.6241,7.1846]}},{"type":"Feature","properties":{"s":1.03},"geometry":{"type":"Point","coordinates":[81.6338,7.2055]}},{"type":"Feature","properties":{"s":0.9},"geometry":{"type":"Point","coordinates":[81.6395,7.1974]}},{"type":"Feature","properties":{"s":1.1},"geometry":{"type":"Point","coordinates":[81.6452,7.2046]}},{"type":"Feature","properties":{"s":0.89},"geometry":{"type":"Point","coordinates":[80.3778,7.9273]}},{"type":"Feature","properties":{"s":1.12},"geometry":{"type":"Point","coordinates":[80.3786,7.954]}},{"type":"Feature","properties":{"s":1.17},"geometry":{"type":"Point","coordinates":[80.3852,7.924]}},{"type":"Feature","properties":{"s":0.83},"geometry":{"type":"Point","coordinates":[80.3834,7.9664]}},{"type":"Feature","properties":{"s":0.9},"geometry":{"type":"Point","coordinates":[80.3879,7.9537]}},{"type":"Feature","properties":{"s":1},"geometry":{"type":"Point","coordinates":[81.4435,7.9557]}},{"type":"Feature","properties":{"s":0.9},"geometry":{"type":"Point","coordinates":[81.4576,7.9607]}},{"type":"Feature","properties":{"s":1.14},"geometry":{"type":"Point","coordinates":[81.4614,7.9648]}},{"type":"Feature","properties":{"s":1.19},"geometry":{"type":"Point","coordinates":[81.4744,7.9457]}},{"type":"Feature","properties":{"s":0.92},"geometry":{"type":"Point","coordinates":[81.4802,7.9705]}},{"type":"Feature","properties":{"s":1.01},"geometry":{"type":"Point","coordinates":[80.3648,6.2152]}},{"type":"Feature","properties":{"s":0.84},"geometry":{"type":"Point","coordinates":[80.3701,6.2105]}},{"type":"Feature","properties":{"s":1.04},"geometry":{"type":"Point","coordinates":[80.3849,6.1705]}},{"type":"Feature","properties":{"s":0.96},"geometry":{"type":"Point","coordinates":[80.3851,6.1938]}},{"type":"Feature","properties":{"s":0.81},"geometry":{"type":"Point","coordinates":[80.3901,6.1886]}},{"type":"Feature","properties":{"s":1.1},"geometry":{"type":"Point","coordinates":[80.4139,6.1641]}},{"type":"Feature","properties":{"s":1.17},"geometry":{"type":"Point","coordinates":[81.5514,7.3461]}},{"type":"Feature","properties":{"s":0.84},"geometry":{"type":"Point","coordinates":[81.5645,7.336]}},{"type":"Feature","properties":{"s":1.1},"geometry":{"type":"Point","coordinates":[81.5714,7.351]}},{"type":"Feature","properties":{"s":1.15},"geometry":{"type":"Point","coordinates":[81.5785,7.3712]}},{"type":"Feature","properties":{"s":1.16},"geometry":{"type":"Point","coordinates":[81.5828,7.3695]}},{"type":"Feature","properties":{"s":0.86},"geometry":{"type":"Point","coordinates":[80.5193,6.2956]}},{"type":"Feature","properties":{"s":1.07},"geometry":{"type":"Point","coordinates":[80.5309,6.3038]}},{"type":"Feature","properties":{"s":1.17},"geometry":{"type":"Point","coordinates":[80.5303,6.3177]}},{"type":"Feature","properties":{"s":0.85},"geometry":{"type":"Point","coordinates":[80.5372,6.3064]}},{"type":"Feature","properties":{"s":1.17},"geometry":{"type":"Point","coordinates":[80.5383,6.3332]}},{"type":"Feature","properties":{"s":0.89},"geometry":{"type":"Point","coordinates":[80.5431,6.3278]}},{"type":"Feature","properties":{"s":1.04},"geometry":{"type":"Point","coordinates":[80.5553,6.3336]}},{"type":"Feature","properties":{"s":0.92},"geometry":{"type":"Point","coordinates":[80.7891,6.788]}},{"type":"Feature","properties":{"s":1.12},"geometry":{"type":"Point","coordinates":[80.8003,6.801]}},{"type":"Feature","properties":{"s":0.86},"geometry":{"type":"Point","coordinates":[80.808,6.8018]}},{"type":"Feature","properties":{"s":1.01},"geometry":{"type":"Point","coordinates":[80.81,6.8205]}},{"type":"Feature","properties":{"s":1.11},"geometry":{"type":"Point","coordinates":[80.813,6.8147]}},{"type":"Feature","properties":{"s":1.01},"geometry":{"type":"Point","coordinates":[80.8193,6.8096]}},{"type":"Feature","properties":{"s":1.03},"geometry":{"type":"Point","coordinates":[81.2045,8.1581]}},{"type":"Feature","properties":{"s":1.04},"geometry":{"type":"Point","coordinates":[81.2183,8.1597]}},{"type":"Feature","properties":{"s":0.98},"geometry":{"type":"Point","coordinates":[81.2246,8.159]}},{"type":"Feature","properties":{"s":1.04},"geometry":{"type":"Point","coordinates":[81.2298,8.1654]}},{"type":"Feature","properties":{"s":1},"geometry":{"type":"Point","coordinates":[81.2312,8.1856]}},{"type":"Feature","properties":{"s":0.99},"geometry":{"type":"Point","coordinates":[81.2466,8.2038]}},{"type":"Feature","properties":{"s":1.05},"geometry":{"type":"Point","coordinates":[81.1056,7.6753]}},{"type":"Feature","properties":{"s":1.19},"geometry":{"type":"Point","coordinates":[81.107,7.7321]}},{"type":"Feature","properties":{"s":1.14},"geometry":{"type":"Point","coordinates":[81.1133,7.7022]}},{"type":"Feature","properties":{"s":0.92},"geometry":{"type":"Point","coordinates":[81.1138,7.7278]}},{"type":"Feature","properties":{"s":0.88},"geometry":{"type":"Point","coordinates":[80.295,8.7759]}},{"type":"Feature","properties":{"s":1.04},"geometry":{"type":"Point","coordinates":[80.3061,8.7754]}},{"type":"Feature","properties":{"s":0.91},"geometry":{"type":"Point","coordinates":[80.3178,8.7724]}},{"type":"Feature","properties":{"s":1.03},"geometry":{"type":"Point","coordinates":[80.3249,8.7752]}},{"type":"Feature","properties":{"s":1.15},"geometry":{"type":"Point","coordinates":[80.3306,8.7782]}},{"type":"Feature","properties":{"s":1.16},"geometry":{"type":"Point","coordinates":[80.3434,8.765]}},{"type":"Feature","properties":{"s":1.16},"geometry":{"type":"Point","coordinates":[80.3454,8.7652]}},{"type":"Feature","properties":{"s":1.13},"geometry":{"type":"Point","coordinates":[80.4241,6.8869]}},{"type":"Feature","properties":{"s":1.11},"geometry":{"type":"Point","coordinates":[80.4435,6.8726]}},{"type":"Feature","properties":{"s":0.86},"geometry":{"type":"Point","coordinates":[80.4576,6.8853]}},{"type":"Feature","properties":{"s":1.03},"geometry":{"type":"Point","coordinates":[80.4611,6.8913]}},{"type":"Feature","properties":{"s":0.82},"geometry":{"type":"Point","coordinates":[80.4689,6.899]}},{"type":"Feature","properties":{"s":0.99},"geometry":{"type":"Point","coordinates":[80.4821,6.8848]}},{"type":"Feature","properties":{"s":0.99},"geometry":{"type":"Point","coordinates":[79.8887,8.035]}},{"type":"Feature","properties":{"s":0.98},"geometry":{"type":"Point","coordinates":[79.893,8.0364]}},{"type":"Feature","properties":{"s":1.16},"geometry":{"type":"Point","coordinates":[79.9042,8.018]}},{"type":"Feature","properties":{"s":0.95},"geometry":{"type":"Point","coordinates":[79.9062,8.0328]}},{"type":"Feature","properties":{"s":1.02},"geometry":{"type":"Point","coordinates":[80.4609,6.7792]}},{"type":"Feature","properties":{"s":0.94},"geometry":{"type":"Point","coordinates":[80.474,6.7722]}},{"type":"Feature","properties":{"s":0.82},"geometry":{"type":"Point","coordinates":[80.4874,6.7635]}},{"type":"Feature","properties":{"s":0.95},"geometry":{"type":"Point","coordinates":[80.4934,6.7643]}},{"type":"Feature","properties":{"s":0.85},"geometry":{"type":"Point","coordinates":[80.5001,6.7626]}},{"type":"Feature","properties":{"s":0.94},"geometry":{"type":"Point","coordinates":[80.5107,6.7498]}},{"type":"Feature","properties":{"s":1.09},"geometry":{"type":"Point","coordinates":[80.5329,6.7426]}},{"type":"Feature","properties":{"s":0.89},"geometry":{"type":"Point","coordinates":[80.6913,9.0185]}},{"type":"Feature","properties":{"s":0.88},"geometry":{"type":"Point","coordinates":[80.6941,9.0417]}},{"type":"Feature","properties":{"s":0.84},"geometry":{"type":"Point","coordinates":[80.702,9.0352]}},{"type":"Feature","properties":{"s":1.17},"geometry":{"type":"Point","coordinates":[80.7067,9.0423]}},{"type":"Feature","properties":{"s":1.18},"geometry":{"type":"Point","coordinates":[80.7189,9.0246]}},{"type":"Feature","properties":{"s":0.82},"geometry":{"type":"Point","coordinates":[81.546,7.0236]}},{"type":"Feature","properties":{"s":1.2},"geometry":{"type":"Point","coordinates":[81.5513,7.0099]}},{"type":"Feature","properties":{"s":0.93},"geometry":{"type":"Point","coordinates":[81.551,7.0353]}},{"type":"Feature","properties":{"s":0.95},"geometry":{"type":"Point","coordinates":[81.5633,7.0081]}},{"type":"Feature","properties":{"s":0.99},"geometry":{"type":"Point","coordinates":[80.4439,7.7949]}},{"type":"Feature","properties":{"s":1.07},"geometry":{"type":"Point","coordinates":[80.4464,7.804]}},{"type":"Feature","properties":{"s":0.98},"geometry":{"type":"Point","coordinates":[80.4559,7.7804]}},{"type":"Feature","properties":{"s":0.87},"geometry":{"type":"Point","coordinates":[80.4544,7.8089]}},{"type":"Feature","properties":{"s":0.85},"geometry":{"type":"Point","coordinates":[80.462,7.8138]}},{"type":"Feature","properties":{"s":1.13},"geometry":{"type":"Point","coordinates":[80.4667,7.8162]}},{"type":"Feature","properties":{"s":0.9},"geometry":{"type":"Point","coordinates":[80.4485,7.7962]}},{"type":"Feature","properties":{"s":0.96},"geometry":{"type":"Point","coordinates":[80.4524,7.7858]}},{"type":"Feature","properties":{"s":1.08},"geometry":{"type":"Point","coordinates":[80.4522,7.8148]}},{"type":"Feature","properties":{"s":0.88},"geometry":{"type":"Point","coordinates":[80.4606,7.8209]}},{"type":"Feature","properties":{"s":1.15},"geometry":{"type":"Point","coordinates":[80.4657,7.821]}},{"type":"Feature","properties":{"s":0.94},"geometry":{"type":"Point","coordinates":[80.7401,6.707]}},{"type":"Feature","properties":{"s":0.92},"geometry":{"type":"Point","coordinates":[80.7446,6.7052]}},{"type":"Feature","properties":{"s":0.85},"geometry":{"type":"Point","coordinates":[80.7518,6.7073]}},{"type":"Feature","properties":{"s":1.08},"geometry":{"type":"Point","coordinates":[80.7549,6.7171]}},{"type":"Feature","properties":{"s":1.07},"geometry":{"type":"Point","coordinates":[80.9911,6.246]}},{"type":"Feature","properties":{"s":0.83},"geometry":{"type":"Point","coordinates":[81.0041,6.2386]}},{"type":"Feature","properties":{"s":0.82},"geometry":{"type":"Point","coordinates":[81.0008,6.2559]}},{"type":"Feature","properties":{"s":1},"geometry":{"type":"Point","coordinates":[81.0067,6.253]}},{"type":"Feature","properties":{"s":0.86},"geometry":{"type":"Point","coordinates":[81.0135,6.2406]}},{"type":"Feature","properties":{"s":0.91},"geometry":{"type":"Point","coordinates":[81.0124,6.2633]}},{"type":"Feature","properties":{"s":0.88},"geometry":{"type":"Point","coordinates":[80.4347,7.3187]}},{"type":"Feature","properties":{"s":1.2},"geometry":{"type":"Point","coordinates":[80.4578,7.3068]}},{"type":"Feature","properties":{"s":0.84},"geometry":{"type":"Point","coordinates":[80.4654,7.3088]}},{"type":"Feature","properties":{"s":1.19},"geometry":{"type":"Point","coordinates":[80.4759,7.2877]}},{"type":"Feature","properties":{"s":1.17},"geometry":{"type":"Point","coordinates":[80.0251,8.1968]}},{"type":"Feature","properties":{"s":1.14},"geometry":{"type":"Point","coordinates":[80.0298,8.204]}},{"type":"Feature","properties":{"s":1.1},"geometry":{"type":"Point","coordinates":[80.0371,8.1742]}},{"type":"Feature","properties":{"s":1.06},"geometry":{"type":"Point","coordinates":[80.0418,8.1725]}},{"type":"Feature","properties":{"s":1.14},"geometry":{"type":"Point","coordinates":[80.0416,8.1903]}},{"type":"Feature","properties":{"s":0.82},"geometry":{"type":"Point","coordinates":[80.0527,8.1981]}},{"type":"Feature","properties":{"s":0.82},"geometry":{"type":"Point","coordinates":[80.3373,8.3102]}},{"type":"Feature","properties":{"s":1.16},"geometry":{"type":"Point","coordinates":[80.3466,8.3091]}},{"type":"Feature","properties":{"s":0.87},"geometry":{"type":"Point","coordinates":[80.352,8.3112]}},{"type":"Feature","properties":{"s":1.15},"geometry":{"type":"Point","coordinates":[80.3558,8.2973]}},{"type":"Feature","properties":{"s":0.88},"geometry":{"type":"Point","coordinates":[80.654,9.1224]}},{"type":"Feature","properties":{"s":1.02},"geometry":{"type":"Point","coordinates":[80.6612,9.1289]}},{"type":"Feature","properties":{"s":0.82},"geometry":{"type":"Point","coordinates":[80.667,9.1103]}},{"type":"Feature","properties":{"s":1.01},"geometry":{"type":"Point","coordinates":[80.6651,9.135]}},{"type":"Feature","properties":{"s":0.94},"geometry":{"type":"Point","coordinates":[80.9771,6.5062]}},{"type":"Feature","properties":{"s":0.91},"geometry":{"type":"Point","coordinates":[80.9868,6.4973]}},{"type":"Feature","properties":{"s":1.14},"geometry":{"type":"Point","coordinates":[80.9944,6.4974]}},{"type":"Feature","properties":{"s":0.84},"geometry":{"type":"Point","coordinates":[80.9985,6.4845]}},{"type":"Feature","properties":{"s":0.83},"geometry":{"type":"Point","coordinates":[80.9996,6.5127]}},{"type":"Feature","properties":{"s":1.2},"geometry":{"type":"Point","coordinates":[81.0057,6.5016]}},{"type":"Feature","properties":{"s":1.14},"geometry":{"type":"Point","coordinates":[80.5959,9.0425]}},{"type":"Feature","properties":{"s":1.19},"geometry":{"type":"Point","coordinates":[80.605,9.0554]}},{"type":"Feature","properties":{"s":0.9},"geometry":{"type":"Point","coordinates":[80.6083,9.0548]}},{"type":"Feature","properties":{"s":1.03},"geometry":{"type":"Point","coordinates":[80.3946,8.1794]}},{"type":"Feature","properties":{"s":0.84},"geometry":{"type":"Point","coordinates":[80.4001,8.1801]}},{"type":"Feature","properties":{"s":0.9},"geometry":{"type":"Point","coordinates":[80.403,8.182]}},{"type":"Feature","properties":{"s":0.95},"geometry":{"type":"Point","coordinates":[80.4106,8.1801]}},{"type":"Feature","properties":{"s":1.12},"geometry":{"type":"Point","coordinates":[80.4181,8.1756]}},{"type":"Feature","properties":{"s":0.85},"geometry":{"type":"Point","coordinates":[80.4163,8.1913]}},{"type":"Feature","properties":{"s":1.04},"geometry":{"type":"Point","coordinates":[80.558,6.2391]}},{"type":"Feature","properties":{"s":1.02},"geometry":{"type":"Point","coordinates":[80.5617,6.2449]}},{"type":"Feature","properties":{"s":0.8},"geometry":{"type":"Point","coordinates":[80.571,6.2563]}},{"type":"Feature","properties":{"s":0.81},"geometry":{"type":"Point","coordinates":[80.5324,8.8484]}},{"type":"Feature","properties":{"s":0.97},"geometry":{"type":"Point","coordinates":[80.5409,8.8611]}},{"type":"Feature","properties":{"s":0.93},"geometry":{"type":"Point","coordinates":[80.5532,8.8369]}},{"type":"Feature","properties":{"s":1.13},"geometry":{"type":"Point","coordinates":[80.5571,8.8375]}},{"type":"Feature","properties":{"s":1.11},"geometry":{"type":"Point","coordinates":[80.5619,8.8475]}},{"type":"Feature","properties":{"s":0.82},"geometry":{"type":"Point","coordinates":[80.5764,8.8488]}},{"type":"Feature","properties":{"s":0.81},"geometry":{"type":"Point","coordinates":[81.1184,7.8528]}},{"type":"Feature","properties":{"s":0.8},"geometry":{"type":"Point","coordinates":[81.1281,7.8529]}},{"type":"Feature","properties":{"s":1.19},"geometry":{"type":"Point","coordinates":[81.1336,7.8645]}},{"type":"Feature","properties":{"s":0.99},"geometry":{"type":"Point","coordinates":[81.1442,7.8602]}},{"type":"Feature","properties":{"s":0.89},"geometry":{"type":"Point","coordinates":[80.787,6.4917]}},{"type":"Feature","properties":{"s":1.15},"geometry":{"type":"Point","coordinates":[80.7931,6.4647]}},{"type":"Feature","properties":{"s":1.18},"geometry":{"type":"Point","coordinates":[80.7928,6.4824]}},{"type":"Feature","properties":{"s":1.06},"geometry":{"type":"Point","coordinates":[80.7994,6.4534]}},{"type":"Feature","properties":{"s":1},"geometry":{"type":"Point","coordinates":[81.5582,7.4951]}},{"type":"Feature","properties":{"s":0.98},"geometry":{"type":"Point","coordinates":[81.5657,7.4889]}},{"type":"Feature","properties":{"s":1.15},"geometry":{"type":"Point","coordinates":[81.5665,7.5074]}},{"type":"Feature","properties":{"s":0.97},"geometry":{"type":"Point","coordinates":[81.5693,7.5111]}},{"type":"Feature","properties":{"s":0.96},"geometry":{"type":"Point","coordinates":[81.5767,7.4918]}},{"type":"Feature","properties":{"s":0.91},"geometry":{"type":"Point","coordinates":[80.7094,9.0057]}},{"type":"Feature","properties":{"s":0.83},"geometry":{"type":"Point","coordinates":[80.7231,8.9945]}},{"type":"Feature","properties":{"s":1.14},"geometry":{"type":"Point","coordinates":[80.7264,9.0004]}},{"type":"Feature","properties":{"s":1.02},"geometry":{"type":"Point","coordinates":[80.734,9.0084]}},{"type":"Feature","properties":{"s":0.93},"geometry":{"type":"Point","coordinates":[81.193,7.6697]}},{"type":"Feature","properties":{"s":1.03},"geometry":{"type":"Point","coordinates":[81.1899,7.6958]}},{"type":"Feature","properties":{"s":1.04},"geometry":{"type":"Point","coordinates":[81.2016,7.6629]}},{"type":"Feature","properties":{"s":1.11},"geometry":{"type":"Point","coordinates":[81.21,7.6567]}},{"type":"Feature","properties":{"s":0.83},"geometry":{"type":"Point","coordinates":[81.1483,8.2556]}},{"type":"Feature","properties":{"s":0.96},"geometry":{"type":"Point","coordinates":[81.1553,8.2509]}},{"type":"Feature","properties":{"s":1.15},"geometry":{"type":"Point","coordinates":[81.159,8.2527]}},{"type":"Feature","properties":{"s":1.12},"geometry":{"type":"Point","coordinates":[80.9033,8.1463]}},{"type":"Feature","properties":{"s":1.08},"geometry":{"type":"Point","coordinates":[80.9085,8.1307]}},{"type":"Feature","properties":{"s":1.05},"geometry":{"type":"Point","coordinates":[80.9081,8.1579]}},{"type":"Feature","properties":{"s":0.85},"geometry":{"type":"Point","coordinates":[80.9135,8.152]}},{"type":"Feature","properties":{"s":0.81},"geometry":{"type":"Point","coordinates":[80.9195,8.1647]}},{"type":"Feature","properties":{"s":1.16},"geometry":{"type":"Point","coordinates":[80.9254,8.1773]}},{"type":"Feature","properties":{"s":0.83},"geometry":{"type":"Point","coordinates":[80.9284,8.194]}},{"type":"Feature","properties":{"s":1.14},"geometry":{"type":"Point","coordinates":[81.2567,6.5371]}},{"type":"Feature","properties":{"s":0.93},"geometry":{"type":"Point","coordinates":[81.2573,6.5614]}},{"type":"Feature","properties":{"s":1},"geometry":{"type":"Point","coordinates":[81.2638,6.5602]}},{"type":"Feature","properties":{"s":0.93},"geometry":{"type":"Point","coordinates":[81.2676,6.5491]}},{"type":"Feature","properties":{"s":0.97},"geometry":{"type":"Point","coordinates":[81.2681,6.5738]}},{"type":"Feature","properties":{"s":1},"geometry":{"type":"Point","coordinates":[81.3587,8.1646]}},{"type":"Feature","properties":{"s":1.01},"geometry":{"type":"Point","coordinates":[81.3643,8.1689]}},{"type":"Feature","properties":{"s":1.13},"geometry":{"type":"Point","coordinates":[81.3708,8.1778]}},{"type":"Feature","properties":{"s":0.94},"geometry":{"type":"Point","coordinates":[80.5696,7.5759]}},{"type":"Feature","properties":{"s":1.02},"geometry":{"type":"Point","coordinates":[80.5688,7.5991]}},{"type":"Feature","properties":{"s":1.08},"geometry":{"type":"Point","coordinates":[80.5718,7.5951]}},{"type":"Feature","properties":{"s":1.09},"geometry":{"type":"Point","coordinates":[80.572,7.6134]}},{"type":"Feature","properties":{"s":0.91},"geometry":{"type":"Point","coordinates":[80.5811,7.6133]}},{"type":"Feature","properties":{"s":1.15},"geometry":{"type":"Point","coordinates":[80.5861,7.6087]}},{"type":"Feature","properties":{"s":1.01},"geometry":{"type":"Point","coordinates":[80.5683,8.6015]}},{"type":"Feature","properties":{"s":0.84},"geometry":{"type":"Point","coordinates":[80.5735,8.5971]}},{"type":"Feature","properties":{"s":1.02},"geometry":{"type":"Point","coordinates":[80.5811,8.6022]}},{"type":"Feature","properties":{"s":1.01},"geometry":{"type":"Point","coordinates":[80.59,8.6081]}},{"type":"Feature","properties":{"s":0.96},"geometry":{"type":"Point","coordinates":[81.5859,7.1265]}},{"type":"Feature","properties":{"s":0.8},"geometry":{"type":"Point","coordinates":[81.5949,7.1264]}},{"type":"Feature","properties":{"s":0.88},"geometry":{"type":"Point","coordinates":[81.6103,7.1264]}},{"type":"Feature","properties":{"s":0.82},"geometry":{"type":"Point","coordinates":[81.6235,7.1257]}},{"type":"Feature","properties":{"s":1},"geometry":{"type":"Point","coordinates":[80.0502,8.5533]}},{"type":"Feature","properties":{"s":0.96},"geometry":{"type":"Point","coordinates":[80.0487,8.5809]}},{"type":"Feature","properties":{"s":1.05},"geometry":{"type":"Point","coordinates":[80.0503,8.6106]}},{"type":"Feature","properties":{"s":1.14},"geometry":{"type":"Point","coordinates":[80.0475,8.629]}},{"type":"Feature","properties":{"s":0.94},"geometry":{"type":"Point","coordinates":[80.0486,8.6493]}},{"type":"Feature","properties":{"s":0.84},"geometry":{"type":"Point","coordinates":[80.05,8.5683]}},{"type":"Feature","properties":{"s":0.98},"geometry":{"type":"Point","coordinates":[80.0492,8.6009]}},{"type":"Feature","properties":{"s":1.05},"geometry":{"type":"Point","coordinates":[80.0498,8.6284]}},{"type":"Feature","properties":{"s":0.88},"geometry":{"type":"Point","coordinates":[81.1169,8.3542]}},{"type":"Feature","properties":{"s":0.97},"geometry":{"type":"Point","coordinates":[81.1311,8.3603]}},{"type":"Feature","properties":{"s":0.85},"geometry":{"type":"Point","coordinates":[81.1463,8.3715]}},{"type":"Feature","properties":{"s":1.14},"geometry":{"type":"Point","coordinates":[80.6947,9.2616]}},{"type":"Feature","properties":{"s":1.13},"geometry":{"type":"Point","coordinates":[80.7015,9.2706]}},{"type":"Feature","properties":{"s":1.14},"geometry":{"type":"Point","coordinates":[80.7017,9.2881]}},{"type":"Feature","properties":{"s":1.16},"geometry":{"type":"Point","coordinates":[80.7069,9.2689]}},{"type":"Feature","properties":{"s":1.15},"geometry":{"type":"Point","coordinates":[81.3626,7.8353]}},{"type":"Feature","properties":{"s":1.04},"geometry":{"type":"Point","coordinates":[81.3733,7.8294]}},{"type":"Feature","properties":{"s":0.97},"geometry":{"type":"Point","coordinates":[81.3921,7.8361]}},{"type":"Feature","properties":{"s":1.06},"geometry":{"type":"Point","coordinates":[81.3963,7.835]}},{"type":"Feature","properties":{"s":1.03},"geometry":{"type":"Point","coordinates":[80.3449,8.3617]}},{"type":"Feature","properties":{"s":1.12},"geometry":{"type":"Point","coordinates":[80.3509,8.3645]}},{"type":"Feature","properties":{"s":0.95},"geometry":{"type":"Point","coordinates":[80.3569,8.366]}},{"type":"Feature","properties":{"s":0.81},"geometry":{"type":"Point","coordinates":[80.4268,6.2223]}},{"type":"Feature","properties":{"s":0.83},"geometry":{"type":"Point","coordinates":[80.4322,6.2167]}},{"type":"Feature","properties":{"s":0.94},"geometry":{"type":"Point","coordinates":[80.4454,6.1765]}},{"type":"Feature","properties":{"s":0.89},"geometry":{"type":"Point","coordinates":[80.4451,6.1912]}},{"type":"Feature","properties":{"s":1.03},"geometry":{"type":"Point","coordinates":[80.939,6.4647]}},{"type":"Feature","properties":{"s":1.18},"geometry":{"type":"Point","coordinates":[80.9503,6.4378]}},{"type":"Feature","properties":{"s":0.9},"geometry":{"type":"Point","coordinates":[80.9589,6.4385]}},{"type":"Feature","properties":{"s":0.93},"geometry":{"type":"Point","coordinates":[80.9707,6.4429]}},{"type":"Feature","properties":{"s":0.96},"geometry":{"type":"Point","coordinates":[80.7896,7.2715]}},{"type":"Feature","properties":{"s":0.82},"geometry":{"type":"Point","coordinates":[80.794,7.2735]}},{"type":"Feature","properties":{"s":0.89},"geometry":{"type":"Point","coordinates":[80.8102,7.2406]}},{"type":"Feature","properties":{"s":1.07},"geometry":{"type":"Point","coordinates":[80.8183,7.2301]}},{"type":"Feature","properties":{"s":1.07},"geometry":{"type":"Point","coordinates":[81.2383,8.1432]}},{"type":"Feature","properties":{"s":1.17},"geometry":{"type":"Point","coordinates":[81.2445,8.1669]}},{"type":"Feature","properties":{"s":1.02},"geometry":{"type":"Point","coordinates":[81.2514,8.1835]}},{"type":"Feature","properties":{"s":0.99},"geometry":{"type":"Point","coordinates":[81.4439,7.7535]}},{"type":"Feature","properties":{"s":1.08},"geometry":{"type":"Point","coordinates":[81.4519,7.7708]}},{"type":"Feature","properties":{"s":1.05},"geometry":{"type":"Point","coordinates":[81.4634,7.7727]}},{"type":"Feature","properties":{"s":0.98},"geometry":{"type":"Point","coordinates":[80.6816,8.9519]}},{"type":"Feature","properties":{"s":0.8},"geometry":{"type":"Point","coordinates":[80.6891,8.9581]}},{"type":"Feature","properties":{"s":0.91},"geometry":{"type":"Point","coordinates":[80.7003,8.9414]}},{"type":"Feature","properties":{"s":1.1},"geometry":{"type":"Point","coordinates":[80.707,8.9479]}},{"type":"Feature","properties":{"s":0.96},"geometry":{"type":"Point","coordinates":[80.6028,6.6838]}},{"type":"Feature","properties":{"s":0.97},"geometry":{"type":"Point","coordinates":[80.6082,6.6968]}},{"type":"Feature","properties":{"s":0.88},"geometry":{"type":"Point","coordinates":[80.6148,6.6959]}},{"type":"Feature","properties":{"s":1.09},"geometry":{"type":"Point","coordinates":[80.6367,6.673]}},{"type":"Feature","properties":{"s":1.16},"geometry":{"type":"Point","coordinates":[81.4918,7.389]}},{"type":"Feature","properties":{"s":1.04},"geometry":{"type":"Point","coordinates":[81.4953,7.3812]}},{"type":"Feature","properties":{"s":1.16},"geometry":{"type":"Point","coordinates":[81.5082,7.3753]}},{"type":"Feature","properties":{"s":1.12},"geometry":{"type":"Point","coordinates":[81.5193,7.3773]}},{"type":"Feature","properties":{"s":1.02},"geometry":{"type":"Point","coordinates":[80.2542,6.7939]}},{"type":"Feature","properties":{"s":1.04},"geometry":{"type":"Point","coordinates":[80.2599,6.7771]}},{"type":"Feature","properties":{"s":0.88},"geometry":{"type":"Point","coordinates":[80.2691,6.753]}},{"type":"Feature","properties":{"s":1.04},"geometry":{"type":"Point","coordinates":[80.2683,6.7895]}},{"type":"Feature","properties":{"s":0.94},"geometry":{"type":"Point","coordinates":[80.2721,6.7808]}},{"type":"Feature","properties":{"s":0.92},"geometry":{"type":"Point","coordinates":[80.2053,6.7619]}},{"type":"Feature","properties":{"s":0.87},"geometry":{"type":"Point","coordinates":[80.2126,6.7529]}},{"type":"Feature","properties":{"s":1.14},"geometry":{"type":"Point","coordinates":[80.2127,6.7945]}},{"type":"Feature","properties":{"s":1.1},"geometry":{"type":"Point","coordinates":[80.2226,6.7815]}},{"type":"Feature","properties":{"s":0.92},"geometry":{"type":"Point","coordinates":[80.3403,6.2491]}},{"type":"Feature","properties":{"s":1.1},"geometry":{"type":"Point","coordinates":[80.3462,6.2378]}},{"type":"Feature","properties":{"s":0.91},"geometry":{"type":"Point","coordinates":[80.3466,6.2634]}},{"type":"Feature","properties":{"s":1.03},"geometry":{"type":"Point","coordinates":[80.3539,6.257]}},{"type":"Feature","properties":{"s":0.85},"geometry":{"type":"Point","coordinates":[80.3589,6.244]}},{"type":"Feature","properties":{"s":0.86},"geometry":{"type":"Point","coordinates":[80.3404,6.256]}},{"type":"Feature","properties":{"s":0.87},"geometry":{"type":"Point","coordinates":[80.3476,6.2431]}},{"type":"Feature","properties":{"s":1.19},"geometry":{"type":"Point","coordinates":[80.3516,6.2425]}},{"type":"Feature","properties":{"s":1.08},"geometry":{"type":"Point","coordinates":[80.3597,6.233]}},{"type":"Feature","properties":{"s":0.85},"geometry":{"type":"Point","coordinates":[80.3647,6.2354]}},{"type":"Feature","properties":{"s":0.87},"geometry":{"type":"Point","coordinates":[80.3474,6.0589]}},{"type":"Feature","properties":{"s":0.86},"geometry":{"type":"Point","coordinates":[80.3524,6.0642]}},{"type":"Feature","properties":{"s":0.87},"geometry":{"type":"Point","coordinates":[80.3621,6.0697]}},{"type":"Feature","properties":{"s":1.03},"geometry":{"type":"Point","coordinates":[81.2995,7.7246]}},{"type":"Feature","properties":{"s":0.86},"geometry":{"type":"Point","coordinates":[81.3052,7.7294]}},{"type":"Feature","properties":{"s":1.15},"geometry":{"type":"Point","coordinates":[81.3154,7.7242]}},{"type":"Feature","properties":{"s":0.88},"geometry":{"type":"Point","coordinates":[81.3226,7.7302]}},{"type":"Feature","properties":{"s":0.94},"geometry":{"type":"Point","coordinates":[80.6365,6.6398]}},{"type":"Feature","properties":{"s":0.9},"geometry":{"type":"Point","coordinates":[80.6455,6.6394]}},{"type":"Feature","properties":{"s":1.19},"geometry":{"type":"Point","coordinates":[80.6425,6.6589]}},{"type":"Feature","properties":{"s":0.84},"geometry":{"type":"Point","coordinates":[81.3203,6.7175]}},{"type":"Feature","properties":{"s":0.96},"geometry":{"type":"Point","coordinates":[81.327,6.7268]}},{"type":"Feature","properties":{"s":0.81},"geometry":{"type":"Point","coordinates":[81.3372,6.7136]}},{"type":"Feature","properties":{"s":1.09},"geometry":{"type":"Point","coordinates":[81.3445,6.7033]}},{"type":"Feature","properties":{"s":0.86},"geometry":{"type":"Point","coordinates":[81.3503,6.715]}},{"type":"Feature","properties":{"s":1.09},"geometry":{"type":"Point","coordinates":[80.3049,9.3617]}},{"type":"Feature","properties":{"s":0.97},"geometry":{"type":"Point","coordinates":[80.3099,9.3708]}},{"type":"Feature","properties":{"s":0.92},"geometry":{"type":"Point","coordinates":[81.0685,7.2201]}},{"type":"Feature","properties":{"s":1.05},"geometry":{"type":"Point","coordinates":[81.0801,7.2306]}},{"type":"Feature","properties":{"s":0.99},"geometry":{"type":"Point","coordinates":[81.0954,7.2363]}},{"type":"Feature","properties":{"s":1.01},"geometry":{"type":"Point","coordinates":[81.1013,7.2427]}},{"type":"Feature","properties":{"s":1.04},"geometry":{"type":"Point","coordinates":[81.2518,6.3879]}},{"type":"Feature","properties":{"s":0.98},"geometry":{"type":"Point","coordinates":[81.2543,6.4013]}},{"type":"Feature","properties":{"s":1.09},"geometry":{"type":"Point","coordinates":[81.2619,6.3964]}},{"type":"Feature","properties":{"s":0.95},"geometry":{"type":"Point","coordinates":[81.264,6.4196]}},{"type":"Feature","properties":{"s":1.18},"geometry":{"type":"Point","coordinates":[81.2611,6.4419]}},{"type":"Feature","properties":{"s":1.05},"geometry":{"type":"Point","coordinates":[81.2744,6.4833]}},{"type":"Feature","properties":{"s":0.95},"geometry":{"type":"Point","coordinates":[81.2496,6.387]}},{"type":"Feature","properties":{"s":0.9},"geometry":{"type":"Point","coordinates":[81.2573,6.3874]}},{"type":"Feature","properties":{"s":1.05},"geometry":{"type":"Point","coordinates":[81.2618,6.39]}},{"type":"Feature","properties":{"s":1.01},"geometry":{"type":"Point","coordinates":[81.2629,6.4075]}},{"type":"Feature","properties":{"s":0.96},"geometry":{"type":"Point","coordinates":[81.2691,6.4685]}},{"type":"Feature","properties":{"s":0.89},"geometry":{"type":"Point","coordinates":[81.2749,6.4844]}},{"type":"Feature","properties":{"s":1.04},"geometry":{"type":"Point","coordinates":[81.5859,7.0425]}},{"type":"Feature","properties":{"s":0.8},"geometry":{"type":"Point","coordinates":[81.5952,7.0475]}},{"type":"Feature","properties":{"s":1.04},"geometry":{"type":"Point","coordinates":[81.6022,7.0493]}},{"type":"Feature","properties":{"s":0.82},"geometry":{"type":"Point","coordinates":[81.6101,7.0589]}},{"type":"Feature","properties":{"s":1.06},"geometry":{"type":"Point","coordinates":[80.7532,6.4618]}},{"type":"Feature","properties":{"s":0.93},"geometry":{"type":"Point","coordinates":[80.7623,6.4488]}},{"type":"Feature","properties":{"s":1.16},"geometry":{"type":"Point","coordinates":[81.1268,6.6902]}},{"type":"Feature","properties":{"s":1.13},"geometry":{"type":"Point","coordinates":[81.1274,6.7061]}},{"type":"Feature","properties":{"s":1.18},"geometry":{"type":"Point","coordinates":[81.1315,6.6948]}},{"type":"Feature","properties":{"s":1.07},"geometry":{"type":"Point","coordinates":[81.1369,6.6877]}},{"type":"Feature","properties":{"s":0.92},"geometry":{"type":"Point","coordinates":[80.4318,6.7739]}},{"type":"Feature","properties":{"s":0.94},"geometry":{"type":"Point","coordinates":[80.4427,6.7586]}},{"type":"Feature","properties":{"s":0.9},"geometry":{"type":"Point","coordinates":[80.4472,6.7527]}},{"type":"Feature","properties":{"s":1.15},"geometry":{"type":"Point","coordinates":[80.4535,6.7659]}},{"type":"Feature","properties":{"s":1.13},"geometry":{"type":"Point","coordinates":[81.5303,7.6416]}},{"type":"Feature","properties":{"s":0.93},"geometry":{"type":"Point","coordinates":[81.5327,7.6572]}},{"type":"Feature","properties":{"s":1.11},"geometry":{"type":"Point","coordinates":[81.5396,7.6529]}},{"type":"Feature","properties":{"s":0.91},"geometry":{"type":"Point","coordinates":[81.5462,7.6511]}},{"type":"Feature","properties":{"s":0.83},"geometry":{"type":"Point","coordinates":[80.5532,6.4968]}},{"type":"Feature","properties":{"s":1.04},"geometry":{"type":"Point","coordinates":[80.5642,6.4875]}},{"type":"Feature","properties":{"s":0.87},"geometry":{"type":"Point","coordinates":[80.5709,6.4908]}},{"type":"Feature","properties":{"s":0.87},"geometry":{"type":"Point","coordinates":[80.5811,6.4778]}},{"type":"Feature","properties":{"s":0.93},"geometry":{"type":"Point","coordinates":[80.5863,6.4884]}},{"type":"Feature","properties":{"s":0.87},"geometry":{"type":"Point","coordinates":[81.7832,6.86]}},{"type":"Feature","properties":{"s":0.97},"geometry":{"type":"Point","coordinates":[81.7883,6.8583]}},{"type":"Feature","properties":{"s":0.88},"geometry":{"type":"Point","coordinates":[81.7944,6.8474]}},{"type":"Feature","properties":{"s":0.82},"geometry":{"type":"Point","coordinates":[81.8001,6.8422]}},{"type":"Feature","properties":{"s":1.09},"geometry":{"type":"Point","coordinates":[81.801,6.8562]}},{"type":"Feature","properties":{"s":1.12},"geometry":{"type":"Point","coordinates":[80.2678,8.7561]}},{"type":"Feature","properties":{"s":1.15},"geometry":{"type":"Point","coordinates":[80.2722,8.756]}},{"type":"Feature","properties":{"s":0.93},"geometry":{"type":"Point","coordinates":[80.2766,8.756]}},{"type":"Feature","properties":{"s":1.06},"geometry":{"type":"Point","coordinates":[80.29,8.764]}},{"type":"Feature","properties":{"s":1.04},"geometry":{"type":"Point","coordinates":[80.9956,7.1081]}},{"type":"Feature","properties":{"s":0.87},"geometry":{"type":"Point","coordinates":[81.0014,7.1435]}},{"type":"Feature","properties":{"s":0.94},"geometry":{"type":"Point","coordinates":[81.3373,7.3487]}},{"type":"Feature","properties":{"s":1.1},"geometry":{"type":"Point","coordinates":[81.3437,7.351]}},{"type":"Feature","properties":{"s":1.11},"geometry":{"type":"Point","coordinates":[81.3431,7.3694]}},{"type":"Feature","properties":{"s":0.97},"geometry":{"type":"Point","coordinates":[81.3482,7.3611]}},{"type":"Feature","properties":{"s":0.9},"geometry":{"type":"Point","coordinates":[80.9049,6.5747]}},{"type":"Feature","properties":{"s":1},"geometry":{"type":"Point","coordinates":[80.9051,6.5979]}},{"type":"Feature","properties":{"s":0.95},"geometry":{"type":"Point","coordinates":[80.9115,6.5747]}},{"type":"Feature","properties":{"s":1.05},"geometry":{"type":"Point","coordinates":[80.9141,6.5734]}},{"type":"Feature","properties":{"s":1},"geometry":{"type":"Point","coordinates":[81.0971,8.5147]}},{"type":"Feature","properties":{"s":1.02},"geometry":{"type":"Point","coordinates":[81.128,8.5423]}},{"type":"Feature","properties":{"s":0.8},"geometry":{"type":"Point","coordinates":[81.1394,8.5605]}},{"type":"Feature","properties":{"s":0.9},"geometry":{"type":"Point","coordinates":[81.1464,8.5655]}},{"type":"Feature","properties":{"s":1.11},"geometry":{"type":"Point","coordinates":[81.1741,8.5778]}},{"type":"Feature","properties":{"s":0.95},"geometry":{"type":"Point","coordinates":[81.3451,8.1913]}},{"type":"Feature","properties":{"s":0.88},"geometry":{"type":"Point","coordinates":[81.3614,8.1918]}},{"type":"Feature","properties":{"s":1.19},"geometry":{"type":"Point","coordinates":[81.3724,8.1975]}},{"type":"Feature","properties":{"s":0.93},"geometry":{"type":"Point","coordinates":[80.8976,7.3021]}},{"type":"Feature","properties":{"s":1.03},"geometry":{"type":"Point","coordinates":[80.9023,7.3001]}},{"type":"Feature","properties":{"s":0.96},"geometry":{"type":"Point","coordinates":[80.9138,7.275]}},{"type":"Feature","properties":{"s":1.13},"geometry":{"type":"Point","coordinates":[80.9147,7.2913]}},{"type":"Feature","properties":{"s":0.9},"geometry":{"type":"Point","coordinates":[80.9244,7.2975]}},{"type":"Feature","properties":{"s":0.87},"geometry":{"type":"Point","coordinates":[80.9607,6.5642]}},{"type":"Feature","properties":{"s":1.01},"geometry":{"type":"Point","coordinates":[80.97,6.5679]}},{"type":"Feature","properties":{"s":1},"geometry":{"type":"Point","coordinates":[81.0407,6.7096]}},{"type":"Feature","properties":{"s":0.98},"geometry":{"type":"Point","coordinates":[81.0535,6.6986]}},{"type":"Feature","properties":{"s":0.86},"geometry":{"type":"Point","coordinates":[81.0623,6.7001]}},{"type":"Feature","properties":{"s":0.8},"geometry":{"type":"Point","coordinates":[81.0736,6.7129]}},{"type":"Feature","properties":{"s":1.05},"geometry":{"type":"Point","coordinates":[80.5698,7.9185]}},{"type":"Feature","properties":{"s":0.87},"geometry":{"type":"Point","coordinates":[80.5734,7.9115]}},{"type":"Feature","properties":{"s":1.04},"geometry":{"type":"Point","coordinates":[80.5792,7.8992]}},{"type":"Feature","properties":{"s":0.92},"geometry":{"type":"Point","coordinates":[80.5815,7.9172]}},{"type":"Feature","properties":{"s":1.09},"geometry":{"type":"Point","coordinates":[81.3615,7.7566]}},{"type":"Feature","properties":{"s":1.03},"geometry":{"type":"Point","coordinates":[81.3689,7.7531]}},{"type":"Feature","properties":{"s":0.94},"geometry":{"type":"Point","coordinates":[81.375,7.7658]}},{"type":"Feature","properties":{"s":0.91},"geometry":{"type":"Point","coordinates":[81.3118,6.8286]}},{"type":"Feature","properties":{"s":0.92},"geometry":{"type":"Point","coordinates":[81.3276,6.8276]}},{"type":"Feature","properties":{"s":0.86},"geometry":{"type":"Point","coordinates":[81.3295,6.8396]}},{"type":"Feature","properties":{"s":0.88},"geometry":{"type":"Point","coordinates":[81.3395,6.8423]}},{"type":"Feature","properties":{"s":1.11},"geometry":{"type":"Point","coordinates":[80.8551,7.2367]}},{"type":"Feature","properties":{"s":1.05},"geometry":{"type":"Point","coordinates":[80.8781,7.2451]}},{"type":"Feature","properties":{"s":1.17},"geometry":{"type":"Point","coordinates":[80.9148,7.2506]}},{"type":"Feature","properties":{"s":0.86},"geometry":{"type":"Point","coordinates":[80.4755,6.5802]}},{"type":"Feature","properties":{"s":0.93},"geometry":{"type":"Point","coordinates":[80.4825,6.5894]}},{"type":"Feature","properties":{"s":1.07},"geometry":{"type":"Point","coordinates":[80.5032,6.5609]}},{"type":"Feature","properties":{"s":1.16},"geometry":{"type":"Point","coordinates":[80.8538,7.9683]}},{"type":"Feature","properties":{"s":0.95},"geometry":{"type":"Point","coordinates":[80.8589,7.9483]}},{"type":"Feature","properties":{"s":0.91},"geometry":{"type":"Point","coordinates":[80.8575,7.9674]}},{"type":"Feature","properties":{"s":1.12},"geometry":{"type":"Point","coordinates":[80.8622,7.9429]}},{"type":"Feature","properties":{"s":1.02},"geometry":{"type":"Point","coordinates":[80.7025,7.5504]}},{"type":"Feature","properties":{"s":0.99},"geometry":{"type":"Point","coordinates":[80.7102,7.5377]}},{"type":"Feature","properties":{"s":1.06},"geometry":{"type":"Point","coordinates":[80.7325,8.0529]}},{"type":"Feature","properties":{"s":0.89},"geometry":{"type":"Point","coordinates":[80.7372,8.0535]}},{"type":"Feature","properties":{"s":1.02},"geometry":{"type":"Point","coordinates":[80.7371,8.0928]}},{"type":"Feature","properties":{"s":1.09},"geometry":{"type":"Point","coordinates":[80.8492,7.3382]}},{"type":"Feature","properties":{"s":0.9},"geometry":{"type":"Point","coordinates":[80.8563,7.3273]}},{"type":"Feature","properties":{"s":0.93},"geometry":{"type":"Point","coordinates":[80.8619,7.3223]}},{"type":"Feature","properties":{"s":0.81},"geometry":{"type":"Point","coordinates":[80.8597,7.3458]}},{"type":"Feature","properties":{"s":1.14},"geometry":{"type":"Point","coordinates":[80.8644,7.3471]}}]}
