{"type":"FeatureCollection","metadata":{"source":"OpenStreetMap via Overpass API","license":"ODbL","fetched":"2026-09-09T03:54:24.471Z","count":741,"minHa":50,"maxHa":60000},"features":[{"type":"Feature","geometry":{"type":"Polygon","coordinates":[[[81.38704,8.40679],[81.47418,8.40686],[81.47425,8.32062],[81.39132,8.3205],[81.38859,8.33774],[81.38845,8.34613],[81.38976,8.35362],[81.39341,8.35931],[81.3872,8.36568],[81.38704,8.40679]]]},"properties":{"name":null,"kind":"water","ha":9004}},{"type":"Feature","geometry":{"type":"Polygon","coordinates":[[[80.41115,9.532],[80.41747,9.52913],[80.41969,9.52902],[80.42951,9.52278],[80.43749,9.51403],[80.44068,9.5131],[80.44256,9.51388],[80.44391,9.51964],[80.44579,9.5182],[80.44885,9.51906],[80.45868,9.51817],[80.45884,9.52008],[80.44627,9.53025],[80.44708,9.53962],[80.45159,9.54328],[80.45803,9.53676],[80.47495,9.52548],[80.54664,9.49625],[80.55695,9.49052],[80.58272,9.47181],[80.58864,9.47046],[80.59029,9.47086],[80.59189,9.47327],[80.5912,9.47766],[80.59448,9.47945],[80.59439,9.47434],[80.59609,9.47349],[80.59782,9.47516],[80.5974,9.47316],[80.59975,9.46642],[80.60875,9.46119],[80.61475,9.46079],[80.61736,9.46149],[80.61501,9.45895],[80.61581,9.45824],[80.62124,9.45857],[80.62155,9.45716],[80.61979,9.45629],[80.61877,9.45431],[80.6195,9.45205],[80.6219,9.4505],[80.6224,9.44934],[80.62152,9.44906],[80.61956,9.45031],[80.6168,9.44968],[80.61761,9.45133],[80.61697,9.45408],[80.61841,9.4556],[80.61664,9.45664],[80.60242,9.45024],[80.58534,9.4541],[80.58198,9.45247],[80.5796,9.45293],[80.57911,9.45276],[80.58039,9.45069],[80.58102,9.44703],[80.57839,9.44507],[80.56836,9.44619],[80.5636,9.44846],[80.55054,9.45216],[80.54569,9.45717],[80.5461,9.45966],[80.54054,9.46913],[80.54064,9.47246],[80.53465,9.47208],[80.52794,9.46585],[80.52328,9.47031],[80.51917,9.47083],[80.51614,9.47323],[80.49906,9.47757],[80.48975,9.48393],[80.48577,9.4962],[80.48195,9.49474],[80.47913,9.49255],[80.47785,9.49287],[80.47341,9.49622],[80.47325,9.50238],[80.47161,9.50434],[80.46877,9.50593],[80.46648,9.50577],[80.46574,9.50447],[80.46115,9.50263],[80.4593,9.50104],[80.45627,9.50169],[80.44982,9.50078],[80.44829,9.49867],[80.44879,9.4971],[80.44615,9.49362],[80.44384,9.49411],[80.44335,9.49523],[80.44098,9.49548],[80.43937,9.49272],[80.43142,9.49697],[80.42861,9.49913],[80.42855,9.50064],[80.42345,9.50058],[80.42367,9.50137],[80.42616,9.50225],[80.42466,9.5065],[80.4341,9.5008],[80.43788,9.50181],[80.43673,9.49919],[80.4395,9.49668],[80.44051,9.49751],[80.44341,9.49781],[80.44615,9.49617],[80.44711,9.49941],[80.44145,9.49961],[80.43941,9.50173],[80.425,9.50825],[80.42177,9.51267],[80.42021,9.51281],[80.41846,9.51195],[80.41974,9.50918],[80.41805,9.50269],[80.41525,9.50408],[80.41161,9.50168],[80.41038,9.49919],[80.41245,9.49775],[80.41171,9.49648],[80.41061,9.49647],[80.40874,9.49849],[80.40689,9.4979],[80.40617,9.50019],[80.40724,9.50178],[80.41065,9.50244],[80.41236,9.50507],[80.41068,9.50543],[80.40948,9.50905],[80.41153,9.50888],[80.40634,9.51314],[80.40647,9.52253],[80.40907,9.52301],[80.40974,9.52418],[80.40639,9.52656],[80.40498,9.52935],[80.40678,9.5326],[80.40871,9.5329],[80.41115,9.532]]]},"properties":{"name":null,"kind":"lagoon","ha":7250}},{"type":"Feature","geometry":{"type":"Polygon","coordinates":[[[81.2145,7.51375],[81.21375,7.513],[81.2105,7.5155],[81.20925,7.51525],[81.209,7.514],[81.21,7.51175],[81.20975,7.51125],[81.2085,7.51225],[81.20725,7.51125],[81.20675,7.5075],[81.2095,7.50425],[81.20825,7.50425],[81.20775,7.50275],[81.2055,7.506],[81.2055,7.50425],[81.2045,7.50425],[81.20325,7.50175],[81.204,7.50025],[81.20275,7.49975],[81.2035,7.49825],[81.2005,7.4985],[81.201,7.49475],[81.202,7.4935],[81.20075,7.49175],[81.201,7.4905],[81.2025,7.48875],[81.19925,7.48675],[81.19875,7.4855],[81.201,7.47725],[81.19975,7.4735],[81.19975,7.47025],[81.1976,7.46693],[81.19409,7.46626],[81.197,7.46725],[81.199,7.47025],[81.19975,7.478],[81.19775,7.48425],[81.1985,7.487],[81.20075,7.48875],[81.20075,7.48975],[81.19975,7.49],[81.2,7.4925],[81.19925,7.4945],[81.19925,7.49225],[81.198,7.49475],[81.196,7.4925],[81.1965,7.496],[81.1935,7.49425],[81.19225,7.492],[81.1895,7.49275],[81.191,7.4935],[81.1915,7.493],[81.19225,7.4945],[81.1915,7.49525],[81.19325,7.4955],[81.19325,7.49725],[81.19575,7.498],[81.19525,7.5005],[81.1965,7.5],[81.199,7.5025],[81.20125,7.50825],[81.1985,7.51125],[81.2,7.512],[81.20075,7.5115],[81.20275,7.5135],[81.20075,7.513],[81.1995,7.51425],[81.1985,7.51375],[81.1975,7.515],[81.19625,7.51375],[81.194,7.5135],[81.19425,7.51775],[81.195,7.5165],[81.1985,7.51825],[81.19875,7.5205],[81.20125,7.517],[81.203,7.51825],[81.20375,7.518],[81.20275,7.51925],[81.20475,7.5205],[81.2045,7.52325],[81.202,7.524],[81.20475,7.525],[81.204,7.52575],[81.20525,7.527],[81.20425,7.52775],[81.20275,7.52675],[81.202,7.52825],[81.204,7.52875],[81.20475,7.52975],[81.20325,7.52975],[81.2045,7.531],[81.20475,7.5335],[81.20375,7.53375],[81.2035,7.532],[81.2025,7.532],[81.20225,7.53275],[81.2,7.532],[81.20125,7.534],[81.20025,7.53525],[81.20075,7.53575],[81.202,7.535],[81.20425,7.53675],[81.20325,7.53825],[81.20175,7.53775],[81.20125,7.5385],[81.20025,7.5375],[81.1995,7.538],[81.201,7.5395],[81.2,7.54],[81.20025,7.541],[81.2015,7.541],[81.20175,7.54025],[81.202,7.5415],[81.2025,7.54125],[81.2025,7.54325],[81.202,7.54375],[81.19975,7.542],[81.19825,7.54425],[81.19675,7.542],[81.196,7.54225],[81.19475,7.53975],[81.194,7.54125],[81.19725,7.547],[81.198,7.5475],[81.201,7.547],[81.20025,7.5485],[81.20125,7.54975],[81.19975,7.5515],[81.1985,7.551],[81.19875,7.54975],[81.197,7.547],[81.196,7.5475],[81.1955,7.549],[81.19425,7.5485],[81.19475,7.54725],[81.19425,7.5455],[81.19275,7.544],[81.19075,7.54775],[81.18925,7.54525],[81.1895,7.54425],[81.18775,7.543],[81.18825,7.54125],[81.1865,7.5415],[81.1875,7.53825],[81.186,7.53825],[81.18525,7.53925],[81.184,7.538],[81.18375,7.5355],[81.18275,7.5365],[81.17975,7.53575],[81.1815,7.53975],[81.181,7.54025],[81.183,7.54325],[81.18325,7.54425],[81.18225,7.54575],[81.18475,7.548],[81.18425,7.5495],[81.18325,7.55075],[81.18075,7.5515],[81.18,7.551],[81.18025,7.54975],[81.1785,7.551],[81.1755,7.54875],[81.174,7.549],[81.17575,7.55125],[81.17675,7.55125],[81.1755,7.55325],[81.178,7.55375],[81.1785,7.555],[81.17975,7.554],[81.182,7.5555],[81.182,7.5575],[81.1845,7.5575],[81.185,7.5565],[81.1875,7.55625],[81.18825,7.55875],[81.1895,7.5585],[81.18975,7.5575],[81.1905,7.55875],[81.192,7.559],[81.1925,7.562],[81.19025,7.56325],[81.18975,7.5605],[81.1885,7.56125],[81.18825,7.56],[81.186,7.5585],[81.18475,7.55875],[81.1845,7.5625],[81.18575,7.56275],[81.186,7.56425],[81.18525,7.5645],[81.1865,7.568],[81.185,7.567],[81.18375,7.56375],[81.18225,7.5635],[81.18175,7.5605],[81.18025,7.56125],[81.1795,7.56325],[81.17801,7.56332],[81.1765,7.56225],[81.17675,7.55925],[81.1745,7.5595],[81.17475,7.56125],[81.17325,7.5615],[81.172,7.56375],[81.17075,7.56175],[81.17075,7.558],[81.16925,7.559],[81.16825,7.55875],[81.16725,7.555],[81.16675,7.55725],[81.16575,7.557],[81.16825,7.561],[81.16675,7.5625],[81.168,7.5635],[81.168,7.56525],[81.16675,7.5665],[81.1645,7.56575],[81.1635,7.5665],[81.163,7.5655],[81.1635,7.562],[81.16125,7.56225],[81.16075,7.561],[81.16125,7.55975],[81.15875,7.558],[81.1585,7.55625],[81.15775,7.55625],[81.15675,7.5545],[81.157,7.55225],[81.15625,7.5515],[81.15675,7.55025],[81.156,7.5495],[81.15525,7.5495],[81.15419,7.55123],[81.15513,7.55833],[81.15281,7.55807],[81.156,7.5605],[81.1575,7.55975],[81.1585,7.56225],[81.1565,7.5635],[81.1545,7.563],[81.15475,7.56425],[81.15575,7.5645],[81.15375,7.566],[81.1535,7.56725],[81.15525,7.567],[81.1555,7.56575],[81.15625,7.56675],[81.159,7.566],[81.16,7.5665],[81.159,7.57025],[81.1575,7.57075],[81.158,7.5715],[81.1575,7.573],[81.1585,7.57325],[81.15975,7.57175],[81.16075,7.5725],[81.16175,7.57],[81.16425,7.5705],[81.16425,7.57225],[81.163,7.57425],[81.16475,7.57325],[81.16625,7.576],[81.167,7.57475],[81.16625,7.57225],[81.16725,7.5705],[81.16825,7.5705],[81.16925,7.571],[81.16925,7.57225],[81.17,7.57175],[81.1705,7.57225],[81.17075,7.57375],[81.172,7.5725],[81.17325,7.57275],[81.172,7.57675],[81.1735,7.57675],[81.17575,7.5745],[81.176,7.57325],[81.1765,7.5735],[81.1755,7.575],[81.17625,7.57725],[81.18025,7.576],[81.18175,7.57925],[81.18075,7.58],[81.178,7.58],[81.17775,7.579],[81.175,7.58025],[81.17525,7.58175],[81.177,7.5825],[81.175,7.58375],[81.1765,7.5855],[81.17475,7.5855],[81.176,7.5875],[81.1745,7.58725],[81.17375,7.58975],[81.17225,7.58925],[81.17,7.5845],[81.16975,7.59],[81.16775,7.59125],[81.167,7.58975],[81.16525,7.59025],[81.16425,7.5865],[81.16175,7.5855],[81.16275,7.589],[81.1625,7.591],[81.16375,7.59375],[81.16175,7.59425],[81.15875,7.597],[81.15775,7.59325],[81.1555,7.593],[81.1565,7.59475],[81.1565,7.597],[81.15425,7.5965],[81.154,7.598],[81.15225,7.59925],[81.15175,7.6015],[81.1505,7.601],[81.15,7.59975],[81.1495,7.6015],[81.1485,7.602],[81.14925,7.60325],[81.151,7.60225],[81.152,7.6025],[81.1515,7.603],[81.152,7.604],[81.15425,7.60125],[81.155,7.602],[81.15725,7.601],[81.15825,7.6035],[81.16175,7.59775],[81.1625,7.5985],[81.165,7.59775],[81.1655,7.60025],[81.1665,7.60075],[81.16525,7.60225],[81.16525,7.604],[81.1665,7.604],[81.16725,7.60275],[81.169,7.606],[81.16975,7.6045],[81.169,7.60175],[81.1705,7.60075],[81.16825,7.5985],[81.16825,7.597],[81.16925,7.597],[81.16975,7.59525],[81.17175,7.5955],[81.172,7.59775],[81.1745,7.597],[81.17425,7.59575],[81.17675,7.59925],[81.1775,7.59875],[81.17725,7.598],[81.1795,7.598],[81.17775,7.596],[81.17825,7.595],[81.1775,7.59425],[81.17825,7.5935],[81.179,7.594],[81.17975,7.59275],[81.18175,7.59675],[81.183,7.59225],[81.184,7.59475],[81.18575,7.59425],[81.186,7.59475],[81.18475,7.59625],[81.184,7.59825],[81.1845,7.59875],[81.186,7.59825],[81.1875,7.6],[81.18875,7.598],[81.19025,7.59775],[81.19175,7.594],[81.1915,7.597],[81.19275,7.598],[81.19175,7.5995],[81.19425,7.6015],[81.19525,7.60125],[81.194,7.60175],[81.19325,7.601],[81.192,7.60225],[81.19175,7.6015],[81.19025,7.60225],[81.18975,7.60075],[81.188,7.6005],[81.186,7.60175],[81.18675,7.60425],[81.18575,7.603],[81.1835,7.6025],[81.18425,7.6035],[81.184,7.60625],[81.182,7.605],[81.181,7.606],[81.1815,7.6075],[81.18075,7.608],[81.176,7.607],[81.17825,7.60975],[81.177,7.61075],[81.17825,7.612],[81.177,7.615],[81.18175,7.612],[81.18275,7.613],[81.18475,7.613],[81.1845,7.61425],[81.18325,7.6135],[81.18,7.616],[81.18,7.617],[81.1825,7.6195],[81.182,7.6225],[81.18325,7.6235],[81.18275,7.624],[81.18425,7.6245],[81.18575,7.623],[81.18675,7.6245],[81.18575,7.624],[81.18475,7.6255],[81.184,7.62475],[81.1835,7.62525],[81.1815,7.62475],[81.1805,7.62625],[81.1805,7.62775],[81.1815,7.62725],[81.182,7.62875],[81.18275,7.628],[81.1835,7.6285],[81.183,7.63],[81.18175,7.62975],[81.17975,7.63175],[81.182,7.63225],[81.182,7.6355],[81.1835,7.63525],[81.18425,7.638],[81.1855,7.63825],[81.1865,7.63725],[81.1885,7.6395],[81.18975,7.6375],[81.189,7.63575],[81.1895,7.63625],[81.1915,7.6355],[81.19275,7.63225],[81.19375,7.63375],[81.193,7.63625],[81.19475,7.6365],[81.1945,7.638],[81.19375,7.6385],[81.19225,7.6375],[81.19075,7.63925],[81.19225,7.64275],[81.19175,7.64475],[81.191,7.6445],[81.191,7.6455],[81.18975,7.64625],[81.19125,7.6475],[81.19075,7.6505],[81.1958,7.64658],[81.19572,7.64825],[81.19718,7.64864],[81.19633,7.64996],[81.19382,7.65007],[81.19478,7.65137],[81.193,7.65325],[81.1945,7.65425],[81.1965,7.65375],[81.195,7.6555],[81.1935,7.654],[81.19175,7.654],[81.19275,7.656],[81.191,7.657],[81.19075,7.65875],[81.193,7.65825],[81.19225,7.65925],[81.194,7.65975],[81.19225,7.662],[81.1935,7.66225],[81.19285,7.66597],[81.19683,7.66241],[81.20074,7.66267],[81.21047,7.65321],[81.217,7.6435],[81.218,7.64325],[81.21775,7.6415],[81.22075,7.641],[81.21875,7.63975],[81.2205,7.637],[81.222,7.63125],[81.224,7.62775],[81.22375,7.62725],[81.2225,7.628],[81.22325,7.62375],[81.22175,7.61975],[81.2225,7.61675],[81.22175,7.61375],[81.22225,7.6105],[81.22275,7.60925],[81.22575,7.60875],[81.22475,7.60575],[81.2265,7.605],[81.22525,7.60325],[81.2325,7.59525],[81.23225,7.59425],[81.2245,7.59725],[81.22125,7.59775],[81.22425,7.5935],[81.2255,7.594],[81.22575,7.59225],[81.22825,7.591],[81.22925,7.5915],[81.23025,7.59],[81.23125,7.59025],[81.235,7.58775],[81.23475,7.587],[81.233,7.58725],[81.23375,7.58625],[81.2325,7.58625],[81.232,7.585],[81.23075,7.58675],[81.23025,7.5845],[81.22875,7.58375],[81.229,7.58675],[81.22875,7.586],[81.22725,7.58675],[81.22625,7.5855],[81.22525,7.58775],[81.22375,7.588],[81.22325,7.587],[81.22375,7.58425],[81.22275,7.58375],[81.22275,7.58225],[81.2215,7.58375],[81.2215,7.58625],[81.22,7.588],[81.2185,7.58775],[81.21775,7.5895],[81.21825,7.5905],[81.217,7.59025],[81.21575,7.5935],[81.21425,7.5945],[81.215,7.58975],[81.21375,7.588],[81.21625,7.58525],[81.21575,7.5845],[81.21325,7.5845],[81.21425,7.58125],[81.213,7.58125],[81.213,7.58025],[81.21225,7.58075],[81.2115,7.57925],[81.20975,7.58125],[81.2095,7.58575],[81.20875,7.58575],[81.20925,7.584],[81.20875,7.58225],[81.207,7.5825],[81.20625,7.5805],[81.20448,7.58071],[81.20313,7.58186],[81.20252,7.58148],[81.2044,7.5796],[81.20657,7.57997],[81.209,7.57875],[81.20725,7.57575],[81.20575,7.57675],[81.2045,7.576],[81.2065,7.5745],[81.20725,7.573],[81.20675,7.5725],[81.201,7.5735],[81.20225,7.5715],[81.2035,7.572],[81.20625,7.569],[81.2035,7.5665],[81.20375,7.566],[81.20475,7.56675],[81.20525,7.56525],[81.2065,7.5685],[81.211,7.5705],[81.209,7.565],[81.21025,7.564],[81.20925,7.561],[81.21075,7.56125],[81.2125,7.55975],[81.21175,7.55725],[81.21575,7.55825],[81.2205,7.55825],[81.21775,7.556],[81.2165,7.55625],[81.214,7.5535],[81.21275,7.554],[81.21675,7.552],[81.21675,7.55075],[81.21825,7.5495],[81.2195,7.546],[81.21675,7.54925],[81.214,7.551],[81.21175,7.55],[81.21075,7.5505],[81.21125,7.54975],[81.20925,7.5485],[81.2125,7.54625],[81.20925,7.54375],[81.2105,7.5425],[81.20975,7.53975],[81.212,7.53925],[81.21275,7.53675],[81.21,7.5355],[81.2105,7.53475],[81.213,7.53525],[81.2145,7.53375],[81.214,7.533],[81.2125,7.53325],[81.21275,7.53025],[81.21075,7.5325],[81.20975,7.531],[81.21,7.5295],[81.2125,7.52875],[81.2125,7.52775],[81.21075,7.52775],[81.2105,7.52625],[81.20925,7.5265],[81.2095,7.524],[81.2105,7.523],[81.20925,7.522],[81.2095,7.5185],[81.21375,7.52025],[81.2145,7.51925],[81.212,7.5175],[81.2145,7.51375]]]},"properties":{"name":"Maduru Oya Reservoir","kind":"reservoir","ha":6003}},{"type":"Feature","geometry":{"type":"Polygon","coordinates":[[[81.73827,7.62517],[81.73536,7.62729],[81.73391,7.62685],[81.73478,7.62403],[81.73339,7.62552],[81.7315,7.62586],[81.73047,7.6243],[81.73137,7.62392],[81.73118,7.62312],[81.72975,7.62132],[81.72839,7.62146],[81.72767,7.61943],[81.72678,7.62304],[81.728,7.62516],[81.72929,7.62507],[81.73055,7.62788],[81.72953,7.6307],[81.72722,7.63241],[81.72449,7.63702],[81.72492,7.63932],[81.72268,7.64758],[81.72758,7.64746],[81.72878,7.64635],[81.73298,7.64026],[81.73291,7.63906],[81.73166,7.63797],[81.7383,7.63989],[81.74367,7.63867],[81.74535,7.63921],[81.74756,7.64151],[81.74866,7.63679],[81.74978,7.63577],[81.75183,7.63594],[81.75087,7.63218],[81.75583,7.6145],[81.76493,7.59783],[81.76672,7.5914],[81.7717,7.58606],[81.77512,7.58512],[81.77879,7.58594],[81.78081,7.58344],[81.77447,7.57867],[81.7772,7.57069],[81.77341,7.56317],[81.7725,7.55655],[81.77692,7.54745],[81.77722,7.54512],[81.77603,7.54183],[81.77639,7.53744],[81.77817,7.53317],[81.78144,7.53055],[81.78191,7.52589],[81.78097,7.52455],[81.78306,7.52014],[81.78051,7.51509],[81.77767,7.51301],[81.77437,7.5129],[81.77029,7.50858],[81.76991,7.49707],[81.77091,7.49623],[81.77254,7.49653],[81.77369,7.48994],[81.77595,7.48949],[81.7767,7.48851],[81.77632,7.48747],[81.77726,7.48664],[81.77968,7.48611],[81.7816,7.48386],[81.78163,7.48189],[81.78392,7.48168],[81.78617,7.48017],[81.78652,7.47878],[81.78532,7.47854],[81.78634,7.47766],[81.79122,7.47727],[81.79341,7.47523],[81.79613,7.47487],[81.79819,7.47571],[81.79926,7.47765],[81.7978,7.48178],[81.79935,7.49526],[81.80148,7.49728],[81.80623,7.49982],[81.80804,7.49808],[81.80816,7.49348],[81.81006,7.48968],[81.81072,7.48528],[81.81192,7.48389],[81.81624,7.46719],[81.8154,7.46577],[81.81257,7.47089],[81.8115,7.47623],[81.80994,7.47713],[81.80892,7.48205],[81.8102,7.48217],[81.81033,7.48302],[81.80587,7.49566],[81.80439,7.4952],[81.80293,7.49289],[81.80402,7.48041],[81.80835,7.48119],[81.80921,7.47716],[81.80836,7.47675],[81.80671,7.47047],[81.80752,7.46501],[81.80719,7.45994],[81.80803,7.45845],[81.80659,7.45683],[81.80717,7.45552],[81.80624,7.45289],[81.80426,7.45163],[81.80313,7.45406],[81.80424,7.4553],[81.79899,7.45934],[81.79698,7.45886],[81.79683,7.45719],[81.79521,7.45538],[81.79563,7.43993],[81.79808,7.43871],[81.79853,7.43677],[81.79954,7.43621],[81.79788,7.43372],[81.79601,7.43326],[81.79248,7.43395],[81.7938,7.43125],[81.79787,7.42653],[81.79852,7.42083],[81.79084,7.42147],[81.79032,7.43277],[81.78848,7.43358],[81.78759,7.4325],[81.78545,7.43294],[81.78224,7.43635],[81.78243,7.44169],[81.77831,7.44793],[81.78251,7.458],[81.7838,7.4671],[81.78214,7.4672],[81.77693,7.4788],[81.77649,7.47514],[81.77328,7.47136],[81.77401,7.46872],[81.77625,7.46736],[81.77728,7.46566],[81.77725,7.46005],[81.77605,7.45827],[81.77427,7.45842],[81.77349,7.45635],[81.77388,7.45452],[81.76955,7.4551],[81.76653,7.45941],[81.76526,7.45953],[81.76157,7.45417],[81.76157,7.45187],[81.75397,7.45647],[81.75272,7.45836],[81.75702,7.46305],[81.7578,7.4663],[81.75972,7.46938],[81.75904,7.47734],[81.76029,7.47946],[81.76166,7.47995],[81.76514,7.47732],[81.76833,7.47819],[81.76921,7.47974],[81.76923,7.48344],[81.76795,7.48621],[81.75928,7.48875],[81.76022,7.48936],[81.75882,7.49066],[81.76015,7.49146],[81.75974,7.49105],[81.75932,7.4926],[81.75683,7.49248],[81.75485,7.49373],[81.75282,7.49965],[81.75295,7.50301],[81.75005,7.50434],[81.74883,7.50677],[81.74714,7.50714],[81.74629,7.50863],[81.74814,7.50864],[81.74919,7.50765],[81.74981,7.50794],[81.74854,7.50912],[81.75122,7.50909],[81.75589,7.5047],[81.7673,7.50168],[81.76655,7.50634],[81.76841,7.51103],[81.77268,7.51453],[81.78037,7.51712],[81.78169,7.52053],[81.78061,7.5225],[81.7803,7.52003],[81.77792,7.51935],[81.77388,7.52039],[81.77141,7.52268],[81.77107,7.52643],[81.76818,7.53195],[81.766,7.53419],[81.76112,7.53223],[81.75683,7.53489],[81.7545,7.53477],[81.74939,7.53235],[81.74798,7.52839],[81.74536,7.52813],[81.74268,7.53102],[81.74182,7.53591],[81.73841,7.54203],[81.7393,7.54893],[81.74089,7.54946],[81.74445,7.55011],[81.7551,7.54158],[81.75495,7.53834],[81.75604,7.53665],[81.762,7.53475],[81.76749,7.53654],[81.76921,7.53637],[81.7711,7.54275],[81.77024,7.55279],[81.76825,7.55473],[81.76453,7.5551],[81.76586,7.55892],[81.76471,7.56048],[81.76073,7.56065],[81.7606,7.55947],[81.75788,7.55599],[81.75754,7.55307],[81.7547,7.55319],[81.7499,7.5556],[81.74844,7.56122],[81.74653,7.56203],[81.74529,7.56359],[81.74674,7.56704],[81.75015,7.563],[81.75144,7.56266],[81.75659,7.56471],[81.75825,7.56674],[81.76043,7.56633],[81.76105,7.56802],[81.76069,7.571],[81.76201,7.57187],[81.76243,7.57342],[81.76412,7.57372],[81.76435,7.57464],[81.76617,7.57562],[81.76754,7.57543],[81.76937,7.57641],[81.77047,7.57984],[81.76366,7.58273],[81.76104,7.58647],[81.75196,7.59136],[81.75118,7.591],[81.75342,7.58697],[81.75228,7.58715],[81.74824,7.59253],[81.74987,7.59509],[81.74844,7.59653],[81.74208,7.59885],[81.74225,7.60022],[81.7477,7.59913],[81.75261,7.59408],[81.75457,7.59581],[81.75456,7.59823],[81.74723,7.61073],[81.74661,7.61309],[81.7444,7.61514],[81.74378,7.6184],[81.73827,7.62517]]]},"properties":{"name":null,"kind":"lagoon","ha":4811}},{"type":"Feature","geometry":{"type":"Polygon","coordinates":[[[81.68678,7.76038],[81.6875,7.75893],[81.68946,7.75845],[81.69286,7.75502],[81.69341,7.75326],[81.69554,7.75173],[81.70496,7.73696],[81.70509,7.73558],[81.70842,7.73014],[81.71083,7.73125],[81.71092,7.72951],[81.71155,7.73005],[81.70969,7.72674],[81.70961,7.72063],[81.70795,7.71779],[81.70752,7.71223],[81.71008,7.70716],[81.71147,7.69903],[81.71512,7.69322],[81.72077,7.67977],[81.72397,7.67509],[81.72419,7.67355],[81.72533,7.67278],[81.72646,7.66968],[81.72688,7.66534],[81.72589,7.66255],[81.72307,7.65928],[81.72103,7.6605],[81.72052,7.65817],[81.7231,7.65444],[81.72538,7.65265],[81.72758,7.64746],[81.72046,7.64834],[81.71902,7.64442],[81.71738,7.64491],[81.71649,7.64432],[81.71379,7.63825],[81.71187,7.63621],[81.71247,7.63487],[81.71195,7.62831],[81.71064,7.62879],[81.70999,7.63172],[81.71046,7.63421],[81.70843,7.63602],[81.70587,7.64108],[81.70477,7.64145],[81.70335,7.64017],[81.70144,7.63422],[81.69858,7.63091],[81.69215,7.63414],[81.69298,7.63573],[81.69219,7.63976],[81.68954,7.63966],[81.68671,7.63826],[81.6863,7.63875],[81.68599,7.64009],[81.68822,7.6454],[81.68814,7.65343],[81.68959,7.6528],[81.69077,7.65038],[81.69311,7.65136],[81.69341,7.65458],[81.69659,7.65383],[81.69729,7.65587],[81.69442,7.65912],[81.69484,7.6599],[81.69373,7.66254],[81.68521,7.67898],[81.67644,7.68077],[81.68678,7.76038]]]},"properties":{"name":"Paaludaiyaaru Pond","kind":"lagoon","ha":4254}},{"type":"Feature","geometry":{"type":"Polygon","coordinates":[[[80.90817,8.71297],[80.90851,8.68752],[80.90559,8.68387],[80.90366,8.68319],[80.90036,8.68366],[80.89731,8.69083],[80.89169,8.69409],[80.89006,8.70008],[80.88847,8.70143],[80.88298,8.69872],[80.87946,8.69935],[80.87706,8.70097],[80.87444,8.7145],[80.87367,8.71521],[80.87022,8.71511],[80.86684,8.7096],[80.86152,8.7097],[80.85684,8.71297],[80.85423,8.71687],[80.85338,8.72388],[80.85411,8.72581],[80.85834,8.73032],[80.86944,8.74804],[80.88519,8.76183],[80.88595,8.76477],[80.89206,8.76726],[80.90865,8.77008],[80.90879,8.7691],[80.91014,8.7697],[80.91857,8.76474],[80.91642,8.76111],[80.91732,8.76051],[80.90817,8.71297]]]},"properties":{"name":"Yan Oya Resrvoir","kind":"reservoir","ha":3916}},{"type":"Feature","geometry":{"type":"Polygon","coordinates":[[[81.67644,7.68077],[81.67271,7.68111],[81.66768,7.67832],[81.66676,7.67869],[81.66527,7.68568],[81.6679,7.68775],[81.66459,7.68953],[81.66646,7.69019],[81.6644,7.69097],[81.66024,7.69558],[81.65678,7.69659],[81.65234,7.69953],[81.65224,7.70188],[81.64998,7.70747],[81.64763,7.70685],[81.6461,7.70727],[81.64519,7.70853],[81.65076,7.71239],[81.65191,7.71427],[81.65281,7.71471],[81.65418,7.71409],[81.65646,7.71536],[81.65804,7.71964],[81.6576,7.72084],[81.65525,7.72158],[81.65318,7.72048],[81.65283,7.71865],[81.64942,7.71943],[81.64725,7.72147],[81.63912,7.72288],[81.6345,7.72247],[81.62716,7.7277],[81.62286,7.7294],[81.61965,7.73488],[81.61637,7.73367],[81.61624,7.73154],[81.61499,7.73101],[81.61595,7.72056],[81.61341,7.71732],[81.61316,7.71544],[81.60958,7.71568],[81.61088,7.71349],[81.60963,7.71151],[81.60632,7.71344],[81.60377,7.71392],[81.6024,7.7153],[81.59937,7.71545],[81.59752,7.71869],[81.59623,7.71896],[81.59456,7.71814],[81.59178,7.7194],[81.59073,7.72041],[81.59099,7.72184],[81.58925,7.72301],[81.58317,7.72462],[81.58172,7.72354],[81.57921,7.72421],[81.57789,7.7258],[81.57863,7.72777],[81.57677,7.72895],[81.57404,7.72667],[81.57401,7.7252],[81.57271,7.72374],[81.57293,7.71786],[81.57212,7.71898],[81.56979,7.71861],[81.56904,7.72061],[81.56753,7.72192],[81.56783,7.72277],[81.57078,7.72388],[81.57306,7.72587],[81.57272,7.72718],[81.57437,7.72822],[81.57478,7.72964],[81.57716,7.72957],[81.57878,7.72893],[81.57891,7.72806],[81.58032,7.73009],[81.57948,7.74171],[81.57817,7.74356],[81.57853,7.74762],[81.5813,7.74794],[81.58123,7.74571],[81.58334,7.74499],[81.58381,7.74635],[81.58806,7.74985],[81.58806,7.75136],[81.58536,7.75267],[81.58487,7.75471],[81.58583,7.75569],[81.58958,7.75544],[81.5883,7.75808],[81.58921,7.75935],[81.5902,7.75873],[81.59463,7.75886],[81.59588,7.75982],[81.59605,7.76066],[81.59534,7.76031],[81.59396,7.76205],[81.59639,7.76529],[81.59497,7.76716],[81.59555,7.76808],[81.5994,7.76844],[81.59995,7.76789],[81.60076,7.76895],[81.59945,7.77055],[81.60098,7.77114],[81.60382,7.77104],[81.60596,7.76932],[81.61086,7.76849],[81.61661,7.76571],[81.62621,7.75711],[81.62698,7.75517],[81.62879,7.75363],[81.63142,7.75319],[81.63462,7.75136],[81.63868,7.74754],[81.64053,7.74684],[81.64094,7.74854],[81.64447,7.74997],[81.6465,7.74838],[81.65153,7.7478],[81.65339,7.74398],[81.656,7.74261],[81.65928,7.73737],[81.66678,7.73339],[81.66444,7.72354],[81.66686,7.71543],[81.66735,7.71078],[81.6707,7.70355],[81.67021,7.69538],[81.6721,7.6922],[81.67846,7.69028],[81.68353,7.69213],[81.68559,7.69389],[81.68756,7.7026],[81.68741,7.70443],[81.68537,7.70588],[81.68352,7.71024],[81.6798,7.71118],[81.68246,7.71537],[81.68294,7.71849],[81.68171,7.72164],[81.67831,7.72363],[81.67743,7.72639],[81.678,7.72877],[81.67878,7.72925],[81.68436,7.72829],[81.68891,7.72019],[81.69392,7.71789],[81.69663,7.71756],[81.6979,7.71541],[81.70026,7.71418],[81.70305,7.7155],[81.70521,7.72002],[81.70626,7.72006],[81.70549,7.72055],[81.70602,7.72694],[81.70451,7.73011],[81.7032,7.73065],[81.70466,7.72911],[81.70457,7.72796],[81.70385,7.7287],[81.70151,7.73411],[81.69268,7.74459],[81.69235,7.74615],[81.6866,7.74978],[81.68589,7.75176],[81.68673,7.75334],[81.68634,7.75515],[81.68264,7.75661],[81.68301,7.7573],[81.68573,7.75612],[81.6854,7.7577],[81.68306,7.75934],[81.68274,7.76066],[81.6847,7.75846],[81.68506,7.7598],[81.68524,7.75825],[81.68615,7.75936],[81.68548,7.76083],[81.67644,7.68077]]]},"properties":{"name":"Paaludaiyaaru Pond","kind":"lagoon","ha":3424}},{"type":"Feature","geometry":{"type":"Polygon","coordinates":[[[80.13998,9.7374],[80.14094,9.73741],[80.14122,9.73492],[80.14258,9.73371],[80.14312,9.72887],[80.14186,9.72708],[80.14612,9.72455],[80.14755,9.72457],[80.14793,9.72338],[80.14683,9.72217],[80.14785,9.72183],[80.14825,9.72034],[80.14512,9.72198],[80.14432,9.72379],[80.14176,9.72511],[80.13989,9.72361],[80.13803,9.72482],[80.13291,9.72354],[80.13202,9.71805],[80.13489,9.71471],[80.13198,9.71531],[80.12875,9.71327],[80.12416,9.71514],[80.1235,9.71319],[80.12098,9.71157],[80.11957,9.71215],[80.11947,9.71427],[80.11888,9.71241],[80.11447,9.71177],[80.11574,9.71145],[80.11416,9.7098],[80.11598,9.70445],[80.11273,9.70258],[80.11089,9.70328],[80.11033,9.7049],[80.11089,9.70528],[80.10954,9.70661],[80.1064,9.70718],[80.10394,9.70986],[80.0983,9.71002],[80.09441,9.70624],[80.09473,9.70542],[80.0966,9.70525],[80.09657,9.70445],[80.09439,9.70389],[80.0931,9.70104],[80.0912,9.69954],[80.09079,9.70114],[80.08761,9.70368],[80.08974,9.70673],[80.08952,9.70924],[80.0889,9.70694],[80.0874,9.70563],[80.08662,9.70594],[80.08517,9.70441],[80.08321,9.70453],[80.08217,9.70205],[80.07741,9.69665],[80.07621,9.69364],[80.07314,9.69217],[80.0712,9.68587],[80.06937,9.68556],[80.06954,9.68152],[80.06759,9.68156],[80.0668,9.67853],[80.06452,9.67811],[80.06452,9.6764],[80.0678,9.67583],[80.06797,9.66791],[80.06633,9.66355],[80.07144,9.66536],[80.07065,9.66656],[80.07031,9.67151],[80.07333,9.67084],[80.07522,9.67296],[80.07823,9.67396],[80.07995,9.67629],[80.08125,9.67507],[80.08102,9.67344],[80.08238,9.67219],[80.08404,9.6671],[80.08682,9.66704],[80.09005,9.67316],[80.08901,9.67506],[80.08963,9.67607],[80.08683,9.67833],[80.08768,9.68193],[80.08399,9.68648],[80.08351,9.69106],[80.0924,9.69901],[80.09808,9.69774],[80.09951,9.69884],[80.10023,9.7003],[80.10006,9.70284],[80.10296,9.70684],[80.10448,9.7063],[80.10523,9.7044],[80.10876,9.70405],[80.10919,9.69834],[80.10854,9.69682],[80.10921,9.6956],[80.111,9.69691],[80.11206,9.69219],[80.11401,9.69239],[80.1166,9.69489],[80.11979,9.69501],[80.12078,9.69242],[80.11982,9.69059],[80.11819,9.68979],[80.1163,9.68481],[80.11437,9.6852],[80.1051,9.67862],[80.10406,9.67684],[80.10423,9.67387],[80.10791,9.67095],[80.1115,9.67156],[80.10996,9.6762],[80.11233,9.67796],[80.11218,9.67959],[80.11387,9.68141],[80.11516,9.67927],[80.11369,9.67664],[80.11597,9.67505],[80.11852,9.67512],[80.11948,9.67613],[80.11935,9.67834],[80.12066,9.68181],[80.12308,9.68434],[80.12402,9.68759],[80.12521,9.68853],[80.12257,9.69004],[80.12454,9.69035],[80.12528,9.68971],[80.12525,9.68817],[80.12674,9.68915],[80.1294,9.69351],[80.12842,9.69521],[80.12875,9.69647],[80.13129,9.69647],[80.13172,9.69201],[80.13347,9.68995],[80.13652,9.68864],[80.1398,9.68971],[80.14053,9.69139],[80.13974,9.69488],[80.13333,9.69848],[80.12994,9.699],[80.12944,9.70454],[80.13093,9.70822],[80.13719,9.70757],[80.13844,9.7068],[80.13784,9.71009],[80.1387,9.70715],[80.13949,9.7073],[80.13982,9.70796],[80.1386,9.70885],[80.13967,9.71119],[80.13892,9.7115],[80.13775,9.71024],[80.1375,9.71086],[80.13519,9.71103],[80.13429,9.70938],[80.13231,9.71118],[80.13375,9.71046],[80.13628,9.71278],[80.13509,9.71428],[80.13657,9.71322],[80.13858,9.71522],[80.14036,9.71463],[80.14247,9.71571],[80.14225,9.71422],[80.14521,9.7142],[80.1474,9.71698],[80.14656,9.71862],[80.14867,9.71816],[80.15076,9.71981],[80.14849,9.72126],[80.14883,9.72276],[80.1505,9.72335],[80.15055,9.72483],[80.15187,9.72256],[80.1511,9.72183],[80.15181,9.7179],[80.15429,9.71811],[80.15547,9.7175],[80.15572,9.71601],[80.1543,9.71612],[80.15381,9.71508],[80.15115,9.71553],[80.14637,9.71021],[80.14248,9.71187],[80.14121,9.71163],[80.14089,9.70998],[80.14207,9.70855],[80.1417,9.70669],[80.14402,9.70715],[80.14625,9.70603],[80.14671,9.70905],[80.14801,9.70737],[80.14927,9.70777],[80.15155,9.70563],[80.15356,9.70505],[80.15534,9.70806],[80.15646,9.70754],[80.15791,9.70834],[80.15648,9.70966],[80.15692,9.71137],[80.16047,9.71186],[80.15786,9.71391],[80.15896,9.71484],[80.1602,9.71356],[80.16231,9.71323],[80.16256,9.71186],[80.16567,9.71061],[80.1672,9.71101],[80.16773,9.70906],[80.16925,9.70864],[80.17202,9.71097],[80.17451,9.70979],[80.17492,9.71083],[80.17866,9.71117],[80.18087,9.71438],[80.18046,9.71669],[80.16677,9.72479],[80.1667,9.7264],[80.16539,9.72783],[80.16155,9.73018],[80.16127,9.73094],[80.1622,9.73046],[80.16321,9.73245],[80.16449,9.732],[80.165,9.73057],[80.16286,9.73099],[80.17039,9.72575],[80.17185,9.7257],[80.17492,9.72767],[80.17713,9.72708],[80.18187,9.72361],[80.18447,9.72031],[80.19294,9.71661],[80.1974,9.71772],[80.19604,9.7185],[80.19719,9.72022],[80.20418,9.72136],[80.20446,9.72258],[80.20278,9.72226],[80.20191,9.723],[80.20198,9.72471],[80.20338,9.72617],[80.20642,9.72746],[80.20916,9.72642],[80.20921,9.72779],[80.20718,9.72939],[80.2031,9.73017],[80.20042,9.72823],[80.18583,9.73588],[80.17177,9.74667],[80.17029,9.7459],[80.16618,9.73954],[80.16294,9.73687],[80.16292,9.73541],[80.16134,9.73652],[80.15726,9.73646],[80.15582,9.73727],[80.13998,9.7374]]]},"properties":{"name":"Uppu Aru Lagoon","kind":"lagoon","ha":3228}},{"type":"Feature","geometry":{"type":"Polygon","coordinates":[[[80.80929,9.24725],[80.8107,9.2421],[80.80998,9.23911],[80.81104,9.23445],[80.80734,9.2337],[80.80727,9.23832],[80.80624,9.24054],[80.80361,9.23931],[80.8005,9.23996],[80.79784,9.23925],[80.79619,9.24068],[80.79277,9.24573],[80.79214,9.25074],[80.79008,9.25498],[80.7815,9.26413],[80.77201,9.27166],[80.76141,9.27768],[80.74888,9.28259],[80.74469,9.28148],[80.73984,9.28388],[80.73942,9.2858],[80.73805,9.28683],[80.73769,9.29084],[80.73495,9.29511],[80.73639,9.29745],[80.73632,9.29913],[80.73337,9.30015],[80.73359,9.30191],[80.73197,9.30195],[80.72922,9.30367],[80.72836,9.30635],[80.7299,9.31186],[80.73321,9.31642],[80.73483,9.31702],[80.73549,9.31915],[80.74768,9.3207],[80.75165,9.31852],[80.75646,9.31858],[80.76009,9.31685],[80.76528,9.31335],[80.76547,9.31053],[80.77411,9.3014],[80.78069,9.29815],[80.78716,9.29107],[80.7913,9.28874],[80.79601,9.29096],[80.80492,9.29066],[80.81023,9.2928],[80.81145,9.29175],[80.8091,9.29005],[80.80294,9.28776],[80.79657,9.28925],[80.79485,9.28785],[80.79403,9.2854],[80.79593,9.28033],[80.80098,9.27109],[80.80229,9.2633],[80.80187,9.25466],[80.80415,9.25318],[80.80716,9.2551],[80.80625,9.25263],[80.80929,9.24725]]]},"properties":{"name":"Nandikadal Lagoon","kind":"lagoon","ha":3155}},{"type":"Feature","geometry":{"type":"Polygon","coordinates":[[[80.9651,8.98785],[80.96582,8.98373],[80.96045,8.97778],[80.95907,8.97393],[80.95919,8.9711],[80.96435,8.95903],[80.96511,8.95578],[80.96479,8.95158],[80.96237,8.94864],[80.95918,8.94796],[80.95672,8.94832],[80.95523,8.94966],[80.95509,8.95126],[80.95335,8.95152],[80.95143,8.94945],[80.94898,8.9483],[80.9483,8.94686],[80.94312,8.94431],[80.94302,8.94295],[80.94048,8.94245],[80.93935,8.94139],[80.93891,8.94045],[80.93973,8.93925],[80.94427,8.94049],[80.94763,8.93843],[80.94746,8.93554],[80.94548,8.93036],[80.9424,8.9282],[80.93722,8.92887],[80.93566,8.93053],[80.93572,8.93229],[80.93379,8.93214],[80.93293,8.93379],[80.93207,8.93396],[80.93119,8.93748],[80.92914,8.93689],[80.92829,8.93583],[80.92743,8.93057],[80.92486,8.92871],[80.92348,8.93057],[80.92297,8.9343],[80.92148,8.93522],[80.92252,8.93816],[80.91861,8.93546],[80.9161,8.9366],[80.91602,8.93865],[80.91524,8.93888],[80.91387,8.93718],[80.91284,8.93905],[80.91301,8.94482],[80.91115,8.94799],[80.91192,8.95149],[80.91064,8.95206],[80.90917,8.95133],[80.90735,8.94804],[80.90552,8.94857],[80.90719,8.95241],[80.90753,8.95549],[80.90926,8.95703],[80.90821,8.9594],[80.90507,8.96105],[80.9049,8.96202],[80.90667,8.96286],[80.90717,8.9645],[80.90573,8.96566],[80.90561,8.96766],[80.90832,8.9703],[80.91075,8.9704],[80.9125,8.96957],[80.91474,8.96686],[80.91786,8.96823],[80.92008,8.96782],[80.92514,8.96468],[80.92589,8.96333],[80.92999,8.97097],[80.92877,8.97164],[80.9279,8.97049],[80.92489,8.97042],[80.92153,8.97305],[80.91968,8.97342],[80.91623,8.97693],[80.91554,8.97932],[80.92304,8.9837],[80.92675,8.98856],[80.92743,8.99043],[80.92682,8.99211],[80.9651,8.98785]]]},"properties":{"name":"Kokilai Lagoon","kind":"lagoon","ha":3019}},{"type":"Feature","geometry":{"type":"Polygon","coordinates":[[[81.35743,8.15227],[81.35728,8.15102],[81.35485,8.14834],[81.3543,8.14806],[81.35429,8.14906],[81.35364,8.14911],[81.35533,8.15102],[81.35475,8.15309],[81.35504,8.15493],[81.35606,8.15507],[81.35597,8.16085],[81.35445,8.1663],[81.34995,8.17042],[81.34774,8.17719],[81.3477,8.17864],[81.3493,8.18061],[81.35195,8.18724],[81.35081,8.18813],[81.3485,8.18808],[81.34609,8.1864],[81.34408,8.18809],[81.34508,8.19015],[81.3468,8.19065],[81.35275,8.1886],[81.35331,8.1878],[81.3518,8.18476],[81.3518,8.17981],[81.35034,8.17495],[81.35081,8.17084],[81.35462,8.16768],[81.35893,8.15944],[81.36445,8.15463],[81.36729,8.14645],[81.36967,8.1447],[81.37311,8.14405],[81.37368,8.1443],[81.37296,8.14529],[81.37526,8.14659],[81.38126,8.14598],[81.38414,8.14645],[81.38608,8.14542],[81.38645,8.14663],[81.37973,8.15413],[81.3818,8.15504],[81.38258,8.15883],[81.38093,8.16117],[81.38108,8.16411],[81.37764,8.16492],[81.3865,8.18008],[81.38599,8.18184],[81.38487,8.18199],[81.38191,8.1798],[81.38086,8.18137],[81.38348,8.19121],[81.38605,8.19446],[81.39129,8.19482],[81.38942,8.19345],[81.38929,8.19128],[81.3901,8.19093],[81.39117,8.19223],[81.39102,8.1911],[81.392,8.19022],[81.3973,8.19539],[81.40039,8.19159],[81.40105,8.18911],[81.4017,8.1729],[81.40097,8.16655],[81.40358,8.15206],[81.40763,8.14214],[81.41301,8.1324],[81.41859,8.1197],[81.42521,8.10931],[81.42648,8.10592],[81.42667,8.10095],[81.43123,8.09762],[81.43334,8.09704],[81.43677,8.09811],[81.43927,8.10049],[81.44005,8.10267],[81.43804,8.10374],[81.43868,8.11125],[81.4402,8.11863],[81.44213,8.12201],[81.43615,8.13578],[81.43698,8.13991],[81.43566,8.13964],[81.43506,8.14095],[81.43569,8.14445],[81.43456,8.14352],[81.43305,8.14774],[81.4342,8.14812],[81.43275,8.1483],[81.4328,8.15325],[81.43143,8.15822],[81.43206,8.15988],[81.43252,8.15955],[81.43331,8.15403],[81.43455,8.15227],[81.43387,8.15187],[81.43429,8.15026],[81.43741,8.14353],[81.43675,8.14291],[81.43817,8.141],[81.43738,8.14053],[81.43899,8.13968],[81.43891,8.13906],[81.43712,8.13876],[81.43865,8.13855],[81.44005,8.13215],[81.44514,8.12338],[81.44729,8.11644],[81.44656,8.11276],[81.44365,8.10733],[81.44204,8.09959],[81.43707,8.09246],[81.43854,8.08738],[81.43836,8.08498],[81.43601,8.07939],[81.43827,8.07594],[81.43677,8.07388],[81.43555,8.07353],[81.43635,8.07266],[81.43944,8.07277],[81.44473,8.07085],[81.43708,8.07138],[81.43435,8.07026],[81.43131,8.07081],[81.43045,8.07224],[81.4313,8.07627],[81.43528,8.08026],[81.43611,8.08238],[81.4366,8.08769],[81.43493,8.09321],[81.42839,8.09503],[81.42558,8.09431],[81.41955,8.09578],[81.4164,8.09496],[81.41217,8.09578],[81.41165,8.09888],[81.41219,8.09977],[81.41428,8.10014],[81.41439,8.101],[81.41148,8.10491],[81.40715,8.10628],[81.40659,8.11221],[81.40237,8.11712],[81.39998,8.11791],[81.39935,8.11942],[81.39918,8.12089],[81.40039,8.12309],[81.40011,8.12549],[81.40195,8.12628],[81.40375,8.12436],[81.40302,8.12676],[81.40379,8.12772],[81.4049,8.12713],[81.40607,8.12388],[81.40767,8.12206],[81.40781,8.12545],[81.40666,8.127],[81.40223,8.13104],[81.40077,8.13094],[81.39745,8.12864],[81.39481,8.12899],[81.39395,8.13269],[81.39672,8.13502],[81.39454,8.1354],[81.39277,8.13729],[81.3866,8.13766],[81.38532,8.14085],[81.38067,8.14045],[81.37777,8.14222],[81.37506,8.1407],[81.37427,8.13928],[81.37057,8.14086],[81.36907,8.13975],[81.36837,8.14207],[81.36654,8.14213],[81.36442,8.13881],[81.36231,8.13928],[81.36186,8.14185],[81.36316,8.14298],[81.36286,8.14391],[81.3639,8.14407],[81.36446,8.14627],[81.35743,8.15227]]]},"properties":{"name":"Vakarai Lagoon","kind":"lagoon","ha":2974}},{"type":"Feature","geometry":{"type":"Polygon","coordinates":[[[79.81312,7.75894],[79.80916,7.75836],[79.80625,7.7564],[79.80454,7.75704],[79.80421,7.75609],[79.80201,7.7549],[79.80145,7.759],[79.80311,7.76286],[79.80463,7.76378],[79.80548,7.76641],[79.80492,7.7671],[79.80119,7.76712],[79.79998,7.76488],[79.79839,7.76458],[79.79583,7.76598],[79.7949,7.76888],[79.79537,7.77065],[79.79879,7.77405],[79.79889,7.77545],[79.79636,7.7777],[79.7923,7.77725],[79.78923,7.78234],[79.78969,7.78442],[79.7921,7.78816],[79.79175,7.79225],[79.79399,7.79412],[79.79433,7.80483],[79.79708,7.80772],[79.79722,7.81778],[79.79879,7.82082],[79.79399,7.82677],[79.79274,7.82995],[79.79204,7.83616],[79.79381,7.84055],[79.80274,7.84684],[79.80522,7.84957],[79.80686,7.84939],[79.80806,7.84701],[79.81013,7.84518],[79.81174,7.84434],[79.81217,7.84478],[79.81333,7.84371],[79.81275,7.84263],[79.8155,7.84558],[79.81733,7.84558],[79.81523,7.84147],[79.8165,7.83764],[79.81633,7.83584],[79.81826,7.83145],[79.815,7.82729],[79.81685,7.82614],[79.81619,7.82475],[79.82059,7.81912],[79.82064,7.81593],[79.81814,7.81466],[79.81904,7.81285],[79.81723,7.80887],[79.81258,7.80743],[79.81227,7.80659],[79.81739,7.80206],[79.82446,7.79378],[79.82678,7.78416],[79.82682,7.77069],[79.82447,7.76078],[79.82306,7.75987],[79.81508,7.75828],[79.81312,7.75894]]]},"properties":{"name":"Mundel Lagoon","kind":"water","ha":2765}},{"type":"Feature","geometry":{"type":"Polygon","coordinates":[[[81.18396,8.22748],[81.1823,8.21933],[81.18495,8.21866],[81.18716,8.21132],[81.19104,8.20768],[81.19156,8.20632],[81.19025,8.19835],[81.1915,8.19449],[81.18509,8.18872],[81.18339,8.18394],[81.18275,8.17816],[81.18349,8.17576],[81.18598,8.17316],[81.18612,8.17041],[81.18734,8.16863],[81.18885,8.16813],[81.18506,8.16384],[81.18704,8.16062],[81.18695,8.15856],[81.18451,8.15498],[81.18532,8.15257],[81.18232,8.15114],[81.18331,8.14866],[81.18226,8.14635],[81.18408,8.14553],[81.18504,8.14377],[81.18412,8.13946],[81.18471,8.13656],[81.18705,8.13427],[81.18881,8.13366],[81.18929,8.1324],[81.18871,8.13126],[81.18551,8.13155],[81.18351,8.13078],[81.18235,8.1297],[81.18216,8.12742],[81.18325,8.12481],[81.18654,8.12438],[81.18781,8.12305],[81.18347,8.1191],[81.18073,8.11022],[81.17498,8.10655],[81.17395,8.09684],[81.17219,8.09544],[81.17102,8.09103],[81.16763,8.09167],[81.16514,8.09049],[81.16448,8.08855],[81.16619,8.08678],[81.16334,8.08575],[81.16126,8.08398],[81.16119,8.08164],[81.16323,8.07867],[81.16252,8.07641],[81.16038,8.07635],[81.15713,8.07787],[81.15411,8.07635],[81.15346,8.07422],[81.15397,8.06882],[81.1516,8.06531],[81.14767,8.06268],[81.14743,8.05667],[81.14492,8.05015],[81.18396,8.22748]]]},"properties":{"name":null,"kind":"river","ha":2755}},{"type":"Feature","geometry":{"type":"Polygon","coordinates":[[[81.20178,6.35286],[81.20071,6.35349],[81.20067,6.35175],[81.19935,6.35057],[81.19939,6.35111],[81.19822,6.35097],[81.19765,6.35258],[81.19656,6.35196],[81.19645,6.35714],[81.19512,6.35837],[81.19351,6.35784],[81.19265,6.35906],[81.19271,6.35819],[81.1923,6.35901],[81.1951,6.36182],[81.1926,6.36243],[81.19413,6.36367],[81.19512,6.36401],[81.1977,6.36202],[81.19884,6.36241],[81.19622,6.36871],[81.19383,6.3692],[81.19674,6.37571],[81.19642,6.37696],[81.19524,6.37666],[81.19476,6.37429],[81.19275,6.37613],[81.19098,6.37636],[81.18887,6.37206],[81.18798,6.37285],[81.18864,6.37423],[81.18826,6.3755],[81.18521,6.37409],[81.18427,6.37274],[81.1844,6.37376],[81.1835,6.3736],[81.18463,6.37531],[81.18403,6.37616],[81.18584,6.37603],[81.18699,6.37762],[81.18476,6.38005],[81.18397,6.38001],[81.18679,6.38036],[81.18737,6.38163],[81.18879,6.3802],[81.19002,6.38015],[81.19094,6.38176],[81.18956,6.38273],[81.18967,6.38384],[81.19245,6.38611],[81.19127,6.38916],[81.18973,6.38768],[81.18869,6.38787],[81.18863,6.38701],[81.18631,6.38704],[81.1856,6.38837],[81.18629,6.38955],[81.1845,6.39091],[81.18583,6.39236],[81.18499,6.39345],[81.18683,6.39524],[81.18664,6.39622],[81.18448,6.39663],[81.18415,6.40048],[81.18229,6.40104],[81.18074,6.39957],[81.18062,6.39317],[81.17933,6.39254],[81.17647,6.39293],[81.17679,6.39584],[81.17508,6.39764],[81.17688,6.39949],[81.17547,6.40032],[81.17431,6.40251],[81.17177,6.40293],[81.17191,6.40166],[81.17026,6.40221],[81.17044,6.40055],[81.16728,6.40047],[81.1669,6.39917],[81.16503,6.39835],[81.16545,6.39945],[81.16393,6.40001],[81.16443,6.40071],[81.16592,6.40047],[81.16867,6.40339],[81.16635,6.40447],[81.16864,6.40798],[81.17427,6.40515],[81.17534,6.40545],[81.17594,6.40926],[81.17793,6.4077],[81.17959,6.40801],[81.18037,6.41148],[81.17818,6.41101],[81.1779,6.41379],[81.17527,6.41446],[81.17537,6.41718],[81.17004,6.41831],[81.17066,6.41977],[81.16911,6.42033],[81.17061,6.42098],[81.17346,6.42006],[81.17389,6.42167],[81.17593,6.4218],[81.17526,6.42583],[81.17772,6.42529],[81.18089,6.42666],[81.17908,6.42451],[81.1796,6.42303],[81.18232,6.42271],[81.18157,6.42221],[81.18188,6.4182],[81.18343,6.42017],[81.18486,6.41988],[81.1856,6.41873],[81.18625,6.41966],[81.18817,6.41964],[81.18746,6.41834],[81.18829,6.41599],[81.187,6.41544],[81.18766,6.41369],[81.18894,6.41355],[81.18837,6.41153],[81.19161,6.41161],[81.19203,6.41036],[81.19381,6.41264],[81.19597,6.41114],[81.19522,6.40854],[81.19575,6.40594],[81.19603,6.40743],[81.19808,6.40806],[81.19961,6.41249],[81.19473,6.41664],[81.19694,6.41656],[81.19737,6.41785],[81.19888,6.41795],[81.20223,6.4165],[81.20285,6.41692],[81.20282,6.4163],[81.20568,6.41462],[81.20452,6.41289],[81.20588,6.41188],[81.20471,6.41011],[81.20551,6.40712],[81.20675,6.40681],[81.20817,6.40868],[81.20914,6.40848],[81.20988,6.40675],[81.20845,6.40379],[81.20692,6.40317],[81.20706,6.40214],[81.21095,6.40286],[81.21266,6.4062],[81.21532,6.40684],[81.21675,6.40586],[81.21623,6.40401],[81.21506,6.40328],[81.21703,6.40314],[81.21853,6.40151],[81.22034,6.40224],[81.22209,6.40193],[81.22316,6.40041],[81.22114,6.39701],[81.22182,6.39431],[81.21984,6.3927],[81.22023,6.39157],[81.21859,6.38735],[81.22059,6.38309],[81.22048,6.38054],[81.22306,6.38186],[81.22344,6.38409],[81.22372,6.38304],[81.22526,6.38377],[81.22576,6.38236],[81.22573,6.38368],[81.22701,6.38253],[81.22763,6.38403],[81.2297,6.38218],[81.23106,6.38325],[81.23165,6.38176],[81.23213,6.38227],[81.23297,6.38171],[81.23285,6.37887],[81.2344,6.37688],[81.23537,6.37735],[81.23642,6.37518],[81.236,6.37105],[81.2334,6.36859],[81.20581,6.35511],[81.20441,6.35456],[81.20349,6.35577],[81.2031,6.35397],[81.20178,6.35286]]]},"properties":{"name":"Lunugamwehera Reservoir","kind":"reservoir","ha":2679}},{"type":"Feature","geometry":{"type":"Polygon","coordinates":[[[80.97666,7.94744],[80.97768,7.94601],[80.97918,7.9492],[80.97831,7.95124],[80.98006,7.95195],[80.98072,7.95386],[80.98168,7.95326],[80.98254,7.94937],[80.98349,7.94936],[80.98551,7.95565],[80.98666,7.95654],[80.98737,7.95641],[80.98752,7.9512],[80.98842,7.95086],[80.98997,7.95441],[80.99119,7.95481],[80.99125,7.94976],[80.99198,7.94895],[80.99301,7.95069],[80.99448,7.95127],[80.99346,7.95437],[80.99449,7.95696],[80.99736,7.95262],[80.99892,7.95253],[80.99999,7.94882],[80.99969,7.94536],[80.99688,7.94278],[80.99828,7.94135],[80.99628,7.93624],[80.99521,7.93009],[80.9941,7.92928],[80.99325,7.92637],[80.99059,7.9239],[80.99278,7.92182],[80.99244,7.92044],[80.99455,7.91913],[80.99357,7.91749],[80.99527,7.91595],[80.995,7.91407],[80.99825,7.9132],[80.99694,7.90177],[80.99369,7.89795],[80.9855,7.89325],[80.97738,7.89245],[80.97675,7.88825],[80.9755,7.88875],[80.97375,7.88625],[80.972,7.88075],[80.9695,7.879],[80.96755,7.87486],[80.9631,7.87261],[80.95851,7.87416],[80.95927,7.87693],[80.95776,7.87828],[80.95727,7.88081],[80.95523,7.87969],[80.95166,7.88096],[80.95056,7.88066],[80.97666,7.94744]]]},"properties":{"name":"Parakrama Samudraya","kind":"water","ha":2508}},{"type":"Feature","geometry":{"type":"Polygon","coordinates":[[[80.39242,9.61734],[80.38824,9.61238],[80.38931,9.6094],[80.38866,9.60681],[80.38645,9.60625],[80.38364,9.60714],[80.3722,9.61569],[80.36877,9.61687],[80.36911,9.62111],[80.36722,9.62246],[80.36585,9.62212],[80.36362,9.62314],[80.36224,9.62601],[80.35881,9.6294],[80.35126,9.62872],[80.34645,9.63109],[80.33984,9.6367],[80.33224,9.64127],[80.32173,9.64971],[80.29833,9.66327],[80.29433,9.66743],[80.29404,9.66851],[80.29509,9.67037],[80.29651,9.67103],[80.29338,9.674],[80.29319,9.67524],[80.29329,9.67761],[80.29639,9.68565],[80.29543,9.68815],[80.30235,9.69322],[80.33502,9.66403],[80.33663,9.66216],[80.3368,9.66046],[80.33487,9.65988],[80.32944,9.66256],[80.33152,9.66054],[80.33752,9.65783],[80.3449,9.65309],[80.34622,9.65063],[80.34902,9.64971],[80.35675,9.64395],[80.35744,9.64209],[80.3619,9.64023],[80.36807,9.6353],[80.38012,9.62788],[80.39242,9.61734]]]},"properties":{"name":null,"kind":"lagoon","ha":2484}},{"type":"Feature","geometry":{"type":"Polygon","coordinates":[[[80.89088,7.20572],[80.88508,7.20963],[80.8843,7.21661],[80.88183,7.21197],[80.881,7.21204],[80.88173,7.20811],[80.88112,7.20668],[80.88262,7.2066],[80.88377,7.20555],[80.88194,7.20513],[80.88133,7.20413],[80.88289,7.20409],[80.88046,7.20295],[80.88298,7.20253],[80.88425,7.20338],[80.88464,7.20284],[80.88389,7.19659],[80.87939,7.19684],[80.88011,7.19889],[80.87885,7.19898],[80.87789,7.20034],[80.87543,7.19806],[80.87549,7.19726],[80.8744,7.19731],[80.87449,7.19643],[80.8732,7.1969],[80.87278,7.19606],[80.86903,7.19554],[80.8664,7.19393],[80.86377,7.19656],[80.86392,7.19796],[80.8653,7.19841],[80.86365,7.19864],[80.86185,7.20089],[80.8597,7.20168],[80.85796,7.19835],[80.85767,7.19708],[80.85839,7.19634],[80.85678,7.19632],[80.85666,7.19738],[80.85582,7.19761],[80.85646,7.19693],[80.85589,7.19584],[80.85512,7.19638],[80.85384,7.19535],[80.85358,7.19592],[80.85194,7.19378],[80.85072,7.19448],[80.84894,7.19237],[80.84086,7.1955],[80.84156,7.19709],[80.83843,7.20007],[80.8411,7.2021],[80.8405,7.20373],[80.83868,7.20445],[80.84071,7.20646],[80.83873,7.20597],[80.83794,7.2047],[80.83802,7.20345],[80.83967,7.20347],[80.8402,7.20278],[80.83653,7.20033],[80.83689,7.19709],[80.83596,7.19645],[80.83009,7.19732],[80.83056,7.19918],[80.83151,7.19978],[80.82981,7.20172],[80.82964,7.19984],[80.82714,7.19909],[80.82647,7.20083],[80.82423,7.19928],[80.82424,7.1977],[80.82324,7.19823],[80.82379,7.19908],[80.82311,7.20033],[80.82215,7.20072],[80.82139,7.20034],[80.82164,7.19959],[80.82013,7.19953],[80.81914,7.19809],[80.81964,7.19709],[80.81577,7.1993],[80.81189,7.19912],[80.81225,7.19801],[80.81589,7.19784],[80.81694,7.19555],[80.82256,7.19133],[80.8247,7.19072],[80.82579,7.19143],[80.82522,7.1903],[80.8257,7.18965],[80.82694,7.18977],[80.82715,7.18849],[80.82894,7.18772],[80.8296,7.18829],[80.82872,7.19056],[80.82957,7.19003],[80.8299,7.18825],[80.83272,7.18795],[80.83131,7.18872],[80.83092,7.18927],[80.83165,7.19004],[80.82993,7.19163],[80.8311,7.19362],[80.83226,7.19283],[80.83379,7.19375],[80.83536,7.1921],[80.83593,7.19325],[80.83715,7.19353],[80.83955,7.19162],[80.84154,7.19241],[80.84382,7.19165],[80.8445,7.19076],[80.8421,7.18854],[80.84046,7.18859],[80.83885,7.18972],[80.83729,7.1882],[80.83849,7.18835],[80.83877,7.18691],[80.84446,7.18365],[80.84501,7.18208],[80.84307,7.17966],[80.84731,7.18136],[80.8472,7.18432],[80.84195,7.18688],[80.84603,7.18947],[80.84791,7.18905],[80.8482,7.18595],[80.84957,7.18731],[80.8517,7.18708],[80.85329,7.18855],[80.8559,7.18787],[80.85593,7.18893],[80.85662,7.18838],[80.85922,7.18934],[80.86011,7.18887],[80.86059,7.18964],[80.86224,7.18938],[80.86281,7.19001],[80.86318,7.18829],[80.86538,7.18912],[80.86608,7.18816],[80.86616,7.19024],[80.86768,7.18832],[80.86809,7.1893],[80.87024,7.18833],[80.87031,7.19027],[80.87197,7.19201],[80.87297,7.19023],[80.87342,7.19056],[80.87302,7.18919],[80.8736,7.18911],[80.87539,7.19259],[80.87695,7.19226],[80.87832,7.193],[80.87893,7.19218],[80.87667,7.18588],[80.87765,7.1823],[80.87358,7.17766],[80.87258,7.17787],[80.87464,7.17718],[80.87737,7.17795],[80.87859,7.17724],[80.88034,7.17905],[80.88034,7.17521],[80.87939,7.1732],[80.87821,7.17362],[80.87772,7.17284],[80.87833,7.17055],[80.87745,7.16813],[80.87796,7.16622],[80.88,7.16747],[80.88218,7.16622],[80.8826,7.16422],[80.88357,7.16453],[80.88425,7.16361],[80.8842,7.16509],[80.88343,7.16543],[80.88426,7.1663],[80.88368,7.16825],[80.8842,7.16906],[80.88302,7.17025],[80.88502,7.17147],[80.88545,7.16732],[80.88725,7.16719],[80.8877,7.16582],[80.8895,7.16782],[80.88868,7.1662],[80.88954,7.16442],[80.88855,7.16012],[80.88707,7.15802],[80.88582,7.15805],[80.88487,7.15632],[80.88589,7.15634],[80.88516,7.15134],[80.88604,7.15042],[80.88689,7.15359],[80.88889,7.15534],[80.88839,7.15684],[80.88889,7.15859],[80.89089,7.16009],[80.89064,7.16284],[80.89239,7.16534],[80.89199,7.16765],[80.8928,7.16888],[80.8936,7.16857],[80.8941,7.1651],[80.89488,7.16439],[80.89451,7.16314],[80.89764,7.16134],[80.89958,7.16148],[80.89939,7.15934],[80.90064,7.15984],[80.90197,7.16281],[80.90151,7.16564],[80.89889,7.16934],[80.89893,7.17198],[80.90096,7.17329],[80.90098,7.17434],[80.90022,7.17451],[80.89939,7.17659],[80.89847,7.17433],[80.8968,7.17527],[80.89597,7.18153],[80.89653,7.1835],[80.89789,7.18205],[80.8987,7.18264],[80.89945,7.1822],[80.89962,7.18027],[80.9006,7.18327],[80.90094,7.1812],[80.90164,7.18559],[80.90089,7.18634],[80.90164,7.18734],[80.89989,7.18859],[80.89939,7.18759],[80.89839,7.19009],[80.89929,7.19002],[80.8993,7.19203],[80.90152,7.19017],[80.90058,7.19409],[80.90551,7.19595],[80.90808,7.19429],[80.90762,7.19247],[80.90439,7.18884],[80.90789,7.18909],[80.90964,7.18834],[80.90889,7.18584],[80.90614,7.18284],[80.90764,7.18134],[80.90639,7.17859],[80.90789,7.17859],[80.90964,7.17934],[80.91064,7.18134],[80.91039,7.18259],[80.91189,7.18334],[80.91314,7.18284],[80.91389,7.18584],[80.91539,7.18609],[80.91589,7.18709],[80.91414,7.18659],[80.91389,7.18834],[80.91489,7.18884],[80.91714,7.18809],[80.91742,7.1921],[80.91964,7.19259],[80.92263,7.19936],[80.92442,7.1996],[80.92486,7.2042],[80.9222,7.20405],[80.91816,7.20863],[80.91738,7.20786],[80.91588,7.20802],[80.9169,7.20987],[80.91688,7.21303],[80.91455,7.21483],[80.91543,7.21564],[80.91508,7.21766],[80.91603,7.22001],[80.91529,7.22407],[80.91309,7.22774],[80.91386,7.22302],[80.91309,7.22225],[80.91407,7.22124],[80.91306,7.22103],[80.91371,7.22018],[80.91313,7.21671],[80.91089,7.21384],[80.90989,7.21417],[80.90864,7.21284],[80.90914,7.21084],[80.9081,7.21062],[80.90839,7.20859],[80.90764,7.20634],[80.90699,7.20596],[80.90479,7.20783],[80.90489,7.20934],[80.90301,7.20999],[80.90144,7.21278],[80.90258,7.21279],[80.90272,7.21354],[80.90214,7.21655],[80.90297,7.21704],[80.90166,7.21953],[80.90264,7.22109],[80.90223,7.22152],[80.90335,7.22263],[80.90598,7.22263],[80.90517,7.22343],[80.90238,7.22285],[80.90264,7.22359],[80.90464,7.22409],[80.90389,7.22484],[80.90577,7.22673],[80.90489,7.22684],[80.90274,7.22556],[80.90253,7.2243],[80.90166,7.22479],[80.90114,7.22134],[80.90059,7.22123],[80.90045,7.22328],[80.89926,7.22354],[80.8982,7.2225],[80.89754,7.21854],[80.89766,7.21784],[80.89888,7.2183],[80.89919,7.21595],[80.89702,7.21632],[80.89769,7.21487],[80.89696,7.21288],[80.89585,7.21245],[80.89569,7.21045],[80.89401,7.21015],[80.89405,7.20671],[80.89256,7.20595],[80.89239,7.20409],[80.88945,7.20415],[80.89162,7.20525],[80.89088,7.20572]]]},"properties":{"name":"Randenigala Reservoir","kind":"reservoir","ha":2373}},{"type":"Feature","geometry":{"type":"Polygon","coordinates":[[[80.89947,8.06331],[80.89404,8.05352],[80.89433,8.05234],[80.89627,8.05284],[80.89452,8.04884],[80.89481,8.04831],[80.8958,8.04897],[80.89598,8.04818],[80.89468,8.04252],[80.8938,8.04397],[80.89449,8.04707],[80.89231,8.04865],[80.89237,8.05134],[80.89074,8.05413],[80.89189,8.05647],[80.89233,8.06417],[80.89,8.06427],[80.88871,8.06292],[80.88761,8.0646],[80.88471,8.06481],[80.88373,8.06239],[80.87987,8.05739],[80.87883,8.06202],[80.87785,8.06234],[80.87655,8.0615],[80.87604,8.06318],[80.87681,8.06426],[80.87543,8.06379],[80.87333,8.06094],[80.87304,8.05807],[80.87006,8.05471],[80.87245,8.05252],[80.874,8.04939],[80.87176,8.04847],[80.87155,8.04544],[80.86865,8.04278],[80.86852,8.04131],[80.86586,8.04004],[80.86552,8.03628],[80.86435,8.03507],[80.86522,8.03294],[80.86384,8.02734],[80.86262,8.02791],[80.86173,8.02743],[80.86082,8.03136],[80.86104,8.03419],[80.85875,8.03323],[80.85648,8.02906],[80.85741,8.02698],[80.85668,8.02575],[80.85779,8.02507],[80.85806,8.02377],[80.85524,8.02352],[80.85391,8.0222],[80.85355,8.02049],[80.85135,8.01996],[80.85374,8.01745],[80.85462,8.01337],[80.85665,8.01174],[80.85776,8.00636],[80.85913,8.00438],[80.86159,8.00509],[80.86357,8.00788],[80.86389,8.01313],[80.86522,8.01136],[80.8702,8.0096],[80.87062,8.00781],[80.86755,8.00671],[80.86703,8.00435],[80.86795,8.0031],[80.86735,8.002],[80.86904,7.99986],[80.86718,7.99744],[80.87097,7.99727],[80.87245,7.99892],[80.87294,8.00121],[80.87558,8.00169],[80.87568,7.99964],[80.87287,7.99727],[80.87291,7.99629],[80.87475,7.99588],[80.87519,7.9945],[80.87402,7.99241],[80.87229,7.99286],[80.87154,7.99184],[80.86964,7.99217],[80.86894,7.99063],[80.86727,7.99005],[80.86712,7.98905],[80.87318,7.98604],[80.87499,7.98598],[80.87717,7.98238],[80.87852,7.98248],[80.87956,7.98541],[80.88118,7.98343],[80.88248,7.98319],[80.88312,7.98398],[80.88192,7.98862],[80.88206,7.99149],[80.88336,7.99551],[80.88535,7.99467],[80.88573,7.99562],[80.88501,7.99867],[80.88355,7.99967],[80.88437,8.00591],[80.88543,8.00657],[80.88894,8.00539],[80.89006,8.00578],[80.89001,8.00691],[80.88846,8.00841],[80.88975,8.01019],[80.88912,8.01122],[80.88703,8.00876],[80.887,8.01091],[80.88477,8.00923],[80.8841,8.00952],[80.88421,8.01149],[80.88551,8.01858],[80.88721,8.02018],[80.8865,8.02155],[80.88841,8.02753],[80.88894,8.02642],[80.89008,8.02716],[80.88955,8.02073],[80.89032,8.0185],[80.89113,8.01772],[80.89142,8.01951],[80.89254,8.01982],[80.89182,8.02181],[80.89222,8.02407],[80.89282,8.02407],[80.89288,8.0224],[80.89334,8.02281],[80.89463,8.02803],[80.89947,8.06331]]]},"properties":{"name":"Minneriya Reservoir","kind":"reservoir","ha":2297}},{"type":"Feature","geometry":{"type":"Polygon","coordinates":[[[80.78917,8.79253],[80.79557,8.79065],[80.7921,8.78837],[80.79261,8.78738],[80.79191,8.7866],[80.78952,8.78735],[80.78864,8.78652],[80.78785,8.78468],[80.79012,8.78377],[80.78762,8.78204],[80.78762,8.78063],[80.78816,8.77859],[80.79,8.77666],[80.78888,8.7764],[80.78837,8.77356],[80.78728,8.77544],[80.78725,8.77281],[80.78636,8.77299],[80.78687,8.77466],[80.78605,8.77718],[80.78711,8.78022],[80.78575,8.78136],[80.78367,8.77188],[80.78104,8.77916],[80.78136,8.78132],[80.78008,8.78548],[80.78091,8.7901],[80.78053,8.79377],[80.77937,8.79448],[80.7759,8.79448],[80.77192,8.78902],[80.77114,8.7899],[80.7723,8.79394],[80.77159,8.79592],[80.77196,8.79751],[80.76864,8.79827],[80.7654,8.79377],[80.76444,8.7937],[80.76149,8.79903],[80.76031,8.80339],[80.75851,8.79795],[80.75995,8.79516],[80.76009,8.79073],[80.75876,8.79055],[80.7579,8.78848],[80.75604,8.7882],[80.75551,8.79152],[80.75623,8.7929],[80.75513,8.79493],[80.75002,8.78898],[80.75041,8.79419],[80.74918,8.79606],[80.75037,8.79725],[80.75047,8.80181],[80.75137,8.80165],[80.75042,8.80385],[80.74886,8.80477],[80.74789,8.80411],[80.74703,8.80006],[80.74759,8.79699],[80.74562,8.79558],[80.74595,8.79089],[80.74313,8.79091],[80.74238,8.78958],[80.7421,8.78577],[80.74301,8.78256],[80.73895,8.78121],[80.73901,8.77735],[80.73728,8.77493],[80.7369,8.77911],[80.73587,8.77821],[80.73562,8.77883],[80.7366,8.78065],[80.73609,8.78184],[80.73448,8.78016],[80.73444,8.77604],[80.73374,8.77674],[80.73312,8.77573],[80.73122,8.77755],[80.73264,8.77904],[80.73217,8.78067],[80.73332,8.78153],[80.73111,8.78282],[80.73377,8.78414],[80.73413,8.78509],[80.73258,8.78846],[80.73417,8.78791],[80.73472,8.78921],[80.73425,8.7908],[80.73585,8.7921],[80.73406,8.79342],[80.73361,8.79572],[80.73174,8.79608],[80.7306,8.79931],[80.73056,8.80029],[80.73294,8.80312],[80.73236,8.80339],[80.73029,8.80165],[80.72548,8.80438],[80.7277,8.80758],[80.73252,8.81129],[80.73458,8.8109],[80.73577,8.80874],[80.73718,8.80839],[80.73785,8.81033],[80.73686,8.81154],[80.73763,8.8119],[80.73741,8.81361],[80.74222,8.81757],[80.75005,8.82034],[80.75152,8.82159],[80.75236,8.82001],[80.75194,8.81701],[80.75262,8.81713],[80.7535,8.81857],[80.75297,8.81971],[80.75419,8.82243],[80.75421,8.82463],[80.75947,8.82355],[80.76005,8.82193],[80.75905,8.82029],[80.75978,8.81884],[80.76089,8.82074],[80.76028,8.82202],[80.7615,8.82278],[80.7621,8.82199],[80.76627,8.82509],[80.77054,8.82619],[80.7721,8.82457],[80.77409,8.82531],[80.77304,8.82287],[80.76954,8.82017],[80.77056,8.81821],[80.76913,8.81786],[80.76909,8.81646],[80.77064,8.81391],[80.7712,8.81743],[80.77424,8.82011],[80.77522,8.81991],[80.77435,8.8171],[80.7757,8.81692],[80.77495,8.81491],[80.77644,8.81415],[80.78163,8.82043],[80.78309,8.82043],[80.78281,8.82106],[80.78374,8.82132],[80.78015,8.81086],[80.77694,8.8066],[80.77663,8.80359],[80.78022,8.80447],[80.78054,8.80353],[80.78178,8.80472],[80.78095,8.80517],[80.78226,8.80687],[80.7825,8.80581],[80.784,8.80603],[80.78975,8.80933],[80.79276,8.80904],[80.79103,8.80633],[80.79206,8.80577],[80.79217,8.80458],[80.79,8.80302],[80.78937,8.80149],[80.78718,8.80234],[80.78671,8.80139],[80.78574,8.80164],[80.78425,8.80046],[80.78348,8.79907],[80.78559,8.7985],[80.78801,8.79973],[80.7882,8.7985],[80.79114,8.79777],[80.78851,8.79385],[80.78917,8.79253]]]},"properties":{"name":"Padaviya Tank","kind":"reservoir","ha":1983}},{"type":"Feature","geometry":{"type":"Polygon","coordinates":[[[80.2154,8.13102],[80.2236,8.13878],[80.22298,8.14066],[80.22465,8.14714],[80.2286,8.15145],[80.22913,8.15006],[80.22978,8.15029],[80.22975,8.14876],[80.23185,8.15301],[80.23354,8.15414],[80.23673,8.1552],[80.23761,8.15443],[80.23786,8.14559],[80.23943,8.14896],[80.23966,8.15144],[80.2407,8.15102],[80.24203,8.15177],[80.24305,8.15012],[80.24442,8.15332],[80.24528,8.15036],[80.24738,8.14988],[80.24756,8.1488],[80.24606,8.14798],[80.24473,8.14551],[80.24548,8.14523],[80.24727,8.14648],[80.24901,8.14403],[80.25101,8.1467],[80.25294,8.1449],[80.25377,8.14621],[80.25444,8.1457],[80.25511,8.14857],[80.25775,8.14989],[80.25834,8.14955],[80.25812,8.14674],[80.25619,8.14146],[80.26018,8.1424],[80.25913,8.13946],[80.26,8.13839],[80.26178,8.1386],[80.26376,8.14089],[80.26664,8.14066],[80.27024,8.14306],[80.27091,8.14241],[80.27012,8.13987],[80.27111,8.13938],[80.27388,8.13994],[80.27281,8.13603],[80.27057,8.13497],[80.26597,8.13556],[80.26287,8.1342],[80.26201,8.13456],[80.26142,8.13303],[80.25942,8.13451],[80.25764,8.13443],[80.25929,8.13301],[80.25976,8.13138],[80.26095,8.13133],[80.26157,8.12992],[80.26223,8.13029],[80.26315,8.12951],[80.26339,8.12796],[80.26599,8.12593],[80.26862,8.12644],[80.26885,8.1252],[80.27024,8.12457],[80.27448,8.12606],[80.27454,8.12522],[80.27169,8.12282],[80.27155,8.12107],[80.26912,8.11949],[80.27013,8.11868],[80.27448,8.11901],[80.27376,8.12007],[80.27658,8.12053],[80.2813,8.11957],[80.28126,8.11859],[80.27905,8.1175],[80.27619,8.11433],[80.2761,8.11317],[80.27752,8.11174],[80.27892,8.10827],[80.28121,8.10725],[80.28128,8.10393],[80.28043,8.103],[80.27654,8.10524],[80.27386,8.10578],[80.27464,8.10658],[80.27313,8.10908],[80.26979,8.10953],[80.26812,8.10853],[80.26632,8.11394],[80.26517,8.11501],[80.26234,8.11555],[80.26082,8.11223],[80.25873,8.11418],[80.25874,8.11619],[80.25761,8.11697],[80.25632,8.11997],[80.25504,8.12052],[80.25439,8.12279],[80.25244,8.12273],[80.2518,8.122],[80.25225,8.12052],[80.24929,8.11964],[80.24853,8.11798],[80.24951,8.11694],[80.24785,8.11598],[80.24618,8.1173],[80.24675,8.12071],[80.24508,8.12225],[80.24564,8.12342],[80.24483,8.12547],[80.24316,8.12594],[80.24274,8.12823],[80.24206,8.12696],[80.24052,8.12667],[80.24116,8.12349],[80.24026,8.12269],[80.23582,8.12559],[80.23515,8.12532],[80.23564,8.12342],[80.23784,8.12082],[80.23901,8.11657],[80.23763,8.11767],[80.23645,8.11727],[80.23675,8.11837],[80.23567,8.11847],[80.23514,8.11995],[80.23401,8.11851],[80.23113,8.11979],[80.22969,8.11821],[80.22977,8.11478],[80.2288,8.11316],[80.22758,8.11322],[80.22681,8.1142],[80.22719,8.11529],[80.22615,8.11915],[80.2266,8.12144],[80.2249,8.12194],[80.22338,8.1244],[80.22384,8.12159],[80.22321,8.11903],[80.22099,8.1205],[80.21949,8.11807],[80.21972,8.11629],[80.21695,8.11596],[80.21575,8.12017],[80.21764,8.12496],[80.21639,8.12552],[80.21614,8.1245],[80.21448,8.12439],[80.21378,8.12668],[80.21506,8.12631],[80.21548,8.12708],[80.21456,8.12742],[80.21551,8.12791],[80.2154,8.13102]]]},"properties":{"name":"Rajanganaya Reservoir","kind":"reservoir","ha":1865}},{"type":"Feature","geometry":{"type":"Polygon","coordinates":[[[80.43776,9.34402],[80.45857,9.34098],[80.46233,9.34343],[80.4632,9.3416],[80.4627,9.34055],[80.46018,9.34146],[80.45884,9.33944],[80.45788,9.32908],[80.46479,9.3194],[80.46536,9.31642],[80.46374,9.31591],[80.45975,9.31679],[80.45533,9.30877],[80.45837,9.30215],[80.45596,9.30002],[80.45777,9.28803],[80.46125,9.27875],[80.45921,9.27336],[80.46079,9.26542],[80.45816,9.26364],[80.45615,9.2577],[80.45415,9.25676],[80.45249,9.25674],[80.4519,9.25769],[80.45238,9.25989],[80.44989,9.26352],[80.44958,9.26641],[80.44134,9.27411],[80.44066,9.27903],[80.43791,9.28348],[80.44018,9.28702],[80.43787,9.3045],[80.43746,9.31665],[80.43872,9.31881],[80.43795,9.32122],[80.44,9.32623],[80.43894,9.32891],[80.44081,9.33337],[80.43957,9.33467],[80.44202,9.33754],[80.43976,9.34101],[80.43726,9.3426],[80.43776,9.34402]]]},"properties":{"name":"Iranaimadu Tank","kind":"reservoir","ha":1861}},{"type":"Feature","geometry":{"type":"Polygon","coordinates":[[[81.18494,8.22723],[81.18679,8.2267],[81.18907,8.22743],[81.19235,8.231],[81.19481,8.23199],[81.19653,8.23163],[81.2022,8.22791],[81.20236,8.22254],[81.20552,8.21384],[81.20256,8.20036],[81.20038,8.19685],[81.20422,8.19102],[81.20248,8.1836],[81.20406,8.18128],[81.20973,8.18298],[81.21157,8.1823],[81.21261,8.18058],[81.21203,8.17808],[81.20964,8.17431],[81.209,8.16828],[81.20537,8.16215],[81.20237,8.16101],[81.20094,8.16212],[81.19854,8.16213],[81.19563,8.15849],[81.19165,8.15587],[81.19096,8.15079],[81.18525,8.14723],[81.18494,8.22723]]]},"properties":{"name":null,"kind":"river","ha":1778}},{"type":"Feature","geometry":{"type":"Polygon","coordinates":[[[80.068,9.59056],[80.06811,9.57931],[80.02457,9.57934],[80.02463,9.59161],[80.03057,9.59675],[80.03193,9.60008],[80.03276,9.62225],[80.06808,9.62221],[80.06795,9.614],[80.0607,9.61508],[80.05855,9.61448],[80.05677,9.60869],[80.05497,9.60663],[80.05252,9.60075],[80.05089,9.59938],[80.0524,9.59798],[80.068,9.59056]]]},"properties":{"name":"kalmunai sea area","kind":"sea","ha":1671}},{"type":"Feature","geometry":{"type":"Polygon","coordinates":[[[80.1626,9.74747],[80.16327,9.74833],[80.16577,9.74713],[80.16853,9.75113],[80.17423,9.75608],[80.17418,9.75818],[80.16529,9.76211],[80.16432,9.76351],[80.16194,9.76451],[80.16122,9.76634],[80.15642,9.76486],[80.15325,9.76542],[80.15239,9.76626],[80.15352,9.76682],[80.15623,9.76584],[80.16438,9.76782],[80.1665,9.76574],[80.17309,9.76429],[80.17283,9.76304],[80.17466,9.76235],[80.17646,9.76466],[80.17751,9.76539],[80.17816,9.76476],[80.18026,9.76722],[80.18084,9.76821],[80.17884,9.77062],[80.17915,9.77165],[80.18265,9.7727],[80.18462,9.77617],[80.1848,9.77807],[80.17869,9.78024],[80.17848,9.77829],[80.17715,9.77813],[80.17646,9.77868],[80.17668,9.78079],[80.17475,9.78168],[80.1735,9.78155],[80.1735,9.78032],[80.16943,9.77698],[80.16689,9.77736],[80.16198,9.78191],[80.16228,9.78052],[80.15867,9.78098],[80.15649,9.78387],[80.1573,9.78498],[80.15604,9.78625],[80.15417,9.7862],[80.15346,9.7876],[80.1488,9.7894],[80.14546,9.78861],[80.14344,9.78916],[80.14404,9.78847],[80.14335,9.78618],[80.14376,9.7836],[80.14143,9.78512],[80.14065,9.78447],[80.13949,9.78485],[80.13629,9.78256],[80.13411,9.78231],[80.13207,9.78059],[80.13339,9.77909],[80.13316,9.77791],[80.1302,9.7752],[80.13012,9.77211],[80.1264,9.77079],[80.12562,9.76924],[80.12688,9.76654],[80.12836,9.76541],[80.13077,9.76614],[80.13217,9.76575],[80.1373,9.75836],[80.14355,9.7564],[80.14504,9.75298],[80.14724,9.75042],[80.15012,9.75124],[80.1626,9.74747]]]},"properties":{"name":"Uppu Aru Lagoon","kind":"lagoon","ha":1656}},{"type":"Feature","geometry":{"type":"Polygon","coordinates":[[[80.0249,8.88273],[80.02113,8.87985],[80.01715,8.8726],[80.01523,8.86415],[80.01549,8.85953],[80.01706,8.85447],[80.01962,8.8507],[80.02523,8.84502],[80.0284,8.8444],[80.02911,8.8427],[80.03098,8.84184],[80.03384,8.84547],[80.03907,8.84752],[80.04403,8.84771],[80.04661,8.84885],[80.05169,8.85273],[80.05313,8.85494],[80.05564,8.85527],[80.05839,8.86946],[80.0565,8.87221],[80.0517,8.87466],[80.04975,8.87861],[80.04981,8.88138],[80.04585,8.88545],[80.0249,8.88273]]]},"properties":{"name":"Giant Tank","kind":"reservoir","ha":1640}},{"type":"Feature","geometry":{"type":"Polygon","coordinates":[[[80.5388,8.03488],[80.53813,8.03364],[80.5409,8.03214],[80.54415,8.02651],[80.5452,8.02564],[80.5467,8.02574],[80.54665,8.02801],[80.54735,8.02799],[80.5501,8.02404],[80.55433,8.02058],[80.55517,8.02256],[80.55461,8.02444],[80.55632,8.02518],[80.55389,8.03093],[80.5544,8.03374],[80.55537,8.03344],[80.55603,8.03146],[80.55811,8.02923],[80.55993,8.0312],[80.56159,8.02627],[80.56243,8.02578],[80.56385,8.0272],[80.56419,8.02936],[80.56633,8.03296],[80.56841,8.03386],[80.56902,8.02912],[80.56761,8.02495],[80.56859,8.02283],[80.56645,8.02003],[80.56662,8.01819],[80.57063,8.01727],[80.57236,8.02158],[80.57423,8.02284],[80.57655,8.02791],[80.57705,8.02441],[80.57808,8.02287],[80.58041,8.02283],[80.58193,8.02413],[80.58273,8.02375],[80.58241,8.02219],[80.57974,8.01921],[80.57694,8.01765],[80.57604,8.01555],[80.57742,8.01466],[80.58159,8.01555],[80.58193,8.01501],[80.5801,8.01189],[80.58825,8.0104],[80.5885,8.00831],[80.5871,8.00787],[80.59112,8.00477],[80.58879,8.00251],[80.58431,8.00247],[80.57944,8.00623],[80.57775,8.00533],[80.57386,8.00908],[80.57183,8.00776],[80.56314,8.01026],[80.56422,8.00767],[80.5663,8.00667],[80.56702,8.00514],[80.56891,8.00401],[80.57064,8.00412],[80.56969,8.0007],[80.57302,8.0002],[80.57369,8.00178],[80.57456,8.00094],[80.57444,7.99941],[80.57298,7.99807],[80.57425,7.99673],[80.57528,7.99316],[80.57337,7.99246],[80.57123,7.9881],[80.56909,7.98798],[80.5679,7.98893],[80.5685,7.99187],[80.56588,7.99399],[80.56529,7.99222],[80.56351,7.99158],[80.5604,7.98705],[80.55911,7.99328],[80.5576,7.99435],[80.55747,7.99617],[80.5555,7.9973],[80.55618,7.99966],[80.55514,8.00049],[80.55223,8.00074],[80.55151,8.00265],[80.54995,8.00288],[80.5472,8.00149],[80.54412,8.00334],[80.54358,8.00137],[80.54412,8.00002],[80.54908,7.99881],[80.54663,7.99666],[80.54589,7.9938],[80.54421,7.99214],[80.54063,7.99244],[80.5397,7.99585],[80.53774,7.99659],[80.53715,7.9977],[80.53591,8.00225],[80.53777,8.01181],[80.53545,8.02035],[80.53536,8.02185],[80.53695,8.02396],[80.53634,8.02477],[80.53743,8.02541],[80.53709,8.02833],[80.53533,8.03239],[80.53577,8.0341],[80.5388,8.03488]]]},"properties":{"name":"Kalawewa tank","kind":"lake","ha":1629}},{"type":"Feature","geometry":{"type":"Polygon","coordinates":[[[80.5771,7.16425],[80.57407,7.16361],[80.5719,7.16135],[80.57679,7.15167],[80.5769,7.14516],[80.57975,7.13514],[80.57676,7.13267],[80.57687,7.12786],[80.57397,7.12428],[80.57473,7.11378],[80.57277,7.11169],[80.56956,7.10556],[80.56478,7.10495],[80.56476,7.10137],[80.56285,7.09807],[80.55703,7.09457],[80.55662,7.08572],[80.5545,7.08386],[80.55402,7.0823],[80.55817,7.0802],[80.55882,7.07786],[80.56087,7.0769],[80.56341,7.07796],[80.56958,7.08267],[80.57113,7.08239],[80.57407,7.07551],[80.57647,7.07435],[80.57849,7.07205],[80.58266,7.06432],[80.58483,7.06305],[80.58838,7.06329],[80.5927,7.06131],[80.5771,7.16425]]]},"properties":{"name":null,"kind":"river","ha":1621}},{"type":"Feature","geometry":{"type":"Polygon","coordinates":[[[80.974,8.33192],[80.97245,8.33705],[80.97093,8.3377],[80.96767,8.33193],[80.96604,8.32313],[80.96431,8.32006],[80.96025,8.32296],[80.95968,8.32479],[80.95824,8.32526],[80.95752,8.32651],[80.95853,8.32855],[80.95571,8.33167],[80.9562,8.33274],[80.9591,8.33415],[80.9576,8.33667],[80.9581,8.34044],[80.95759,8.34087],[80.95502,8.33709],[80.95364,8.33698],[80.95491,8.34105],[80.95386,8.34168],[80.95656,8.34578],[80.95734,8.34574],[80.95811,8.34354],[80.96057,8.34709],[80.96121,8.35009],[80.96022,8.35279],[80.95648,8.34956],[80.95559,8.35124],[80.95831,8.36012],[80.9598,8.3606],[80.9617,8.35663],[80.96396,8.35983],[80.96627,8.3684],[80.96493,8.36847],[80.96346,8.36696],[80.96257,8.36711],[80.96343,8.37036],[80.96494,8.37201],[80.96761,8.37238],[80.96988,8.3746],[80.97131,8.37388],[80.97122,8.3719],[80.97207,8.37182],[80.97416,8.37632],[80.97389,8.37753],[80.9721,8.37688],[80.97115,8.37742],[80.97693,8.3911],[80.97629,8.39304],[80.9737,8.39116],[80.97284,8.39233],[80.97532,8.39625],[80.97501,8.39995],[80.97562,8.4014],[80.97861,8.40385],[80.9832,8.40429],[80.98375,8.40046],[80.98079,8.39585],[80.9813,8.39471],[80.98448,8.39673],[80.9861,8.39625],[80.98602,8.39386],[80.98682,8.39302],[80.98579,8.39043],[80.98742,8.38956],[80.98956,8.39457],[80.99106,8.39491],[80.99113,8.39329],[80.993,8.39245],[80.974,8.33192]]]},"properties":{"name":"Kantale Wewa","kind":"reservoir","ha":1612}},{"type":"Feature","geometry":{"type":"Polygon","coordinates":[[[80.3097,7.67038],[80.30875,7.67064],[80.30722,7.67612],[80.30627,7.67437],[80.30512,7.67399],[80.30281,7.67619],[80.29676,7.67958],[80.29269,7.6851],[80.28965,7.68474],[80.28816,7.68692],[80.28807,7.68875],[80.28698,7.68907],[80.28613,7.68728],[80.28491,7.68765],[80.28325,7.68614],[80.28069,7.69022],[80.27912,7.69173],[80.2776,7.69169],[80.2778,7.69027],[80.28007,7.68895],[80.27909,7.68613],[80.28021,7.68565],[80.2793,7.68451],[80.28192,7.68493],[80.28213,7.68409],[80.28653,7.68212],[80.2847,7.68083],[80.28594,7.6778],[80.28938,7.67834],[80.28939,7.67661],[80.28693,7.67589],[80.28866,7.67495],[80.29057,7.67114],[80.28756,7.67045],[80.29014,7.67073],[80.29011,7.66764],[80.29354,7.65959],[80.29426,7.65425],[80.29378,7.6525],[80.29512,7.64748],[80.29681,7.64613],[80.29549,7.64489],[80.29527,7.64045],[80.29585,7.63894],[80.29832,7.63873],[80.29708,7.63697],[80.29636,7.63771],[80.29529,7.63717],[80.29303,7.63768],[80.29185,7.63696],[80.29021,7.63347],[80.28927,7.63354],[80.28881,7.63544],[80.29186,7.63836],[80.29123,7.64003],[80.29011,7.6402],[80.29094,7.64102],[80.29152,7.64576],[80.29085,7.6468],[80.28724,7.64818],[80.28868,7.65072],[80.28731,7.6541],[80.28764,7.65711],[80.28598,7.66592],[80.28569,7.66665],[80.28434,7.66676],[80.28283,7.66474],[80.28136,7.66455],[80.28048,7.66531],[80.28165,7.66684],[80.28192,7.66892],[80.28746,7.6704],[80.28199,7.66928],[80.28265,7.67162],[80.27908,7.66995],[80.27751,7.67001],[80.27707,7.67166],[80.28088,7.67535],[80.28,7.67642],[80.27851,7.67729],[80.27662,7.67573],[80.27574,7.67835],[80.27341,7.67775],[80.26816,7.6808],[80.26813,7.682],[80.26921,7.68232],[80.27,7.68419],[80.27354,7.68372],[80.27275,7.68562],[80.27108,7.6869],[80.27157,7.68827],[80.27093,7.68951],[80.26842,7.69118],[80.26819,7.69255],[80.27117,7.69276],[80.27095,7.69436],[80.26851,7.69468],[80.26922,7.69667],[80.26981,7.69631],[80.2712,7.69766],[80.27086,7.69938],[80.27183,7.69953],[80.27257,7.70085],[80.27355,7.70071],[80.27464,7.70258],[80.27251,7.70303],[80.27368,7.70591],[80.27464,7.70524],[80.27494,7.70738],[80.27414,7.70884],[80.27359,7.70826],[80.27266,7.7094],[80.27075,7.71474],[80.27499,7.7187],[80.2858,7.71925],[80.28813,7.71789],[80.28733,7.71426],[80.28938,7.71309],[80.28949,7.71178],[80.29248,7.7096],[80.29318,7.70798],[80.29425,7.70771],[80.29463,7.71064],[80.29534,7.71161],[80.29666,7.7117],[80.29545,7.70996],[80.29604,7.70732],[80.29722,7.70632],[80.30082,7.70971],[80.30162,7.7095],[80.3018,7.70725],[80.30293,7.70675],[80.3045,7.70689],[80.30838,7.70921],[80.3107,7.70914],[80.31151,7.70782],[80.3032,7.70494],[80.30428,7.70395],[80.3066,7.70404],[80.30777,7.69995],[80.30831,7.70082],[80.30678,7.70445],[80.30933,7.70594],[80.31049,7.7044],[80.31522,7.70501],[80.31585,7.70394],[80.31535,7.70273],[80.3171,7.70127],[80.32043,7.70383],[80.32092,7.70348],[80.31903,7.7016],[80.31868,7.7],[80.32207,7.70213],[80.3206,7.69776],[80.31803,7.69862],[80.31464,7.69786],[80.31466,7.69573],[80.31261,7.69784],[80.31171,7.69787],[80.31115,7.69712],[80.31173,7.69409],[80.30863,7.69694],[80.30783,7.69677],[80.30697,7.69838],[80.30734,7.69983],[80.30638,7.6992],[80.30405,7.70008],[80.30195,7.6997],[80.30081,7.69875],[80.30124,7.69703],[80.29803,7.6987],[80.29777,7.6995],[80.29732,7.69791],[80.2954,7.69686],[80.2949,7.69755],[80.29565,7.69836],[80.29542,7.70072],[80.29408,7.70162],[80.29236,7.70076],[80.29046,7.69787],[80.2904,7.70256],[80.28879,7.70465],[80.28783,7.7045],[80.28923,7.7019],[80.28767,7.7018],[80.28851,7.7006],[80.28779,7.69909],[80.28801,7.69538],[80.28883,7.69619],[80.29137,7.69499],[80.29325,7.69285],[80.29562,7.69353],[80.29821,7.69267],[80.29831,7.69159],[80.29682,7.69064],[80.2968,7.68895],[80.29872,7.68975],[80.29943,7.68389],[80.30261,7.68257],[80.30116,7.68157],[80.30113,7.68021],[80.3001,7.68013],[80.30605,7.67704],[80.30694,7.67702],[80.30481,7.67814],[80.30749,7.67879],[80.3097,7.67038]]]},"properties":{"name":"Deduru Oya Reservoir","kind":"reservoir","ha":1610}},{"type":"Feature","geometry":{"type":"Polygon","coordinates":[[[81.05852,7.47783],[81.05925,7.483],[81.06025,7.48425],[81.05975,7.4855],[81.06067,7.48597],[81.06375,7.48425],[81.063,7.4885],[81.0635,7.489],[81.0655,7.48775],[81.0665,7.489],[81.066,7.49],[81.0645,7.49025],[81.0655,7.49075],[81.06525,7.49225],[81.06655,7.49301],[81.0685,7.49025],[81.07,7.49175],[81.07175,7.49125],[81.0705,7.48825],[81.071,7.48575],[81.07175,7.48675],[81.071,7.48825],[81.072,7.48875],[81.0725,7.49125],[81.07375,7.49275],[81.074,7.4885],[81.07525,7.48975],[81.0765,7.48975],[81.0735,7.4855],[81.07725,7.48275],[81.077,7.48175],[81.07575,7.483],[81.07375,7.48275],[81.07475,7.48125],[81.07375,7.4805],[81.07325,7.4815],[81.072,7.48075],[81.07075,7.483],[81.07,7.4825],[81.06975,7.481],[81.071,7.4805],[81.07075,7.479],[81.07175,7.48025],[81.073,7.47775],[81.0745,7.47825],[81.07425,7.47525],[81.07275,7.47525],[81.0725,7.47325],[81.0705,7.475],[81.07025,7.47325],[81.0695,7.473],[81.067,7.475],[81.0665,7.472],[81.06825,7.47275],[81.069,7.4715],[81.0685,7.47],[81.071,7.4715],[81.0725,7.471],[81.072,7.468],[81.0705,7.467],[81.07125,7.46625],[81.07242,7.46719],[81.07408,7.46584],[81.07377,7.4686],[81.07556,7.46933],[81.07727,7.46777],[81.07672,7.46605],[81.0748,7.46463],[81.07822,7.465],[81.079,7.46825],[81.07993,7.46697],[81.08083,7.46695],[81.081,7.46775],[81.08221,7.46716],[81.08001,7.46569],[81.08309,7.46656],[81.08358,7.46501],[81.08562,7.46625],[81.0852,7.46508],[81.08925,7.464],[81.088,7.46325],[81.0864,7.46444],[81.0845,7.46375],[81.08425,7.4645],[81.08325,7.46425],[81.08375,7.46325],[81.08275,7.46325],[81.08075,7.4645],[81.07925,7.4625],[81.07975,7.461],[81.07711,7.46181],[81.07743,7.46023],[81.079,7.45875],[81.07841,7.45877],[81.079,7.4575],[81.0775,7.45925],[81.07675,7.459],[81.0765,7.46],[81.0755,7.46],[81.075,7.4565],[81.0725,7.458],[81.07175,7.4555],[81.07075,7.45675],[81.069,7.4565],[81.068,7.45725],[81.0635,7.4625],[81.0645,7.458],[81.06575,7.45725],[81.06675,7.45475],[81.068,7.45475],[81.06925,7.453],[81.07025,7.45325],[81.07075,7.4545],[81.0735,7.45375],[81.0715,7.45025],[81.07225,7.44825],[81.07325,7.45125],[81.07525,7.45075],[81.07494,7.45213],[81.07585,7.45226],[81.07665,7.45131],[81.07742,7.45357],[81.07825,7.45343],[81.07873,7.45142],[81.07964,7.45317],[81.08035,7.45243],[81.08197,7.45342],[81.0825,7.45525],[81.08383,7.45279],[81.08756,7.45299],[81.086,7.4525],[81.08387,7.45012],[81.08666,7.44924],[81.0886,7.45032],[81.09163,7.44986],[81.0854,7.44648],[81.08319,7.44839],[81.08168,7.44602],[81.08376,7.44451],[81.08661,7.43761],[81.08646,7.435],[81.07537,7.4435],[81.07844,7.43535],[81.0785,7.42717],[81.08097,7.42161],[81.08167,7.41508],[81.07982,7.41574],[81.07965,7.41954],[81.07729,7.42097],[81.07602,7.41754],[81.07282,7.41502],[81.07394,7.41903],[81.07359,7.42391],[81.07062,7.4248],[81.07155,7.42569],[81.06993,7.42706],[81.06956,7.42829],[81.071,7.42797],[81.06974,7.43082],[81.06828,7.43037],[81.0671,7.43128],[81.0664,7.43003],[81.06546,7.43137],[81.06673,7.43352],[81.06856,7.43349],[81.06808,7.4359],[81.06602,7.43615],[81.06675,7.4382],[81.0643,7.43928],[81.06002,7.43864],[81.05979,7.43948],[81.06416,7.44232],[81.06329,7.4437],[81.06081,7.44437],[81.06162,7.4461],[81.0612,7.44735],[81.05985,7.44521],[81.05875,7.446],[81.05835,7.44495],[81.059,7.4435],[81.058,7.44425],[81.0565,7.4435],[81.0565,7.44125],[81.05499,7.44249],[81.05454,7.44197],[81.05394,7.44454],[81.05286,7.4453],[81.05466,7.44695],[81.05306,7.44916],[81.054,7.451],[81.05269,7.45169],[81.05401,7.45271],[81.05189,7.45405],[81.05361,7.45638],[81.05333,7.45738],[81.0521,7.45731],[81.0528,7.45867],[81.05196,7.46042],[81.05852,7.47783]]]},"properties":{"name":"Ulhitiya Reservoir","kind":"reservoir","ha":1511}},{"type":"Feature","geometry":{"type":"Polygon","coordinates":[[[81.27173,8.24587],[81.27391,8.24296],[81.27244,8.24093],[81.27133,8.24062],[81.26998,8.24237],[81.26814,8.24301],[81.26658,8.24249],[81.26579,8.24108],[81.2663,8.2389],[81.26867,8.23972],[81.26966,8.23909],[81.27004,8.23642],[81.26864,8.23425],[81.26784,8.23427],[81.26676,8.23603],[81.26544,8.23588],[81.2625,8.23055],[81.25975,8.23298],[81.25693,8.23228],[81.25831,8.2274],[81.25732,8.22518],[81.25388,8.22505],[81.25207,8.2273],[81.24964,8.22582],[81.24914,8.22079],[81.2522,8.2162],[81.25017,8.21311],[81.25185,8.21134],[81.2491,8.20864],[81.24911,8.20556],[81.24682,8.20398],[81.24655,8.20173],[81.24461,8.20202],[81.2433,8.19619],[81.24183,8.19579],[81.23895,8.19755],[81.23757,8.19628],[81.23665,8.19134],[81.23865,8.18892],[81.23948,8.18428],[81.24164,8.18389],[81.24258,8.1828],[81.24298,8.18006],[81.24123,8.17837],[81.2374,8.17996],[81.23655,8.17875],[81.23683,8.17687],[81.23393,8.17414],[81.23399,8.17182],[81.23243,8.16932],[81.23491,8.16916],[81.23539,8.16846],[81.2333,8.16664],[81.23201,8.16408],[81.23398,8.16199],[81.23151,8.15974],[81.23195,8.15641],[81.23038,8.1558],[81.22957,8.15833],[81.22848,8.15892],[81.22586,8.15531],[81.22055,8.15445],[81.21912,8.15669],[81.21776,8.15675],[81.21559,8.15339],[81.21192,8.1531],[81.21093,8.14961],[81.20579,8.14825],[81.2042,8.15097],[81.20164,8.15004],[81.1957,8.15194],[81.19306,8.15165],[81.27173,8.24587]]]},"properties":{"name":null,"kind":"river","ha":1497}},{"type":"Feature","geometry":{"type":"Polygon","coordinates":[[[80.2477,9.71957],[80.24954,9.72388],[80.2482,9.7312],[80.24871,9.73227],[80.24716,9.73383],[80.24646,9.73301],[80.2446,9.73792],[80.24532,9.73968],[80.24344,9.74137],[80.24419,9.74233],[80.24522,9.74199],[80.24606,9.74552],[80.24922,9.74705],[80.25266,9.74366],[80.25286,9.74158],[80.2704,9.72394],[80.278,9.71867],[80.29264,9.70503],[80.29707,9.69824],[80.30222,9.69331],[80.29535,9.68833],[80.29341,9.69274],[80.29162,9.69246],[80.29184,9.69404],[80.28839,9.69427],[80.28879,9.69089],[80.28699,9.68665],[80.28383,9.68716],[80.26592,9.70345],[80.25424,9.71207],[80.2477,9.71957]]]},"properties":{"name":null,"kind":"lagoon","ha":1484}},{"type":"Feature","geometry":{"type":"Polygon","coordinates":[[[80.54421,7.99214],[80.54589,7.9938],[80.54663,7.99666],[80.54871,7.99842],[80.54673,7.99987],[80.54396,8.00003],[80.54412,8.00334],[80.5472,8.00149],[80.54995,8.00288],[80.55151,8.00265],[80.55223,8.00074],[80.55514,8.00049],[80.55655,7.99936],[80.55613,7.99693],[80.5578,7.99599],[80.5578,7.99434],[80.55934,7.99352],[80.56041,7.98692],[80.56351,7.99158],[80.56529,7.99222],[80.56588,7.99399],[80.5685,7.99187],[80.5679,7.98893],[80.56909,7.98798],[80.57123,7.9881],[80.57337,7.99246],[80.57528,7.99316],[80.57432,7.99623],[80.57266,7.99811],[80.57444,7.99941],[80.57456,8.00094],[80.57147,7.99964],[80.56969,8.0007],[80.57064,8.00412],[80.5675,8.00454],[80.56432,8.00705],[80.5631,8.00887],[80.56314,8.01026],[80.57183,8.00776],[80.57386,8.00908],[80.57775,8.00533],[80.57944,8.00623],[80.58431,8.00247],[80.58879,8.00251],[80.59112,8.00477],[80.58696,8.00748],[80.5885,8.00831],[80.58847,8.00985],[80.58,8.01162],[80.58193,8.01501],[80.57742,8.01435],[80.57581,8.01544],[80.57694,8.01765],[80.57991,8.0193],[80.58277,8.0226],[80.58193,8.02413],[80.58063,8.02236],[80.57849,8.0226],[80.57742,8.02378],[80.57648,8.02808],[80.57423,8.02284],[80.57236,8.02158],[80.57106,8.01775],[80.56743,8.0175],[80.56662,8.01819],[80.56645,8.02003],[80.56859,8.02283],[80.56761,8.02495],[80.56902,8.02912],[80.56841,8.03386],[80.56633,8.03296],[80.56385,8.0272],[80.56243,8.02578],[80.56159,8.02627],[80.55993,8.0312],[80.55791,8.0292],[80.55565,8.03191],[80.55537,8.03344],[80.5544,8.03374],[80.55389,8.03093],[80.55632,8.02518],[80.55461,8.02444],[80.55517,8.02256],[80.55433,8.02058],[80.55055,8.02372],[80.54846,8.02735],[80.54709,8.02825],[80.5467,8.02574],[80.5452,8.02564],[80.54376,8.02684],[80.54139,8.02983],[80.5409,8.03214],[80.53813,8.03364],[80.5388,8.03488],[80.53577,8.0341],[80.53545,8.03136],[80.53691,8.02839],[80.54421,7.99214]]]},"properties":{"name":"Kala Wewa","kind":"reservoir","ha":1467}},{"type":"Feature","geometry":{"type":"Polygon","coordinates":[[[80.48756,8.25716],[80.48822,8.25297],[80.48917,8.25233],[80.49251,8.25552],[80.4937,8.25429],[80.49601,8.25381],[80.49821,8.25782],[80.50189,8.25015],[80.50504,8.24934],[80.50638,8.25103],[80.50661,8.25371],[80.50994,8.25362],[80.51125,8.25192],[80.51208,8.24651],[80.51452,8.24716],[80.51667,8.24498],[80.52,8.24722],[80.52146,8.24242],[80.5185,8.23995],[80.51239,8.2385],[80.51184,8.23736],[80.51429,8.23399],[80.5135,8.23178],[80.50937,8.23269],[80.50724,8.23885],[80.50483,8.23951],[80.49991,8.23847],[80.49908,8.23528],[80.49842,8.23504],[80.49639,8.23987],[80.49341,8.24048],[80.49177,8.23872],[80.49092,8.24137],[80.48966,8.24186],[80.48822,8.23832],[80.48836,8.23554],[80.49259,8.22625],[80.49236,8.22545],[80.49023,8.22613],[80.4887,8.22417],[80.48523,8.22741],[80.48243,8.23267],[80.48038,8.23878],[80.47838,8.23766],[80.47747,8.23869],[80.47786,8.24215],[80.4766,8.24337],[80.47591,8.24167],[80.47698,8.23736],[80.47593,8.23206],[80.47419,8.22964],[80.47292,8.23878],[80.46997,8.2335],[80.46868,8.23357],[80.46698,8.24131],[80.46368,8.24073],[80.46265,8.24125],[80.46533,8.24624],[80.46793,8.24532],[80.46897,8.24405],[80.46966,8.24611],[80.47124,8.24532],[80.47076,8.24881],[80.46994,8.24921],[80.46962,8.24779],[80.46864,8.2496],[80.47489,8.26564],[80.47616,8.26601],[80.47737,8.26415],[80.47828,8.26912],[80.47688,8.27196],[80.47745,8.27596],[80.47963,8.27824],[80.48265,8.27587],[80.48716,8.2781],[80.48417,8.27206],[80.48451,8.26992],[80.4857,8.269],[80.48799,8.26915],[80.49064,8.27066],[80.49173,8.26991],[80.49145,8.26676],[80.48806,8.26474],[80.48764,8.26352],[80.49007,8.26297],[80.49167,8.25935],[80.49064,8.25974],[80.48756,8.25716]]]},"properties":{"name":"Nachchaduwa Tank","kind":"reservoir","ha":1426}},{"type":"Feature","geometry":{"type":"Polygon","coordinates":[[[80.87709,8.05584],[80.87783,8.05478],[80.87745,8.05391],[80.87926,8.05319],[80.87863,8.05222],[80.87754,8.05241],[80.87701,8.04918],[80.8754,8.04673],[80.87552,8.04603],[80.87662,8.04606],[80.87841,8.04784],[80.87772,8.0437],[80.87844,8.04204],[80.87652,8.04013],[80.87667,8.03784],[80.87501,8.03674],[80.8748,8.04087],[80.87309,8.04009],[80.87149,8.04207],[80.86909,8.03811],[80.86772,8.03873],[80.8668,8.03467],[80.86791,8.03198],[80.86516,8.0292],[80.8664,8.02833],[80.87153,8.03096],[80.87483,8.03097],[80.87193,8.03006],[80.87161,8.029],[80.87337,8.02915],[80.87344,8.0285],[80.87096,8.02754],[80.87024,8.02592],[80.86975,8.02633],[80.86533,8.02283],[80.86548,8.01872],[80.86413,8.01919],[80.8627,8.01761],[80.8613,8.01802],[80.85928,8.01609],[80.8606,8.00998],[80.8625,8.01077],[80.864,8.01336],[80.86485,8.01202],[80.86888,8.01051],[80.86992,8.01444],[80.87217,8.01734],[80.87149,8.0186],[80.87197,8.02136],[80.87338,8.02052],[80.87442,8.02397],[80.87567,8.02353],[80.87596,8.0219],[80.87866,8.0239],[80.87614,8.01934],[80.87566,8.01986],[80.87517,8.0179],[80.87757,8.01775],[80.87767,8.01582],[80.87354,8.0129],[80.87193,8.00901],[80.87415,8.00772],[80.87391,8.00683],[80.87297,8.00602],[80.86973,8.00568],[80.86967,8.00463],[80.87033,8.00242],[80.87529,8.00258],[80.8768,8.00146],[80.87643,7.99895],[80.87491,7.99716],[80.87599,7.99351],[80.87344,7.99088],[80.87631,7.98898],[80.87898,7.98841],[80.881,7.98929],[80.88279,7.99584],[80.88366,7.99671],[80.88307,8.00373],[80.88509,8.00789],[80.88338,8.00964],[80.88576,8.02181],[80.88834,8.02824],[80.89013,8.02832],[80.88996,8.02251],[80.89051,8.01964],[80.89099,8.01986],[80.89213,8.02546],[80.89354,8.02568],[80.89576,8.03896],[80.89791,8.04151],[80.8993,8.04697],[80.89849,8.05833],[80.89747,8.05818],[80.89518,8.05393],[80.89649,8.05405],[80.89654,8.05254],[80.89519,8.04892],[80.89624,8.049],[80.89631,8.04745],[80.89534,8.04281],[80.89434,8.04229],[80.89365,8.04325],[80.89409,8.04578],[80.89356,8.04609],[80.89175,8.04333],[80.89122,8.03975],[80.89058,8.03985],[80.89197,8.04585],[80.89075,8.04778],[80.89186,8.05009],[80.89085,8.05052],[80.8909,8.05206],[80.88959,8.05412],[80.89016,8.05796],[80.88936,8.05977],[80.88827,8.05991],[80.88718,8.05834],[80.88652,8.05848],[80.88631,8.06009],[80.88477,8.06003],[80.88198,8.05792],[80.88107,8.05585],[80.87919,8.05529],[80.87709,8.05584]]]},"properties":{"name":null,"kind":"reservoir","ha":1389}},{"type":"Feature","geometry":{"type":"Polygon","coordinates":[[[80.87709,8.05584],[80.87783,8.05478],[80.87745,8.05391],[80.87926,8.05319],[80.87863,8.05222],[80.87754,8.05241],[80.87701,8.04918],[80.8754,8.04673],[80.87552,8.04603],[80.87662,8.04606],[80.87841,8.04784],[80.87772,8.0437],[80.87844,8.04204],[80.87652,8.04013],[80.87667,8.03784],[80.87501,8.03674],[80.8748,8.04087],[80.87309,8.04009],[80.87149,8.04207],[80.86909,8.03811],[80.86772,8.03873],[80.8668,8.03467],[80.86791,8.03198],[80.86516,8.0292],[80.8664,8.02833],[80.87153,8.03096],[80.87483,8.03097],[80.87193,8.03006],[80.87161,8.029],[80.87337,8.02915],[80.87344,8.0285],[80.87096,8.02754],[80.87024,8.02592],[80.86975,8.02633],[80.86533,8.02283],[80.86548,8.01872],[80.86413,8.01919],[80.8627,8.01761],[80.8613,8.01802],[80.85928,8.01609],[80.8606,8.00998],[80.8625,8.01077],[80.864,8.01336],[80.86485,8.01202],[80.86888,8.01051],[80.86992,8.01444],[80.87217,8.01734],[80.87149,8.0186],[80.87197,8.02136],[80.87338,8.02052],[80.87442,8.02397],[80.87567,8.02353],[80.87596,8.0219],[80.87866,8.0239],[80.87614,8.01934],[80.87566,8.01986],[80.87517,8.0179],[80.87757,8.01775],[80.87767,8.01582],[80.87354,8.0129],[80.87193,8.00901],[80.87415,8.00772],[80.87391,8.00683],[80.87297,8.00602],[80.86973,8.00568],[80.86967,8.00463],[80.87033,8.00242],[80.87529,8.00258],[80.8768,8.00146],[80.87643,7.99895],[80.87491,7.99716],[80.87599,7.99351],[80.87344,7.99088],[80.87631,7.98898],[80.87898,7.98841],[80.881,7.98929],[80.88279,7.99584],[80.88366,7.99671],[80.88307,8.00373],[80.88509,8.00789],[80.88338,8.00964],[80.88576,8.02181],[80.88834,8.02824],[80.89013,8.02832],[80.88996,8.02251],[80.89051,8.01964],[80.89099,8.01986],[80.89213,8.02546],[80.89354,8.02568],[80.89576,8.03896],[80.89791,8.04151],[80.8993,8.04697],[80.89849,8.05833],[80.89747,8.05818],[80.89518,8.05393],[80.89649,8.05405],[80.89654,8.05254],[80.89519,8.04892],[80.89624,8.049],[80.89631,8.04745],[80.89534,8.04281],[80.89434,8.04229],[80.89365,8.04325],[80.89409,8.04578],[80.89356,8.04609],[80.89175,8.04333],[80.89122,8.03975],[80.89058,8.03985],[80.89197,8.04585],[80.89075,8.04778],[80.89186,8.05009],[80.89085,8.05052],[80.8909,8.05206],[80.88959,8.05412],[80.89016,8.05796],[80.88936,8.05977],[80.88827,8.05991],[80.88718,8.05834],[80.88652,8.05848],[80.88631,8.06009],[80.88477,8.06003],[80.88198,8.05792],[80.88107,8.05585],[80.87919,8.05529],[80.87709,8.05584]]]},"properties":{"name":"Minneriya Reservoir","kind":"reservoir","ha":1389}},{"type":"Feature","geometry":{"type":"Polygon","coordinates":[[[80.55532,8.37643],[80.55313,8.37753],[80.55212,8.37901],[80.55017,8.3785],[80.54815,8.37944],[80.54758,8.38635],[80.54824,8.38692],[80.55049,8.38325],[80.5526,8.38425],[80.55599,8.38406],[80.55682,8.38462],[80.55605,8.38624],[80.5532,8.38839],[80.55397,8.38954],[80.55599,8.38996],[80.5571,8.38708],[80.5614,8.38504],[80.56214,8.38547],[80.56211,8.38671],[80.5612,8.3884],[80.56208,8.38954],[80.56779,8.39047],[80.57138,8.3896],[80.57079,8.39199],[80.5726,8.39349],[80.57393,8.3923],[80.57669,8.39286],[80.58168,8.39184],[80.58662,8.39392],[80.58847,8.39682],[80.58135,8.39846],[80.58144,8.40009],[80.57991,8.40175],[80.57476,8.39944],[80.57065,8.39991],[80.5709,8.40423],[80.56987,8.40495],[80.56624,8.40053],[80.56203,8.39793],[80.55856,8.39975],[80.55848,8.4013],[80.56011,8.40267],[80.56063,8.40429],[80.55829,8.40676],[80.55647,8.40712],[80.55642,8.40484],[80.5543,8.40154],[80.55377,8.39863],[80.55243,8.39913],[80.55231,8.40118],[80.5505,8.40408],[80.5481,8.40263],[80.54846,8.39957],[80.54738,8.3972],[80.54704,8.39982],[80.54537,8.40299],[80.54596,8.40382],[80.54473,8.40486],[80.5449,8.40617],[80.54354,8.40412],[80.54429,8.40291],[80.54359,8.40227],[80.54319,8.39612],[80.54196,8.39624],[80.53927,8.39249],[80.53765,8.39229],[80.53167,8.38854],[80.53118,8.38563],[80.53277,8.38359],[80.53555,8.38654],[80.53699,8.38681],[80.53623,8.38037],[80.53743,8.37878],[80.53743,8.37745],[80.5317,8.3721],[80.53027,8.36515],[80.54357,8.36889],[80.53723,8.3663],[80.53731,8.36513],[80.54023,8.36151],[80.53669,8.35825],[80.53665,8.35707],[80.53699,8.35616],[80.54081,8.3552],[80.54201,8.35172],[80.54229,8.3476],[80.54618,8.34757],[80.54715,8.35111],[80.54875,8.35215],[80.54848,8.35409],[80.54693,8.356],[80.54698,8.36096],[80.55008,8.35885],[80.55064,8.35991],[80.54825,8.36372],[80.54902,8.3674],[80.54777,8.36993],[80.54399,8.369],[80.55395,8.3724],[80.54797,8.3701],[80.54921,8.3656],[80.55236,8.36592],[80.55263,8.36783],[80.55382,8.36854],[80.55886,8.36824],[80.56,8.37028],[80.55898,8.37274],[80.55749,8.37336],[80.55408,8.37234],[80.55745,8.37377],[80.55755,8.37605],[80.55532,8.37643]]]},"properties":{"name":"Mahakanadarawa Wewa","kind":"lake","ha":1371}},{"type":"Feature","geometry":{"type":"Polygon","coordinates":[[[81.375,8.35759],[81.3775,8.3568],[81.37557,8.35239],[81.37657,8.33145],[81.37706,8.33482],[81.37782,8.33496],[81.37645,8.33866],[81.37834,8.3348],[81.3792,8.33405],[81.37997,8.33461],[81.37767,8.3394],[81.37861,8.33879],[81.3779,8.34187],[81.37903,8.34646],[81.37757,8.3545],[81.37821,8.35498],[81.37785,8.35356],[81.37862,8.35126],[81.37892,8.35389],[81.37932,8.35472],[81.37975,8.35432],[81.38039,8.35642],[81.38649,8.35769],[81.38813,8.35666],[81.38926,8.35722],[81.39006,8.36011],[81.3851,8.36453],[81.3817,8.36426],[81.37888,8.36136],[81.37638,8.36376],[81.37285,8.38194],[81.3651,8.40219],[81.3655,8.40543],[81.36513,8.40241],[81.36048,8.41112],[81.35699,8.41302],[81.35671,8.4145],[81.35809,8.4169],[81.35792,8.41844],[81.357,8.41845],[81.357,8.41644],[81.35177,8.41402],[81.34581,8.41246],[81.34291,8.40977],[81.34277,8.40702],[81.3416,8.40635],[81.34053,8.40707],[81.3391,8.40618],[81.33795,8.40291],[81.33887,8.39857],[81.34559,8.39501],[81.34893,8.39174],[81.35158,8.39168],[81.35155,8.39089],[81.34949,8.38951],[81.34904,8.38774],[81.35022,8.38719],[81.35089,8.38442],[81.35802,8.37464],[81.375,8.35759]]]},"properties":{"name":"Ullackalie Lagoon","kind":"lagoon","ha":1370}},{"type":"Feature","geometry":{"type":"Polygon","coordinates":[[[81.85456,7.16826],[81.85447,7.16593],[81.85656,7.16402],[81.8577,7.16447],[81.85662,7.16368],[81.85764,7.16211],[81.85634,7.15688],[81.85747,7.15389],[81.85685,7.15317],[81.85957,7.153],[81.8594,7.15087],[81.85839,7.14965],[81.85883,7.14924],[81.8577,7.148],[81.85787,7.14637],[81.85685,7.14649],[81.85628,7.14564],[81.85753,7.14598],[81.85724,7.14193],[81.85509,7.13817],[81.85225,7.13778],[81.85101,7.1407],[81.84807,7.14356],[81.84422,7.13974],[81.83861,7.13823],[81.83856,7.1375],[81.84432,7.13441],[81.84671,7.1321],[81.8462,7.12665],[81.84745,7.12452],[81.84688,7.123],[81.84756,7.12013],[81.84898,7.11929],[81.84733,7.11845],[81.83697,7.11923],[81.83227,7.12356],[81.8321,7.12648],[81.82887,7.12969],[81.82882,7.13143],[81.83074,7.13245],[81.83182,7.13205],[81.8334,7.13401],[81.83369,7.13317],[81.83448,7.13328],[81.83584,7.13553],[81.83573,7.13721],[81.83524,7.13705],[81.83374,7.14098],[81.83241,7.14115],[81.8278,7.15154],[81.82548,7.15435],[81.82281,7.15571],[81.82287,7.15739],[81.82338,7.15581],[81.82463,7.15918],[81.82553,7.15924],[81.82491,7.15963],[81.82414,7.1589],[81.82304,7.16115],[81.82446,7.16031],[81.82495,7.16146],[81.8248,7.16255],[81.82324,7.16329],[81.82446,7.16621],[81.82372,7.16743],[81.82463,7.1675],[81.82438,7.16827],[81.85456,7.16826]]]},"properties":{"name":null,"kind":"lagoon","ha":1349}},{"type":"Feature","geometry":{"type":"Polygon","coordinates":[[[80.82402,9.14643],[80.82431,9.14794],[80.83379,9.15638],[80.83469,9.15948],[80.83864,9.16132],[80.84348,9.1625],[80.84751,9.16049],[80.85037,9.16096],[80.85852,9.15577],[80.86422,9.14801],[80.86458,9.1455],[80.86679,9.14291],[80.86555,9.14247],[80.86893,9.14258],[80.87038,9.14151],[80.87256,9.13594],[80.87167,9.13387],[80.87223,9.13048],[80.87453,9.12994],[80.87594,9.12787],[80.87969,9.12551],[80.87938,9.12635],[80.88093,9.12778],[80.88299,9.12728],[80.88259,9.1263],[80.88339,9.1236],[80.88157,9.12427],[80.88308,9.12322],[80.88057,9.11997],[80.88046,9.11739],[80.87938,9.11521],[80.88,9.1139],[80.87764,9.11377],[80.87418,9.10916],[80.87902,9.10128],[80.87901,9.09856],[80.87831,9.09839],[80.87474,9.10263],[80.8708,9.10515],[80.87033,9.10709],[80.86883,9.10843],[80.86591,9.10928],[80.86418,9.10775],[80.86282,9.10875],[80.86386,9.11102],[80.86349,9.11289],[80.86471,9.11549],[80.86482,9.1181],[80.86711,9.11822],[80.87171,9.11557],[80.87294,9.11776],[80.87242,9.11905],[80.86589,9.12464],[80.86351,9.12967],[80.8635,9.13145],[80.86535,9.13401],[80.86356,9.13788],[80.85948,9.13942],[80.85079,9.1399],[80.83914,9.1365],[80.83585,9.13193],[80.83362,9.13176],[80.83822,9.13789],[80.8359,9.13795],[80.83725,9.1398],[80.83708,9.1426],[80.8349,9.14407],[80.83209,9.14435],[80.83279,9.14216],[80.8306,9.14016],[80.82718,9.14288],[80.82788,9.14465],[80.82402,9.14643]]]},"properties":{"name":"Nayaru Lagoon","kind":"water","ha":1341}},{"type":"Feature","geometry":{"type":"Polygon","coordinates":[[[81.17161,8.31236],[81.17073,8.31075],[81.17225,8.30858],[81.17222,8.30723],[81.17072,8.30623],[81.16592,8.30613],[81.16425,8.30209],[81.16103,8.29777],[81.16548,8.29516],[81.16901,8.28656],[81.16976,8.27669],[81.16691,8.27147],[81.16697,8.26925],[81.17151,8.26388],[81.17975,8.25935],[81.18001,8.257],[81.17853,8.25477],[81.17617,8.25451],[81.17312,8.25603],[81.1723,8.25381],[81.17645,8.25213],[81.17981,8.24709],[81.18493,8.24459],[81.18755,8.24007],[81.18701,8.23842],[81.18081,8.23425],[81.18008,8.23242],[81.18075,8.23085],[81.18657,8.22743],[81.19053,8.22957],[81.19295,8.23196],[81.19538,8.23247],[81.19914,8.23082],[81.20279,8.22778],[81.20371,8.22076],[81.20591,8.21694],[81.20625,8.21322],[81.20396,8.20138],[81.20147,8.19708],[81.20158,8.19561],[81.20423,8.19291],[81.20533,8.19011],[81.20314,8.18352],[81.20439,8.18223],[81.20568,8.18214],[81.20917,8.18368],[81.21108,8.18363],[81.21346,8.18154],[81.21289,8.17778],[81.21004,8.17333],[81.21003,8.16904],[81.20895,8.1662],[81.20437,8.16047],[81.20328,8.16013],[81.20039,8.16157],[81.19866,8.16141],[81.19676,8.15825],[81.19235,8.1553],[81.19228,8.15232],[81.19306,8.15165],[81.17161,8.31236]]]},"properties":{"name":null,"kind":"river","ha":1200}},{"type":"Feature","geometry":{"type":"Polygon","coordinates":[[[81.19717,8.09507],[81.19742,8.09607],[81.19926,8.09713],[81.19919,8.10104],[81.19794,8.10477],[81.20303,8.10845],[81.20378,8.10995],[81.2072,8.11143],[81.20815,8.11422],[81.21092,8.11454],[81.21356,8.11628],[81.21537,8.11862],[81.2173,8.1189],[81.21992,8.12057],[81.22107,8.12289],[81.22032,8.12345],[81.22089,8.12403],[81.21975,8.1267],[81.21989,8.13033],[81.22368,8.13457],[81.22621,8.1358],[81.23164,8.13635],[81.23515,8.13969],[81.23735,8.13781],[81.2388,8.13897],[81.24025,8.136],[81.24254,8.1339],[81.24668,8.1378],[81.24738,8.14031],[81.2484,8.14006],[81.24933,8.14137],[81.25041,8.1402],[81.25206,8.14],[81.2539,8.14149],[81.2535,8.14383],[81.2525,8.14458],[81.25176,8.14734],[81.25032,8.14827],[81.25071,8.14956],[81.24978,8.15012],[81.24817,8.1538],[81.24772,8.15959],[81.24687,8.16112],[81.24956,8.16542],[81.25144,8.16619],[81.25291,8.16567],[81.25445,8.16708],[81.25751,8.17203],[81.25666,8.17872],[81.25762,8.18202],[81.25711,8.18299],[81.25759,8.18723],[81.25659,8.18782],[81.25626,8.19037],[81.25432,8.19091],[81.25349,8.19379],[81.19717,8.09507]]]},"properties":{"name":null,"kind":"river","ha":1189}},{"type":"Feature","geometry":{"type":"Polygon","coordinates":[[[79.92116,6.75336],[79.9235,6.74866],[79.92561,6.74694],[79.93952,6.74701],[79.9489,6.74159],[79.95009,6.74247],[79.95054,6.74153],[79.95147,6.74177],[79.95198,6.74276],[79.9506,6.74306],[79.95452,6.7447],[79.95853,6.74358],[79.95999,6.74204],[79.96247,6.73263],[79.9647,6.72798],[79.96522,6.72398],[79.97213,6.71581],[79.97133,6.71198],[79.96729,6.70649],[79.96809,6.70474],[79.97167,6.70265],[79.97231,6.7009],[79.97185,6.69882],[79.97002,6.69711],[79.96875,6.69377],[79.92116,6.75336]]]},"properties":{"name":"Bolgoda_Lake","kind":"river","ha":1155}},{"type":"Feature","geometry":{"type":"Polygon","coordinates":[[[81.25054,8.20976],[81.24924,8.20854],[81.24924,8.2054],[81.24697,8.20366],[81.24668,8.20157],[81.24492,8.20191],[81.24323,8.19576],[81.24218,8.19548],[81.23897,8.19734],[81.23786,8.19642],[81.23771,8.19384],[81.23667,8.192],[81.23896,8.18887],[81.23949,8.18462],[81.2428,8.18284],[81.24313,8.18004],[81.24125,8.17816],[81.23753,8.17984],[81.23685,8.17908],[81.23696,8.17671],[81.23423,8.17437],[81.23418,8.17181],[81.23264,8.16938],[81.23516,8.16932],[81.23567,8.16865],[81.23227,8.16419],[81.2339,8.16306],[81.23411,8.16165],[81.23178,8.15965],[81.23231,8.15696],[81.23139,8.15552],[81.23034,8.1555],[81.22952,8.15806],[81.22864,8.15859],[81.22607,8.15513],[81.22061,8.15414],[81.21955,8.15461],[81.21857,8.15658],[81.21729,8.15602],[81.2158,8.1531],[81.21197,8.15264],[81.21097,8.14938],[81.2061,8.14804],[81.20498,8.14849],[81.20413,8.15072],[81.20162,8.1496],[81.19488,8.15164],[81.19319,8.15101],[81.25054,8.20976]]]},"properties":{"name":null,"kind":"river","ha":1105}},{"type":"Feature","geometry":{"type":"Polygon","coordinates":[[[80.19942,8.48237],[80.19245,8.47926],[80.18545,8.47265],[80.18433,8.46525],[80.1875,8.46243],[80.1856,8.45938],[80.18868,8.45859],[80.19026,8.45684],[80.19315,8.45765],[80.19481,8.45536],[80.19719,8.45716],[80.19937,8.45706],[80.1993,8.45155],[80.20001,8.45041],[80.20147,8.45035],[80.20339,8.45312],[80.20488,8.45301],[80.20753,8.45012],[80.20843,8.44669],[80.2118,8.44505],[80.21478,8.44138],[80.21575,8.43873],[80.21796,8.43657],[80.22346,8.43339],[80.22561,8.43357],[80.22689,8.43461],[80.22711,8.43603],[80.22279,8.44514],[80.22031,8.44736],[80.21959,8.45156],[80.22017,8.45416],[80.21762,8.45506],[80.21541,8.45776],[80.2167,8.46028],[80.21429,8.462],[80.21391,8.46395],[80.21749,8.46681],[80.22566,8.46896],[80.22637,8.46994],[80.22236,8.4714],[80.21521,8.47169],[80.21481,8.47406],[80.21585,8.4768],[80.21458,8.47624],[80.20934,8.46968],[80.20775,8.47186],[80.20251,8.47194],[80.20206,8.47463],[80.20535,8.47798],[80.19942,8.48237]]]},"properties":{"name":"Mahavilachchiya Wewa","kind":"reservoir","ha":1092}},{"type":"Feature","geometry":{"type":"Polygon","coordinates":[[[80.71086,7.26678],[80.7075,7.26778],[80.70388,7.26695],[80.7007,7.26775],[80.69695,7.26965],[80.68467,7.27237],[80.67177,7.27653],[80.66775,7.279],[80.66599,7.28419],[80.6553,7.29458],[80.65419,7.29907],[80.6504,7.30575],[80.65056,7.30825],[80.64731,7.31355],[80.64471,7.32148],[80.71086,7.26678]]]},"properties":{"name":null,"kind":"river","ha":1091}},{"type":"Feature","geometry":{"type":"Polygon","coordinates":[[[80.67291,9.41733],[80.67134,9.41608],[80.67155,9.41086],[80.67545,9.40625],[80.68219,9.40226],[80.6883,9.39671],[80.69282,9.3913],[80.69952,9.38631],[80.7046,9.38022],[80.70786,9.37758],[80.71157,9.37225],[80.7107,9.37264],[80.71068,9.37148],[80.71665,9.36435],[80.71661,9.36261],[80.71834,9.35999],[80.72229,9.35751],[80.72209,9.35632],[80.72526,9.35467],[80.72418,9.35289],[80.72412,9.35415],[80.72254,9.35422],[80.72273,9.35074],[80.72079,9.35061],[80.71822,9.35321],[80.71385,9.35512],[80.71212,9.36025],[80.70897,9.36411],[80.70851,9.36777],[80.70943,9.36792],[80.71007,9.36673],[80.71065,9.36748],[80.70845,9.36988],[80.70808,9.37227],[80.7067,9.37205],[80.70682,9.37372],[80.70603,9.37337],[80.70377,9.37543],[80.7023,9.37561],[80.70186,9.37461],[80.7021,9.37538],[80.69871,9.37861],[80.68322,9.38577],[80.68234,9.38836],[80.68316,9.38991],[80.68035,9.39329],[80.67406,9.39787],[80.67186,9.40077],[80.66987,9.40139],[80.67045,9.40307],[80.66656,9.40293],[80.6622,9.40728],[80.65802,9.40785],[80.65512,9.40728],[80.65106,9.41023],[80.64831,9.4112],[80.64683,9.41707],[80.64872,9.41867],[80.64492,9.42503],[80.63641,9.42723],[80.63231,9.42643],[80.63242,9.42859],[80.63107,9.4302],[80.62627,9.43245],[80.62577,9.4344],[80.63049,9.43239],[80.63122,9.43296],[80.63646,9.43272],[80.63961,9.43106],[80.64321,9.43046],[80.65229,9.42451],[80.6546,9.41965],[80.65668,9.41848],[80.65737,9.41519],[80.65884,9.41663],[80.65938,9.41582],[80.66043,9.41631],[80.66236,9.4154],[80.66314,9.41602],[80.66274,9.41736],[80.66549,9.41672],[80.66599,9.41508],[80.66729,9.41543],[80.6684,9.41967],[80.66962,9.42023],[80.67016,9.41909],[80.67137,9.41897],[80.67184,9.4175],[80.67253,9.41798],[80.67291,9.41733]]]},"properties":{"name":null,"kind":"water","ha":1089}},{"type":"Feature","geometry":{"type":"Polygon","coordinates":[[[80.73431,8.18216],[80.73523,8.17648],[80.73229,8.17595],[80.73041,8.17391],[80.73007,8.17518],[80.73097,8.1779],[80.73047,8.17864],[80.72896,8.17911],[80.72643,8.17718],[80.72362,8.17829],[80.72543,8.18433],[80.72643,8.18567],[80.72684,8.18507],[80.72803,8.18646],[80.72899,8.18632],[80.72758,8.19202],[80.72754,8.1908],[80.72646,8.1896],[80.72593,8.18991],[80.72582,8.18713],[80.72471,8.18791],[80.72419,8.19059],[80.72282,8.19263],[80.72042,8.19416],[80.72084,8.19679],[80.72256,8.19679],[80.72368,8.19773],[80.72282,8.19977],[80.72505,8.2013],[80.72325,8.20189],[80.7229,8.20104],[80.71999,8.2007],[80.71767,8.20164],[80.71767,8.20367],[80.71964,8.20444],[80.7211,8.20758],[80.72265,8.20843],[80.72007,8.20962],[80.72007,8.21166],[80.71827,8.21192],[80.7169,8.20937],[80.71518,8.21276],[80.71278,8.21225],[80.71138,8.21024],[80.71125,8.21283],[80.71303,8.21659],[80.70951,8.2182],[80.70797,8.21786],[80.70696,8.21625],[80.70557,8.21667],[80.70524,8.21769],[80.70634,8.21999],[80.71003,8.2216],[80.71089,8.22313],[80.71621,8.22279],[80.71758,8.22432],[80.7205,8.22381],[80.72908,8.22602],[80.73956,8.22126],[80.73853,8.21922],[80.73569,8.21931],[80.73698,8.21837],[80.74127,8.21939],[80.7405,8.21744],[80.74127,8.21633],[80.74299,8.21548],[80.74468,8.21654],[80.74546,8.21608],[80.74598,8.21512],[80.74433,8.21313],[80.74364,8.2094],[80.7411,8.2109],[80.73664,8.21107],[80.73552,8.20945],[80.73638,8.2069],[80.73775,8.20605],[80.73612,8.20546],[80.73492,8.20614],[80.73466,8.20537],[80.74076,8.2041],[80.73998,8.203],[80.74608,8.19951],[80.74668,8.19892],[80.74616,8.19841],[80.74737,8.19756],[80.74556,8.19713],[80.74368,8.19543],[80.74093,8.19662],[80.74033,8.19603],[80.74067,8.19297],[80.7393,8.19246],[80.7387,8.19068],[80.73741,8.19161],[80.73655,8.19399],[80.73655,8.19688],[80.73509,8.19832],[80.73449,8.19773],[80.73295,8.19501],[80.73398,8.19127],[80.73228,8.18746],[80.73431,8.18216]]]},"properties":{"name":"Hurulu wewa","kind":"reservoir","ha":1076}},{"type":"Feature","geometry":{"type":"Polygon","coordinates":[[[81.20425,6.39329],[81.20462,6.39535],[81.20167,6.39785],[81.20279,6.40008],[81.20636,6.40029],[81.21057,6.39822],[81.21052,6.39449],[81.21378,6.39659],[81.21583,6.39452],[81.21554,6.3915],[81.21382,6.38807],[81.21485,6.38763],[81.21701,6.38413],[81.21763,6.37614],[81.21957,6.37801],[81.22167,6.37668],[81.22393,6.37958],[81.22551,6.37917],[81.22611,6.3769],[81.2274,6.37594],[81.22829,6.3771],[81.22956,6.37571],[81.22876,6.3726],[81.22894,6.37082],[81.22999,6.36988],[81.22954,6.3677],[81.22833,6.36635],[81.20627,6.35576],[81.20383,6.35722],[81.20241,6.35458],[81.20074,6.35401],[81.19897,6.35889],[81.19727,6.3598],[81.20002,6.36142],[81.20056,6.36342],[81.20158,6.3642],[81.20352,6.36371],[81.19943,6.36613],[81.19792,6.36876],[81.19924,6.36958],[81.1978,6.37227],[81.19907,6.37594],[81.20185,6.37567],[81.20266,6.37488],[81.20292,6.37695],[81.2012,6.37918],[81.19936,6.37865],[81.19456,6.38155],[81.19411,6.38428],[81.19684,6.38461],[81.19729,6.38667],[81.19945,6.38684],[81.20425,6.39329]]]},"properties":{"name":"lunugamwehera reservoir","kind":"lake","ha":1044}},{"type":"Feature","geometry":{"type":"Polygon","coordinates":[[[80.34242,9.09942],[80.34108,9.10315],[80.34014,9.10341],[80.33752,9.10112],[80.33589,9.10167],[80.33452,9.10053],[80.33463,9.09934],[80.33581,9.09782],[80.33921,9.08105],[80.34558,9.0777],[80.34678,9.07908],[80.34989,9.08039],[80.35115,9.07891],[80.353,9.07895],[80.35369,9.07989],[80.35253,9.08255],[80.35327,9.08336],[80.35595,9.08289],[80.35666,9.08008],[80.35784,9.07945],[80.35933,9.07948],[80.35993,9.08165],[80.36121,9.08171],[80.36362,9.07789],[80.36512,9.07725],[80.36658,9.07738],[80.36807,9.07893],[80.37049,9.0789],[80.38632,9.07553],[80.39803,9.0777],[80.39587,9.0795],[80.39011,9.08044],[80.38553,9.08277],[80.38429,9.08441],[80.38118,9.08598],[80.38011,9.08903],[80.37351,9.08855],[80.36709,9.09155],[80.36656,9.0923],[80.36877,9.09892],[80.36681,9.09874],[80.36325,9.09562],[80.36234,9.09603],[80.36091,9.09856],[80.36093,9.10395],[80.35971,9.10369],[80.35755,9.09897],[80.35546,9.09732],[80.35094,9.0979],[80.3498,9.10033],[80.34995,9.10316],[80.34858,9.10475],[80.34682,9.10499],[80.34586,9.10416],[80.34408,9.10157],[80.34371,9.09851],[80.34242,9.09942]]]},"properties":{"name":"Vavuni Kulam","kind":"reservoir","ha":1042}},{"type":"Feature","geometry":{"type":"Polygon","coordinates":[[[81.2,7.72925],[81.19771,7.72827],[81.19974,7.72731],[81.19912,7.72635],[81.19948,7.72468],[81.1986,7.72355],[81.19956,7.72302],[81.20031,7.72065],[81.19936,7.72034],[81.19904,7.71915],[81.19688,7.71936],[81.19732,7.71783],[81.19899,7.71661],[81.19744,7.71571],[81.19468,7.71564],[81.19335,7.71764],[81.19211,7.71487],[81.19567,7.71058],[81.192,7.71075],[81.19016,7.70904],[81.18864,7.71034],[81.18748,7.70988],[81.18981,7.70689],[81.18778,7.70622],[81.18853,7.7056],[81.18807,7.70512],[81.18652,7.7058],[81.18475,7.70546],[81.18445,7.704],[81.18551,7.70248],[81.18325,7.70017],[81.18349,7.69808],[81.18239,7.69446],[81.18114,7.69396],[81.1795,7.69025],[81.18025,7.68775],[81.1795,7.6875],[81.17925,7.68925],[81.17775,7.68725],[81.1765,7.689],[81.1755,7.68875],[81.176,7.6875],[81.17525,7.6875],[81.17425,7.685],[81.17325,7.6865],[81.1725,7.6905],[81.173,7.69125],[81.16975,7.6945],[81.17125,7.69475],[81.17125,7.694],[81.1725,7.69475],[81.17175,7.69575],[81.17225,7.69825],[81.173,7.69775],[81.17525,7.69925],[81.1745,7.70025],[81.1765,7.70275],[81.176,7.7045],[81.174,7.70675],[81.1765,7.70825],[81.1785,7.70725],[81.17675,7.709],[81.17675,7.71],[81.17925,7.7115],[81.17725,7.71075],[81.176,7.712],[81.17525,7.711],[81.1745,7.71175],[81.17375,7.71125],[81.17075,7.71175],[81.17025,7.713],[81.172,7.71425],[81.1705,7.716],[81.17025,7.71825],[81.17175,7.71875],[81.17225,7.718],[81.17325,7.7195],[81.17425,7.7165],[81.175,7.71625],[81.17675,7.717],[81.177,7.7185],[81.17825,7.71925],[81.17975,7.71775],[81.1805,7.7195],[81.1835,7.719],[81.18175,7.72025],[81.18275,7.72225],[81.18125,7.72125],[81.179,7.7225],[81.17925,7.7235],[81.1775,7.72425],[81.18125,7.72625],[81.17825,7.72725],[81.17975,7.72975],[81.17565,7.72846],[81.1743,7.7289],[81.17644,7.73158],[81.17514,7.73242],[81.17157,7.73253],[81.17185,7.73417],[81.17511,7.7348],[81.1741,7.73623],[81.17429,7.73791],[81.17575,7.7395],[81.17764,7.73719],[81.1798,7.73929],[81.17975,7.73675],[81.18179,7.73731],[81.18126,7.73611],[81.18176,7.73562],[81.18425,7.737],[81.18425,7.73925],[81.18575,7.73875],[81.187,7.7395],[81.18772,7.73863],[81.19039,7.7397],[81.1959,7.73686],[81.20062,7.73614],[81.20036,7.73418],[81.20126,7.73245],[81.2,7.72925]]]},"properties":{"name":"Pimburattewa Tank","kind":"water","ha":1033}},{"type":"Feature","geometry":{"type":"Polygon","coordinates":[[[80.59368,9.20083],[80.58978,9.19973],[80.58783,9.19553],[80.58411,9.19234],[80.58253,9.18807],[80.57996,9.18627],[80.57853,9.18252],[80.57581,9.18007],[80.5756,9.17826],[80.58056,9.17926],[80.5817,9.17859],[80.58412,9.184],[80.58772,9.18802],[80.58918,9.18856],[80.59182,9.18717],[80.59633,9.1923],[80.59869,9.19305],[80.60094,9.19314],[80.60183,9.19174],[80.60102,9.18952],[80.60269,9.18912],[80.60479,9.19045],[80.6057,9.18947],[80.60608,9.18457],[80.60787,9.18509],[80.60827,9.18704],[80.61122,9.18466],[80.61164,9.18668],[80.61037,9.19129],[80.61071,9.19242],[80.61477,9.19209],[80.6165,9.19296],[80.61667,9.1946],[80.61846,9.1957],[80.61927,9.19541],[80.6192,9.19263],[80.62199,9.19298],[80.6222,9.19929],[80.62305,9.20177],[80.62417,9.20172],[80.62411,9.2047],[80.62746,9.21394],[80.62666,9.21867],[80.62332,9.22173],[80.61934,9.21987],[80.61689,9.22031],[80.61612,9.21925],[80.61631,9.21622],[80.61546,9.21546],[80.61714,9.21206],[80.61493,9.21133],[80.61409,9.21452],[80.61033,9.21849],[80.60848,9.21475],[80.60641,9.21352],[80.60837,9.21158],[80.60809,9.21076],[80.59942,9.20633],[80.59719,9.20558],[80.59569,9.2068],[80.59412,9.20533],[80.59167,9.2048],[80.59384,9.20175],[80.59368,9.20083]]]},"properties":{"name":"Muththaiyan Kaddu Kulam","kind":"reservoir","ha":1021}},{"type":"Feature","geometry":{"type":"Polygon","coordinates":[[[80.41816,8.33479],[80.4197,8.33228],[80.42247,8.33235],[80.4193,8.32754],[80.41977,8.32254],[80.4208,8.32206],[80.42132,8.32023],[80.42378,8.32182],[80.4264,8.32111],[80.42655,8.32238],[80.4252,8.32463],[80.42547,8.32719],[80.42732,8.32478],[80.42897,8.32557],[80.42994,8.32502],[80.43107,8.32283],[80.43565,8.31895],[80.43517,8.3127],[80.43879,8.31051],[80.44012,8.31241],[80.44251,8.31101],[80.4479,8.30973],[80.44846,8.31092],[80.4481,8.3145],[80.44418,8.31644],[80.44421,8.31841],[80.44697,8.31899],[80.44948,8.32125],[80.45396,8.32311],[80.45312,8.32849],[80.4479,8.32794],[80.44583,8.33025],[80.44385,8.32565],[80.44247,8.32586],[80.44158,8.32739],[80.4398,8.32804],[80.43954,8.3305],[80.43754,8.33161],[80.43737,8.33549],[80.43532,8.33629],[80.43308,8.33871],[80.4338,8.34156],[80.43411,8.34047],[80.43751,8.34138],[80.43927,8.34077],[80.44204,8.33772],[80.44334,8.33737],[80.44541,8.33891],[80.44312,8.34288],[80.44322,8.34614],[80.44245,8.34684],[80.44192,8.35066],[80.43949,8.35205],[80.43941,8.34995],[80.43578,8.34911],[80.43336,8.35008],[80.42967,8.35354],[80.42355,8.35503],[80.42144,8.35389],[80.41594,8.34166],[80.4172,8.33683],[80.41954,8.33795],[80.42043,8.33712],[80.41816,8.33479]]]},"properties":{"name":"Nuwara Wewa","kind":"reservoir","ha":1020}},{"type":"Feature","geometry":{"type":"Polygon","coordinates":[[[80.97377,7.19768],[80.97446,7.19746],[80.97276,7.19615],[80.96608,7.19785],[80.9618,7.19605],[80.95505,7.19959],[80.94976,7.19886],[80.94963,7.20042],[80.95556,7.20016],[80.962,7.19658],[80.96597,7.19868],[80.97133,7.19758],[80.97702,7.20455],[80.97975,7.2093],[80.98081,7.2131],[80.98733,7.21486],[81.00004,7.2143],[81.00759,7.21737],[81.00789,7.21999],[81.01318,7.22692],[81.01546,7.23273],[81.01484,7.2367],[81.01218,7.24143],[81.01139,7.25121],[81.00485,7.27026],[81.00031,7.29248],[80.99403,7.30298],[80.98768,7.31986],[80.98691,7.32382],[80.98742,7.33103],[80.98666,7.3354],[80.97527,7.36401],[80.97517,7.3722],[80.9789,7.38153],[80.9809,7.39338],[80.98066,7.39613],[80.97601,7.40629],[80.97,7.40994],[80.9683,7.4137],[80.96883,7.42013],[80.973,7.42803],[80.97216,7.4391],[80.97298,7.451],[80.9705,7.4636],[80.97307,7.48674],[80.97155,7.50384],[80.9713,7.52231],[80.96998,7.53346],[80.97116,7.54382],[80.97074,7.56797],[80.97201,7.57661],[80.97576,7.58433],[80.9768,7.58833],[80.97505,7.59728],[80.97902,7.61243],[80.97922,7.62579],[80.98407,7.63602],[80.98527,7.64141],[80.98495,7.64294],[80.98788,7.64915],[80.99603,7.65874],[80.99547,7.66623],[80.99635,7.66615],[80.99694,7.66391],[80.99707,7.65774],[80.99597,7.65601],[80.99159,7.65265],[80.98787,7.64684],[80.98504,7.63515],[80.9806,7.62563],[80.9806,7.61209],[80.97957,7.60655],[80.97673,7.59902],[80.97842,7.58679],[80.97364,7.57695],[80.97244,7.57038],[80.97266,7.54075],[80.97158,7.53251],[80.97323,7.52431],[80.97299,7.50554],[80.97468,7.49044],[80.97423,7.48142],[80.9719,7.46589],[80.97466,7.45075],[80.97384,7.4386],[80.97462,7.428],[80.97408,7.42553],[80.97065,7.42027],[80.96944,7.4153],[80.97003,7.41202],[80.97759,7.40678],[80.98235,7.39607],[80.97978,7.3785],[80.97654,7.37167],[80.97666,7.36471],[80.9887,7.3343],[80.98856,7.32392],[80.98934,7.32065],[80.99462,7.3058],[81.0016,7.29322],[81.00639,7.27115],[81.00937,7.26441],[81.01297,7.25121],[81.01408,7.24109],[81.01759,7.2343],[81.01349,7.2241],[81.00841,7.21628],[80.99988,7.21286],[80.98841,7.21422],[80.9813,7.21283],[80.98123,7.21151],[80.98291,7.21],[80.98253,7.20873],[80.97644,7.20085],[80.97467,7.20007],[80.97377,7.19768]]]},"properties":{"name":null,"kind":"river","ha":1014}},{"type":"Feature","geometry":{"type":"Polygon","coordinates":[[[80.92682,8.99211],[80.92726,8.99396],[80.9263,8.99254],[80.92519,8.99379],[80.9243,8.99104],[80.9233,8.99209],[80.92217,8.99085],[80.9198,8.99235],[80.91698,8.98999],[80.91547,8.99056],[80.91604,8.99231],[80.91533,8.99239],[80.91737,8.99744],[80.92361,9.00235],[80.92412,9.00627],[80.92256,9.00921],[80.92164,9.00947],[80.92006,9.0078],[80.91837,9.00969],[80.91993,9.01083],[80.91987,9.01168],[80.91867,9.01165],[80.9179,9.01059],[80.91772,9.01212],[80.9165,9.01275],[80.91577,9.0113],[80.91645,9.00607],[80.91581,9.00596],[80.91524,9.00724],[80.91507,9.00489],[80.91425,9.00571],[80.91256,9.00424],[80.91347,9.00366],[80.91329,9.00296],[80.91198,9.00293],[80.91107,9.00595],[80.90992,9.00609],[80.90915,9.00151],[80.90989,9.00052],[80.9084,8.99926],[80.90682,9.00015],[80.90587,8.99973],[80.90561,9.00078],[80.90387,9.00184],[80.90434,9.00275],[80.90337,9.00085],[80.90216,9.00021],[80.9027,9.00378],[80.8976,9.00639],[80.89436,9.0064],[80.89311,9.0091],[80.88923,9.01224],[80.8882,9.01267],[80.88708,9.01192],[80.88707,9.01347],[80.88567,9.01587],[80.88624,9.01686],[80.88469,9.01688],[80.88381,9.01798],[80.88283,9.01736],[80.88153,9.02074],[80.87763,9.0248],[80.87659,9.02466],[80.87656,9.02657],[80.87739,9.02757],[80.87503,9.02803],[80.87134,9.02653],[80.87161,9.028],[80.87562,9.02861],[80.87699,9.03172],[80.87818,9.03245],[80.8806,9.03227],[80.88587,9.03742],[80.89077,9.03804],[80.88879,9.04308],[80.89003,9.04623],[80.92682,8.99211]]]},"properties":{"name":"Kokilai Lagoon","kind":"lagoon","ha":1004}},{"type":"Feature","geometry":{"type":"Polygon","coordinates":[[[80.64471,7.32148],[80.64613,7.32173],[80.64821,7.31361],[80.65145,7.30843],[80.65205,7.30416],[80.65716,7.29604],[80.65792,7.29322],[80.66649,7.28471],[80.66896,7.27907],[80.68446,7.2735],[80.69509,7.27148],[80.69707,7.27144],[80.6977,7.27215],[80.69768,7.27113],[80.6998,7.26999],[80.70097,7.27067],[80.70051,7.26972],[80.70143,7.26893],[80.70427,7.26842],[80.70786,7.26954],[80.64471,7.32148]]]},"properties":{"name":null,"kind":"river","ha":976}},{"type":"Feature","geometry":{"type":"Polygon","coordinates":[[[81.57947,7.49263],[81.57891,7.49678],[81.57946,7.49779],[81.5801,7.49707],[81.58116,7.49733],[81.58182,7.49672],[81.58155,7.49504],[81.58307,7.49346],[81.58226,7.4932],[81.583,7.492],[81.5845,7.4925],[81.58525,7.49075],[81.58425,7.491],[81.584,7.48975],[81.58625,7.4895],[81.58675,7.4875],[81.59025,7.488],[81.59125,7.48675],[81.58975,7.483],[81.591,7.48125],[81.59225,7.481],[81.5915,7.48],[81.593,7.47925],[81.5935,7.47675],[81.59475,7.477],[81.5955,7.476],[81.5975,7.4765],[81.59975,7.47825],[81.60075,7.48025],[81.60025,7.4775],[81.5985,7.4765],[81.59675,7.474],[81.5975,7.47275],[81.596,7.4715],[81.59825,7.46975],[81.598,7.468],[81.60025,7.468],[81.6034,7.46529],[81.60791,7.46655],[81.60836,7.46857],[81.60975,7.46986],[81.60884,7.46847],[81.60971,7.46724],[81.61119,7.46814],[81.61029,7.46698],[81.61061,7.46616],[81.61887,7.471],[81.61725,7.467],[81.61225,7.46275],[81.6105,7.45925],[81.609,7.45825],[81.60875,7.45625],[81.60525,7.45375],[81.60525,7.45125],[81.60425,7.45],[81.605,7.44875],[81.603,7.4465],[81.605,7.44625],[81.605,7.44475],[81.60575,7.44425],[81.6045,7.4425],[81.60275,7.4425],[81.603,7.44075],[81.60425,7.44],[81.60375,7.4395],[81.6045,7.43725],[81.60525,7.437],[81.60425,7.43575],[81.6055,7.433],[81.60375,7.432],[81.6025,7.4335],[81.6,7.43425],[81.6005,7.43525],[81.59925,7.43525],[81.59925,7.438],[81.596,7.441],[81.5965,7.44375],[81.59575,7.4445],[81.59625,7.44575],[81.5955,7.4475],[81.5945,7.4475],[81.593,7.44525],[81.5935,7.44375],[81.593,7.44275],[81.59175,7.44275],[81.5905,7.445],[81.58625,7.44325],[81.58725,7.44125],[81.58425,7.442],[81.58375,7.441],[81.582,7.44075],[81.5805,7.4395],[81.58175,7.4385],[81.58025,7.43725],[81.5805,7.436],[81.57625,7.43525],[81.57575,7.4385],[81.573,7.43775],[81.57325,7.43925],[81.574,7.4395],[81.576,7.4395],[81.57675,7.43875],[81.577,7.441],[81.57475,7.4395],[81.5745,7.44025],[81.5755,7.44025],[81.57375,7.4415],[81.57575,7.44175],[81.576,7.443],[81.57725,7.44275],[81.57775,7.44475],[81.57925,7.4455],[81.57875,7.446],[81.57925,7.4465],[81.582,7.44675],[81.5825,7.44475],[81.583,7.4475],[81.58375,7.44725],[81.58475,7.4485],[81.58775,7.4485],[81.58925,7.45],[81.58875,7.451],[81.58975,7.45125],[81.59,7.45325],[81.5935,7.4525],[81.592,7.45425],[81.5925,7.4555],[81.59175,7.456],[81.595,7.45875],[81.5935,7.45975],[81.59175,7.4595],[81.59325,7.4605],[81.59225,7.461],[81.5935,7.46625],[81.59275,7.4655],[81.59125,7.46675],[81.59025,7.466],[81.58875,7.46825],[81.58625,7.46775],[81.585,7.4665],[81.58525,7.468],[81.58675,7.46825],[81.5875,7.46925],[81.587,7.471],[81.58825,7.474],[81.5875,7.4765],[81.58825,7.47725],[81.58625,7.47725],[81.587,7.47875],[81.5855,7.47975],[81.586,7.481],[81.58425,7.482],[81.58375,7.48125],[81.58043,7.48237],[81.58045,7.48307],[81.584,7.48375],[81.58275,7.4845],[81.582,7.488],[81.58075,7.48825],[81.57947,7.49263]]]},"properties":{"name":"Navakiri Aru Tank","kind":"reservoir","ha":942}},{"type":"Feature","geometry":{"type":"Polygon","coordinates":[[[81.15774,8.29078],[81.16058,8.28991],[81.16136,8.28826],[81.16047,8.28556],[81.15871,8.28422],[81.15918,8.28156],[81.15675,8.2692],[81.15768,8.2673],[81.16273,8.26225],[81.16526,8.25518],[81.16318,8.25136],[81.15734,8.24633],[81.14947,8.2451],[81.14351,8.24578],[81.13991,8.24744],[81.1376,8.25008],[81.13653,8.26122],[81.15774,8.29078]]]},"properties":{"name":null,"kind":"lake","ha":902}},{"type":"Feature","geometry":{"type":"Polygon","coordinates":[[[80.93661,8.1851],[80.93524,8.18553],[80.93528,8.18654],[80.93683,8.18756],[80.93631,8.19062],[80.93511,8.19079],[80.93443,8.19316],[80.93202,8.19418],[80.93254,8.19656],[80.92756,8.19775],[80.92498,8.19639],[80.92344,8.19452],[80.92378,8.19248],[80.92138,8.19146],[80.92035,8.19316],[80.91915,8.19096],[80.91983,8.18926],[80.91949,8.18705],[80.92189,8.18535],[80.92069,8.18467],[80.92155,8.1794],[80.92344,8.17532],[80.92086,8.17549],[80.92189,8.17719],[80.92138,8.17821],[80.91898,8.17906],[80.91846,8.17787],[80.91623,8.17923],[80.91468,8.18161],[80.91348,8.18127],[80.91383,8.17634],[80.9128,8.17634],[80.91125,8.17906],[80.90988,8.17906],[80.90919,8.17566],[80.91022,8.17175],[80.90473,8.17142],[80.90473,8.1704],[80.90765,8.17006],[80.90919,8.1687],[80.91383,8.16887],[80.91245,8.16734],[80.91228,8.16513],[80.91451,8.16292],[80.91331,8.16156],[80.91194,8.16309],[80.90936,8.16275],[80.91022,8.15901],[80.9085,8.15867],[80.9085,8.15969],[80.90627,8.15986],[80.90483,8.15821],[80.90308,8.16033],[80.90222,8.15999],[80.90181,8.15855],[80.90038,8.15965],[80.90078,8.15714],[80.9026,8.15369],[80.90127,8.15358],[80.89856,8.14995],[80.90335,8.14949],[80.90494,8.15048],[80.9061,8.15017],[80.90429,8.14748],[80.90177,8.14666],[80.90201,8.14595],[80.90555,8.14365],[80.90706,8.14142],[80.91083,8.14113],[80.91296,8.13943],[80.91144,8.13907],[80.90987,8.14061],[80.90855,8.13908],[80.90353,8.13947],[80.90514,8.13706],[80.90394,8.13482],[80.9049,8.13352],[80.90945,8.13327],[80.90988,8.13207],[80.91238,8.13116],[80.90991,8.1311],[80.90871,8.12905],[80.90617,8.13146],[80.9044,8.12997],[80.90328,8.13075],[80.90212,8.13044],[80.90154,8.12939],[80.90214,8.12736],[80.90073,8.12461],[80.89728,8.12285],[80.93661,8.1851]]]},"properties":{"name":"Kaudulla Reservoir","kind":"reservoir","ha":902}},{"type":"Feature","geometry":{"type":"Polygon","coordinates":[[[81.24989,6.58629],[81.2507,6.58623],[81.25136,6.58402],[81.25428,6.58391],[81.25299,6.58146],[81.25394,6.5805],[81.25445,6.57743],[81.25596,6.57675],[81.25463,6.57381],[81.25501,6.57257],[81.25692,6.57144],[81.25669,6.5701],[81.25853,6.56965],[81.25765,6.56743],[81.25922,6.56605],[81.25838,6.56407],[81.2587,6.56319],[81.25984,6.56315],[81.26083,6.56104],[81.26149,6.563],[81.26085,6.56426],[81.26374,6.56598],[81.26222,6.56769],[81.26166,6.56707],[81.26132,6.56767],[81.26349,6.56839],[81.26289,6.57031],[81.26362,6.57001],[81.26409,6.57165],[81.26222,6.57295],[81.2637,6.57379],[81.26162,6.5766],[81.26222,6.57758],[81.26179,6.58169],[81.2645,6.58199],[81.26443,6.57929],[81.26529,6.57792],[81.2675,6.5788],[81.26647,6.57637],[81.26874,6.57596],[81.26838,6.57332],[81.26943,6.57468],[81.27102,6.57466],[81.2711,6.57585],[81.27259,6.57521],[81.27443,6.57568],[81.27512,6.57679],[81.27437,6.57856],[81.2763,6.57869],[81.27713,6.57769],[81.2764,6.57466],[81.27456,6.57253],[81.2755,6.57048],[81.27505,6.56982],[81.27218,6.57144],[81.26943,6.56826],[81.26967,6.56744],[81.27236,6.56722],[81.27191,6.56589],[81.27364,6.56468],[81.27064,6.56388],[81.26998,6.56299],[81.2724,6.5606],[81.27324,6.5611],[81.27306,6.55909],[81.27124,6.55906],[81.27043,6.55829],[81.26948,6.55899],[81.26872,6.55815],[81.27316,6.55716],[81.27356,6.55622],[81.27476,6.55674],[81.27374,6.55551],[81.27419,6.55401],[81.27203,6.5534],[81.27065,6.5544],[81.26938,6.5531],[81.27072,6.55168],[81.27201,6.55164],[81.27241,6.55046],[81.27512,6.55134],[81.27499,6.55029],[81.27598,6.5497],[81.2755,6.54882],[81.27662,6.54833],[81.27651,6.54531],[81.27417,6.5436],[81.27285,6.54421],[81.27125,6.54352],[81.27138,6.54228],[81.27274,6.54122],[81.27115,6.54046],[81.26898,6.54139],[81.26921,6.54028],[81.26683,6.54017],[81.26774,6.53915],[81.26672,6.53827],[81.2554,6.53595],[81.24989,6.58629]]]},"properties":{"name":"Weheragala Reservoir","kind":"reservoir","ha":898}},{"type":"Feature","geometry":{"type":"Polygon","coordinates":[[[80.99972,6.20435],[80.98567,6.19198],[80.9841,6.19227],[80.98465,6.19114],[80.98333,6.18993],[80.98236,6.19148],[80.98295,6.19288],[80.97815,6.19686],[80.97734,6.19645],[80.97663,6.19306],[80.97316,6.19133],[80.97006,6.19521],[80.96835,6.20331],[80.96513,6.20428],[80.96492,6.20573],[80.96618,6.20911],[80.96829,6.20895],[80.97007,6.20638],[80.9715,6.20593],[80.97228,6.20666],[80.97135,6.20872],[80.97377,6.20844],[80.97442,6.20926],[80.97303,6.21188],[80.97332,6.21247],[80.975,6.21172],[80.97501,6.21319],[80.97332,6.21471],[80.97402,6.21629],[80.97319,6.21812],[80.97062,6.21822],[80.97072,6.21973],[80.97203,6.22141],[80.97076,6.22549],[80.97255,6.22631],[80.97493,6.22224],[80.97763,6.22109],[80.97716,6.21837],[80.9782,6.21743],[80.98033,6.21834],[80.98079,6.21668],[80.98238,6.21624],[80.98201,6.21551],[80.98313,6.21334],[80.98497,6.21498],[80.98499,6.21661],[80.98295,6.22075],[80.98311,6.22489],[80.98353,6.22683],[80.98598,6.22882],[80.98676,6.22766],[80.98632,6.22622],[80.98703,6.22417],[80.9877,6.22348],[80.98999,6.2235],[80.98893,6.2219],[80.98954,6.22048],[80.99077,6.21958],[80.99229,6.21989],[80.99215,6.21701],[80.99347,6.21721],[80.99489,6.22091],[80.99595,6.22044],[80.99636,6.21881],[80.99856,6.21792],[80.9954,6.21357],[80.99736,6.21469],[81.00153,6.21509],[81.00148,6.21214],[81.00254,6.21127],[81.00242,6.2103],[80.99812,6.21059],[80.99694,6.20807],[81.00088,6.20775],[81.00027,6.2057],[80.99902,6.20532],[80.99972,6.20435]]]},"properties":{"name":"Ridiyagama Tank","kind":"reservoir","ha":891}},{"type":"Feature","geometry":{"type":"Polygon","coordinates":[[[80.99847,6.2033],[81.00053,6.20702],[80.997,6.20789],[80.99771,6.21011],[80.99971,6.21072],[81.0022,6.21027],[81.00303,6.21106],[81.00141,6.21216],[81.00121,6.21513],[80.99914,6.21425],[80.99703,6.21505],[80.99841,6.218],[80.99653,6.21857],[80.99576,6.22059],[80.99489,6.22084],[80.99353,6.21708],[80.99243,6.21678],[80.99232,6.21971],[80.99048,6.21958],[80.98914,6.22114],[80.9899,6.2236],[80.98768,6.22338],[80.98686,6.22439],[80.9866,6.22778],[80.98357,6.22734],[80.98257,6.22226],[80.98524,6.21571],[80.98483,6.21445],[80.98324,6.21352],[80.98199,6.21598],[80.98065,6.21668],[80.98039,6.21833],[80.97832,6.21754],[80.97748,6.21836],[80.97767,6.22103],[80.97569,6.22156],[80.97328,6.22443],[80.97311,6.22687],[80.97107,6.22604],[80.97213,6.22135],[80.97119,6.21935],[80.97343,6.21792],[80.97406,6.21597],[80.97348,6.21488],[80.97514,6.21355],[80.97541,6.21175],[80.97418,6.21086],[80.97402,6.20847],[80.97166,6.20889],[80.97209,6.20597],[80.97056,6.20593],[80.96879,6.20838],[80.96688,6.20929],[80.96693,6.20621],[80.96491,6.20515],[80.96572,6.20395],[80.96846,6.2032],[80.97009,6.19517],[80.9731,6.192],[80.97443,6.19189],[80.97715,6.19361],[80.97739,6.19637],[80.97825,6.19699],[80.97972,6.195],[80.98342,6.19236],[80.98558,6.19192],[80.99847,6.2033]]]},"properties":{"name":"Ridiyagama Reservoir","kind":"reservoir","ha":872}},{"type":"Feature","geometry":{"type":"Polygon","coordinates":[[[80.31516,9.30646],[80.3179,9.30334],[80.31788,9.2999],[80.31557,9.29807],[80.31876,9.29314],[80.31872,9.2877],[80.32208,9.27181],[80.32658,9.26931],[80.33089,9.27044],[80.33829,9.28574],[80.33454,9.2905],[80.33535,9.29522],[80.33801,9.29844],[80.34021,9.2993],[80.34831,9.29272],[80.35165,9.29884],[80.35015,9.30171],[80.3396,9.30622],[80.33646,9.3052],[80.33368,9.30628],[80.33216,9.30797],[80.31777,9.30585],[80.31543,9.3076],[80.31516,9.30646]]]},"properties":{"name":"Akkarayan Kulam","kind":"reservoir","ha":869}},{"type":"Feature","geometry":{"type":"Polygon","coordinates":[[[81.16351,8.71157],[81.16629,8.71028],[81.16725,8.71076],[81.16687,8.71274],[81.17005,8.71271],[81.17253,8.7114],[81.17369,8.70982],[81.17167,8.70998],[81.169,8.70884],[81.16695,8.7093],[81.16428,8.70786],[81.16426,8.70726],[81.16854,8.70848],[81.1707,8.70621],[81.17296,8.70941],[81.17352,8.7086],[81.17137,8.70039],[81.17211,8.69891],[81.17022,8.69517],[81.17077,8.69129],[81.16958,8.68877],[81.17117,8.68454],[81.17477,8.68126],[81.17588,8.68164],[81.17631,8.68326],[81.17919,8.68125],[81.18153,8.68084],[81.18353,8.68249],[81.18107,8.67943],[81.18163,8.67583],[81.17848,8.67421],[81.17542,8.67024],[81.17503,8.66781],[81.17616,8.66381],[81.18293,8.66307],[81.18978,8.66416],[81.18865,8.67212],[81.1912,8.67596],[81.19073,8.67799],[81.18565,8.6843],[81.18431,8.68323],[81.18555,8.68451],[81.18195,8.68911],[81.17918,8.69519],[81.17597,8.70329],[81.17559,8.70878],[81.17436,8.71084],[81.17136,8.71328],[81.16773,8.71407],[81.16509,8.71301],[81.16289,8.7146],[81.16362,8.71705],[81.16326,8.71505],[81.16391,8.71425],[81.16413,8.71641],[81.16619,8.71833],[81.16945,8.7264],[81.17465,8.72828],[81.17433,8.73249],[81.17489,8.73334],[81.1724,8.72959],[81.16746,8.72753],[81.16408,8.72893],[81.16076,8.7279],[81.15898,8.72813],[81.15675,8.72962],[81.15486,8.73255],[81.1508,8.73642],[81.14895,8.74044],[81.14608,8.74302],[81.145,8.7426],[81.14287,8.73897],[81.14132,8.73863],[81.13923,8.73544],[81.13709,8.7306],[81.13728,8.72615],[81.13835,8.72277],[81.1417,8.72312],[81.14137,8.72126],[81.14293,8.72018],[81.14394,8.72047],[81.14416,8.7214],[81.14252,8.7252],[81.1418,8.73383],[81.14428,8.73648],[81.14553,8.73631],[81.14563,8.73501],[81.15149,8.72893],[81.15577,8.72843],[81.1565,8.72752],[81.1573,8.72863],[81.15665,8.72728],[81.15859,8.72695],[81.16292,8.72799],[81.16584,8.72742],[81.16648,8.72578],[81.16485,8.72263],[81.16183,8.72018],[81.16109,8.71715],[81.16143,8.71501],[81.16351,8.71157]]]},"properties":{"name":"Periya Kulam","kind":"lagoon","ha":858}},{"type":"Feature","geometry":{"type":"Polygon","coordinates":[[[80.0349,6.27408],[80.03862,6.27316],[80.04104,6.27569],[80.04178,6.27456],[80.04112,6.27313],[80.04261,6.27137],[80.0408,6.26869],[80.04085,6.26671],[80.04208,6.26663],[80.04253,6.26844],[80.04466,6.26923],[80.04526,6.27293],[80.04383,6.27437],[80.04366,6.27667],[80.04576,6.27759],[80.04664,6.28106],[80.04931,6.28105],[80.04961,6.28177],[80.04978,6.28548],[80.04885,6.28774],[80.05094,6.28987],[80.05027,6.2921],[80.05109,6.29404],[80.04967,6.29583],[80.05154,6.29634],[80.05053,6.29682],[80.05053,6.2984],[80.04973,6.29838],[80.04852,6.29624],[80.04751,6.2976],[80.04846,6.2991],[80.04751,6.3034],[80.04814,6.30744],[80.0509,6.30991],[80.0524,6.30912],[80.05477,6.31144],[80.05729,6.31049],[80.05934,6.31084],[80.06018,6.31268],[80.06303,6.31426],[80.06421,6.31641],[80.06414,6.31575],[80.0662,6.31547],[80.06754,6.31614],[80.06679,6.31689],[80.0682,6.31751],[80.06778,6.31694],[80.06844,6.31666],[80.07004,6.3182],[80.07185,6.31738],[80.07381,6.31814],[80.07248,6.3169],[80.07086,6.31698],[80.06876,6.31579],[80.0684,6.31214],[80.06652,6.31312],[80.06496,6.31253],[80.06584,6.31163],[80.06735,6.30403],[80.06799,6.30336],[80.06909,6.30423],[80.06894,6.30895],[80.06747,6.31111],[80.06828,6.31024],[80.06879,6.3106],[80.06973,6.30608],[80.07422,6.30377],[80.07406,6.30311],[80.07233,6.30323],[80.07214,6.30176],[80.07369,6.29983],[80.07646,6.29893],[80.07692,6.29758],[80.06877,6.30077],[80.0682,6.30037],[80.06881,6.29868],[80.06756,6.29961],[80.06633,6.29935],[80.06626,6.29812],[80.06713,6.29738],[80.06471,6.2978],[80.06491,6.29682],[80.063,6.29545],[80.06349,6.29489],[80.06489,6.29547],[80.06399,6.29323],[80.06529,6.29475],[80.06638,6.29432],[80.06593,6.29289],[80.06691,6.29187],[80.07003,6.29212],[80.06971,6.29049],[80.07112,6.28988],[80.0751,6.29074],[80.07565,6.28924],[80.0733,6.28894],[80.07238,6.28723],[80.06976,6.289],[80.06904,6.28682],[80.06762,6.28966],[80.06537,6.29071],[80.06489,6.28943],[80.06542,6.2886],[80.06424,6.28843],[80.06331,6.2853],[80.06356,6.28323],[80.06604,6.28116],[80.06502,6.27991],[80.06339,6.27985],[80.06229,6.27749],[80.06366,6.27647],[80.05773,6.27143],[80.05665,6.27491],[80.05744,6.27594],[80.05804,6.27532],[80.05926,6.27604],[80.05834,6.27756],[80.05933,6.27861],[80.0579,6.27931],[80.05901,6.28005],[80.05857,6.28125],[80.05704,6.28147],[80.05455,6.27932],[80.05433,6.2775],[80.05584,6.27759],[80.05587,6.27547],[80.05497,6.27636],[80.05349,6.27609],[80.05351,6.27722],[80.0523,6.27475],[80.05126,6.27657],[80.05043,6.27666],[80.05093,6.27777],[80.05177,6.27781],[80.05096,6.2797],[80.04732,6.28107],[80.0461,6.27751],[80.04404,6.27695],[80.04414,6.27453],[80.04547,6.27293],[80.0452,6.26981],[80.04418,6.26849],[80.04277,6.26837],[80.04247,6.26587],[80.04296,6.265],[80.04504,6.26525],[80.04694,6.2642],[80.04791,6.26468],[80.04664,6.26288],[80.04735,6.26197],[80.04598,6.26071],[80.04807,6.2581],[80.04703,6.25663],[80.04805,6.25442],[80.05081,6.25445],[80.04937,6.2527],[80.05112,6.2519],[80.05121,6.24975],[80.05213,6.24887],[80.05174,6.24747],[80.05041,6.24801],[80.04829,6.25063],[80.04704,6.25079],[80.04689,6.25359],[80.04501,6.25646],[80.04507,6.25944],[80.04318,6.26227],[80.04364,6.26392],[80.04208,6.26533],[80.04206,6.26636],[80.04042,6.2667],[80.04047,6.26906],[80.04227,6.27132],[80.04095,6.27222],[80.04132,6.27518],[80.04073,6.27539],[80.03838,6.27253],[80.03451,6.27303],[80.03402,6.27326],[80.0349,6.27408]]]},"properties":{"name":"Madu Ganga","kind":"lake","ha":855}},{"type":"Feature","geometry":{"type":"Polygon","coordinates":[[[80.94381,6.44386],[80.94301,6.44461],[80.93914,6.4425],[80.93963,6.44465],[80.9416,6.4469],[80.94444,6.44843],[80.94248,6.45005],[80.94206,6.45204],[80.93796,6.45263],[80.93729,6.45093],[80.93692,6.45169],[80.93439,6.45084],[80.93515,6.45253],[80.93998,6.4551],[80.93929,6.46001],[80.93831,6.45972],[80.9373,6.46125],[80.93516,6.46145],[80.93535,6.46249],[80.93353,6.46343],[80.93361,6.46416],[80.93736,6.46387],[80.9388,6.46699],[80.93812,6.46826],[80.93619,6.46903],[80.93556,6.47112],[80.93713,6.47075],[80.93748,6.4714],[80.93554,6.47249],[80.93324,6.47611],[80.93439,6.47687],[80.93563,6.47649],[80.94042,6.47084],[80.94083,6.47235],[80.94222,6.47184],[80.94187,6.47006],[80.94301,6.46926],[80.94343,6.47084],[80.94418,6.47037],[80.94371,6.46814],[80.94228,6.46784],[80.94141,6.46487],[80.94252,6.46404],[80.94236,6.46157],[80.94396,6.46103],[80.94369,6.46011],[80.94489,6.45955],[80.94453,6.45848],[80.94731,6.46284],[80.94711,6.45698],[80.94981,6.45878],[80.94995,6.4579],[80.95204,6.45692],[80.94908,6.45613],[80.94737,6.453],[80.94954,6.45309],[80.9494,6.45177],[80.95027,6.45153],[80.9516,6.45302],[80.95131,6.44967],[80.95058,6.44979],[80.94973,6.44839],[80.95191,6.44679],[80.9511,6.44548],[80.95135,6.44426],[80.95359,6.44532],[80.95364,6.44217],[80.95485,6.44293],[80.9558,6.44558],[80.9572,6.44541],[80.95795,6.44629],[80.95702,6.4486],[80.95834,6.44923],[80.96037,6.44841],[80.96073,6.45035],[80.96011,6.45064],[80.96078,6.45166],[80.96207,6.45004],[80.96287,6.45021],[80.96252,6.44708],[80.96409,6.44719],[80.96189,6.44502],[80.9631,6.4445],[80.96251,6.44337],[80.96338,6.44303],[80.9654,6.44464],[80.96515,6.44535],[80.96718,6.44633],[80.96703,6.45103],[80.96592,6.45165],[80.96662,6.45444],[80.96569,6.45611],[80.96601,6.4571],[80.96955,6.4524],[80.97126,6.45311],[80.97182,6.4559],[80.97276,6.45606],[80.97343,6.45253],[80.96957,6.44982],[80.97,6.4478],[80.97083,6.4474],[80.97242,6.44901],[80.97355,6.44862],[80.97601,6.4506],[80.97624,6.45201],[80.97842,6.4516],[80.97858,6.45395],[80.98042,6.45326],[80.9812,6.45791],[80.98215,6.4579],[80.98411,6.45499],[80.98275,6.45123],[80.98105,6.45088],[80.97936,6.44817],[80.97707,6.44704],[80.9772,6.44604],[80.97607,6.44536],[80.97845,6.44372],[80.9828,6.44443],[80.98085,6.43992],[80.9803,6.44113],[80.97753,6.44015],[80.97779,6.43881],[80.97465,6.4401],[80.97004,6.43901],[80.96925,6.43804],[80.96727,6.43872],[80.96592,6.43684],[80.96393,6.4383],[80.96343,6.43643],[80.96164,6.43666],[80.9615,6.43455],[80.95896,6.43261],[80.94659,6.43347],[80.94607,6.43472],[80.94477,6.43467],[80.944,6.43591],[80.94147,6.43439],[80.9418,6.4374],[80.93955,6.43824],[80.93955,6.43886],[80.9431,6.44085],[80.94381,6.44386]]]},"properties":{"name":"Mau Ara","kind":"reservoir","ha":847}},{"type":"Feature","geometry":{"type":"Polygon","coordinates":[[[81.25373,8.19389],[81.25463,8.19084],[81.25648,8.19041],[81.25685,8.18808],[81.25787,8.18726],[81.2574,8.18388],[81.25793,8.18214],[81.25708,8.17879],[81.25773,8.1719],[81.25343,8.16571],[81.25025,8.16553],[81.24736,8.16143],[81.24836,8.15401],[81.25098,8.14958],[81.25053,8.1484],[81.25187,8.14743],[81.25376,8.14376],[81.25418,8.14143],[81.25204,8.13971],[81.2504,8.13986],[81.24931,8.14093],[81.24846,8.1398],[81.24755,8.14003],[81.24694,8.13784],[81.24238,8.1336],[81.23998,8.1358],[81.23883,8.13846],[81.237,8.13756],[81.23522,8.13934],[81.23196,8.13611],[81.22502,8.13491],[81.22008,8.12969],[81.22023,8.12592],[81.22178,8.12409],[81.25373,8.19389]]]},"properties":{"name":null,"kind":"river","ha":842}},{"type":"Feature","geometry":{"type":"Polygon","coordinates":[[[80.2442,9.42089],[80.25006,9.42169],[80.25491,9.42421],[80.25689,9.42404],[80.25857,9.42559],[80.25736,9.42757],[80.25489,9.42926],[80.25418,9.43114],[80.25184,9.43286],[80.25007,9.43184],[80.24654,9.4322],[80.24536,9.43281],[80.24557,9.43486],[80.24416,9.43713],[80.24241,9.43686],[80.23983,9.43885],[80.24639,9.43782],[80.24814,9.43518],[80.25057,9.43621],[80.25604,9.43488],[80.25656,9.43548],[80.25558,9.43903],[80.25062,9.43814],[80.24728,9.44095],[80.24642,9.44267],[80.2412,9.44395],[80.2427,9.44192],[80.24126,9.44234],[80.23998,9.44429],[80.23497,9.44709],[80.23488,9.44551],[80.23654,9.44396],[80.23586,9.44327],[80.22869,9.44608],[80.22617,9.44823],[80.2215,9.44941],[80.21605,9.45361],[80.21604,9.45483],[80.21185,9.45664],[80.21052,9.46063],[80.2181,9.45749],[80.23097,9.44881],[80.23656,9.4484],[80.23894,9.44657],[80.24004,9.44732],[80.24625,9.44754],[80.24649,9.44648],[80.24551,9.44657],[80.24502,9.44461],[80.25018,9.44522],[80.25077,9.44381],[80.25033,9.44165],[80.2515,9.44072],[80.25569,9.44178],[80.25831,9.44137],[80.25695,9.44281],[80.25757,9.4451],[80.26215,9.4437],[80.26224,9.44183],[80.26312,9.44087],[80.26494,9.44111],[80.26659,9.43877],[80.27117,9.4371],[80.27296,9.43892],[80.27618,9.43558],[80.2768,9.43277],[80.27558,9.43051],[80.27143,9.42973],[80.27176,9.42762],[80.27088,9.42476],[80.26847,9.4262],[80.26892,9.42383],[80.26832,9.42097],[80.2627,9.42398],[80.26126,9.4236],[80.26098,9.41818],[80.25815,9.41689],[80.26092,9.41016],[80.26049,9.40599],[80.258,9.40601],[80.25427,9.40932],[80.25831,9.40972],[80.25499,9.41528],[80.25897,9.42019],[80.25534,9.42121],[80.24007,9.41736],[80.23644,9.41736],[80.23587,9.41802],[80.22807,9.41735],[80.22803,9.42067],[80.22883,9.42025],[80.2322,9.42142],[80.23734,9.42186],[80.2442,9.42089]]]},"properties":{"name":null,"kind":"water","ha":831}},{"type":"Feature","geometry":{"type":"Polygon","coordinates":[[[80.59288,7.06164],[80.58887,7.06395],[80.58319,7.06445],[80.5789,7.07313],[80.57411,7.0771],[80.57292,7.08194],[80.57049,7.08399],[80.5618,7.07813],[80.55971,7.07842],[80.55838,7.081],[80.55681,7.08994],[80.55768,7.09351],[80.55831,7.09462],[80.56425,7.09777],[80.56551,7.10115],[80.56544,7.10432],[80.57004,7.10485],[80.57228,7.10734],[80.57333,7.11039],[80.59288,7.06164]]]},"properties":{"name":null,"kind":"river","ha":814}},{"type":"Feature","geometry":{"type":"Polygon","coordinates":[[[81.61717,7.09664],[81.6225,7.097],[81.62431,7.09516],[81.627,7.10025],[81.628,7.1],[81.62575,7.09675],[81.626,7.095],[81.627,7.094],[81.629,7.0945],[81.63,7.093],[81.6305,7.094],[81.63225,7.08975],[81.633,7.09075],[81.63425,7.0905],[81.633,7.0895],[81.63325,7.0885],[81.63525,7.08825],[81.63625,7.087],[81.638,7.08725],[81.63935,7.08468],[81.64466,7.08265],[81.6457,7.08181],[81.64644,7.07888],[81.64381,7.07851],[81.63907,7.07973],[81.63923,7.07532],[81.63742,7.07976],[81.63574,7.07954],[81.63565,7.07785],[81.63769,7.07604],[81.63643,7.07598],[81.63673,7.07377],[81.63565,7.07447],[81.63413,7.07419],[81.63488,7.07277],[81.63445,7.07176],[81.63346,7.07327],[81.63298,7.07257],[81.63325,7.07475],[81.63171,7.0752],[81.63069,7.07442],[81.63104,7.0723],[81.63054,7.07248],[81.63048,7.07148],[81.62808,7.07422],[81.6276,7.07123],[81.62644,7.07332],[81.62429,7.07374],[81.62367,7.07275],[81.62453,7.07215],[81.62286,7.06942],[81.62177,7.07156],[81.62098,7.07094],[81.62154,7.06992],[81.61904,7.06872],[81.61808,7.0694],[81.61653,7.06561],[81.61308,7.06833],[81.61261,7.0664],[81.61169,7.06605],[81.60911,7.06995],[81.60645,7.06977],[81.60586,7.07059],[81.61717,7.09664]]]},"properties":{"name":"Pannalgama Tank","kind":"water","ha":795}},{"type":"Feature","geometry":{"type":"Polygon","coordinates":[[[81.51843,7.81761],[81.51679,7.81665],[81.51786,7.81477],[81.5211,7.81434],[81.52036,7.81396],[81.52079,7.81332],[81.51841,7.81229],[81.51902,7.81137],[81.51679,7.81156],[81.51578,7.81279],[81.51401,7.81329],[81.51302,7.80801],[81.50915,7.80687],[81.50752,7.80742],[81.50975,7.80984],[81.51064,7.81422],[81.51453,7.81883],[81.5114,7.82609],[81.5133,7.83105],[81.53071,7.82711],[81.53226,7.82747],[81.53119,7.83091],[81.53271,7.83252],[81.53516,7.83311],[81.53932,7.83099],[81.54089,7.82705],[81.54675,7.82777],[81.54532,7.83188],[81.54149,7.8334],[81.53944,7.83551],[81.539,7.84156],[81.53569,7.84907],[81.52979,7.85789],[81.5274,7.86008],[81.52511,7.85914],[81.52442,7.85767],[81.52107,7.85789],[81.52064,7.85856],[81.52229,7.85949],[81.5215,7.86109],[81.52297,7.85821],[81.52385,7.85806],[81.52424,7.86324],[81.52277,7.86447],[81.52045,7.86457],[81.52049,7.86661],[81.52125,7.86622],[81.52099,7.86523],[81.52219,7.86577],[81.52206,7.86508],[81.52365,7.86445],[81.52678,7.86434],[81.5267,7.86329],[81.53403,7.85793],[81.53947,7.84738],[81.54072,7.84639],[81.54081,7.84748],[81.54264,7.84864],[81.54233,7.85185],[81.54342,7.85023],[81.5458,7.84961],[81.54548,7.84545],[81.54431,7.84516],[81.54284,7.84314],[81.54163,7.84356],[81.54089,7.84243],[81.54288,7.8397],[81.54847,7.83565],[81.55109,7.83209],[81.55134,7.82709],[81.5452,7.82147],[81.54393,7.81885],[81.54036,7.81733],[81.5383,7.81941],[81.53719,7.81904],[81.53618,7.81968],[81.53539,7.81876],[81.5337,7.82012],[81.53397,7.82102],[81.53054,7.82051],[81.52882,7.82085],[81.52796,7.82187],[81.52631,7.81896],[81.52642,7.81659],[81.52591,7.81727],[81.52302,7.81503],[81.5223,7.81676],[81.51977,7.81612],[81.51843,7.81761]]]},"properties":{"name":null,"kind":"river","ha":789}},{"type":"Feature","geometry":{"type":"Polygon","coordinates":[[[81.05667,7.51286],[81.05665,7.5271],[81.05741,7.5272],[81.05843,7.5251],[81.05922,7.52554],[81.06062,7.52299],[81.06009,7.52235],[81.06122,7.51801],[81.06219,7.51762],[81.06325,7.51875],[81.06217,7.52129],[81.06277,7.5216],[81.0625,7.5245],[81.06583,7.52142],[81.06613,7.52293],[81.06687,7.52258],[81.0686,7.51868],[81.0695,7.51919],[81.07011,7.51864],[81.0689,7.5178],[81.06896,7.51656],[81.07087,7.5173],[81.07132,7.51874],[81.07059,7.51913],[81.07205,7.52186],[81.07096,7.52283],[81.07175,7.52276],[81.0707,7.52563],[81.071,7.52625],[81.07175,7.5255],[81.07203,7.52827],[81.07332,7.52856],[81.07375,7.52686],[81.07486,7.5275],[81.07525,7.527],[81.075,7.525],[81.0765,7.52375],[81.07672,7.51972],[81.07557,7.51886],[81.07747,7.5148],[81.07837,7.51479],[81.07903,7.51639],[81.07963,7.51541],[81.08074,7.51549],[81.0815,7.51675],[81.08031,7.51738],[81.08182,7.51731],[81.082,7.51925],[81.08543,7.51815],[81.08631,7.51946],[81.0863,7.5243],[81.087,7.52511],[81.0875,7.52225],[81.08915,7.51958],[81.09098,7.52034],[81.09281,7.52368],[81.09375,7.523],[81.09432,7.52361],[81.095,7.5225],[81.09385,7.51877],[81.0916,7.51608],[81.0935,7.5155],[81.09475,7.51625],[81.09525,7.51525],[81.0966,7.51572],[81.09966,7.51443],[81.09873,7.51344],[81.09625,7.513],[81.09663,7.51032],[81.09525,7.51001],[81.09,7.512],[81.087,7.51025],[81.08596,7.51085],[81.08606,7.51238],[81.08531,7.51164],[81.08466,7.51201],[81.08519,7.50996],[81.0838,7.50653],[81.08435,7.50439],[81.08172,7.50388],[81.0804,7.50238],[81.08115,7.50596],[81.07848,7.50989],[81.0778,7.50982],[81.07679,7.50589],[81.076,7.50875],[81.07538,7.50639],[81.07368,7.50618],[81.07533,7.50422],[81.07412,7.50134],[81.0731,7.50307],[81.0714,7.50247],[81.07229,7.50506],[81.06856,7.5041],[81.06887,7.5001],[81.0685,7.50093],[81.066,7.5],[81.06703,7.49595],[81.06269,7.49817],[81.06113,7.49497],[81.05925,7.49695],[81.05835,7.49546],[81.05748,7.49589],[81.05686,7.49756],[81.05667,7.51286]]]},"properties":{"name":"Rathkinda Reservoir","kind":"reservoir","ha":785}},{"type":"Feature","geometry":{"type":"Polygon","coordinates":[[[81.82879,7.09309],[81.83156,7.09415],[81.83494,7.09195],[81.83669,7.09448],[81.84082,7.09584],[81.84142,7.09519],[81.84222,7.09565],[81.846,7.0947],[81.84643,7.09345],[81.84357,7.09053],[81.84167,7.08579],[81.8423,7.08028],[81.84316,7.07927],[81.84509,7.07888],[81.84638,7.07958],[81.84965,7.08516],[81.84938,7.08705],[81.84927,7.08602],[81.84827,7.08633],[81.84786,7.08444],[81.84668,7.08497],[81.8491,7.09123],[81.85149,7.0917],[81.85456,7.08874],[81.8567,7.08795],[81.85824,7.08874],[81.85822,7.09059],[81.85776,7.08974],[81.8579,7.0916],[81.85644,7.09036],[81.85848,7.09341],[81.86015,7.09321],[81.85925,7.09061],[81.85946,7.08793],[81.85631,7.08648],[81.85351,7.08711],[81.8512,7.08644],[81.854,7.08766],[81.85088,7.09006],[81.85231,7.0897],[81.85129,7.09096],[81.84897,7.08995],[81.85044,7.08625],[81.85027,7.08455],[81.84744,7.07929],[81.8477,7.07657],[81.84698,7.07504],[81.85035,7.07266],[81.85252,7.0688],[81.85243,7.07086],[81.85907,7.06811],[81.85947,7.06672],[81.86064,7.06642],[81.86327,7.06366],[81.86511,7.05926],[81.86407,7.05675],[81.86194,7.05566],[81.85436,7.05659],[81.8545,7.05399],[81.85197,7.05193],[81.85019,7.04619],[81.85248,7.04044],[81.85174,7.03871],[81.84781,7.03867],[81.84483,7.04101],[81.83929,7.0429],[81.83829,7.0459],[81.83934,7.04914],[81.83752,7.05097],[81.83854,7.05496],[81.83713,7.05855],[81.83796,7.06061],[81.84039,7.06182],[81.84295,7.0607],[81.84631,7.06237],[81.84976,7.06072],[81.85222,7.06073],[81.85245,7.06163],[81.85011,7.06403],[81.85098,7.06937],[81.84954,7.07217],[81.8481,7.07267],[81.84645,7.07545],[81.84493,7.07449],[81.84356,7.07573],[81.8438,7.07679],[81.84656,7.07655],[81.84701,7.07831],[81.84504,7.07748],[81.84151,7.07857],[81.8404,7.08062],[81.83845,7.08015],[81.83789,7.08179],[81.83865,7.08523],[81.83689,7.08611],[81.83739,7.08764],[81.83466,7.08686],[81.83715,7.08775],[81.83526,7.08816],[81.83475,7.09031],[81.83298,7.08783],[81.83352,7.08553],[81.82964,7.08297],[81.82977,7.08388],[81.83279,7.08606],[81.83285,7.08814],[81.83429,7.08985],[81.82906,7.08766],[81.82867,7.08887],[81.8295,7.09008],[81.82835,7.09063],[81.82797,7.0919],[81.82879,7.09309]]]},"properties":{"name":null,"kind":"lagoon","ha":771}},{"type":"Feature","geometry":{"type":"Polygon","coordinates":[[[81.48516,7.64637],[81.48793,7.6453],[81.48694,7.64144],[81.48775,7.63906],[81.4868,7.63675],[81.49111,7.62833],[81.48862,7.62404],[81.48779,7.6209],[81.48534,7.61825],[81.48111,7.62008],[81.47504,7.62648],[81.4746,7.62748],[81.47525,7.62984],[81.47699,7.6302],[81.47826,7.63222],[81.47767,7.63378],[81.47622,7.63341],[81.47424,7.63054],[81.47065,7.63248],[81.47047,7.63599],[81.47201,7.63914],[81.47534,7.64001],[81.47472,7.6436],[81.47025,7.64654],[81.46736,7.64603],[81.46564,7.64381],[81.46401,7.6439],[81.4643,7.64527],[81.47565,7.6609],[81.47822,7.66207],[81.47829,7.66461],[81.47914,7.66476],[81.47939,7.66338],[81.48057,7.66316],[81.48179,7.66403],[81.48189,7.66531],[81.4839,7.66624],[81.48457,7.66451],[81.48345,7.65821],[81.48093,7.6519],[81.48337,7.65248],[81.48447,7.65131],[81.48602,7.65308],[81.48847,7.65234],[81.49235,7.65349],[81.49328,7.65275],[81.49113,7.64809],[81.48516,7.64637]]]},"properties":{"name":"Rugam Wewa","kind":"reservoir","ha":771}},{"type":"Feature","geometry":{"type":"Polygon","coordinates":[[[80.56906,6.83622],[80.5697,6.83591],[80.56957,6.83751],[80.57135,6.83763],[80.56995,6.83733],[80.56966,6.83545],[80.56867,6.83559],[80.56956,6.83357],[80.56871,6.83119],[80.56714,6.83201],[80.56628,6.83372],[80.56425,6.83072],[80.56332,6.83062],[80.56515,6.82973],[80.56502,6.8288],[80.56669,6.82771],[80.56632,6.82687],[80.56719,6.82634],[80.56447,6.82608],[80.56427,6.82492],[80.56572,6.82448],[80.56781,6.82621],[80.56864,6.82442],[80.56632,6.82379],[80.56835,6.82308],[80.56911,6.82193],[80.56867,6.82117],[80.56551,6.82215],[80.5651,6.82096],[80.56484,6.82256],[80.56306,6.82206],[80.56192,6.82285],[80.56224,6.82359],[80.55933,6.8241],[80.55973,6.82277],[80.56078,6.8224],[80.56165,6.81928],[80.56291,6.81948],[80.56273,6.81827],[80.56382,6.81815],[80.56405,6.81633],[80.56479,6.81597],[80.56413,6.81555],[80.56731,6.81451],[80.56788,6.81319],[80.56803,6.8139],[80.56913,6.81269],[80.56996,6.81302],[80.56936,6.81138],[80.57038,6.8103],[80.56916,6.81088],[80.56854,6.80953],[80.56629,6.81052],[80.56579,6.80994],[80.56536,6.81175],[80.56434,6.81194],[80.56411,6.81061],[80.56316,6.81265],[80.56171,6.81212],[80.56136,6.81297],[80.56088,6.81168],[80.56269,6.80929],[80.56088,6.81011],[80.56185,6.80897],[80.55905,6.80924],[80.55924,6.80815],[80.55783,6.8084],[80.5584,6.80711],[80.55725,6.80645],[80.55669,6.80712],[80.55669,6.80606],[80.55586,6.80561],[80.55435,6.80628],[80.5543,6.80561],[80.55305,6.80571],[80.55119,6.80447],[80.55151,6.80357],[80.55039,6.80248],[80.55096,6.80175],[80.5492,6.80222],[80.54936,6.79899],[80.55106,6.79992],[80.55009,6.79885],[80.54863,6.79865],[80.54738,6.80077],[80.54319,6.79907],[80.54671,6.80287],[80.54604,6.80397],[80.54712,6.80426],[80.54828,6.80613],[80.54856,6.80839],[80.54972,6.80795],[80.54856,6.80952],[80.55003,6.80911],[80.55009,6.81131],[80.54908,6.81313],[80.54983,6.81384],[80.54949,6.81583],[80.55018,6.81686],[80.55169,6.81554],[80.5531,6.81694],[80.55204,6.81736],[80.55278,6.81733],[80.5536,6.81948],[80.54952,6.82425],[80.54803,6.82364],[80.54752,6.82426],[80.54649,6.82159],[80.54811,6.81856],[80.54786,6.81743],[80.54579,6.82008],[80.54448,6.8199],[80.54341,6.8227],[80.53961,6.8238],[80.53908,6.82524],[80.53695,6.82386],[80.53399,6.82491],[80.53319,6.82452],[80.53463,6.8254],[80.5368,6.82442],[80.53848,6.82549],[80.53897,6.82809],[80.53795,6.82965],[80.54005,6.82952],[80.54092,6.82843],[80.54334,6.83009],[80.54535,6.83015],[80.54555,6.82951],[80.54562,6.83042],[80.5479,6.83161],[80.54878,6.83317],[80.54835,6.83429],[80.54924,6.83494],[80.54828,6.83467],[80.5489,6.8355],[80.5486,6.83728],[80.54755,6.83713],[80.54676,6.8381],[80.54622,6.83928],[80.5468,6.84025],[80.54598,6.83977],[80.5452,6.84092],[80.54628,6.84111],[80.546,6.84204],[80.54428,6.84188],[80.54443,6.84287],[80.54275,6.84456],[80.54301,6.84576],[80.54022,6.84764],[80.54055,6.84864],[80.5398,6.84986],[80.54272,6.84918],[80.54327,6.84755],[80.54441,6.84732],[80.54555,6.84562],[80.54754,6.84539],[80.54757,6.84383],[80.54837,6.84413],[80.54902,6.84241],[80.54998,6.84174],[80.55099,6.84213],[80.55078,6.84121],[80.5521,6.84158],[80.55257,6.8404],[80.55305,6.8428],[80.55433,6.84132],[80.55425,6.84354],[80.555,6.84417],[80.55481,6.84304],[80.5558,6.84276],[80.55524,6.84057],[80.55775,6.84269],[80.55732,6.84125],[80.55877,6.84098],[80.55355,6.83916],[80.55435,6.83907],[80.55478,6.83744],[80.55724,6.8395],[80.55833,6.83919],[80.55912,6.83691],[80.55765,6.83883],[80.55541,6.83582],[80.55869,6.83357],[80.56048,6.83127],[80.56207,6.83121],[80.56235,6.83228],[80.56459,6.83385],[80.56409,6.83435],[80.56602,6.83495],[80.5681,6.83744],[80.56778,6.83657],[80.56906,6.83622]]]},"properties":{"name":"Maskeliya Reservoir","kind":"reservoir","ha":745}},{"type":"Feature","geometry":{"type":"Polygon","coordinates":[[[80.92962,8.12923],[80.93256,8.14712],[80.93125,8.15129],[80.93323,8.15302],[80.93202,8.15585],[80.93263,8.15652],[80.93202,8.15817],[80.93389,8.16006],[80.93382,8.16112],[80.93258,8.16206],[80.93394,8.16284],[80.933,8.16538],[80.93419,8.1674],[80.93333,8.16821],[80.93273,8.1676],[80.93089,8.16797],[80.93091,8.16977],[80.92998,8.16995],[80.92911,8.17203],[80.92804,8.17057],[80.92847,8.1675],[80.92516,8.16837],[80.9255,8.16578],[80.92732,8.16492],[80.92672,8.16345],[80.92586,8.16498],[80.92474,8.16482],[80.92367,8.16602],[80.92259,8.16941],[80.92176,8.16918],[80.92069,8.1706],[80.91999,8.16991],[80.91922,8.16743],[80.91801,8.16644],[80.91918,8.1633],[80.92118,8.16225],[80.9218,8.16082],[80.91822,8.16059],[80.91762,8.16018],[80.91821,8.15834],[80.91633,8.15854],[80.91613,8.15774],[80.9167,8.15508],[80.91944,8.15322],[80.91579,8.15437],[80.91469,8.15388],[80.9129,8.15536],[80.91251,8.15226],[80.91468,8.14895],[80.91103,8.14801],[80.91227,8.14666],[80.91218,8.14505],[80.91578,8.14438],[80.91478,8.14293],[80.91677,8.14087],[80.91856,8.1417],[80.91948,8.141],[80.91791,8.13857],[80.91682,8.13783],[80.91579,8.13821],[80.91611,8.13632],[80.91471,8.13452],[80.91699,8.1339],[80.91873,8.13443],[80.91956,8.13307],[80.92116,8.13315],[80.92198,8.13255],[80.92232,8.12933],[80.92418,8.12768],[80.92622,8.1276],[80.92962,8.12923]]]},"properties":{"name":null,"kind":"water","ha":735}},{"type":"Feature","geometry":{"type":"Polygon","coordinates":[[[80.92962,8.12923],[80.93256,8.14712],[80.93125,8.15129],[80.93323,8.15302],[80.93202,8.15585],[80.93263,8.15652],[80.93202,8.15817],[80.93389,8.16006],[80.93382,8.16112],[80.93258,8.16206],[80.93394,8.16284],[80.933,8.16538],[80.93419,8.1674],[80.93333,8.16821],[80.93273,8.1676],[80.93089,8.16797],[80.93091,8.16977],[80.92998,8.16995],[80.92911,8.17203],[80.92804,8.17057],[80.92847,8.1675],[80.92516,8.16837],[80.9255,8.16578],[80.92732,8.16492],[80.92672,8.16345],[80.92586,8.16498],[80.92474,8.16482],[80.92367,8.16602],[80.92259,8.16941],[80.92176,8.16918],[80.92069,8.1706],[80.91999,8.16991],[80.91922,8.16743],[80.91801,8.16644],[80.91918,8.1633],[80.92118,8.16225],[80.9218,8.16082],[80.91822,8.16059],[80.91762,8.16018],[80.91821,8.15834],[80.91633,8.15854],[80.91613,8.15774],[80.9167,8.15508],[80.91944,8.15322],[80.91579,8.15437],[80.91469,8.15388],[80.9129,8.15536],[80.91251,8.15226],[80.91468,8.14895],[80.91103,8.14801],[80.91227,8.14666],[80.91218,8.14505],[80.91578,8.14438],[80.91478,8.14293],[80.91677,8.14087],[80.91856,8.1417],[80.91948,8.141],[80.91791,8.13857],[80.91682,8.13783],[80.91579,8.13821],[80.91611,8.13632],[80.91471,8.13452],[80.91699,8.1339],[80.91873,8.13443],[80.91956,8.13307],[80.92116,8.13315],[80.92198,8.13255],[80.92232,8.12933],[80.92418,8.12768],[80.92622,8.1276],[80.92962,8.12923]]]},"properties":{"name":"Kaudulla Reservoir","kind":"reservoir","ha":735}},{"type":"Feature","geometry":{"type":"Polygon","coordinates":[[[80.15226,7.95159],[80.15403,7.95223],[80.1537,7.95279],[80.15211,7.95307],[80.15014,7.95537],[80.14764,7.95666],[80.14577,7.95556],[80.14507,7.95415],[80.14261,7.95426],[80.14057,7.95311],[80.13791,7.95333],[80.13507,7.95604],[80.13503,7.95383],[80.13329,7.95274],[80.12979,7.9334],[80.13119,7.93206],[80.13156,7.93031],[80.1292,7.9266],[80.13125,7.9238],[80.13324,7.92383],[80.13834,7.92957],[80.1397,7.92965],[80.14115,7.92807],[80.14253,7.92787],[80.14541,7.93005],[80.14798,7.92792],[80.14821,7.92678],[80.15359,7.92421],[80.15324,7.92513],[80.15403,7.92593],[80.15159,7.93115],[80.15246,7.93485],[80.15423,7.935],[80.15226,7.95159]]]},"properties":{"name":"Inginimitiya Reservoir","kind":"lake","ha":714}},{"type":"Feature","geometry":{"type":"Polygon","coordinates":[[[80.79734,6.64691],[80.79878,6.64809],[80.79833,6.64904],[80.79701,6.6493],[80.79714,6.65153],[80.79805,6.65216],[80.79714,6.65526],[80.79913,6.65634],[80.79833,6.65693],[80.79886,6.6583],[80.79749,6.65974],[80.7958,6.65946],[80.79481,6.66112],[80.79688,6.66161],[80.79713,6.66389],[80.79811,6.66437],[80.79649,6.66614],[80.79733,6.66773],[80.79593,6.66874],[80.7941,6.6687],[80.79555,6.67186],[80.79389,6.67298],[80.79346,6.67507],[80.79249,6.67556],[80.79594,6.67795],[80.79742,6.67716],[80.79853,6.68028],[80.79931,6.68036],[80.7954,6.68353],[80.7956,6.68626],[80.79667,6.68625],[80.79659,6.68725],[80.79759,6.68674],[80.79772,6.68798],[80.80066,6.68879],[80.80105,6.69061],[80.80333,6.69135],[80.80146,6.69145],[80.79974,6.6897],[80.79397,6.68939],[80.79481,6.68825],[80.79278,6.68721],[80.79341,6.68604],[80.79276,6.68512],[80.79309,6.68295],[80.79118,6.68254],[80.79038,6.68155],[80.79004,6.68338],[80.78919,6.68394],[80.78569,6.68428],[80.78552,6.6821],[80.78405,6.68266],[80.78453,6.68313],[80.78348,6.68404],[80.78462,6.68431],[80.78373,6.68568],[80.7852,6.68781],[80.78529,6.69037],[80.78744,6.69006],[80.78817,6.6912],[80.78687,6.69076],[80.78631,6.69174],[80.78467,6.6904],[80.78385,6.68712],[80.78251,6.68673],[80.7788,6.68987],[80.77958,6.69251],[80.77781,6.69439],[80.77847,6.69168],[80.77435,6.68985],[80.77336,6.69206],[80.77274,6.69069],[80.77093,6.69257],[80.76934,6.69264],[80.76725,6.69438],[80.76718,6.69596],[80.76893,6.69651],[80.76688,6.69626],[80.76645,6.69469],[80.76498,6.69494],[80.7647,6.69637],[80.76346,6.69721],[80.76262,6.69694],[80.76367,6.69588],[80.76361,6.6948],[80.76191,6.69471],[80.76283,6.69381],[80.76757,6.69244],[80.76883,6.6915],[80.76954,6.68986],[80.76871,6.68965],[80.76944,6.6889],[80.77139,6.68841],[80.77335,6.68661],[80.7743,6.6869],[80.77509,6.6855],[80.77343,6.68494],[80.77119,6.68653],[80.77067,6.68576],[80.76649,6.68627],[80.76698,6.68855],[80.76582,6.68919],[80.7644,6.68876],[80.76437,6.68825],[80.7666,6.68821],[80.76566,6.68671],[80.76403,6.68701],[80.76591,6.68456],[80.76469,6.68401],[80.76322,6.6857],[80.76249,6.68436],[80.76343,6.68461],[80.7654,6.68343],[80.7672,6.68424],[80.76831,6.68388],[80.76813,6.68467],[80.76968,6.68488],[80.76701,6.68068],[80.77004,6.68279],[80.77083,6.6845],[80.77186,6.68459],[80.77178,6.68379],[80.77265,6.6834],[80.77668,6.68317],[80.77826,6.67781],[80.77897,6.67845],[80.7816,6.6779],[80.78441,6.67861],[80.78308,6.67965],[80.78696,6.67993],[80.78725,6.68106],[80.79053,6.67931],[80.7937,6.67917],[80.79242,6.67764],[80.79054,6.67758],[80.78965,6.67596],[80.78972,6.67734],[80.78611,6.67804],[80.78643,6.67655],[80.78544,6.67722],[80.78286,6.67429],[80.78051,6.6739],[80.77964,6.67476],[80.78012,6.67259],[80.78272,6.67265],[80.78274,6.67189],[80.78122,6.67147],[80.78154,6.66878],[80.77981,6.66713],[80.78168,6.66821],[80.7826,6.67057],[80.78449,6.67101],[80.7846,6.67204],[80.78561,6.67169],[80.78608,6.67347],[80.78692,6.67197],[80.78806,6.67352],[80.79086,6.67325],[80.79177,6.67246],[80.79081,6.67201],[80.79258,6.67042],[80.79225,6.66945],[80.79088,6.66952],[80.79064,6.67096],[80.78944,6.67098],[80.79002,6.67068],[80.78952,6.67017],[80.78813,6.67054],[80.78936,6.66846],[80.78747,6.66737],[80.78949,6.66699],[80.78993,6.66597],[80.79149,6.6664],[80.79173,6.66751],[80.79273,6.66618],[80.79318,6.66675],[80.79409,6.66633],[80.79349,6.66484],[80.7944,6.66339],[80.79244,6.66274],[80.79214,6.66382],[80.79253,6.66183],[80.79172,6.66162],[80.78824,6.66286],[80.78777,6.66245],[80.78895,6.66041],[80.7871,6.65901],[80.78782,6.658],[80.79016,6.65962],[80.79561,6.65698],[80.7954,6.65551],[80.79358,6.65647],[80.79468,6.65504],[80.79367,6.65392],[80.79482,6.65414],[80.79317,6.65296],[80.79558,6.6528],[80.79577,6.65166],[80.79351,6.65076],[80.79325,6.64873],[80.79609,6.64667],[80.79245,6.64694],[80.79356,6.64454],[80.79331,6.64334],[80.79162,6.64345],[80.792,6.64242],[80.78993,6.64299],[80.7883,6.64178],[80.78676,6.64321],[80.78592,6.64193],[80.78637,6.64085],[80.78696,6.64006],[80.78897,6.64],[80.78969,6.63876],[80.78834,6.63721],[80.78552,6.63809],[80.7875,6.63588],[80.78849,6.63598],[80.78902,6.63425],[80.78586,6.63346],[80.78167,6.63632],[80.78112,6.63573],[80.77932,6.63674],[80.77789,6.63647],[80.77721,6.63757],[80.77626,6.63719],[80.77698,6.63641],[80.77645,6.63611],[80.77384,6.63751],[80.77193,6.63689],[80.76819,6.63811],[80.76772,6.63722],[80.76733,6.63849],[80.7682,6.64065],[80.76757,6.63966],[80.76573,6.64028],[80.76525,6.63879],[80.76186,6.63783],[80.75933,6.63842],[80.75878,6.63875],[80.76107,6.63975],[80.76157,6.64118],[80.75893,6.64278],[80.75776,6.64295],[80.75841,6.64212],[80.75573,6.63961],[80.75127,6.64478],[80.74817,6.645],[80.74725,6.64421],[80.75063,6.64369],[80.7542,6.63926],[80.75561,6.63884],[80.75667,6.6388],[80.75689,6.64005],[80.75895,6.6415],[80.75998,6.64098],[80.75746,6.63845],[80.75774,6.6377],[80.75592,6.63705],[80.75641,6.63562],[80.75717,6.6371],[80.75918,6.63721],[80.76057,6.63439],[80.76125,6.63469],[80.76004,6.63606],[80.76026,6.63717],[80.76194,6.63659],[80.7647,6.63778],[80.76697,6.63606],[80.76907,6.63614],[80.76931,6.63476],[80.76954,6.63608],[80.77038,6.63595],[80.77078,6.63411],[80.77143,6.63563],[80.77467,6.63549],[80.77552,6.6349],[80.77496,6.63222],[80.77685,6.63182],[80.7755,6.63274],[80.77568,6.63413],[80.77836,6.63491],[80.78074,6.63373],[80.78153,6.63403],[80.78566,6.63157],[80.78682,6.63214],[80.78807,6.63041],[80.78802,6.63223],[80.79036,6.63229],[80.79156,6.63361],[80.79267,6.63365],[80.78994,6.63563],[80.79193,6.63854],[80.79085,6.64014],[80.794,6.64081],[80.79474,6.64163],[80.79622,6.64137],[80.79693,6.64114],[80.79632,6.63887],[80.79829,6.63859],[80.79784,6.64291],[80.79619,6.64311],[80.79683,6.64478],[80.79865,6.64501],[80.79722,6.64581],[80.79734,6.64691]]]},"properties":{"name":"Samanalawewa Reservoir","kind":"reservoir","ha":695}},{"type":"Feature","geometry":{"type":"Polygon","coordinates":[[[81.3109,8.36224],[81.31118,8.3607],[81.30836,8.35509],[81.30813,8.35173],[81.30615,8.34725],[81.30627,8.33755],[81.30197,8.33722],[81.29954,8.33833],[81.29819,8.34032],[81.29494,8.34107],[81.29429,8.34362],[81.2912,8.34668],[81.29016,8.35108],[81.28867,8.35268],[81.29087,8.35357],[81.29313,8.36119],[81.29663,8.36237],[81.29697,8.36344],[81.29919,8.36358],[81.29903,8.36707],[81.30212,8.36844],[81.30208,8.36987],[81.30029,8.37208],[81.30078,8.37534],[81.29929,8.37573],[81.29925,8.37658],[81.30466,8.37961],[81.30632,8.38359],[81.30627,8.38598],[81.30802,8.38476],[81.31483,8.38419],[81.31515,8.38307],[81.30957,8.37775],[81.31074,8.3756],[81.31115,8.37199],[81.30721,8.37117],[81.30527,8.36644],[81.30956,8.36636],[81.3109,8.36224]]]},"properties":{"name":"Allai Reservoir","kind":"reservoir","ha":685}},{"type":"Feature","geometry":{"type":"Polygon","coordinates":[[[80.69863,7.88958],[80.69238,7.8807],[80.69176,7.87706],[80.69085,7.87613],[80.69228,7.87338],[80.69424,7.87166],[80.69503,7.86937],[80.69476,7.86794],[80.69148,7.86452],[80.69214,7.86323],[80.69148,7.86163],[80.69188,7.85942],[80.69364,7.85626],[80.69627,7.85788],[80.69616,7.86019],[80.69763,7.86144],[80.69802,7.86331],[80.69987,7.86239],[80.70076,7.86017],[80.70284,7.85924],[80.70464,7.86171],[80.70406,7.86385],[80.70491,7.86963],[80.70712,7.87214],[80.70964,7.87214],[80.71231,7.87367],[80.71417,7.88011],[80.71804,7.8817],[80.71893,7.88332],[80.71709,7.88451],[80.7164,7.88667],[80.71889,7.89116],[80.71659,7.89096],[80.71405,7.89188],[80.71357,7.88888],[80.71054,7.88781],[80.70811,7.88998],[80.70725,7.89267],[80.70472,7.89076],[80.70455,7.89378],[80.70327,7.89278],[80.70132,7.89285],[80.70173,7.89139],[80.69863,7.88958]]]},"properties":{"name":"Kandalama Tank","kind":"lake","ha":659}},{"type":"Feature","geometry":{"type":"Polygon","coordinates":[[[80.3117,8.04972],[80.3087,8.05457],[80.31008,8.05908],[80.30908,8.06148],[80.31129,8.06568],[80.31066,8.06595],[80.31142,8.07154],[80.31225,8.07225],[80.31238,8.07165],[80.31346,8.07188],[80.3143,8.07451],[80.31602,8.07638],[80.31633,8.07843],[80.31965,8.08021],[80.32101,8.08268],[80.32167,8.08257],[80.32186,8.0785],[80.32519,8.07707],[80.32375,8.07541],[80.32387,8.07374],[80.3216,8.07337],[80.32038,8.07206],[80.32139,8.07045],[80.32129,8.06842],[80.32236,8.06725],[80.32482,8.06905],[80.32507,8.0665],[80.32604,8.06568],[80.32466,8.06385],[80.32574,8.06344],[80.32638,8.06154],[80.33125,8.06465],[80.33063,8.05886],[80.3326,8.05598],[80.33551,8.05457],[80.33821,8.05436],[80.33683,8.05143],[80.33854,8.04974],[80.34176,8.04909],[80.3407,8.04743],[80.34111,8.04626],[80.339,8.04511],[80.33872,8.04094],[80.33769,8.03966],[80.3366,8.03957],[80.33207,8.04691],[80.32982,8.04531],[80.32862,8.04758],[80.3257,8.0478],[80.32353,8.05081],[80.32146,8.05131],[80.32109,8.05351],[80.31848,8.0532],[80.31829,8.05487],[80.31605,8.05832],[80.31402,8.05462],[80.31507,8.04993],[80.31789,8.04679],[80.31497,8.04718],[80.3117,8.04972]]]},"properties":{"name":"Usgala Siyambalangamuwa Tank","kind":"reservoir","ha":658}},{"type":"Feature","geometry":{"type":"Polygon","coordinates":[[[81.70262,7.15102],[81.70379,7.1484],[81.70213,7.14757],[81.70171,7.1484],[81.70179,7.14645],[81.7002,7.14753],[81.69928,7.14649],[81.70165,7.14561],[81.69928,7.14271],[81.7015,7.14215],[81.69927,7.13938],[81.70112,7.13713],[81.7022,7.13451],[81.70166,7.13361],[81.69697,7.1357],[81.69457,7.13432],[81.69436,7.13562],[81.6925,7.1375],[81.6925,7.14],[81.69149,7.13862],[81.6915,7.136],[81.6865,7.13225],[81.68575,7.13575],[81.6845,7.136],[81.6845,7.137],[81.68619,7.13776],[81.68609,7.13859],[81.68534,7.13925],[81.68336,7.13887],[81.6821,7.14018],[81.684,7.141],[81.683,7.141],[81.68575,7.1445],[81.6875,7.145],[81.68425,7.1465],[81.68525,7.14775],[81.6865,7.1475],[81.68475,7.149],[81.68475,7.15],[81.68625,7.15],[81.68625,7.15125],[81.69025,7.14975],[81.69175,7.15075],[81.6915,7.15225],[81.6885,7.15225],[81.68875,7.15375],[81.68575,7.15525],[81.6865,7.1565],[81.689,7.157],[81.6885,7.15825],[81.68725,7.15825],[81.687,7.1595],[81.686,7.15975],[81.68275,7.1585],[81.68202,7.15608],[81.68092,7.15666],[81.68053,7.15575],[81.67942,7.15611],[81.67495,7.15348],[81.67404,7.15442],[81.6749,7.1564],[81.67607,7.1585],[81.67774,7.15919],[81.67594,7.16025],[81.67529,7.16177],[81.67749,7.16275],[81.67947,7.16266],[81.68009,7.16504],[81.68227,7.1634],[81.68351,7.16373],[81.68245,7.16495],[81.68223,7.16693],[81.68376,7.16583],[81.68533,7.16814],[81.68697,7.16624],[81.68832,7.17024],[81.69135,7.16674],[81.69272,7.16709],[81.69358,7.16963],[81.69541,7.16783],[81.69768,7.16866],[81.6985,7.16725],[81.69813,7.16624],[81.69571,7.16409],[81.6945,7.164],[81.693,7.16181],[81.69496,7.16226],[81.69514,7.16128],[81.6961,7.16285],[81.69734,7.16174],[81.69949,7.15652],[81.70157,7.15452],[81.70262,7.15102]]]},"properties":{"name":"Ambalan Oya Reservoir","kind":"reservoir","ha":656}},{"type":"Feature","geometry":{"type":"Polygon","coordinates":[[[80.9495,8.61555],[80.95005,8.61416],[80.95412,8.61451],[80.95372,8.61618],[80.95528,8.61634],[80.95532,8.61795],[80.95615,8.6173],[80.95576,8.61845],[80.9566,8.61895],[80.95496,8.61881],[80.95501,8.62154],[80.9544,8.62273],[80.95345,8.62265],[80.95284,8.61981],[80.95111,8.6194],[80.95186,8.61855],[80.95094,8.61774],[80.95087,8.61624],[80.95006,8.61668],[80.94987,8.61578],[80.9492,8.61601],[80.94933,8.61746],[80.94853,8.61831],[80.94957,8.61943],[80.94684,8.61929],[80.94564,8.62031],[80.94584,8.61759],[80.94715,8.61732],[80.94699,8.61626],[80.94576,8.61625],[80.94553,8.61714],[80.94294,8.61657],[80.94364,8.61507],[80.94426,8.61538],[80.94527,8.61446],[80.94283,8.61449],[80.94184,8.61378],[80.94279,8.61326],[80.94362,8.6111],[80.94632,8.61195],[80.94342,8.60955],[80.94236,8.6096],[80.94271,8.60855],[80.94532,8.6083],[80.94642,8.607],[80.94508,8.60656],[80.94535,8.60431],[80.94464,8.60323],[80.94771,8.60287],[80.95076,8.60604],[80.95151,8.60599],[80.95028,8.60143],[80.94847,8.59933],[80.9495,8.59641],[80.94563,8.59535],[80.94487,8.59426],[80.94536,8.59364],[80.94399,8.59367],[80.94437,8.59287],[80.94134,8.5908],[80.94199,8.58962],[80.94076,8.58955],[80.93942,8.58632],[80.93656,8.58691],[80.93609,8.58635],[80.93796,8.58499],[80.93822,8.5832],[80.94033,8.5822],[80.94369,8.58554],[80.94731,8.58594],[80.94731,8.5868],[80.94828,8.58582],[80.94888,8.58726],[80.94996,8.58736],[80.94881,8.58459],[80.95007,8.58378],[80.95033,8.58228],[80.94871,8.5734],[80.9495,8.57099],[80.94909,8.57017],[80.95174,8.56632],[80.95288,8.5675],[80.95389,8.56714],[80.95407,8.56529],[80.95618,8.56712],[80.95443,8.56842],[80.95432,8.56986],[80.9561,8.56978],[80.9554,8.57171],[80.95365,8.57166],[80.95404,8.57473],[80.95492,8.575],[80.95794,8.57288],[80.96053,8.57471],[80.96022,8.57587],[80.95844,8.57546],[80.95659,8.57691],[80.95777,8.57808],[80.95683,8.57968],[80.95788,8.58084],[80.95648,8.58286],[80.95765,8.59008],[80.96043,8.59206],[80.96049,8.59315],[80.95829,8.59314],[80.95759,8.59475],[80.95737,8.59782],[80.95822,8.59666],[80.95839,8.60011],[80.95787,8.60384],[80.95675,8.60479],[80.95655,8.60616],[80.95732,8.60733],[80.95727,8.60999],[80.95544,8.60852],[80.95355,8.60974],[80.95381,8.61422],[80.95032,8.61393],[80.94642,8.61202],[80.94891,8.61366],[80.9495,8.61555]]]},"properties":{"name":"Maha Divul Wewa","kind":"reservoir","ha":651}},{"type":"Feature","geometry":{"type":"Polygon","coordinates":[[[81.49954,6.96445],[81.49985,6.96659],[81.49831,6.96695],[81.49783,6.96491],[81.49701,6.96654],[81.49613,6.96619],[81.49599,6.96364],[81.49494,6.96497],[81.49426,6.96441],[81.49327,6.96176],[81.49306,6.96273],[81.49115,6.96254],[81.49158,6.96576],[81.49327,6.96664],[81.49323,6.96895],[81.4941,6.96821],[81.49518,6.96998],[81.49638,6.96869],[81.49839,6.96956],[81.49922,6.97112],[81.5012,6.9714],[81.50014,6.97367],[81.49774,6.97269],[81.49591,6.97088],[81.49552,6.97402],[81.495,6.97441],[81.49356,6.97337],[81.49336,6.97528],[81.49114,6.97557],[81.48987,6.97477],[81.49041,6.9754],[81.48852,6.97631],[81.48797,6.97601],[81.48847,6.97496],[81.48738,6.97472],[81.48755,6.97683],[81.4862,6.97841],[81.48799,6.97697],[81.48976,6.97763],[81.49131,6.98056],[81.49046,6.98111],[81.48891,6.98057],[81.4863,6.98247],[81.48778,6.98347],[81.486,6.98556],[81.48539,6.98541],[81.48513,6.98798],[81.487,6.98857],[81.48746,6.98619],[81.4888,6.98709],[81.48975,6.98581],[81.49146,6.98714],[81.49012,6.98809],[81.48955,6.98994],[81.49347,6.98824],[81.49433,6.98994],[81.49563,6.98806],[81.49593,6.992],[81.49719,6.99258],[81.49723,6.99031],[81.49791,6.99038],[81.49793,6.99214],[81.49986,6.99407],[81.50129,6.99232],[81.50163,6.98854],[81.50276,6.98831],[81.50368,6.99266],[81.50145,6.99286],[81.5016,6.99541],[81.5005,6.99556],[81.49973,6.99759],[81.50143,6.99599],[81.50365,6.99584],[81.50219,6.99682],[81.50254,7.00053],[81.50176,7.00148],[81.5035,7.00072],[81.50344,6.99822],[81.5047,6.99786],[81.50503,6.99902],[81.50571,6.9987],[81.50688,7.00023],[81.50664,7.0008],[81.50795,7.00059],[81.50855,7.00234],[81.50974,7.00261],[81.50919,7.00378],[81.5099,7.00355],[81.51022,7.00447],[81.5109,7.00357],[81.51198,7.00468],[81.51279,7.00423],[81.51133,7.0024],[81.51422,7.00246],[81.5098,7.00057],[81.50904,6.99948],[81.50948,6.9988],[81.50881,6.99882],[81.50716,6.99605],[81.51185,6.99637],[81.51381,6.99576],[81.51047,6.99497],[81.50809,6.99321],[81.50996,6.99196],[81.51062,6.99231],[81.51087,6.99147],[81.51005,6.99057],[81.5075,6.99115],[81.50825,6.99064],[81.50762,6.98959],[81.50845,6.98918],[81.50803,6.98714],[81.50877,6.98707],[81.50854,6.98613],[81.50765,6.98612],[81.50766,6.98503],[81.50688,6.98507],[81.5065,6.98343],[81.5083,6.98244],[81.50881,6.98492],[81.50989,6.98511],[81.51005,6.98445],[81.51079,6.98518],[81.51112,6.988],[81.51188,6.98714],[81.51424,6.99006],[81.51581,6.98948],[81.51435,6.9883],[81.5125,6.98444],[81.51104,6.98373],[81.5129,6.9824],[81.51178,6.98273],[81.51033,6.98149],[81.51053,6.98059],[81.50915,6.98008],[81.51011,6.97958],[81.50872,6.97702],[81.50932,6.9765],[81.50997,6.9775],[81.50968,6.97625],[81.51131,6.97534],[81.51108,6.97462],[81.50597,6.969],[81.50472,6.96585],[81.50294,6.96651],[81.50102,6.9638],[81.49954,6.96445]]]},"properties":{"name":"Muthukandiya Wewa","kind":"reservoir","ha":649}},{"type":"Feature","geometry":{"type":"Polygon","coordinates":[[[81.7364,7.23146],[81.73438,7.23109],[81.73225,7.23295],[81.7305,7.2355],[81.7305,7.2375],[81.7265,7.2355],[81.7225,7.2385],[81.7224,7.2414],[81.72458,7.24084],[81.72781,7.24407],[81.72607,7.2474],[81.72823,7.24657],[81.72826,7.24744],[81.72632,7.24811],[81.72569,7.24734],[81.72498,7.24835],[81.7235,7.24839],[81.72275,7.25025],[81.727,7.25475],[81.72757,7.25597],[81.72718,7.25911],[81.72819,7.26131],[81.72954,7.25773],[81.73125,7.25975],[81.73736,7.26003],[81.73931,7.25922],[81.74102,7.25765],[81.73969,7.25645],[81.74165,7.25473],[81.74149,7.25256],[81.7455,7.25275],[81.7465,7.252],[81.74425,7.24925],[81.74075,7.24925],[81.74,7.24675],[81.74125,7.245],[81.74275,7.2465],[81.74371,7.2463],[81.74764,7.23867],[81.74704,7.2374],[81.74969,7.2302],[81.74816,7.2295],[81.74746,7.22794],[81.74487,7.22834],[81.73988,7.23176],[81.739,7.23113],[81.7364,7.23146]]]},"properties":{"name":"Irakkamam Wewa","kind":"reservoir","ha":644}},{"type":"Feature","geometry":{"type":"Polygon","coordinates":[[[80.84305,6.515],[80.84392,6.51531],[80.84425,6.51339],[80.84647,6.51436],[80.84696,6.51311],[80.84844,6.51291],[80.84893,6.51359],[80.84916,6.51083],[80.84752,6.51212],[80.84552,6.5121],[80.84502,6.51035],[80.84402,6.51185],[80.84352,6.51135],[80.84077,6.51285],[80.84177,6.51185],[80.84152,6.51035],[80.84052,6.51035],[80.84052,6.50935],[80.83777,6.50785],[80.84077,6.5071],[80.84127,6.5076],[80.84277,6.5051],[80.84152,6.5061],[80.84002,6.50585],[80.83927,6.50535],[80.83977,6.50285],[80.83877,6.50235],[80.83752,6.5036],[80.83402,6.50185],[80.83502,6.50035],[80.83427,6.49735],[80.83527,6.49685],[80.83652,6.49759],[80.83677,6.49685],[80.83627,6.49585],[80.83377,6.49559],[80.83452,6.4946],[80.83277,6.49134],[80.83727,6.49435],[80.83827,6.49409],[80.83852,6.4931],[80.83702,6.49259],[80.83727,6.4901],[80.83652,6.49059],[80.83477,6.48885],[80.83477,6.48759],[80.83702,6.4881],[80.83602,6.48534],[80.83902,6.48609],[80.83827,6.48435],[80.83902,6.48334],[80.84002,6.48384],[80.84127,6.48309],[80.84202,6.48435],[80.84277,6.48334],[80.84427,6.48309],[80.84277,6.48234],[80.84252,6.47985],[80.84027,6.4806],[80.83902,6.47785],[80.83677,6.47609],[80.84177,6.47785],[80.84052,6.47234],[80.84327,6.47335],[80.84252,6.47084],[80.84277,6.47009],[80.84377,6.47009],[80.84552,6.47434],[80.84727,6.47459],[80.84652,6.47809],[80.84952,6.47785],[80.84752,6.4806],[80.84802,6.48109],[80.84952,6.48034],[80.85027,6.48285],[80.85202,6.4806],[80.85302,6.48409],[80.85477,6.48435],[80.85402,6.48559],[80.85527,6.48609],[80.85627,6.48834],[80.85527,6.49034],[80.85802,6.48984],[80.85877,6.4886],[80.85752,6.48559],[80.86127,6.48484],[80.84305,6.515]]]},"properties":{"name":"Udawalawe Reservoir","kind":"reservoir","ha":623}},{"type":"Feature","geometry":{"type":"Polygon","coordinates":[[[81.50232,7.90691],[81.50676,7.90404],[81.50728,7.90116],[81.50896,7.90156],[81.51085,7.90067],[81.50858,7.89941],[81.50912,7.89575],[81.50855,7.89484],[81.5127,7.89492],[81.51654,7.8885],[81.51584,7.89028],[81.51706,7.89127],[81.51908,7.88352],[81.5186,7.88252],[81.51695,7.88278],[81.51878,7.88217],[81.51773,7.87816],[81.51904,7.87528],[81.51785,7.87495],[81.51903,7.87481],[81.5194,7.87564],[81.52053,7.87491],[81.51916,7.87384],[81.51957,7.87272],[81.51944,7.87372],[81.52139,7.87397],[81.52074,7.87511],[81.52183,7.87455],[81.52194,7.87079],[81.52333,7.86783],[81.52282,7.86961],[81.52356,7.86911],[81.52426,7.86694],[81.52384,7.86519],[81.52211,7.86611],[81.52366,7.86462],[81.52522,7.86494],[81.52323,7.87268],[81.52519,7.87246],[81.52578,7.87363],[81.52323,7.87279],[81.52327,7.87411],[81.52545,7.87412],[81.5213,7.87607],[81.51916,7.88095],[81.51973,7.88009],[81.52025,7.88183],[81.52125,7.8802],[81.52029,7.88195],[81.52169,7.88502],[81.52199,7.88414],[81.52255,7.88705],[81.52061,7.88937],[81.52052,7.89132],[81.51898,7.89214],[81.51979,7.89241],[81.51864,7.89612],[81.51634,7.89969],[81.51764,7.89967],[81.51636,7.89981],[81.5158,7.90165],[81.51467,7.90221],[81.51573,7.90156],[81.5162,7.89914],[81.51447,7.89939],[81.51264,7.90206],[81.51362,7.90343],[81.51319,7.902],[81.5139,7.90192],[81.51457,7.89983],[81.51539,7.90392],[81.51677,7.90289],[81.51645,7.90081],[81.51811,7.90216],[81.51954,7.9005],[81.5187,7.90091],[81.51877,7.90203],[81.51673,7.90193],[81.51814,7.90291],[81.51981,7.90773],[81.51584,7.92],[81.51771,7.91875],[81.5157,7.92136],[81.52253,7.92715],[81.54144,7.92749],[81.54567,7.93159],[81.54745,7.93256],[81.54935,7.93225],[81.55212,7.93369],[81.55408,7.94287],[81.55083,7.94177],[81.54942,7.94206],[81.54486,7.93627],[81.54365,7.93627],[81.53972,7.93314],[81.53317,7.93125],[81.52708,7.93279],[81.52643,7.93346],[81.52697,7.93493],[81.52833,7.93612],[81.53068,7.93683],[81.52926,7.93603],[81.5301,7.93581],[81.53112,7.93643],[81.53296,7.94024],[81.53811,7.94028],[81.54206,7.94365],[81.54363,7.94407],[81.54468,7.94574],[81.54409,7.94623],[81.5406,7.94399],[81.53954,7.94502],[81.53985,7.94326],[81.53919,7.94299],[81.5287,7.94247],[81.52882,7.94024],[81.53171,7.94024],[81.53081,7.93756],[81.52503,7.93594],[81.52427,7.93547],[81.52469,7.93405],[81.5214,7.93315],[81.51724,7.9257],[81.51467,7.92363],[81.51332,7.92125],[81.51258,7.91288],[81.51475,7.90573],[81.51214,7.90408],[81.51113,7.90129],[81.51026,7.90263],[81.50874,7.90298],[81.50928,7.90242],[81.50745,7.90135],[81.50683,7.90449],[81.50232,7.90691]]]},"properties":{"name":"Valaichchanei Lagoon","kind":"water","ha":622}},{"type":"Feature","geometry":{"type":"Polygon","coordinates":[[[80.59987,7.2689],[80.60137,7.26837],[80.60322,7.26986],[80.60324,7.27116],[80.60672,7.27387],[80.60377,7.28221],[80.60712,7.28484],[80.60674,7.286],[80.60833,7.28774],[80.60891,7.29061],[80.61461,7.29282],[80.62088,7.3003],[80.62229,7.3034],[80.62595,7.3248],[80.63051,7.32738],[80.63597,7.32909],[80.63649,7.33028],[80.63981,7.33052],[80.6458,7.32223],[80.59987,7.2689]]]},"properties":{"name":null,"kind":"water","ha":621}},{"type":"Feature","geometry":{"type":"Polygon","coordinates":[[[81.82438,7.16827],[81.82368,7.17015],[81.82412,7.17086],[81.82423,7.16963],[81.82611,7.17523],[81.82707,7.17509],[81.8272,7.17378],[81.82837,7.17385],[81.82781,7.17236],[81.82672,7.17223],[81.82761,7.16998],[81.82991,7.16888],[81.83172,7.17161],[81.83147,7.17291],[81.832,7.17242],[81.83375,7.1746],[81.83404,7.17649],[81.84203,7.1776],[81.84334,7.17653],[81.8462,7.17695],[81.84756,7.17821],[81.84864,7.1798],[81.84826,7.18229],[81.84943,7.18399],[81.85092,7.19022],[81.8499,7.19135],[81.84668,7.19136],[81.84776,7.19429],[81.85406,7.19189],[81.85416,7.19505],[81.85282,7.19552],[81.85182,7.19898],[81.8521,7.20319],[81.85128,7.20318],[81.85196,7.20463],[81.85128,7.20538],[81.85227,7.20624],[81.852,7.20736],[81.85333,7.20729],[81.85282,7.20602],[81.8535,7.20532],[81.85971,7.20548],[81.86029,7.20196],[81.85921,7.19652],[81.85914,7.18875],[81.86104,7.18686],[81.86107,7.18576],[81.86075,7.18419],[81.85926,7.18362],[81.85866,7.18224],[81.85905,7.1771],[81.8577,7.17087],[81.85456,7.16826],[81.82438,7.16827]]]},"properties":{"name":null,"kind":"lagoon","ha":619}},{"type":"Feature","geometry":{"type":"Polygon","coordinates":[[[80.3302,6.01654],[80.33009,6.01531],[80.32916,6.0148],[80.32946,6.01341],[80.33122,6.01188],[80.33008,6.01112],[80.33235,6.00895],[80.33122,6.00629],[80.33516,6.00422],[80.33722,6.00543],[80.338,6.00394],[80.34042,6.00376],[80.33984,6.00233],[80.34046,6.00136],[80.33884,6.00038],[80.33977,5.99949],[80.34224,6.00063],[80.3422,6.00239],[80.34307,6.00301],[80.34524,6.00142],[80.34268,5.99887],[80.34445,5.99837],[80.34564,5.99692],[80.34693,5.99756],[80.3507,5.99362],[80.34692,5.99474],[80.34659,5.99357],[80.34744,5.99265],[80.34691,5.99206],[80.34555,5.99445],[80.34263,5.99433],[80.34287,5.99226],[80.34544,5.98914],[80.34526,5.98784],[80.34323,5.98901],[80.3413,5.98852],[80.3389,5.98924],[80.33847,5.9907],[80.33667,5.98994],[80.33643,5.98852],[80.33792,5.98703],[80.33569,5.98239],[80.33585,5.9858],[80.33418,5.98623],[80.33439,5.98762],[80.33545,5.98842],[80.33515,5.99038],[80.33152,5.99011],[80.32963,5.99198],[80.3273,5.99291],[80.32635,5.99415],[80.328,5.99447],[80.32729,5.9951],[80.32566,5.99487],[80.32511,5.9988],[80.32349,5.9978],[80.32039,5.99852],[80.32087,5.99877],[80.32017,5.99978],[80.31678,6.00014],[80.31098,5.9962],[80.31167,5.99804],[80.31598,6.00214],[80.31873,6.00117],[80.32079,6.00193],[80.31874,6.00556],[80.31616,6.00666],[80.31729,6.00744],[80.32172,6.00785],[80.32035,6.00913],[80.32067,6.01061],[80.31919,6.01081],[80.31843,6.0098],[80.31719,6.01127],[80.31621,6.01936],[80.31772,6.02171],[80.32089,6.02204],[80.32044,6.02068],[80.32209,6.01912],[80.3195,6.01959],[80.31918,6.01895],[80.32034,6.01821],[80.32118,6.01583],[80.32238,6.01591],[80.3249,6.014],[80.3256,6.0146],[80.32649,6.01412],[80.32937,6.01701],[80.32266,6.01901],[80.32757,6.01773],[80.33018,6.01827],[80.33038,6.01742],[80.33228,6.01797],[80.33521,6.01681],[80.33792,6.01915],[80.33906,6.01893],[80.33826,6.01774],[80.3362,6.01725],[80.33888,6.01587],[80.3394,6.01504],[80.33818,6.01541],[80.3395,6.01422],[80.33802,6.01546],[80.33763,6.01491],[80.33283,6.01666],[80.3302,6.01654]]]},"properties":{"name":"Koggala Lake","kind":"lake","ha":611}},{"type":"Feature","geometry":{"type":"Polygon","coordinates":[[[81.17085,8.31273],[81.17009,8.31066],[81.17104,8.30764],[81.16517,8.30709],[81.15992,8.29971],[81.15983,8.29766],[81.16024,8.29674],[81.16425,8.29504],[81.16804,8.28736],[81.16886,8.27718],[81.16594,8.27247],[81.16621,8.26834],[81.17168,8.26253],[81.17781,8.25922],[81.17896,8.25774],[81.17725,8.25564],[81.17425,8.25713],[81.17101,8.25654],[81.16987,8.25521],[81.17002,8.25363],[81.17633,8.25056],[81.17907,8.24602],[81.18383,8.24371],[81.18532,8.24185],[81.18471,8.23845],[81.18006,8.23528],[81.17865,8.23273],[81.17955,8.2302],[81.18396,8.22748],[81.17085,8.31273]]]},"properties":{"name":null,"kind":"river","ha":609}},{"type":"Feature","geometry":{"type":"Polygon","coordinates":[[[79.96113,8.07614],[79.9626,8.07631],[79.96361,8.07552],[79.96287,8.07422],[79.96018,8.0727],[79.96031,8.0717],[79.96357,8.07141],[79.96433,8.07079],[79.96351,8.06936],[79.96834,8.06898],[79.96939,8.06723],[79.96661,8.06542],[79.97022,8.06058],[79.97198,8.06094],[79.97141,8.05693],[79.9724,8.05402],[79.97485,8.05406],[79.97596,8.05322],[79.97599,8.05127],[79.97473,8.04949],[79.97001,8.0517],[79.96687,8.05522],[79.963,8.05592],[79.96152,8.05758],[79.96281,8.05831],[79.9609,8.05772],[79.95645,8.06096],[79.9547,8.06045],[79.9523,8.07007],[79.95075,8.071],[79.94799,8.07057],[79.94639,8.06914],[79.94559,8.07131],[79.94434,8.07198],[79.94199,8.06885],[79.94111,8.07223],[79.94393,8.07386],[79.94625,8.07658],[79.94768,8.08477],[79.94834,8.08371],[79.9504,8.08462],[79.95199,8.08285],[79.95271,8.08437],[79.95213,8.08999],[79.95628,8.09078],[79.95741,8.09316],[79.95926,8.09109],[79.96211,8.09038],[79.95871,8.08088],[79.95983,8.07944],[79.95762,8.0773],[79.96113,8.07614]]]},"properties":{"name":"Thabbowa Reservoir","kind":"reservoir","ha":608}},{"type":"Feature","geometry":{"type":"Polygon","coordinates":[[[81.2565,7.65625],[81.256,7.65575],[81.253,7.658],[81.25,7.65525],[81.24975,7.6565],[81.25075,7.658],[81.24975,7.65825],[81.25025,7.65975],[81.24775,7.66275],[81.24825,7.66475],[81.2465,7.665],[81.246,7.66325],[81.24675,7.662],[81.246,7.66075],[81.24725,7.6575],[81.2465,7.657],[81.24675,7.6555],[81.245,7.6565],[81.24375,7.6585],[81.24275,7.6585],[81.24325,7.656],[81.2425,7.65475],[81.24475,7.64875],[81.244,7.64675],[81.24225,7.64725],[81.24125,7.6505],[81.23975,7.65175],[81.237,7.65],[81.235,7.64225],[81.2345,7.64275],[81.235,7.6445],[81.23425,7.644],[81.2335,7.645],[81.233,7.65],[81.23425,7.651],[81.236,7.651],[81.23725,7.65375],[81.2355,7.6545],[81.23425,7.65375],[81.23325,7.6545],[81.235,7.657],[81.236,7.6565],[81.2385,7.65725],[81.23798,7.65824],[81.2355,7.659],[81.2375,7.66125],[81.23675,7.66225],[81.23725,7.663],[81.24,7.66475],[81.23825,7.66925],[81.24325,7.678],[81.2455,7.6805],[81.24625,7.6835],[81.2475,7.68275],[81.24775,7.6815],[81.24825,7.683],[81.24925,7.68275],[81.251,7.68425],[81.25225,7.68275],[81.2535,7.68375],[81.25425,7.68225],[81.2565,7.6815],[81.25725,7.68325],[81.25775,7.68275],[81.25875,7.68375],[81.25925,7.68125],[81.2605,7.681],[81.26225,7.67875],[81.264,7.68],[81.26775,7.67825],[81.2675,7.6775],[81.26575,7.67825],[81.26525,7.67725],[81.2625,7.6765],[81.262,7.67725],[81.26175,7.6765],[81.26075,7.67725],[81.261,7.678],[81.2575,7.67875],[81.2565,7.6785],[81.25575,7.67675],[81.25425,7.67775],[81.2515,7.678],[81.25075,7.67625],[81.24925,7.6775],[81.24725,7.67575],[81.24825,7.67375],[81.253,7.67075],[81.253,7.66975],[81.255,7.6685],[81.255,7.6675],[81.256,7.668],[81.257,7.66725],[81.25675,7.6665],[81.25725,7.667],[81.25875,7.66625],[81.258,7.6655],[81.25875,7.6645],[81.26175,7.66375],[81.26075,7.663],[81.264,7.6625],[81.26475,7.661],[81.2665,7.66175],[81.268,7.66],[81.26925,7.6605],[81.27275,7.65975],[81.27125,7.65825],[81.27075,7.65925],[81.26825,7.658],[81.26725,7.65875],[81.26525,7.658],[81.26425,7.659],[81.263,7.65875],[81.25925,7.6605],[81.25825,7.65975],[81.25725,7.66125],[81.25525,7.66175],[81.2545,7.66],[81.2565,7.65625]]]},"properties":{"name":"NDK Tank","kind":"reservoir","ha":607}},{"type":"Feature","geometry":{"type":"Polygon","coordinates":[[[80.59592,7.05827],[80.59708,7.0585],[80.59829,7.06286],[80.60184,7.06177],[80.60555,7.06364],[80.61285,7.0639],[80.61507,7.0633],[80.61769,7.06508],[80.61834,7.064],[80.6204,7.06417],[80.6214,7.06307],[80.62272,7.06333],[80.62777,7.0609],[80.63027,7.062],[80.63171,7.06047],[80.63399,7.06024],[80.64075,7.06314],[80.64375,7.0659],[80.64344,7.06525],[80.64455,7.06501],[80.64618,7.06691],[80.64701,7.06606],[80.64731,7.06845],[80.64864,7.06857],[80.64752,7.06949],[80.64741,7.07086],[80.64901,7.06978],[80.65191,7.07021],[80.65281,7.07106],[80.65671,7.06699],[80.65756,7.06763],[80.66393,7.06625],[80.66611,7.06675],[80.66506,7.06587],[80.6664,7.06436],[80.66499,7.06399],[80.66595,7.06111],[80.67263,7.06198],[80.67592,7.06069],[80.67643,7.0597],[80.67725,7.06004],[80.67774,7.058],[80.67626,7.05695],[80.67424,7.05865],[80.67324,7.05755],[80.6694,7.05842],[80.66764,7.05793],[80.66748,7.05681],[80.6664,7.05761],[80.66387,7.05724],[80.66265,7.05315],[80.66137,7.05319],[80.66121,7.05171],[80.66004,7.05188],[80.65653,7.04714],[80.65626,7.05004],[80.65873,7.05257],[80.65886,7.05548],[80.65949,7.05532],[80.65878,7.05723],[80.66086,7.05945],[80.66428,7.06077],[80.66291,7.06253],[80.66338,7.06372],[80.65998,7.06299],[80.65993,7.064],[80.65524,7.06573],[80.65239,7.06832],[80.6517,7.06647],[80.65429,7.06525],[80.65163,7.06328],[80.65192,7.06213],[80.64868,7.06189],[80.64911,7.06101],[80.64511,7.06008],[80.64336,7.05778],[80.64052,7.05756],[80.63969,7.05592],[80.63706,7.05568],[80.6356,7.05415],[80.63306,7.05579],[80.62814,7.05623],[80.62739,7.0555],[80.62606,7.05667],[80.62374,7.05671],[80.62189,7.05796],[80.61793,7.05569],[80.61619,7.05712],[80.61451,7.05612],[80.6142,7.0548],[80.61273,7.05596],[80.6116,7.05525],[80.61029,7.05553],[80.60947,7.05426],[80.60803,7.05429],[80.60037,7.05829],[80.59735,7.05766],[80.59592,7.05827]]]},"properties":{"name":"Kothmale Reservoir","kind":"reservoir","ha":598}},{"type":"Feature","geometry":{"type":"Polygon","coordinates":[[[80.25,9.18079],[80.24659,9.17677],[80.24718,9.17332],[80.24969,9.1719],[80.25724,9.17568],[80.26533,9.18272],[80.26635,9.18542],[80.26497,9.18921],[80.26546,9.19452],[80.2698,9.20065],[80.26684,9.20345],[80.26666,9.20506],[80.26492,9.20531],[80.26581,9.20415],[80.26511,9.2037],[80.26142,9.20393],[80.26169,9.19912],[80.25679,9.19679],[80.24709,9.19773],[80.24369,9.20118],[80.24194,9.20158],[80.2417,9.19847],[80.24385,9.18858],[80.24602,9.1872],[80.24982,9.18218],[80.25,9.18079]]]},"properties":{"name":"Thenniyan Kulam","kind":"reservoir","ha":591}},{"type":"Feature","geometry":{"type":"Polygon","coordinates":[[[80.38949,9.60891],[80.38841,9.61232],[80.39259,9.61722],[80.39567,9.61562],[80.4113,9.60221],[80.41449,9.59827],[80.41665,9.59827],[80.42003,9.59672],[80.42175,9.59727],[80.42935,9.5932],[80.43877,9.58441],[80.4602,9.57096],[80.45998,9.57049],[80.45971,9.57004],[80.45636,9.57163],[80.44756,9.57642],[80.4294,9.58293],[80.41854,9.59],[80.41779,9.59159],[80.41639,9.5913],[80.40938,9.59625],[80.40502,9.59817],[80.39779,9.60382],[80.39109,9.6064],[80.38974,9.60728],[80.38949,9.60891]]]},"properties":{"name":null,"kind":"lagoon","ha":586}},{"type":"Feature","geometry":{"type":"Polygon","coordinates":[[[81.23142,6.28502],[81.23356,6.28474],[81.23347,6.28003],[81.23416,6.27951],[81.23507,6.27959],[81.23713,6.2828],[81.23745,6.27958],[81.23887,6.27775],[81.23908,6.27564],[81.23776,6.2762],[81.23539,6.27532],[81.23526,6.2744],[81.23799,6.27231],[81.23648,6.26923],[81.23476,6.26891],[81.2346,6.26806],[81.23774,6.26421],[81.23917,6.26573],[81.24006,6.2684],[81.24527,6.26905],[81.24401,6.27398],[81.24826,6.27341],[81.24697,6.27831],[81.2465,6.28576],[81.24424,6.29014],[81.2409,6.29357],[81.2402,6.29307],[81.23929,6.2944],[81.23676,6.294],[81.23345,6.29623],[81.23186,6.30023],[81.23092,6.30012],[81.2298,6.29829],[81.22699,6.30044],[81.22588,6.29872],[81.22408,6.29948],[81.22314,6.298],[81.21794,6.29769],[81.21662,6.29866],[81.21483,6.29667],[81.21762,6.29407],[81.2173,6.29222],[81.21823,6.29113],[81.22194,6.2925],[81.22318,6.29201],[81.22446,6.29255],[81.22563,6.29163],[81.2279,6.29263],[81.22891,6.29127],[81.22919,6.29066],[81.22653,6.2859],[81.22498,6.28505],[81.22593,6.2833],[81.22469,6.28093],[81.22582,6.28035],[81.22626,6.27888],[81.22519,6.27658],[81.22592,6.27483],[81.22881,6.27731],[81.22977,6.2821],[81.23142,6.28502]]]},"properties":{"name":"Weerawila Wewa","kind":"reservoir","ha":581}},{"type":"Feature","geometry":{"type":"Polygon","coordinates":[[[81.167,8.77654],[81.167,8.75477],[81.18893,8.75477],[81.18896,8.77647],[81.167,8.77654]]]},"properties":{"name":null,"kind":"water","ha":581}},{"type":"Feature","geometry":{"type":"Polygon","coordinates":[[[81.00683,8.57873],[81.0057,8.57933],[81.00014,8.57279],[80.9936,8.56939],[80.99241,8.57059],[81.00011,8.57916],[81.00678,8.59315],[81.0097,8.59627],[81.01185,8.59596],[81.01438,8.59689],[81.01973,8.60106],[81.02335,8.60518],[81.02534,8.60587],[81.01525,8.5901],[81.01514,8.58941],[81.01635,8.58909],[81.02056,8.59078],[81.01782,8.58518],[81.01684,8.58439],[81.01644,8.58586],[81.01541,8.5861],[81.01369,8.58526],[81.01267,8.58161],[81.0149,8.58212],[81.01482,8.58002],[81.01576,8.57924],[81.01799,8.57924],[81.0185,8.58025],[81.01947,8.58034],[81.01868,8.57771],[81.02005,8.57703],[81.02071,8.58053],[81.02192,8.58097],[81.0209,8.57669],[81.0244,8.57817],[81.02666,8.58213],[81.02816,8.58336],[81.0286,8.58296],[81.0286,8.58055],[81.02722,8.5796],[81.02734,8.57796],[81.02606,8.57601],[81.02756,8.57485],[81.02677,8.57272],[81.02423,8.5719],[81.02451,8.57092],[81.02228,8.56871],[81.02194,8.56481],[81.02039,8.56328],[81.02056,8.56107],[81.0196,8.55844],[81.01776,8.5581],[81.01642,8.55953],[81.01696,8.56769],[81.0158,8.56795],[81.01827,8.57171],[81.01559,8.57754],[81.01438,8.57703],[81.01614,8.57371],[81.01546,8.5723],[81.01232,8.57567],[81.00975,8.57669],[81.00597,8.57346],[81.00487,8.57363],[81.00683,8.57873]]]},"properties":{"name":"Mora Wewa","kind":"reservoir","ha":581}},{"type":"Feature","geometry":{"type":"Polygon","coordinates":[[[81.36496,8.52263],[81.36496,8.51608],[81.38651,8.51601],[81.38644,8.53735],[81.36511,8.53735],[81.36496,8.52263]]]},"properties":{"name":null,"kind":"water","ha":557}},{"type":"Feature","geometry":{"type":"Polygon","coordinates":[[[81.40906,8.30904],[81.40891,8.29881],[81.43048,8.29871],[81.43042,8.31997],[81.40898,8.31993],[81.40906,8.30904]]]},"properties":{"name":null,"kind":"water","ha":554}},{"type":"Feature","geometry":{"type":"Polygon","coordinates":[[[80.53339,7.96647],[80.53499,7.96167],[80.53656,7.96548],[80.5373,7.96637],[80.53849,7.96615],[80.54012,7.9633],[80.54027,7.95977],[80.54354,7.95653],[80.54592,7.95594],[80.5477,7.95977],[80.54703,7.96214],[80.54743,7.96703],[80.55424,7.95925],[80.55944,7.958],[80.56033,7.95918],[80.55811,7.96374],[80.56019,7.96433],[80.55558,7.96698],[80.55439,7.96948],[80.55662,7.9714],[80.55602,7.97287],[80.55142,7.97331],[80.54719,7.9791],[80.55365,7.97979],[80.55082,7.98199],[80.55248,7.9867],[80.55206,7.98758],[80.54734,7.98682],[80.54628,7.98948],[80.54427,7.99084],[80.54421,7.99214],[80.53339,7.96647]]]},"properties":{"name":"Balalu Wewa","kind":"reservoir","ha":551}},{"type":"Feature","geometry":{"type":"Polygon","coordinates":[[[81.40901,8.27641],[81.43015,8.27641],[81.43026,8.25534],[81.40901,8.25541],[81.40901,8.27641]]]},"properties":{"name":null,"kind":"water","ha":544}},{"type":"Feature","geometry":{"type":"Polygon","coordinates":[[[81.40905,8.2849],[81.40905,8.27719],[81.43028,8.27714],[81.43039,8.29815],[81.40908,8.29798],[81.40905,8.2849]]]},"properties":{"name":null,"kind":"water","ha":542}},{"type":"Feature","geometry":{"type":"Polygon","coordinates":[[[80.42361,8.67437],[80.42715,8.66983],[80.42275,8.6679],[80.41994,8.66572],[80.41376,8.66432],[80.41343,8.67042],[80.41849,8.69011],[80.42152,8.69648],[80.42329,8.7029],[80.4273,8.70113],[80.42606,8.69984],[80.42546,8.69791],[80.42606,8.69766],[80.43084,8.69963],[80.43248,8.70209],[80.43376,8.70209],[80.43327,8.70084],[80.4351,8.69948],[80.43801,8.70011],[80.43326,8.69575],[80.43212,8.69598],[80.43198,8.69515],[80.43772,8.69707],[80.43936,8.69591],[80.43938,8.69468],[80.43483,8.6905],[80.43594,8.68734],[80.42898,8.68752],[80.42891,8.68631],[80.42715,8.68477],[80.42986,8.68217],[80.42986,8.67982],[80.42877,8.68096],[80.42496,8.68111],[80.42355,8.67863],[80.42194,8.67776],[80.41949,8.67935],[80.42361,8.67437]]]},"properties":{"name":"Pavat Kulam","kind":"reservoir","ha":535}},{"type":"Feature","geometry":{"type":"Polygon","coordinates":[[[81.31082,6.26076],[81.3108,6.26307],[81.3119,6.26364],[81.31295,6.263],[81.31471,6.26497],[81.31746,6.26536],[81.31962,6.26781],[81.32256,6.26834],[81.32425,6.27167],[81.32405,6.27239],[81.32148,6.2723],[81.32021,6.27466],[81.31742,6.27453],[81.31868,6.27905],[81.3156,6.27881],[81.31305,6.27555],[81.31103,6.27583],[81.3164,6.28499],[81.32019,6.28633],[81.31964,6.28759],[81.31547,6.28799],[81.31368,6.2872],[81.31048,6.28794],[81.31193,6.29016],[81.31375,6.29037],[81.31586,6.29384],[81.3169,6.29402],[81.31576,6.29699],[81.31412,6.29676],[81.31318,6.294],[81.31157,6.29398],[81.30897,6.29647],[81.30258,6.29455],[81.30334,6.29091],[81.30181,6.29037],[81.30158,6.28955],[81.30225,6.28552],[81.30522,6.28013],[81.30569,6.27715],[81.30457,6.27307],[81.30474,6.2703],[81.30374,6.26901],[81.30482,6.26781],[81.30403,6.26614],[81.30587,6.26232],[81.31002,6.26],[81.31082,6.26076]]]},"properties":{"name":"Yodha Wewa","kind":"reservoir","ha":534}},{"type":"Feature","geometry":{"type":"Polygon","coordinates":[[[81.18622,8.14693],[81.18698,8.14317],[81.18614,8.14067],[81.18706,8.13599],[81.19139,8.13245],[81.18946,8.13009],[81.18568,8.13027],[81.18388,8.12827],[81.18573,8.12556],[81.18862,8.12472],[81.18956,8.12252],[81.18472,8.11765],[81.18395,8.11352],[81.18168,8.10871],[81.17751,8.10676],[81.1763,8.10501],[81.17603,8.09966],[81.17428,8.09145],[81.17191,8.08757],[81.17074,8.08174],[81.16889,8.08063],[81.16656,8.0849],[81.16542,8.08514],[81.16399,8.08421],[81.16338,8.08266],[81.16458,8.07795],[81.1644,8.07574],[81.16294,8.07458],[81.16098,8.07468],[81.18622,8.14693]]]},"properties":{"name":null,"kind":"river","ha":533}},{"type":"Feature","geometry":{"type":"Polygon","coordinates":[[[80.83858,7.55937],[80.83977,7.55835],[80.8391,7.55664],[80.83981,7.55547],[80.83863,7.55235],[80.84054,7.54715],[80.84153,7.54668],[80.84531,7.54861],[80.84626,7.54508],[80.85024,7.54215],[80.85445,7.54152],[80.85465,7.53896],[80.85389,7.53772],[80.85073,7.53872],[80.84785,7.53824],[80.84356,7.54013],[80.84056,7.5387],[80.84201,7.53712],[80.84498,7.53638],[80.84918,7.5325],[80.84985,7.53055],[80.85228,7.52884],[80.85129,7.52843],[80.84875,7.53016],[80.8443,7.53529],[80.84231,7.53571],[80.8411,7.53329],[80.84108,7.53567],[80.83887,7.54007],[80.83888,7.53535],[80.84016,7.531],[80.84003,7.52419],[80.83497,7.53446],[80.83408,7.53865],[80.83325,7.53573],[80.83117,7.53981],[80.82639,7.54055],[80.82265,7.5444],[80.82162,7.54427],[80.81969,7.54124],[80.82031,7.53882],[80.81837,7.53921],[80.81836,7.54038],[80.81682,7.54097],[80.81703,7.53901],[80.81473,7.54009],[80.80748,7.53725],[80.83858,7.55937]]]},"properties":{"name":"Kaluganga Reservoir","kind":"reservoir","ha":533}},{"type":"Feature","geometry":{"type":"Polygon","coordinates":[[[81.2554,6.53595],[81.254,6.53584],[81.25349,6.53664],[81.25048,6.53417],[81.24988,6.53483],[81.24814,6.53441],[81.24695,6.53901],[81.24929,6.53942],[81.24995,6.54045],[81.25111,6.53966],[81.24983,6.54154],[81.25168,6.5431],[81.25122,6.545],[81.24949,6.54192],[81.24538,6.54056],[81.24545,6.54385],[81.24482,6.54438],[81.24576,6.54588],[81.24512,6.54709],[81.24315,6.54759],[81.24443,6.55005],[81.24543,6.55024],[81.24458,6.55152],[81.24296,6.55173],[81.24333,6.55351],[81.24014,6.55383],[81.24323,6.55769],[81.24166,6.5594],[81.23944,6.55879],[81.24133,6.5623],[81.24224,6.56227],[81.24113,6.56608],[81.24394,6.5648],[81.24791,6.56795],[81.24624,6.5698],[81.24576,6.56912],[81.24469,6.57016],[81.24467,6.5724],[81.24398,6.57259],[81.2425,6.57076],[81.24066,6.57106],[81.24027,6.57185],[81.24072,6.57453],[81.24188,6.57594],[81.24081,6.57722],[81.24119,6.57816],[81.24591,6.57931],[81.24572,6.58044],[81.24334,6.58108],[81.24364,6.58251],[81.24632,6.5837],[81.24686,6.58547],[81.24902,6.58634],[81.24989,6.58629],[81.2554,6.53595]]]},"properties":{"name":"Weheragala Reservoir","kind":"reservoir","ha":533}},{"type":"Feature","geometry":{"type":"Polygon","coordinates":[[[81.54052,7.58566],[81.54163,7.58575],[81.54179,7.58722],[81.54425,7.5902],[81.54383,7.59142],[81.54173,7.59217],[81.54332,7.59397],[81.5435,7.5975],[81.54445,7.59766],[81.54449,7.59894],[81.54309,7.59977],[81.54332,7.60066],[81.54584,7.60138],[81.54491,7.60231],[81.54537,7.60477],[81.54383,7.60458],[81.54447,7.60628],[81.54717,7.6053],[81.54911,7.60722],[81.54966,7.61001],[81.54831,7.6171],[81.54899,7.61902],[81.54754,7.61864],[81.54653,7.62109],[81.54496,7.61763],[81.54211,7.61625],[81.54223,7.61804],[81.54329,7.61886],[81.54287,7.62116],[81.54476,7.62315],[81.54376,7.62258],[81.54324,7.62354],[81.5432,7.62726],[81.54241,7.6276],[81.54038,7.62536],[81.54023,7.62368],[81.53927,7.62363],[81.5396,7.62298],[81.53831,7.62222],[81.53704,7.62326],[81.53675,7.62478],[81.5329,7.62791],[81.53204,7.62531],[81.53343,7.62364],[81.53385,7.62213],[81.53298,7.62206],[81.5336,7.6206],[81.53215,7.62133],[81.53114,7.62086],[81.53024,7.62215],[81.52825,7.62246],[81.5288,7.62163],[81.52807,7.62098],[81.52952,7.6187],[81.52768,7.6166],[81.528,7.61591],[81.52863,7.61639],[81.52882,7.61507],[81.5307,7.6155],[81.53144,7.61474],[81.53155,7.61546],[81.5326,7.61443],[81.53341,7.61581],[81.53524,7.6167],[81.53592,7.6159],[81.53343,7.61331],[81.53467,7.61319],[81.53636,7.61159],[81.53598,7.61096],[81.53446,7.61137],[81.53369,7.60911],[81.53147,7.60934],[81.53144,7.60711],[81.52992,7.60726],[81.52925,7.60562],[81.52969,7.60356],[81.53062,7.60326],[81.53248,7.60372],[81.53331,7.60543],[81.53582,7.60512],[81.53429,7.60378],[81.53445,7.60278],[81.53286,7.60275],[81.53297,7.6017],[81.531,7.59964],[81.53115,7.59874],[81.53356,7.59882],[81.53401,7.59801],[81.53487,7.59956],[81.53519,7.59785],[81.53652,7.59821],[81.53587,7.59728],[81.53792,7.59715],[81.53809,7.59633],[81.53594,7.59522],[81.536,7.59456],[81.5377,7.59538],[81.53637,7.59358],[81.53829,7.5944],[81.53981,7.59393],[81.53933,7.59566],[81.54067,7.59628],[81.54071,7.59389],[81.54122,7.59496],[81.54074,7.59267],[81.54232,7.59121],[81.54221,7.58948],[81.54036,7.58927],[81.53853,7.58676],[81.53918,7.58679],[81.53894,7.58538],[81.5399,7.58668],[81.54052,7.58566]]]},"properties":{"name":"Unnichchai Tank","kind":"water","ha":531}},{"type":"Feature","geometry":{"type":"Polygon","coordinates":[[[81.41002,8.23866],[81.41138,8.23355],[81.43027,8.23356],[81.43033,8.25449],[81.40901,8.25468],[81.40918,8.24357],[81.41002,8.23866]]]},"properties":{"name":null,"kind":"water","ha":531}},{"type":"Feature","geometry":{"type":"Polygon","coordinates":[[[80.70021,6.22037],[80.69978,6.21965],[80.7015,6.21965],[80.702,6.21833],[80.70367,6.21829],[80.70336,6.21616],[80.70443,6.21551],[80.70384,6.21204],[80.70666,6.21587],[80.70967,6.21688],[80.71014,6.21615],[80.7094,6.21358],[80.71172,6.21471],[80.71215,6.21348],[80.71335,6.2133],[80.71243,6.21047],[80.71046,6.21166],[80.71023,6.21092],[80.70793,6.21054],[80.70644,6.2092],[80.7104,6.20884],[80.71126,6.20799],[80.71077,6.20665],[80.7152,6.20512],[80.71546,6.20396],[80.71849,6.20535],[80.71863,6.20652],[80.71915,6.20496],[80.71752,6.20399],[80.71919,6.20307],[80.71978,6.20375],[80.72387,6.20359],[80.72372,6.20591],[80.7274,6.21245],[80.72984,6.21431],[80.72996,6.21619],[80.72816,6.21784],[80.72826,6.22111],[80.72638,6.22095],[80.72634,6.22174],[80.726,6.22097],[80.72529,6.2216],[80.72598,6.22064],[80.72403,6.21814],[80.7238,6.21947],[80.72309,6.21947],[80.72178,6.22155],[80.72222,6.21984],[80.72011,6.21862],[80.71825,6.2209],[80.717,6.22128],[80.71838,6.22358],[80.71818,6.2247],[80.71969,6.22544],[80.71764,6.22489],[80.71756,6.22373],[80.71637,6.22424],[80.71653,6.22288],[80.71514,6.22242],[80.71185,6.22559],[80.71103,6.22548],[80.70939,6.2302],[80.71043,6.23104],[80.71154,6.23065],[80.71064,6.23229],[80.70936,6.23222],[80.70881,6.23398],[80.70755,6.23151],[80.70586,6.23243],[80.7054,6.23179],[80.70424,6.23303],[80.70349,6.23246],[80.70113,6.23283],[80.70082,6.23473],[80.70366,6.23506],[80.70129,6.23604],[80.70093,6.23874],[80.70265,6.2391],[80.70528,6.23829],[80.7057,6.2394],[80.70664,6.23952],[80.70569,6.24014],[80.70404,6.23902],[80.70467,6.24004],[80.70398,6.24062],[80.70346,6.2398],[80.70111,6.23951],[80.70067,6.24084],[80.69994,6.24014],[80.6987,6.2414],[80.69653,6.23886],[80.69655,6.24212],[80.6975,6.24246],[80.69903,6.24603],[80.69812,6.24598],[80.697,6.24445],[80.69595,6.24593],[80.69589,6.24365],[80.69335,6.24535],[80.69336,6.24388],[80.69548,6.24299],[80.69547,6.24048],[80.69472,6.24059],[80.69397,6.23941],[80.69259,6.23941],[80.69225,6.24014],[80.68985,6.23865],[80.69431,6.23853],[80.69462,6.23923],[80.69718,6.23798],[80.69834,6.23912],[80.69888,6.23848],[80.69972,6.23889],[80.70033,6.23611],[80.69849,6.23485],[80.69708,6.23504],[80.69795,6.23389],[80.69654,6.2338],[80.69792,6.23306],[80.69821,6.23426],[80.69983,6.23485],[80.7003,6.23351],[80.69937,6.23195],[80.69812,6.23169],[80.69859,6.23102],[80.697,6.2309],[80.70081,6.23113],[80.70103,6.23052],[80.69977,6.22997],[80.7006,6.22928],[80.70281,6.23088],[80.70329,6.23039],[80.70229,6.22961],[80.70544,6.22885],[80.70616,6.22935],[80.70733,6.2284],[80.70776,6.22656],[80.70595,6.22652],[80.70507,6.22557],[80.70632,6.22567],[80.70645,6.22421],[80.7083,6.22438],[80.70914,6.22324],[80.70825,6.2228],[80.70642,6.22409],[80.70562,6.22177],[80.70452,6.223],[80.70026,6.22426],[80.70026,6.22365],[80.69931,6.22368],[80.69983,6.22317],[80.70326,6.22146],[80.70021,6.22037]]]},"properties":{"name":"Muruthawela Tank","kind":"reservoir","ha":530}},{"type":"Feature","geometry":{"type":"Polygon","coordinates":[[[81.0161,7.37382],[81.01973,7.37419],[81.02097,7.37728],[81.02176,7.37717],[81.02215,7.37491],[81.02565,7.37523],[81.02518,7.37201],[81.02663,7.37039],[81.02456,7.36717],[81.02557,7.36688],[81.02607,7.36541],[81.0272,7.36695],[81.02809,7.36634],[81.02957,7.36886],[81.03019,7.36761],[81.03098,7.36809],[81.02977,7.37035],[81.03015,7.37121],[81.03195,7.37092],[81.03305,7.36959],[81.03371,7.37062],[81.03496,7.3695],[81.03652,7.37089],[81.03801,7.371],[81.03931,7.36919],[81.04059,7.36406],[81.03681,7.36424],[81.03578,7.36517],[81.03674,7.36203],[81.03497,7.35909],[81.03338,7.35878],[81.03278,7.35978],[81.03174,7.35953],[81.03194,7.3608],[81.03106,7.36077],[81.02849,7.35591],[81.02756,7.35616],[81.02727,7.3582],[81.02629,7.35831],[81.02494,7.35996],[81.02514,7.35029],[81.02293,7.35043],[81.01874,7.35747],[81.01542,7.3583],[81.01042,7.35633],[81.00844,7.35971],[81.00804,7.35895],[81.00591,7.36097],[81.00558,7.36568],[81.00633,7.3677],[81.00766,7.36786],[81.00798,7.36714],[81.00921,7.36819],[81.01236,7.3688],[81.01121,7.36604],[81.01228,7.36557],[81.0135,7.36729],[81.01427,7.36677],[81.01475,7.37333],[81.0161,7.37382]]]},"properties":{"name":"Sorabor_Wewa","kind":"reservoir","ha":525}},{"type":"Feature","geometry":{"type":"Polygon","coordinates":[[[81.69714,7.67069],[81.69943,7.67351],[81.70177,7.67889],[81.70338,7.6809],[81.70816,7.68401],[81.70948,7.68749],[81.70938,7.68976],[81.70721,7.69422],[81.70667,7.69901],[81.7041,7.70186],[81.70171,7.69953],[81.70029,7.70258],[81.69752,7.70415],[81.69534,7.70378],[81.69275,7.70132],[81.69078,7.69553],[81.69035,7.68936],[81.69217,7.6763],[81.69494,7.67084],[81.69714,7.67069]]]},"properties":{"name":"Paaludaiyaaru Pond","kind":"lagoon","ha":524}},{"type":"Feature","geometry":{"type":"Polygon","coordinates":[[[80.86805,7.45371],[80.87193,7.45675],[80.87237,7.46021],[80.88031,7.46438],[80.87951,7.46701],[80.88143,7.4693],[80.88489,7.46934],[80.88591,7.47093],[80.88582,7.47251],[80.88842,7.47369],[80.89275,7.47296],[80.89656,7.4748],[80.89918,7.47436],[80.90223,7.46442],[80.90666,7.45782],[80.86805,7.45371]]]},"properties":{"name":null,"kind":"river","ha":524}},{"type":"Feature","geometry":{"type":"Polygon","coordinates":[[[80.82799,8.73566],[80.82562,8.73865],[80.82603,8.7362],[80.82537,8.73645],[80.82512,8.7356],[80.82161,8.73841],[80.82081,8.73647],[80.8213,8.73518],[80.81978,8.7332],[80.81844,8.73542],[80.81974,8.7363],[80.81991,8.73809],[80.8185,8.73849],[80.81608,8.7421],[80.81491,8.73898],[80.81348,8.73811],[80.81402,8.73564],[80.81198,8.73603],[80.81081,8.73401],[80.81131,8.73355],[80.81074,8.73205],[80.8098,8.73118],[80.80791,8.73141],[80.80914,8.73061],[80.80864,8.72872],[80.81006,8.72854],[80.81305,8.72979],[80.81595,8.7296],[80.81955,8.72728],[80.82597,8.72478],[80.82715,8.72396],[80.82852,8.7207],[80.82701,8.71534],[80.8244,8.71409],[80.82129,8.71047],[80.81416,8.71046],[80.81126,8.71189],[80.80985,8.71152],[80.81096,8.70562],[80.81327,8.70286],[80.8155,8.70226],[80.81554,8.70107],[80.81325,8.70119],[80.81345,8.69893],[80.8148,8.69702],[80.81399,8.6946],[80.81506,8.69541],[80.8164,8.69548],[80.81618,8.69486],[80.81833,8.69576],[80.81939,8.69365],[80.82061,8.69431],[80.82127,8.69349],[80.82178,8.69549],[80.82124,8.69968],[80.81924,8.70056],[80.82154,8.70238],[80.82278,8.70203],[80.82262,8.70038],[80.82337,8.69954],[80.82496,8.69989],[80.8253,8.70289],[80.8244,8.70453],[80.82552,8.70662],[80.82675,8.70655],[80.82694,8.70321],[80.82826,8.70161],[80.82945,8.70182],[80.83029,8.70326],[80.82799,8.73566]]]},"properties":{"name":"Wahalkada Tank","kind":"reservoir","ha":522}},{"type":"Feature","geometry":{"type":"Polygon","coordinates":[[[80.75168,9.10631],[80.74314,9.07648],[80.74237,9.07585],[80.74032,9.07909],[80.7375,9.07336],[80.7345,9.07328],[80.7332,9.0757],[80.73412,9.07769],[80.73365,9.07859],[80.72758,9.07731],[80.72943,9.08648],[80.72816,9.08895],[80.72889,9.09032],[80.73044,9.09038],[80.73088,9.09162],[80.73025,9.09342],[80.73118,9.0951],[80.73667,9.09613],[80.73738,9.09793],[80.73694,9.09998],[80.74082,9.10309],[80.74302,9.10331],[80.74422,9.10216],[80.74529,9.10232],[80.74524,9.10436],[80.7469,9.10593],[80.75083,9.1071],[80.75168,9.10631]]]},"properties":{"name":"Thannimurippu Kulam","kind":"reservoir","ha":521}},{"type":"Feature","geometry":{"type":"Polygon","coordinates":[[[80.82201,6.42488],[80.82013,6.4257],[80.82094,6.42635],[80.82068,6.42774],[80.81928,6.42636],[80.81982,6.42586],[80.81824,6.42558],[80.81711,6.42941],[80.81572,6.42884],[80.81462,6.43018],[80.81464,6.43102],[80.81601,6.43196],[80.81583,6.43277],[80.81476,6.43334],[80.81473,6.4343],[80.81251,6.43449],[80.81179,6.43657],[80.8128,6.43794],[80.81221,6.43918],[80.81348,6.43853],[80.81418,6.43966],[80.81637,6.43902],[80.81569,6.44085],[80.81365,6.44169],[80.81476,6.4418],[80.81565,6.44311],[80.81767,6.44331],[80.81785,6.44197],[80.8191,6.44201],[80.82002,6.44009],[80.8215,6.43976],[80.82202,6.43809],[80.82277,6.43834],[80.82127,6.44284],[80.82244,6.44393],[80.82127,6.44484],[80.82327,6.44609],[80.82302,6.44734],[80.82002,6.44634],[80.82002,6.44859],[80.81727,6.44959],[80.81702,6.44734],[80.81552,6.44734],[80.81402,6.44609],[80.81352,6.44934],[80.81202,6.44984],[80.81327,6.45034],[80.81552,6.44959],[80.81502,6.45034],[80.81727,6.45334],[80.81452,6.45334],[80.81502,6.45609],[80.81302,6.45484],[80.81277,6.45684],[80.81127,6.45659],[80.81052,6.45784],[80.80902,6.45709],[80.80602,6.45834],[80.81002,6.45959],[80.80902,6.46134],[80.81202,6.46009],[80.81277,6.45859],[80.81377,6.46034],[80.81302,6.46184],[80.81377,6.46234],[80.81402,6.46484],[80.81552,6.46259],[80.81652,6.46359],[80.81777,6.46209],[80.81702,6.46134],[80.81727,6.45934],[80.81902,6.46034],[80.82102,6.45784],[80.82252,6.45909],[80.82252,6.46109],[80.82477,6.45859],[80.82627,6.45834],[80.82602,6.45684],[80.82727,6.45584],[80.83002,6.45734],[80.83127,6.45509],[80.83352,6.45534],[80.82201,6.42488]]]},"properties":{"name":"Udawalawe Reservoir","kind":"reservoir","ha":519}},{"type":"Feature","geometry":{"type":"Polygon","coordinates":[[[80.91734,7.462],[80.91427,7.4634],[80.91082,7.46356],[80.90956,7.46525],[80.9084,7.46327],[80.90907,7.46039],[80.90671,7.4582],[80.9028,7.46385],[80.89933,7.47491],[80.89619,7.47516],[80.89309,7.4733],[80.88893,7.47408],[80.88525,7.47254],[80.8847,7.46969],[80.88083,7.46931],[80.87923,7.46713],[80.88004,7.46474],[80.87224,7.46067],[80.8716,7.45705],[80.86768,7.4539],[80.91734,7.462]]]},"properties":{"name":null,"kind":"river","ha":509}},{"type":"Feature","geometry":{"type":"Polygon","coordinates":[[[79.80473,7.54728],[79.7989,7.53405],[79.7992,7.53179],[79.80262,7.52904],[79.8038,7.5249],[79.80654,7.52259],[79.81076,7.52091],[79.81292,7.52184],[79.81302,7.52299],[79.814,7.52274],[79.8149,7.52117],[79.81463,7.51884],[79.81578,7.51715],[79.81906,7.5163],[79.81706,7.51452],[79.81772,7.51284],[79.81875,7.51242],[79.82328,7.51469],[79.82475,7.5145],[79.82625,7.51606],[79.82564,7.51835],[79.82348,7.5201],[79.82368,7.52238],[79.82286,7.52366],[79.81992,7.52479],[79.81648,7.52767],[79.81608,7.53133],[79.81753,7.5345],[79.81605,7.53769],[79.8073,7.54695],[79.80473,7.54728]]]},"properties":{"name":null,"kind":"lake","ha":507}},{"type":"Feature","geometry":{"type":"Polygon","coordinates":[[[81.14685,6.25007],[81.14736,6.24887],[81.14572,6.24737],[81.14387,6.23992],[81.14231,6.23849],[81.13915,6.23948],[81.13821,6.24207],[81.13966,6.24411],[81.13765,6.24619],[81.13647,6.24594],[81.13681,6.244],[81.13496,6.24413],[81.13417,6.24339],[81.134,6.24185],[81.13222,6.24335],[81.13044,6.24189],[81.12886,6.24254],[81.12667,6.24204],[81.12592,6.24296],[81.12643,6.24508],[81.1237,6.24845],[81.12248,6.2483],[81.12313,6.24987],[81.12689,6.25178],[81.12717,6.25455],[81.13021,6.25628],[81.1288,6.26172],[81.1291,6.26318],[81.13268,6.26044],[81.13445,6.26268],[81.136,6.25788],[81.13695,6.25851],[81.13809,6.25778],[81.13873,6.25971],[81.1397,6.26007],[81.14122,6.25816],[81.14287,6.26216],[81.14474,6.26384],[81.14447,6.26617],[81.14759,6.2641],[81.14855,6.2652],[81.14777,6.26758],[81.15108,6.26719],[81.15284,6.26561],[81.15046,6.25891],[81.14853,6.25906],[81.14872,6.25734],[81.14685,6.25007]]]},"properties":{"name":"Bandagiriya Tank","kind":"reservoir","ha":507}},{"type":"Feature","geometry":{"type":"Polygon","coordinates":[[[80.64466,7.32157],[80.63887,7.32903],[80.63423,7.32617],[80.63118,7.32602],[80.6266,7.32358],[80.62508,7.31369],[80.62345,7.30947],[80.62327,7.30477],[80.62179,7.3005],[80.61596,7.29295],[80.60924,7.28949],[80.60911,7.28589],[80.61021,7.28557],[80.61017,7.28442],[80.60922,7.28355],[80.60846,7.28388],[80.60578,7.28091],[80.60406,7.28106],[80.60703,7.27385],[80.60229,7.26834],[80.60092,7.26783],[80.59934,7.26844],[80.64466,7.32157]]]},"properties":{"name":null,"kind":"water","ha":504}},{"type":"Feature","geometry":{"type":"Polygon","coordinates":[[[81.0485,7.8325],[81.04775,7.83275],[81.04886,7.83496],[81.04787,7.83576],[81.04795,7.83694],[81.04884,7.83729],[81.04717,7.83869],[81.04805,7.83961],[81.05187,7.83973],[81.05247,7.8412],[81.06057,7.84417],[81.06372,7.84441],[81.06733,7.84175],[81.06748,7.8438],[81.07125,7.8455],[81.07174,7.84655],[81.07175,7.845],[81.0735,7.84425],[81.07175,7.8425],[81.07475,7.8405],[81.07347,7.83612],[81.06981,7.83715],[81.06875,7.83675],[81.06825,7.8325],[81.06625,7.834],[81.06681,7.83115],[81.06606,7.82965],[81.06456,7.82915],[81.06331,7.83015],[81.0615,7.83375],[81.06075,7.837],[81.0615,7.84034],[81.06025,7.84025],[81.05765,7.83745],[81.05675,7.83175],[81.05583,7.83089],[81.0563,7.82968],[81.05847,7.83085],[81.05929,7.82928],[81.06095,7.82895],[81.06042,7.82617],[81.06358,7.82259],[81.06313,7.82171],[81.06044,7.82294],[81.059,7.82275],[81.05892,7.82002],[81.0597,7.81874],[81.05863,7.81756],[81.05751,7.8173],[81.05704,7.81909],[81.05566,7.8193],[81.05575,7.824],[81.054,7.82325],[81.05375,7.82637],[81.05153,7.82551],[81.0513,7.823],[81.05047,7.82258],[81.04981,7.82333],[81.04878,7.82259],[81.04701,7.82362],[81.04377,7.82238],[81.04093,7.82296],[81.03996,7.82422],[81.04275,7.827],[81.04092,7.82818],[81.04208,7.82872],[81.04375,7.832],[81.0455,7.82925],[81.0485,7.8325]]]},"properties":{"name":null,"kind":"lake","ha":490}},{"type":"Feature","geometry":{"type":"Polygon","coordinates":[[[79.89669,6.77823],[79.89488,6.77991],[79.89446,6.77912],[79.89278,6.77962],[79.89174,6.77872],[79.88805,6.78074],[79.88796,6.77979],[79.88634,6.77896],[79.88691,6.77762],[79.88606,6.77612],[79.88595,6.77309],[79.88701,6.76984],[79.89209,6.76426],[79.89193,6.75599],[79.89445,6.75026],[79.89486,6.74549],[79.89896,6.73802],[79.90303,6.72275],[79.90257,6.71707],[79.90165,6.71617],[79.90067,6.71721],[79.8994,6.71635],[79.90057,6.71471],[79.90179,6.71442],[79.9035,6.71572],[79.9052,6.71979],[79.90348,6.72687],[79.9034,6.73292],[79.90107,6.73641],[79.89789,6.74516],[79.89659,6.74596],[79.89598,6.74761],[79.89869,6.75387],[79.89744,6.75633],[79.89788,6.75813],[79.89616,6.76236],[79.89443,6.76368],[79.89351,6.76609],[79.88767,6.77103],[79.88791,6.77415],[79.8893,6.77524],[79.8922,6.77479],[79.89629,6.77186],[79.89941,6.76731],[79.89873,6.76621],[79.89721,6.7664],[79.89707,6.76536],[79.89998,6.76204],[79.90376,6.76276],[79.90492,6.76201],[79.90616,6.76335],[79.90834,6.7637],[79.90963,6.7652],[79.9133,6.76263],[79.91352,6.76081],[79.91503,6.76009],[79.91762,6.75538],[79.91692,6.7538],[79.91541,6.75311],[79.91613,6.75192],[79.91535,6.75045],[79.91281,6.75082],[79.9122,6.74845],[79.91022,6.74715],[79.91044,6.74557],[79.91258,6.74577],[79.91546,6.74762],[79.91622,6.7461],[79.91736,6.74571],[79.91755,6.74378],[79.91556,6.7431],[79.91847,6.74231],[79.91929,6.74041],[79.92016,6.74017],[79.92,6.73698],[79.92117,6.73822],[79.92204,6.73773],[79.92202,6.73986],[79.92275,6.74078],[79.92123,6.74123],[79.92268,6.74284],[79.92016,6.7436],[79.92108,6.74597],[79.92432,6.74609],[79.92338,6.74717],[79.91934,6.74647],[79.91674,6.74705],[79.91605,6.75002],[79.91702,6.74799],[79.92051,6.74881],[79.91789,6.7525],[79.91863,6.75369],[79.92004,6.7536],[79.9192,6.75569],[79.92116,6.75336],[79.89669,6.77823]]]},"properties":{"name":"Bolgoda_Lake","kind":"river","ha":485}},{"type":"Feature","geometry":{"type":"Polygon","coordinates":[[[80.19675,9.3003],[80.1999,9.29419],[80.2041,9.29376],[80.20428,9.29164],[80.20203,9.29126],[80.19841,9.29336],[80.19351,9.29147],[80.18375,9.28932],[80.18108,9.2809],[80.1758,9.27825],[80.17276,9.26874],[80.17118,9.27461],[80.17269,9.28051],[80.17183,9.28526],[80.17461,9.29686],[80.1756,9.29828],[80.17783,9.29944],[80.18247,9.2992],[80.18604,9.30288],[80.18901,9.3026],[80.19252,9.30413],[80.19675,9.3003]]]},"properties":{"name":"Kariyalai Kulam","kind":"reservoir","ha":484}},{"type":"Feature","geometry":{"type":"Polygon","coordinates":[[[80.22059,8.18699],[80.22107,8.18982],[80.22198,8.18977],[80.22261,8.18861],[80.22417,8.18875],[80.22476,8.18698],[80.22288,8.1827],[80.22067,8.18003],[80.22238,8.17857],[80.22417,8.17809],[80.225,8.18032],[80.22681,8.18026],[80.22854,8.17841],[80.23078,8.1782],[80.23159,8.18043],[80.23427,8.1814],[80.23571,8.18337],[80.23637,8.18283],[80.2364,8.17966],[80.23788,8.17862],[80.24057,8.18021],[80.24256,8.17983],[80.24454,8.18421],[80.24552,8.18375],[80.24448,8.17999],[80.24471,8.17792],[80.24789,8.17646],[80.2523,8.1767],[80.25256,8.17486],[80.25123,8.17327],[80.24643,8.17239],[80.24537,8.17366],[80.24274,8.17203],[80.23915,8.174],[80.23594,8.17351],[80.23532,8.17274],[80.23604,8.16894],[80.23405,8.16924],[80.23365,8.16821],[80.23265,8.16799],[80.23164,8.16989],[80.22932,8.17095],[80.22769,8.17032],[80.22689,8.16829],[80.22547,8.16814],[80.22398,8.16589],[80.22244,8.16659],[80.22183,8.16578],[80.21878,8.16847],[80.21706,8.17531],[80.21343,8.17966],[80.21424,8.18208],[80.21346,8.18955],[80.2145,8.18966],[80.21631,8.18801],[80.21804,8.185],[80.22059,8.18699]]]},"properties":{"name":"Angamuwa Tank","kind":"water","ha":470}},{"type":"Feature","geometry":{"type":"Polygon","coordinates":[[[81.12317,8.76071],[81.11796,8.75851],[81.1148,8.75874],[81.10946,8.76309],[81.11051,8.76827],[81.11251,8.76814],[81.11531,8.77438],[81.11629,8.77243],[81.11626,8.77111],[81.11553,8.77071],[81.11821,8.77021],[81.1185,8.77174],[81.12022,8.77355],[81.11964,8.77464],[81.12148,8.77591],[81.12938,8.76937],[81.13674,8.75452],[81.12984,8.74922],[81.12632,8.74999],[81.12648,8.75819],[81.12604,8.74999],[81.12356,8.7508],[81.12183,8.75405],[81.12132,8.75926],[81.12314,8.76056],[81.12645,8.75834],[81.12317,8.76071]]]},"properties":{"name":"Periya Karaichi Kulam","kind":"lagoon","ha":461}},{"type":"Feature","geometry":{"type":"Polygon","coordinates":[[[80.85389,6.31182],[80.85549,6.31207],[80.855,6.31333],[80.85291,6.31285],[80.85275,6.31049],[80.85068,6.30871],[80.85074,6.30694],[80.84869,6.30862],[80.84573,6.30901],[80.84495,6.30752],[80.84572,6.30585],[80.84377,6.30746],[80.84154,6.30701],[80.84163,6.31023],[80.84313,6.30965],[80.84341,6.31229],[80.84458,6.31158],[80.84647,6.31277],[80.84427,6.31602],[80.84769,6.31545],[80.84864,6.31728],[80.85087,6.31746],[80.85053,6.31852],[80.84906,6.31928],[80.8508,6.3198],[80.85159,6.32107],[80.85123,6.32214],[80.85261,6.32239],[80.85238,6.31968],[80.85299,6.31881],[80.85459,6.32192],[80.85586,6.32077],[80.85564,6.31956],[80.85882,6.32066],[80.8614,6.31992],[80.8649,6.30893],[80.86909,6.30536],[80.87114,6.30206],[80.87106,6.30135],[80.86962,6.30097],[80.87102,6.29656],[80.87061,6.29459],[80.86988,6.29413],[80.87018,6.29566],[80.86893,6.2969],[80.86776,6.29624],[80.86632,6.29953],[80.86566,6.29683],[80.8642,6.29763],[80.8637,6.29713],[80.86269,6.29363],[80.86307,6.29215],[80.86035,6.29156],[80.85996,6.29291],[80.86083,6.29393],[80.86024,6.29619],[80.86153,6.2994],[80.85929,6.29837],[80.85875,6.30108],[80.86108,6.3038],[80.85948,6.30356],[80.85861,6.30446],[80.85939,6.30763],[80.85759,6.30982],[80.85819,6.30766],[80.85695,6.30608],[80.85689,6.30352],[80.85327,6.3008],[80.85451,6.29859],[80.85237,6.2993],[80.85095,6.29562],[80.84987,6.29555],[80.84918,6.29806],[80.85131,6.30051],[80.85059,6.30289],[80.8522,6.30314],[80.8524,6.30657],[80.85369,6.30799],[80.85304,6.31097],[80.85389,6.31182]]]},"properties":{"name":"chandrika tank","kind":"reservoir","ha":454}},{"type":"Feature","geometry":{"type":"Polygon","coordinates":[[[81.47516,8.00753],[81.48265,8.00345],[81.48621,8.00345],[81.48994,8.00181],[81.49162,7.99735],[81.49812,7.99566],[81.49858,7.99116],[81.50105,7.98666],[81.50605,7.98569],[81.50707,7.98324],[81.50689,7.97924],[81.50973,7.97915],[81.51201,7.97764],[81.51605,7.97243],[81.51621,7.9706],[81.51416,7.97084],[81.51206,7.96959],[81.51133,7.96806],[81.50773,7.96886],[81.50653,7.97062],[81.50718,7.97316],[81.50514,7.9756],[81.5042,7.97946],[81.50209,7.97831],[81.50019,7.97902],[81.49386,7.98894],[81.49016,7.99216],[81.48162,7.99678],[81.47573,7.99779],[81.47467,8.00017],[81.47049,8.00418],[81.47034,8.00834],[81.47516,8.00753]]]},"properties":{"name":null,"kind":"river","ha":454}},{"type":"Feature","geometry":{"type":"Polygon","coordinates":[[[80.76459,7.63797],[80.76404,7.63916],[80.76446,7.64176],[80.76254,7.64354],[80.76146,7.6462],[80.7593,7.6473],[80.7547,7.65419],[80.75675,7.6602],[80.75959,7.66403],[80.75895,7.66708],[80.75204,7.66865],[80.7509,7.66977],[80.74879,7.66878],[80.74664,7.67008],[80.74288,7.66953],[80.7411,7.67203],[80.73965,7.67205],[80.73842,7.66685],[80.73612,7.6648],[80.73582,7.65526],[80.7329,7.66208],[80.72681,7.66343],[80.7299,7.66401],[80.7334,7.66693],[80.7332,7.6718],[80.73651,7.67878],[80.73588,7.68145],[80.73438,7.68222],[80.73286,7.68149],[80.73071,7.68254],[80.7296,7.68148],[80.72996,7.67963],[80.72904,7.67963],[80.72696,7.68204],[80.72301,7.68992],[80.72211,7.69075],[80.72032,7.69055],[80.71908,7.68677],[80.7181,7.68607],[80.76459,7.63797]]]},"properties":{"name":"Moragahakanda Reservoir","kind":"reservoir","ha":454}},{"type":"Feature","geometry":{"type":"Polygon","coordinates":[[[80.44615,7.77182],[80.44631,7.7781],[80.44697,7.77877],[80.44646,7.77904],[80.44733,7.77905],[80.44732,7.78007],[80.44844,7.78076],[80.44821,7.77884],[80.44976,7.77883],[80.4486,7.77765],[80.44865,7.77656],[80.45012,7.77564],[80.45074,7.77657],[80.45225,7.7759],[80.45419,7.77276],[80.45705,7.77324],[80.45969,7.77885],[80.46064,7.77887],[80.46172,7.77747],[80.46377,7.78335],[80.46313,7.78466],[80.46349,7.78606],[80.46209,7.78755],[80.46247,7.78853],[80.4638,7.78818],[80.46535,7.7848],[80.4662,7.7846],[80.46628,7.78251],[80.46778,7.78275],[80.46771,7.78142],[80.46601,7.7809],[80.46639,7.77829],[80.46784,7.77704],[80.46955,7.77757],[80.46865,7.77513],[80.46974,7.77428],[80.47158,7.77346],[80.47243,7.77394],[80.47277,7.76925],[80.47526,7.76952],[80.47617,7.76854],[80.47459,7.76811],[80.47369,7.76625],[80.47234,7.76591],[80.47204,7.76452],[80.47006,7.76416],[80.46984,7.76857],[80.46768,7.76829],[80.46764,7.76668],[80.46593,7.76732],[80.46584,7.76586],[80.46476,7.76528],[80.46468,7.76348],[80.46639,7.76309],[80.46619,7.76171],[80.46806,7.75978],[80.46797,7.75873],[80.46881,7.75917],[80.46905,7.75716],[80.47003,7.75757],[80.47167,7.75664],[80.46993,7.75628],[80.46974,7.75538],[80.46839,7.75567],[80.4675,7.75739],[80.46604,7.75786],[80.46595,7.75906],[80.46389,7.76023],[80.4638,7.75798],[80.46644,7.75642],[80.46762,7.751],[80.46484,7.75538],[80.46363,7.75537],[80.4629,7.75433],[80.46133,7.75751],[80.46043,7.76455],[80.45822,7.76941],[80.45595,7.76944],[80.45195,7.76561],[80.452,7.76252],[80.45089,7.76171],[80.45041,7.7591],[80.44953,7.7628],[80.44773,7.76575],[80.44747,7.77026],[80.44615,7.77182]]]},"properties":{"name":"Hakwatuna Oya Tank","kind":"reservoir","ha":439}},{"type":"Feature","geometry":{"type":"Polygon","coordinates":[[[79.95947,6.58759],[79.95564,6.58798],[79.95744,6.59137],[79.96349,6.59395],[79.9701,6.59902],[79.97007,6.60069],[79.97434,6.60597],[79.97638,6.61109],[79.98005,6.61529],[79.98234,6.62187],[79.98432,6.62274],[79.98768,6.62165],[79.98949,6.62542],[79.98922,6.62756],[79.99215,6.62932],[80.00476,6.629],[80.00808,6.63147],[80.00797,6.63426],[80.00945,6.6355],[80.01098,6.63484],[80.01894,6.62709],[80.02457,6.62679],[80.02741,6.62278],[80.02881,6.6028],[80.03008,6.60096],[80.03286,6.59794],[80.03671,6.59775],[80.04244,6.59089],[80.04377,6.59159],[80.04395,6.5926],[80.04498,6.59258],[80.0462,6.5918],[80.04743,6.58915],[80.04954,6.5887],[80.05055,6.58942],[80.05308,6.59274],[80.06054,6.61358],[80.06117,6.61731],[80.06363,6.61974],[80.07691,6.62703],[80.07889,6.62983],[80.08098,6.6362],[80.08057,6.63918],[80.08113,6.64087],[80.08858,6.64854],[80.09163,6.64946],[80.09376,6.65186],[80.09379,6.65692],[80.09065,6.6609],[80.09073,6.66376],[80.08884,6.66566],[80.08729,6.66891],[80.08964,6.67581],[80.09212,6.67684],[80.09341,6.676],[80.09064,6.68286],[80.09276,6.68436],[80.0939,6.68386],[80.09445,6.6864],[80.09864,6.68692],[80.10083,6.69069],[80.10159,6.69536],[80.1059,6.69904],[80.10807,6.70455],[80.109,6.70472],[80.11484,6.70121],[80.11934,6.69951],[80.12431,6.70081],[80.13032,6.70497],[80.13398,6.71035],[80.13612,6.71176],[80.13725,6.71651],[80.13809,6.71666],[80.13961,6.7153],[80.14101,6.71555],[80.14382,6.71949],[80.14125,6.71486],[80.13977,6.71459],[80.13766,6.71585],[80.13715,6.71537],[80.13671,6.71147],[80.13438,6.70954],[80.13182,6.70553],[80.12765,6.70204],[80.12199,6.69889],[80.11951,6.69883],[80.11568,6.70029],[80.10853,6.70417],[80.10616,6.69825],[80.10213,6.6947],[80.10121,6.68962],[80.09944,6.68673],[80.09514,6.68606],[80.09459,6.68334],[80.09286,6.68349],[80.09105,6.68258],[80.09326,6.67914],[80.09405,6.6758],[80.09286,6.67507],[80.09147,6.67608],[80.08946,6.67461],[80.0895,6.67262],[80.08802,6.66875],[80.09124,6.66412],[80.09134,6.66114],[80.09398,6.65808],[80.09461,6.65179],[80.09261,6.64908],[80.08785,6.64698],[80.08231,6.64089],[80.08151,6.63936],[80.08179,6.63616],[80.08083,6.63264],[80.07773,6.62628],[80.07064,6.62306],[80.06188,6.6164],[80.05456,6.59371],[80.05118,6.58862],[80.04959,6.58777],[80.04732,6.58834],[80.04492,6.59178],[80.04214,6.58981],[80.03568,6.59722],[80.03325,6.59659],[80.03233,6.59711],[80.02793,6.60268],[80.02607,6.62317],[80.02284,6.62638],[80.01827,6.62613],[80.01318,6.62997],[80.00989,6.63416],[80.00917,6.63072],[80.0052,6.62806],[79.99115,6.62712],[79.99029,6.62646],[79.99035,6.62391],[79.98902,6.62059],[79.98721,6.62025],[79.98559,6.62101],[79.98299,6.61997],[79.98134,6.61473],[79.97796,6.61123],[79.97646,6.60597],[79.97305,6.60227],[79.97074,6.59772],[79.96571,6.59146],[79.96303,6.58998],[79.96125,6.5879],[79.95947,6.58759]]]},"properties":{"name":"Kaluganga","kind":"river","ha":438}},{"type":"Feature","geometry":{"type":"Polygon","coordinates":[[[81.84298,6.99605],[81.84491,6.99551],[81.84809,6.99788],[81.85039,6.99779],[81.85191,6.99617],[81.85358,6.9973],[81.85616,6.99496],[81.86121,6.99273],[81.86344,6.99265],[81.86427,6.9908],[81.86219,6.99219],[81.86375,6.98982],[81.86077,6.9796],[81.86199,6.9772],[81.86386,6.97675],[81.86433,6.97767],[81.86564,6.97709],[81.86616,6.97571],[81.86405,6.97632],[81.86109,6.97492],[81.85888,6.97271],[81.85813,6.97055],[81.85508,6.97092],[81.85482,6.97433],[81.85328,6.97571],[81.85181,6.97307],[81.85062,6.97309],[81.84838,6.9773],[81.84929,6.97826],[81.85573,6.97989],[81.85152,6.98105],[81.8491,6.98067],[81.8473,6.98163],[81.84715,6.98284],[81.84478,6.98382],[81.84661,6.98938],[81.84418,6.99368],[81.84187,6.99419],[81.84159,6.99575],[81.84298,6.99605]]]},"properties":{"name":"Komari Lagoon","kind":"lagoon","ha":429}},{"type":"Feature","geometry":{"type":"Polygon","coordinates":[[[79.96875,6.69377],[79.96735,6.6912],[79.96194,6.69196],[79.96043,6.68989],[79.95817,6.68961],[79.95792,6.69175],[79.95514,6.69222],[79.94927,6.69068],[79.94772,6.69169],[79.94747,6.69285],[79.94532,6.69286],[79.94234,6.69471],[79.94156,6.69311],[79.93885,6.69232],[79.94023,6.68851],[79.93777,6.68775],[79.93224,6.68218],[79.93012,6.68259],[79.92785,6.68587],[79.91704,6.68226],[79.92452,6.684],[79.92705,6.68533],[79.92992,6.68238],[79.93215,6.682],[79.93815,6.68773],[79.94006,6.68797],[79.94215,6.68607],[79.94399,6.68626],[79.94806,6.68391],[79.95373,6.67891],[79.95794,6.67954],[79.96163,6.67723],[79.96208,6.6751],[79.95706,6.66357],[79.95391,6.65982],[79.95137,6.65446],[79.94861,6.65326],[79.94921,6.65297],[79.94769,6.64992],[79.94936,6.64113],[79.95615,6.6382],[79.95729,6.63261],[79.95634,6.63817],[79.94955,6.6412],[79.96875,6.69377]]]},"properties":{"name":"Bolgoda_Lake","kind":"river","ha":418}},{"type":"Feature","geometry":{"type":"Polygon","coordinates":[[[79.98806,6.44122],[79.99175,6.43853],[79.99474,6.43188],[79.9952,6.42773],[79.99623,6.42598],[79.99772,6.42591],[79.99854,6.42488],[80.00225,6.42634],[80.00308,6.42474],[80.00554,6.42582],[80.0069,6.42725],[80.00705,6.42861],[80.00662,6.43163],[80.0055,6.43133],[80.00572,6.43291],[80.00685,6.43439],[80.0091,6.43523],[80.01533,6.43429],[80.01772,6.43203],[80.01895,6.43184],[80.01761,6.43278],[80.01927,6.43245],[80.02218,6.4308],[80.02456,6.42343],[80.0294,6.41733],[80.02769,6.41701],[80.02734,6.41529],[80.02355,6.41392],[80.02266,6.41198],[80.0203,6.4105],[80.01964,6.41145],[80.01553,6.41246],[80.01372,6.41174],[80.01427,6.40768],[80.01592,6.40515],[80.01574,6.4036],[80.01747,6.3998],[80.02014,6.3996],[80.02122,6.3973],[80.02465,6.39828],[80.02497,6.39965],[80.02426,6.40065],[80.02266,6.40066],[80.02139,6.40199],[80.01777,6.40107],[80.01707,6.40157],[80.01904,6.40512],[80.0237,6.40526],[80.02237,6.40677],[80.02139,6.40963],[80.02186,6.41038],[80.02419,6.41173],[80.03128,6.40871],[80.03569,6.41191],[80.03521,6.41492],[80.03199,6.41861],[80.03734,6.41922],[80.03711,6.42061],[80.03904,6.42056],[80.03588,6.42117],[80.03323,6.42013],[80.03052,6.42024],[80.02702,6.42387],[80.02604,6.42576],[80.02652,6.42828],[80.02409,6.43174],[80.0167,6.4356],[80.01383,6.43836],[80.01076,6.44001],[80.00906,6.43877],[80.0056,6.43871],[80.00214,6.42868],[79.99847,6.42746],[79.99735,6.42879],[79.99301,6.44018],[79.99186,6.44159],[79.98941,6.44216],[79.98851,6.4423],[79.98806,6.44122]]]},"properties":{"name":null,"kind":"river","ha":415}},{"type":"Feature","geometry":{"type":"Polygon","coordinates":[[[81.52464,7.2832],[81.52514,7.28472],[81.52457,7.28521],[81.52529,7.28589],[81.52343,7.28717],[81.52444,7.29018],[81.52255,7.29],[81.5237,7.29349],[81.52265,7.30011],[81.52325,7.30428],[81.52182,7.30609],[81.5225,7.30684],[81.52572,7.30596],[81.5236,7.31007],[81.52355,7.31182],[81.52525,7.3159],[81.52422,7.31688],[81.52497,7.31743],[81.52319,7.31735],[81.52228,7.31851],[81.52255,7.32047],[81.52185,7.31846],[81.5229,7.31616],[81.5219,7.31671],[81.52179,7.31598],[81.52287,7.31557],[81.52337,7.31398],[81.52289,7.31251],[81.52171,7.31277],[81.52175,7.31077],[81.51948,7.30837],[81.51901,7.29968],[81.51628,7.30071],[81.51762,7.29891],[81.51654,7.29884],[81.51661,7.29781],[81.51825,7.29538],[81.51834,7.29321],[81.51634,7.2953],[81.51622,7.29685],[81.51521,7.29747],[81.5148,7.2967],[81.51289,7.29849],[81.51205,7.30275],[81.5071,7.30198],[81.50059,7.3037],[81.50184,7.30251],[81.5098,7.29955],[81.51053,7.29868],[81.51059,7.29602],[81.5127,7.2946],[81.51263,7.294],[81.51019,7.29394],[81.51014,7.29285],[81.5068,7.29241],[81.50613,7.29028],[81.50695,7.29125],[81.51249,7.28994],[81.51431,7.29118],[81.51457,7.28985],[81.51603,7.28969],[81.51516,7.28768],[81.51398,7.28861],[81.51296,7.28757],[81.51212,7.28805],[81.51212,7.28703],[81.5099,7.28869],[81.50975,7.28681],[81.50819,7.28611],[81.50927,7.28614],[81.50846,7.2852],[81.51068,7.28502],[81.51049,7.28402],[81.50787,7.28378],[81.50883,7.2823],[81.50705,7.28291],[81.50707,7.28185],[81.50499,7.28082],[81.50537,7.27918],[81.50634,7.27874],[81.50801,7.27944],[81.50919,7.27723],[81.51057,7.27699],[81.51583,7.27895],[81.52169,7.28366],[81.52464,7.2832]]]},"properties":{"name":"Namal Oya Reservoir","kind":"reservoir","ha":414}},{"type":"Feature","geometry":{"type":"Polygon","coordinates":[[[81.83235,6.85363],[81.8324,6.8555],[81.83151,6.8556],[81.83097,6.85968],[81.82917,6.86307],[81.82041,6.87019],[81.81822,6.87316],[81.81668,6.87312],[81.81398,6.87065],[81.8127,6.86653],[81.80926,6.86235],[81.80557,6.86207],[81.80614,6.86053],[81.80847,6.85923],[81.8101,6.86056],[81.81047,6.85953],[81.81205,6.8609],[81.81463,6.86055],[81.81498,6.85869],[81.81367,6.85697],[81.81269,6.85352],[81.81361,6.85284],[81.81444,6.85412],[81.81654,6.85432],[81.81727,6.85236],[81.81966,6.85075],[81.82002,6.84917],[81.82204,6.84827],[81.82407,6.84783],[81.82627,6.85071],[81.82847,6.8514],[81.82979,6.8509],[81.82959,6.85352],[81.83095,6.85426],[81.82998,6.85117],[81.83166,6.85102],[81.83185,6.85219],[81.83276,6.85224],[81.83235,6.85363]]]},"properties":{"name":"Arugam Lagoon","kind":"lagoon","ha":413}},{"type":"Feature","geometry":{"type":"Polygon","coordinates":[[[79.88017,8.46258],[79.87626,8.45725],[79.87549,8.44871],[79.87654,8.44568],[79.87839,8.44315],[79.88016,8.44211],[79.88649,8.44138],[79.8909,8.44235],[79.89358,8.44645],[79.89449,8.44996],[79.89385,8.45108],[79.89193,8.45139],[79.88967,8.45405],[79.89328,8.45624],[79.89379,8.45781],[79.88792,8.46286],[79.88384,8.46522],[79.8815,8.46509],[79.88017,8.46258]]]},"properties":{"name":"Maha Villu","kind":"lake","ha":404}},{"type":"Feature","geometry":{"type":"Polygon","coordinates":[[[81.48193,7.2095],[81.48356,7.21139],[81.48499,7.21671],[81.48571,7.21651],[81.48512,7.21768],[81.4856,7.21843],[81.48618,7.21799],[81.48618,7.21919],[81.48771,7.22006],[81.48788,7.22131],[81.48926,7.22055],[81.48958,7.22197],[81.48937,7.21952],[81.49041,7.22001],[81.49053,7.21911],[81.49068,7.22048],[81.4916,7.22025],[81.49151,7.22158],[81.49271,7.22257],[81.49246,7.22122],[81.49307,7.2211],[81.49222,7.21806],[81.49475,7.21946],[81.49398,7.21699],[81.49587,7.21982],[81.49668,7.21977],[81.49555,7.22135],[81.49709,7.2218],[81.49693,7.22348],[81.49777,7.2227],[81.49827,7.22476],[81.49901,7.22381],[81.5002,7.22547],[81.50061,7.22475],[81.50205,7.22553],[81.50105,7.22256],[81.50221,7.22268],[81.50142,7.22161],[81.50218,7.22081],[81.49951,7.21815],[81.50109,7.2181],[81.50276,7.21931],[81.50288,7.22087],[81.50407,7.22141],[81.50348,7.22263],[81.50512,7.22274],[81.50549,7.22544],[81.50825,7.22807],[81.50851,7.22711],[81.50962,7.22714],[81.50919,7.22565],[81.51056,7.22566],[81.50891,7.22267],[81.50966,7.22264],[81.5095,7.22129],[81.51035,7.22173],[81.51008,7.2206],[81.5113,7.22042],[81.50825,7.21885],[81.50916,7.21784],[81.50776,7.21573],[81.5102,7.21803],[81.5103,7.21647],[81.51275,7.21904],[81.51358,7.21871],[81.51263,7.21741],[81.51389,7.21738],[81.51204,7.21585],[81.51344,7.2156],[81.51276,7.21408],[81.51469,7.21571],[81.51503,7.21525],[81.51335,7.21236],[81.51446,7.21385],[81.51475,7.21232],[81.48193,7.2095]]]},"properties":{"name":"Senanayake Samudraya","kind":"reservoir","ha":372}},{"type":"Feature","geometry":{"type":"Polygon","coordinates":[[[80.5474,7.81013],[80.54607,7.81107],[80.54173,7.80888],[80.54021,7.80707],[80.54114,7.80652],[80.54228,7.80368],[80.53731,7.80028],[80.54041,7.79829],[80.54175,7.79497],[80.54126,7.79385],[80.54575,7.79809],[80.54766,7.7981],[80.55013,7.7941],[80.54782,7.7916],[80.54804,7.78951],[80.54986,7.78975],[80.55106,7.78876],[80.5549,7.79502],[80.55225,7.80046],[80.55244,7.80185],[80.55494,7.80138],[80.55609,7.80206],[80.55734,7.80093],[80.55765,7.79755],[80.55685,7.79443],[80.5609,7.7905],[80.56357,7.79151],[80.56506,7.79317],[80.56498,7.79415],[80.56247,7.79342],[80.55999,7.79434],[80.55986,7.79581],[80.56083,7.79697],[80.55965,7.79758],[80.55957,7.79926],[80.56006,7.80018],[80.56163,7.80017],[80.56355,7.79764],[80.56489,7.79899],[80.56835,7.79942],[80.56718,7.8034],[80.56653,7.80361],[80.56589,7.80241],[80.56524,7.80279],[80.56583,7.80728],[80.56046,7.80433],[80.55589,7.80471],[80.55288,7.80758],[80.55338,7.80872],[80.54853,7.80848],[80.54747,7.80893],[80.5474,7.81013]]]},"properties":{"name":"Dewahuwa tank","kind":"reservoir","ha":367}},{"type":"Feature","geometry":{"type":"Polygon","coordinates":[[[80.5141,9.34413],[80.52155,9.34541],[80.52228,9.34712],[80.52388,9.34798],[80.52351,9.3452],[80.52413,9.34335],[80.52229,9.33685],[80.5213,9.32887],[80.52197,9.32691],[80.52097,9.32185],[80.52126,9.31773],[80.51955,9.31589],[80.51935,9.31322],[80.51771,9.31407],[80.51601,9.31239],[80.51564,9.30904],[80.51386,9.30984],[80.51254,9.31248],[80.51134,9.32298],[80.50901,9.32419],[80.50952,9.32512],[80.51305,9.32629],[80.51317,9.33119],[80.51474,9.33728],[80.51423,9.34242],[80.5133,9.34396],[80.5141,9.34413]]]},"properties":{"name":"Kalmadu Kulam","kind":"reservoir","ha":364}},{"type":"Feature","geometry":{"type":"Polygon","coordinates":[[[81.41068,7.45423],[81.41021,7.45316],[81.41169,7.45292],[81.4116,7.45145],[81.41244,7.45096],[81.41176,7.44942],[81.41272,7.44841],[81.41085,7.44734],[81.41123,7.4467],[81.41004,7.44535],[81.41114,7.44566],[81.41055,7.44479],[81.41148,7.44461],[81.41045,7.44292],[81.41115,7.44209],[81.40974,7.44091],[81.41071,7.44128],[81.41043,7.44026],[81.41193,7.4393],[81.40985,7.43925],[81.40966,7.43726],[81.41115,7.43611],[81.41107,7.43466],[81.41362,7.43496],[81.41465,7.43627],[81.41521,7.43458],[81.41618,7.43526],[81.41803,7.43422],[81.41646,7.43394],[81.41687,7.4324],[81.41863,7.43231],[81.41634,7.43065],[81.41601,7.432],[81.41476,7.4323],[81.41411,7.43135],[81.41411,7.43231],[81.41059,7.43071],[81.4113,7.42998],[81.41081,7.42877],[81.41186,7.42936],[81.41238,7.4285],[81.41407,7.42893],[81.41282,7.42749],[81.41564,7.42684],[81.41357,7.42534],[81.41509,7.42513],[81.41425,7.42498],[81.41612,7.42364],[81.41311,7.42307],[81.41211,7.41796],[81.41319,7.418],[81.41278,7.41538],[81.41476,7.40715],[81.41606,7.40644],[81.41766,7.40381],[81.41827,7.39991],[81.41763,7.39937],[81.41953,7.39819],[81.41864,7.39769],[81.42017,7.39602],[81.41762,7.39716],[81.41756,7.39455],[81.41959,7.39313],[81.41862,7.39229],[81.41969,7.38987],[81.41793,7.39214],[81.4163,7.39092],[81.41278,7.38324],[81.41112,7.38181],[81.40915,7.37659],[81.41068,7.45423]]]},"properties":{"name":"Rambaken Oya Reservoir","kind":"reservoir","ha":364}},{"type":"Feature","geometry":{"type":"Polygon","coordinates":[[[81.60586,7.07059],[81.60801,7.07091],[81.60825,7.0725],[81.6095,7.072],[81.61,7.07325],[81.61075,7.0715],[81.612,7.07075],[81.61375,7.07225],[81.61408,7.07145],[81.616,7.07125],[81.61796,7.07265],[81.61825,7.07675],[81.61925,7.0765],[81.61947,7.07556],[81.62245,7.07802],[81.625,7.08275],[81.6245,7.08375],[81.627,7.084],[81.62675,7.0865],[81.628,7.0875],[81.62775,7.08875],[81.6285,7.08825],[81.63,7.08975],[81.62925,7.09125],[81.62875,7.0905],[81.626,7.09175],[81.62675,7.09275],[81.625,7.09375],[81.62425,7.0925],[81.62325,7.093],[81.6235,7.09425],[81.622,7.095],[81.619,7.0945],[81.61717,7.09664],[81.60586,7.07059]]]},"properties":{"name":"Pannalgama Tank","kind":"water","ha":361}},{"type":"Feature","geometry":{"type":"Polygon","coordinates":[[[80.91732,8.76051],[80.90388,8.74118],[80.90467,8.73967],[80.90211,8.73855],[80.90196,8.73668],[80.9044,8.73699],[80.90567,8.73422],[80.90495,8.73356],[80.90646,8.73249],[80.90466,8.73255],[80.90216,8.73423],[80.90047,8.73271],[80.901,8.73167],[80.90015,8.72944],[80.90097,8.72886],[80.90036,8.7286],[80.90059,8.72735],[80.90273,8.72266],[80.90804,8.72169],[80.90574,8.72169],[80.90601,8.71934],[80.90835,8.71589],[80.90817,8.71297],[80.91732,8.76051]]]},"properties":{"name":"Yan Oya Resrvoir","kind":"reservoir","ha":354}},{"type":"Feature","geometry":{"type":"Polygon","coordinates":[[[81.2716,8.24013],[81.27397,8.2335],[81.27346,8.23258],[81.27035,8.23166],[81.27133,8.22827],[81.27035,8.2262],[81.27204,8.22358],[81.27125,8.22072],[81.27224,8.21852],[81.27351,8.21776],[81.27363,8.21632],[81.27463,8.2164],[81.27406,8.2144],[81.27483,8.20978],[81.27628,8.20796],[81.27549,8.20627],[81.27628,8.20457],[81.27482,8.20361],[81.27322,8.20521],[81.27195,8.20287],[81.26988,8.2028],[81.26948,8.20352],[81.2675,8.20329],[81.26556,8.20417],[81.26572,8.20606],[81.26405,8.20654],[81.26381,8.2073],[81.26089,8.20676],[81.25507,8.20312],[81.25594,8.19983],[81.2535,8.19407],[81.2716,8.24013]]]},"properties":{"name":null,"kind":"river","ha":353}},{"type":"Feature","geometry":{"type":"Polygon","coordinates":[[[81.41202,7.94074],[81.41195,7.94015],[81.41447,7.9394],[81.41515,7.9374],[81.41691,7.93821],[81.41739,7.93671],[81.41602,7.93606],[81.41796,7.93248],[81.41722,7.93054],[81.42666,7.92641],[81.42765,7.92637],[81.42766,7.92765],[81.42886,7.92799],[81.43117,7.92614],[81.43096,7.92765],[81.43341,7.92765],[81.43108,7.92969],[81.43183,7.9306],[81.43103,7.93138],[81.43383,7.93215],[81.43524,7.93136],[81.43583,7.93392],[81.43719,7.93441],[81.4369,7.93575],[81.43542,7.93656],[81.43513,7.93558],[81.43284,7.93544],[81.43191,7.93838],[81.42994,7.93605],[81.42901,7.93645],[81.4277,7.93571],[81.42607,7.93775],[81.42423,7.93491],[81.42332,7.9354],[81.42335,7.93791],[81.42427,7.939],[81.42384,7.9405],[81.42896,7.94378],[81.4275,7.94759],[81.42922,7.94895],[81.42859,7.9508],[81.42352,7.95211],[81.42155,7.95136],[81.42185,7.94737],[81.42065,7.94609],[81.42049,7.94445],[81.41938,7.94561],[81.4173,7.94552],[81.41457,7.94331],[81.41195,7.94372],[81.41204,7.94092],[81.40787,7.93901],[81.40713,7.93767],[81.40881,7.93683],[81.40903,7.93868],[81.40822,7.93889],[81.41202,7.94074]]]},"properties":{"name":"Vakaneri Wewa","kind":"lake","ha":352}},{"type":"Feature","geometry":{"type":"Polygon","coordinates":[[[81.06197,7.92559],[81.06281,7.92451],[81.06617,7.92406],[81.07167,7.92673],[81.07203,7.92864],[81.0734,7.92987],[81.08198,7.9296],[81.07937,7.93361],[81.07955,7.93446],[81.08068,7.93479],[81.08216,7.93324],[81.08436,7.93317],[81.08661,7.93417],[81.08794,7.93605],[81.08942,7.93609],[81.08962,7.9378],[81.08834,7.93834],[81.08694,7.93735],[81.08466,7.93742],[81.08478,7.93846],[81.08891,7.94042],[81.08963,7.94402],[81.08819,7.94474],[81.08622,7.94359],[81.08528,7.94461],[81.08455,7.94944],[81.08354,7.9489],[81.08283,7.94657],[81.07875,7.94784],[81.07588,7.94442],[81.07738,7.94285],[81.0768,7.93919],[81.0783,7.93719],[81.07343,7.93573],[81.06912,7.93617],[81.06895,7.93392],[81.06744,7.93277],[81.06403,7.9328],[81.06073,7.93133],[81.0594,7.92642],[81.06197,7.92559]]]},"properties":{"name":null,"kind":"water","ha":351}},{"type":"Feature","geometry":{"type":"Polygon","coordinates":[[[81.27231,8.24033],[81.27438,8.23326],[81.27359,8.2323],[81.27068,8.2316],[81.27165,8.22815],[81.27052,8.22651],[81.27227,8.22362],[81.27139,8.2211],[81.2723,8.21891],[81.27352,8.21818],[81.27375,8.21654],[81.27487,8.21669],[81.27424,8.21467],[81.27516,8.20971],[81.27652,8.20805],[81.27565,8.20615],[81.27657,8.20457],[81.27464,8.20335],[81.27313,8.20495],[81.27213,8.20259],[81.26989,8.20253],[81.26926,8.20336],[81.26743,8.20306],[81.26548,8.20395],[81.26519,8.20585],[81.26369,8.20701],[81.25796,8.20527],[81.25514,8.20287],[81.25608,8.19984],[81.25373,8.19389],[81.27231,8.24033]]]},"properties":{"name":null,"kind":"river","ha":351}},{"type":"Feature","geometry":{"type":"Polygon","coordinates":[[[80.59106,6.86252],[80.59361,6.86258],[80.59404,6.86392],[80.59341,6.86088],[80.59222,6.86055],[80.59153,6.8593],[80.59328,6.8573],[80.59251,6.85644],[80.59303,6.85555],[80.59603,6.8543],[80.59667,6.85541],[80.59657,6.85677],[80.59408,6.85871],[80.59421,6.85949],[80.59742,6.85778],[80.59746,6.85666],[80.59882,6.85527],[80.59727,6.85413],[80.59804,6.85235],[80.59902,6.85231],[80.59814,6.85153],[80.60034,6.85061],[80.60203,6.84743],[80.60514,6.84744],[80.60591,6.84545],[80.60914,6.8425],[80.60653,6.84405],[80.60433,6.84346],[80.60172,6.84629],[80.60208,6.84519],[80.60123,6.84403],[80.59787,6.84998],[80.59718,6.84984],[80.59684,6.84797],[80.59811,6.84572],[80.59626,6.84719],[80.59621,6.84593],[80.59514,6.8456],[80.59413,6.84684],[80.59445,6.84755],[80.59381,6.84692],[80.59383,6.84767],[80.5907,6.84915],[80.59059,6.84993],[80.58595,6.85153],[80.58238,6.85387],[80.58198,6.85626],[80.58128,6.8573],[80.58103,6.8568],[80.58028,6.8573],[80.58049,6.85897],[80.57932,6.85843],[80.57929,6.85989],[80.57703,6.86105],[80.57728,6.86255],[80.57503,6.86505],[80.57423,6.86452],[80.57228,6.8678],[80.56803,6.8678],[80.56753,6.8703],[80.56588,6.87284],[80.56742,6.87334],[80.57018,6.86995],[80.57086,6.87027],[80.57067,6.87245],[80.57284,6.87142],[80.57205,6.87028],[80.57304,6.86977],[80.57223,6.86942],[80.57406,6.86791],[80.57463,6.8689],[80.57559,6.8682],[80.57616,6.86881],[80.5766,6.86784],[80.57919,6.8672],[80.57989,6.86855],[80.58064,6.86646],[80.58196,6.8675],[80.58183,6.86617],[80.58288,6.86682],[80.58295,6.86585],[80.58379,6.86636],[80.58486,6.86442],[80.58633,6.86415],[80.58664,6.86362],[80.58557,6.86339],[80.58585,6.86245],[80.5886,6.86266],[80.58755,6.86098],[80.58929,6.8615],[80.58908,6.8605],[80.59003,6.86005],[80.59108,6.86164],[80.58974,6.86255],[80.59106,6.86252]]]},"properties":{"name":"Castlereigh Reservoir","kind":"water","ha":348}},{"type":"Feature","geometry":{"type":"Polygon","coordinates":[[[80.97745,6.17516],[80.98134,6.17283],[80.98732,6.17554],[80.99261,6.17475],[80.99458,6.17354],[80.99696,6.16974],[81.00097,6.16807],[81.00104,6.16325],[81.00426,6.16145],[81.00812,6.1553],[81.00731,6.14618],[81.00982,6.14509],[81.01198,6.14285],[80.97745,6.17516]]]},"properties":{"name":null,"kind":"river","ha":346}},{"type":"Feature","geometry":{"type":"Polygon","coordinates":[[[81.39553,8.31206],[81.39534,8.30856],[81.39697,8.29873],[81.40843,8.29868],[81.40845,8.31993],[81.39168,8.31974],[81.39402,8.3135],[81.39485,8.31402],[81.39612,8.3135],[81.39553,8.31206]]]},"properties":{"name":null,"kind":"water","ha":345}},{"type":"Feature","geometry":{"type":"Polygon","coordinates":[[[80.66793,8.2002],[80.66857,8.19673],[80.671,8.19608],[80.67106,8.19472],[80.66908,8.19474],[80.66728,8.19246],[80.66435,8.19372],[80.66223,8.19594],[80.66087,8.19626],[80.66144,8.19966],[80.65922,8.20165],[80.66047,8.20425],[80.65804,8.20449],[80.65716,8.20608],[80.65808,8.21763],[80.65865,8.21793],[80.66035,8.21471],[80.66163,8.21464],[80.66567,8.22383],[80.66641,8.22267],[80.66971,8.22326],[80.67166,8.22244],[80.67073,8.22063],[80.66875,8.21925],[80.66782,8.217],[80.66805,8.21481],[80.66691,8.21358],[80.66666,8.21182],[80.67193,8.20504],[80.67552,8.20486],[80.67595,8.20362],[80.67419,8.20253],[80.6748,8.20025],[80.67317,8.19867],[80.66935,8.20123],[80.66826,8.20133],[80.66793,8.2002]]]},"properties":{"name":"Manankattiya Wewa","kind":"reservoir","ha":343}},{"type":"Feature","geometry":{"type":"Polygon","coordinates":[[[80.58371,9.32592],[80.592,9.32107],[80.5926,9.31907],[80.5917,9.31873],[80.59046,9.31172],[80.58989,9.3104],[80.58845,9.31],[80.58853,9.30815],[80.58743,9.30599],[80.58805,9.30417],[80.58748,9.30259],[80.58777,9.29741],[80.5868,9.2947],[80.58318,9.28966],[80.58208,9.29309],[80.57966,9.29542],[80.57812,9.29978],[80.57778,9.30535],[80.58438,9.32325],[80.58371,9.32592]]]},"properties":{"name":"Udayarkattakulam","kind":"reservoir","ha":341}},{"type":"Feature","geometry":{"type":"Polygon","coordinates":[[[80.90829,7.99944],[80.909,8.00067],[80.9127,8.00136],[80.91305,7.99963],[80.91432,7.99893],[80.91572,7.99838],[80.91798,7.99927],[80.91875,8.00042],[80.91845,8.00146],[80.91589,8.00343],[80.91713,8.00317],[80.91794,8.00392],[80.91846,8.00339],[80.92229,8.00884],[80.92313,8.0077],[80.92424,8.00155],[80.92337,7.99382],[80.92158,7.99273],[80.92007,7.98926],[80.91937,7.98984],[80.91893,7.9861],[80.91698,7.98316],[80.91617,7.9845],[80.91623,7.98848],[80.91478,7.98702],[80.91562,7.9859],[80.91484,7.98296],[80.91304,7.98241],[80.91187,7.9838],[80.91109,7.9832],[80.91057,7.98041],[80.91188,7.97753],[80.91014,7.97697],[80.90943,7.975],[80.90731,7.97556],[80.90731,7.9797],[80.90789,7.98404],[80.90892,7.98491],[80.90831,7.98706],[80.90934,7.98775],[80.9091,7.98957],[80.90982,7.99091],[80.90585,7.99627],[80.90813,7.99764],[80.90829,7.99944]]]},"properties":{"name":"Giritale Wewa","kind":"water","ha":337}},{"type":"Feature","geometry":{"type":"Polygon","coordinates":[[[80.21126,9.76624],[80.21162,9.76488],[80.21425,9.76495],[80.21557,9.75978],[80.2166,9.75991],[80.21452,9.75895],[80.20972,9.7605],[80.2058,9.75821],[80.19925,9.75732],[80.19813,9.75904],[80.19601,9.75924],[80.19155,9.76213],[80.18995,9.76231],[80.18883,9.75947],[80.18728,9.76024],[80.18477,9.75985],[80.18367,9.76164],[80.18633,9.76095],[80.1872,9.76386],[80.18579,9.76511],[80.18362,9.76461],[80.1831,9.7657],[80.18483,9.76702],[80.18717,9.76453],[80.18852,9.76481],[80.19235,9.76328],[80.19295,9.76743],[80.19706,9.76628],[80.19868,9.76979],[80.20279,9.76784],[80.20615,9.76814],[80.21011,9.76607],[80.21027,9.76808],[80.21159,9.76934],[80.21797,9.76998],[80.21677,9.77133],[80.21703,9.77229],[80.21807,9.77221],[80.21837,9.77326],[80.21926,9.77331],[80.22078,9.77191],[80.22111,9.76954],[80.22051,9.76913],[80.223,9.76522],[80.22226,9.76241],[80.22332,9.76092],[80.22523,9.76086],[80.22622,9.76237],[80.22837,9.76195],[80.23032,9.76265],[80.22933,9.76093],[80.22813,9.76165],[80.2265,9.76096],[80.22629,9.75848],[80.22293,9.75875],[80.22238,9.7614],[80.21875,9.76654],[80.21692,9.76621],[80.21475,9.76788],[80.21287,9.76644],[80.21126,9.76624]]]},"properties":{"name":null,"kind":"lagoon","ha":335}},{"type":"Feature","geometry":{"type":"Polygon","coordinates":[[[79.89657,6.95084],[79.89822,6.94845],[79.90142,6.94763],[79.90478,6.94811],[79.9104,6.95082],[79.91157,6.94997],[79.91253,6.94719],[79.91631,6.946],[79.91894,6.94763],[79.92022,6.95152],[79.92259,6.95299],[79.92476,6.95227],[79.92662,6.94965],[79.93205,6.95124],[79.93451,6.95078],[79.9385,6.94597],[79.94319,6.94314],[79.94339,6.93973],[79.9442,6.93892],[79.94878,6.94004],[79.95426,6.94372],[79.965,6.94096],[79.97011,6.93809],[79.97724,6.93951],[79.98107,6.93937],[79.98455,6.93798],[79.98571,6.93569],[79.98722,6.93717],[79.98902,6.94119],[79.99382,6.94468],[79.99577,6.94469],[80.00047,6.94262],[80.01329,6.94742],[80.01474,6.94598],[80.01402,6.93942],[80.01869,6.93243],[80.02045,6.92513],[80.0266,6.92557],[80.03009,6.92443],[80.03582,6.92099],[80.03989,6.91977],[80.04638,6.91458],[80.05309,6.91363],[80.05523,6.912],[80.05469,6.90863],[80.05536,6.9079],[80.06141,6.9079],[80.06405,6.91331],[80.06671,6.91306],[80.07378,6.90853],[80.07537,6.90917],[80.0767,6.91137],[80.07798,6.91167],[80.07797,6.91093],[80.07699,6.91067],[80.07572,6.90817],[80.07366,6.90799],[80.06467,6.91279],[80.06286,6.90789],[80.06011,6.90668],[80.05462,6.9071],[80.05413,6.9117],[80.05306,6.91288],[80.04773,6.91332],[80.04451,6.9145],[80.03989,6.91878],[80.03479,6.92052],[80.02838,6.92426],[80.01974,6.92452],[80.01779,6.93258],[80.01324,6.93905],[80.01392,6.94535],[80.01329,6.94666],[80.00138,6.94194],[79.99502,6.94396],[79.99353,6.94375],[79.99068,6.94174],[79.98737,6.93608],[79.9857,6.93499],[79.98417,6.93727],[79.98241,6.93833],[79.97744,6.93872],[79.96996,6.93726],[79.96411,6.94046],[79.95437,6.9427],[79.94705,6.93835],[79.94354,6.93803],[79.94255,6.93902],[79.94269,6.94279],[79.93661,6.94652],[79.93439,6.94999],[79.93168,6.95046],[79.9263,6.94893],[79.92545,6.9493],[79.92486,6.95109],[79.92269,6.9522],[79.92129,6.95153],[79.91987,6.94775],[79.91729,6.94551],[79.91255,6.94646],[79.91029,6.95005],[79.90455,6.94708],[79.89909,6.94727],[79.89666,6.94917],[79.89594,6.95141],[79.89622,6.95225],[79.89976,6.95405],[79.89937,6.9557],[79.89624,6.95589],[79.89289,6.95453],[79.88412,6.95364],[79.88218,6.95419],[79.87872,6.95789],[79.87774,6.96363],[79.88387,6.97346],[79.8836,6.97765],[79.88218,6.9794],[79.87822,6.98067],[79.87336,6.97984],[79.8701,6.97607],[79.87059,6.97779],[79.87204,6.97821],[79.87028,6.97853],[79.86963,6.97966],[79.87431,6.98197],[79.8766,6.98125],[79.8807,6.982],[79.88473,6.97872],[79.88586,6.9743],[79.88466,6.97066],[79.87929,6.96396],[79.87954,6.9589],[79.88138,6.95597],[79.88472,6.95462],[79.89948,6.95669],[79.90059,6.95583],[79.90074,6.95409],[79.89967,6.95277],[79.8972,6.95201],[79.89657,6.95084]]]},"properties":{"name":null,"kind":"river","ha":333}},{"type":"Feature","geometry":{"type":"Polygon","coordinates":[[[79.82251,9.60967],[79.82103,9.61046],[79.8211,9.60516],[79.81989,9.60254],[79.82285,9.60109],[79.82639,9.59625],[79.83022,9.59441],[79.83399,9.59403],[79.83516,9.5954],[79.83489,9.59855],[79.83691,9.59938],[79.84652,9.59574],[79.84907,9.59508],[79.84991,9.5956],[79.84758,9.59761],[79.84636,9.60028],[79.8417,9.60169],[79.84259,9.60425],[79.84173,9.60762],[79.82251,9.60967]]]},"properties":{"name":null,"kind":"water","ha":328}},{"type":"Feature","geometry":{"type":"Polygon","coordinates":[[[79.80165,7.61202],[79.79874,7.60841],[79.79409,7.60638],[79.79528,7.60622],[79.79318,7.5982],[79.79708,7.59704],[79.79557,7.59746],[79.79595,7.59658],[79.80006,7.59675],[79.80126,7.59732],[79.80137,7.59941],[79.80158,7.59568],[79.80203,7.59646],[79.8032,7.59614],[79.80196,7.59629],[79.80189,7.59549],[79.8011,7.59652],[79.80008,7.59589],[79.80093,7.59662],[79.79996,7.59597],[79.79942,7.59658],[79.79676,7.59583],[79.79304,7.59767],[79.79133,7.59021],[79.79219,7.58878],[79.79156,7.58775],[79.79194,7.58626],[79.79703,7.58758],[79.79288,7.58655],[79.79262,7.58575],[79.7914,7.58761],[79.79087,7.58638],[79.79161,7.58095],[79.79068,7.57592],[79.79191,7.57099],[79.79072,7.56645],[79.79007,7.56652],[79.79167,7.56402],[79.7973,7.56038],[79.79595,7.56037],[79.80315,7.55921],[79.80224,7.55785],[79.79495,7.55945],[79.79071,7.56337],[79.78945,7.5656],[79.78912,7.569],[79.79029,7.57322],[79.78968,7.57649],[79.79044,7.58107],[79.78959,7.58074],[79.78942,7.58185],[79.78996,7.58901],[79.78964,7.59027],[79.78755,7.5916],[79.78693,7.59372],[79.7869,7.59667],[79.78889,7.59992],[79.78813,7.60077],[79.78733,7.60061],[79.7884,7.59985],[79.78698,7.59993],[79.78644,7.60737],[79.78975,7.60798],[79.79028,7.6071],[79.79305,7.60999],[79.79377,7.61011],[79.7939,7.60921],[79.79665,7.61217],[79.79708,7.61451],[79.79846,7.61452],[79.79941,7.61793],[79.80122,7.61982],[79.80171,7.62382],[79.80117,7.62488],[79.80206,7.62502],[79.80082,7.62623],[79.80114,7.62672],[79.8016,7.62618],[79.80248,7.62785],[79.80091,7.62811],[79.8018,7.63002],[79.80279,7.6302],[79.80166,7.62954],[79.80219,7.62862],[79.80358,7.62998],[79.80157,7.63268],[79.80127,7.63433],[79.80306,7.63622],[79.80377,7.63976],[79.80175,7.64223],[79.80256,7.64368],[79.80115,7.64449],[79.80101,7.64618],[79.80236,7.64498],[79.8027,7.64695],[79.80122,7.6465],[79.8009,7.64705],[79.80288,7.64937],[79.80192,7.65144],[79.8005,7.65235],[79.80032,7.65507],[79.80159,7.65696],[79.79985,7.6599],[79.80203,7.65702],[79.80093,7.65386],[79.80188,7.65379],[79.80392,7.65009],[79.80492,7.65079],[79.80367,7.6501],[79.80286,7.64447],[79.80434,7.6405],[79.80392,7.63764],[79.80465,7.63641],[79.80214,7.63409],[79.80417,7.63052],[79.80221,7.6262],[79.80406,7.6242],[79.8037,7.62305],[79.8014,7.62146],[79.80214,7.62128],[79.80331,7.62253],[79.80226,7.61972],[79.80539,7.61989],[79.80709,7.61859],[79.8058,7.61549],[79.80581,7.61641],[79.80526,7.61632],[79.80693,7.61803],[79.80598,7.61953],[79.80268,7.61921],[79.80426,7.6191],[79.80502,7.61822],[79.80402,7.61906],[79.80155,7.61881],[79.79919,7.61454],[79.80165,7.61202]]]},"properties":{"name":null,"kind":"river","ha":327}},{"type":"Feature","geometry":{"type":"Polygon","coordinates":[[[80.96804,6.36924],[80.96741,6.36987],[80.96579,6.36926],[80.96409,6.36974],[80.96259,6.37437],[80.96221,6.3769],[80.96337,6.38355],[80.9646,6.38339],[80.96526,6.38201],[80.96651,6.38267],[80.96641,6.38514],[80.96507,6.38627],[80.96664,6.38678],[80.96659,6.38811],[80.96766,6.3885],[80.969,6.38641],[80.96871,6.38475],[80.97038,6.38426],[80.96932,6.38303],[80.96937,6.37984],[80.96778,6.37902],[80.96835,6.37855],[80.9705,6.37913],[80.97117,6.38034],[80.97318,6.38044],[80.97287,6.3819],[80.97438,6.38152],[80.97787,6.38634],[80.97812,6.38384],[80.97887,6.38334],[80.97912,6.38609],[80.98012,6.38759],[80.98187,6.38734],[80.98112,6.38509],[80.98212,6.38359],[80.98012,6.38109],[80.97762,6.38034],[80.97812,6.37934],[80.97612,6.37659],[80.98029,6.3758],[80.98777,6.37794],[80.98783,6.37691],[80.98533,6.37493],[80.98856,6.37093],[80.98858,6.36972],[80.98729,6.36955],[80.9844,6.37156],[80.98351,6.3708],[80.98282,6.37177],[80.97937,6.37234],[80.97812,6.37134],[80.97562,6.37134],[80.97629,6.36866],[80.97434,6.36786],[80.97242,6.37079],[80.97006,6.37082],[80.97037,6.36809],[80.96929,6.36722],[80.96804,6.36924]]]},"properties":{"name":"KiriIbban Wewa","kind":"water","ha":326}},{"type":"Feature","geometry":{"type":"Polygon","coordinates":[[[80.4218,8.22226],[80.43635,8.22606],[80.43723,8.22449],[80.43941,8.22485],[80.44121,8.22123],[80.44589,8.2173],[80.44365,8.21556],[80.43624,8.21814],[80.43691,8.2125],[80.43492,8.21049],[80.43571,8.20404],[80.43158,8.20236],[80.42979,8.20568],[80.4303,8.21249],[80.4283,8.21672],[80.42651,8.2157],[80.42442,8.2124],[80.42064,8.21492],[80.42069,8.21682],[80.42209,8.21934],[80.42083,8.22078],[80.4218,8.22226]]]},"properties":{"name":"Turuwila Tank","kind":"water","ha":323}},{"type":"Feature","geometry":{"type":"Polygon","coordinates":[[[80.993,8.39245],[80.99312,8.39084],[80.9915,8.38901],[80.99275,8.38361],[80.99545,8.38564],[80.99617,8.38532],[80.99614,8.3818],[80.99735,8.3814],[80.99692,8.37642],[80.99719,8.3759],[80.99872,8.37675],[81.00101,8.37516],[81.00009,8.36936],[81.00069,8.36857],[80.99895,8.36729],[80.99875,8.3678],[80.99804,8.36623],[80.98287,8.35519],[80.993,8.39245]]]},"properties":{"name":"Kantale Wewa","kind":"reservoir","ha":316}},{"type":"Feature","geometry":{"type":"Polygon","coordinates":[[[81.08579,7.58404],[81.08537,7.58589],[81.08592,7.58574],[81.0865,7.589],[81.088,7.5865],[81.089,7.58725],[81.0895,7.5855],[81.08875,7.583],[81.0895,7.58175],[81.09125,7.58425],[81.0925,7.58175],[81.0935,7.583],[81.095,7.583],[81.0955,7.58475],[81.0975,7.5835],[81.09675,7.5825],[81.0975,7.582],[81.097,7.57975],[81.0985,7.5795],[81.098,7.579],[81.101,7.579],[81.10075,7.57775],[81.10175,7.57725],[81.09975,7.577],[81.0995,7.57625],[81.09875,7.57675],[81.09825,7.5755],[81.09875,7.575],[81.099,7.57575],[81.0995,7.57525],[81.10075,7.57625],[81.10225,7.57475],[81.10075,7.57475],[81.09825,7.57225],[81.0965,7.57425],[81.094,7.5735],[81.09625,7.57025],[81.096,7.56975],[81.09525,7.5705],[81.0955,7.56925],[81.0945,7.56925],[81.0925,7.567],[81.09175,7.569],[81.09075,7.56875],[81.09,7.567],[81.0895,7.5675],[81.09,7.56925],[81.089,7.57025],[81.088,7.57],[81.0875,7.56875],[81.08825,7.5685],[81.08689,7.56721],[81.086,7.56975],[81.0865,7.57125],[81.08475,7.57025],[81.0805,7.57045],[81.07969,7.56845],[81.07904,7.56819],[81.0788,7.56889],[81.07835,7.56788],[81.0768,7.56962],[81.08579,7.58404]]]},"properties":{"name":"Henanigala Wewa","kind":"water","ha":312}},{"type":"Feature","geometry":{"type":"Polygon","coordinates":[[[81.79749,6.9044],[81.80116,6.90335],[81.80649,6.90482],[81.80671,6.9061],[81.80904,6.90758],[81.80953,6.90944],[81.80934,6.91501],[81.8078,6.91735],[81.80881,6.92033],[81.80827,6.92127],[81.80383,6.92096],[81.80198,6.91906],[81.79932,6.91942],[81.79773,6.92133],[81.79737,6.92327],[81.79851,6.92457],[81.79707,6.92548],[81.79583,6.9244],[81.79547,6.92159],[81.79377,6.92152],[81.79129,6.92389],[81.79021,6.924],[81.78769,6.92038],[81.79346,6.91406],[81.79382,6.91139],[81.79616,6.91167],[81.79804,6.90921],[81.79968,6.91004],[81.80077,6.90942],[81.80108,6.90832],[81.79865,6.90827],[81.79749,6.9044]]]},"properties":{"name":"Rotti Kulam","kind":"reservoir","ha":311}},{"type":"Feature","geometry":{"type":"Polygon","coordinates":[[[80.17965,8.97516],[80.17544,8.98053],[80.17546,8.98239],[80.17808,8.98795],[80.1772,8.98965],[80.17788,8.99257],[80.17976,8.99276],[80.17981,8.98815],[80.18167,8.987],[80.18765,8.9876],[80.19901,8.98147],[80.20349,8.97726],[80.20405,8.9735],[80.19975,8.97254],[80.19618,8.97464],[80.1858,8.97824],[80.18022,8.97752],[80.18054,8.97559],[80.17965,8.97516]]]},"properties":{"name":"Periyamadu","kind":"reservoir","ha":311}},{"type":"Feature","geometry":{"type":"Polygon","coordinates":[[[81.77624,7.03614],[81.77368,7.03835],[81.77469,7.04028],[81.77375,7.04021],[81.77242,7.04459],[81.77326,7.04847],[81.77213,7.04847],[81.77308,7.05064],[81.77091,7.05163],[81.77097,7.05452],[81.76976,7.05542],[81.76703,7.05451],[81.76844,7.05203],[81.76813,7.04973],[81.76682,7.04919],[81.7668,7.04765],[81.76781,7.04696],[81.76656,7.04538],[81.76501,7.04554],[81.76298,7.04722],[81.76258,7.04469],[81.7632,7.04346],[81.76062,7.04477],[81.7604,7.04394],[81.75586,7.04304],[81.75266,7.04357],[81.75152,7.04265],[81.7533,7.03901],[81.75437,7.03839],[81.76015,7.03643],[81.76242,7.0366],[81.76362,7.0355],[81.76298,7.03213],[81.76373,7.03156],[81.76615,7.03235],[81.76684,7.03501],[81.7663,7.0379],[81.76914,7.03795],[81.77083,7.03437],[81.77057,7.03066],[81.77419,7.02828],[81.77474,7.02856],[81.77435,7.03143],[81.77664,7.03165],[81.77521,7.03414],[81.77624,7.03614]]]},"properties":{"name":null,"kind":"reservoir","ha":309}},{"type":"Feature","geometry":{"type":"Polygon","coordinates":[[[80.78432,7.24007],[80.7842,7.23943],[80.78268,7.24156],[80.78069,7.24204],[80.77953,7.24522],[80.77048,7.2544],[80.76922,7.25681],[80.766,7.25833],[80.76521,7.26083],[80.76393,7.26114],[80.76357,7.26238],[80.76138,7.26379],[80.75836,7.26802],[80.75678,7.269],[80.75531,7.26816],[80.75544,7.27063],[80.75441,7.26914],[80.7519,7.27175],[80.75152,7.27068],[80.75249,7.26721],[80.75599,7.25896],[80.75694,7.25818],[80.75771,7.25404],[80.75721,7.25349],[80.75822,7.25049],[80.75724,7.25032],[80.75785,7.24938],[80.75741,7.24815],[80.75864,7.24829],[80.75935,7.24741],[80.75813,7.24617],[80.75999,7.24515],[80.76158,7.24132],[80.76466,7.24105],[80.76597,7.24207],[80.76661,7.24025],[80.76843,7.24017],[80.76868,7.23637],[80.77069,7.23396],[80.77095,7.23267],[80.76778,7.23513],[80.76727,7.23389],[80.7661,7.23428],[80.76503,7.23349],[80.76677,7.23095],[80.76512,7.22718],[80.76918,7.22544],[80.77018,7.22413],[80.76988,7.22259],[80.76874,7.22275],[80.76615,7.22545],[80.76514,7.22518],[80.76387,7.22708],[80.76508,7.23009],[80.76375,7.23145],[80.76352,7.23387],[80.76444,7.23581],[80.76595,7.23642],[80.76569,7.23805],[80.76429,7.23912],[80.76259,7.23916],[80.76265,7.23713],[80.76063,7.23869],[80.75965,7.23854],[80.75993,7.23937],[80.75874,7.24157],[80.75686,7.24303],[80.75536,7.24633],[80.75416,7.24637],[80.75369,7.248],[80.75194,7.24738],[80.75225,7.24945],[80.75014,7.24971],[80.74903,7.24831],[80.78432,7.24007]]]},"properties":{"name":"Victoaria Resevoir","kind":"reservoir","ha":308}},{"type":"Feature","geometry":{"type":"Polygon","coordinates":[[[80.61838,7.86649],[80.63217,7.87212],[80.63171,7.87002],[80.63333,7.86985],[80.63429,7.8684],[80.63058,7.86381],[80.63102,7.86223],[80.63292,7.86048],[80.63019,7.85968],[80.62875,7.86009],[80.62805,7.85788],[80.62457,7.8579],[80.62354,7.85672],[80.62389,7.85311],[80.62324,7.85066],[80.6284,7.85071],[80.62934,7.852],[80.62956,7.85101],[80.6278,7.84908],[80.62565,7.84881],[80.62767,7.8461],[80.62446,7.8473],[80.62411,7.84681],[80.62481,7.84188],[80.62693,7.83787],[80.6256,7.8398],[80.62554,7.83754],[80.62379,7.8417],[80.62215,7.84133],[80.62344,7.8419],[80.62268,7.84462],[80.62131,7.84503],[80.62118,7.84422],[80.61961,7.84422],[80.61786,7.84481],[80.61819,7.84295],[80.61658,7.84444],[80.61825,7.85075],[80.61876,7.8566],[80.61838,7.86649]]]},"properties":{"name":"Ibbankatuwa wewa","kind":"lake","ha":303}},{"type":"Feature","geometry":{"type":"Polygon","coordinates":[[[79.82414,7.96548],[79.82347,7.96334],[79.82254,7.96301],[79.82332,7.96199],[79.82304,7.96055],[79.82163,7.95919],[79.82223,7.9516],[79.82156,7.95027],[79.82299,7.94102],[79.82279,7.93323],[79.82404,7.93173],[79.82395,7.92519],[79.82576,7.92406],[79.82594,7.92265],[79.82424,7.91834],[79.82034,7.91296],[79.81918,7.91483],[79.82326,7.92402],[79.82234,7.92713],[79.82256,7.93059],[79.81795,7.94072],[79.81931,7.94082],[79.82038,7.94254],[79.82016,7.95774],[79.82162,7.96163],[79.82018,7.96194],[79.81943,7.95792],[79.81539,7.95475],[79.81403,7.95253],[79.81191,7.95294],[79.81153,7.95163],[79.80888,7.95148],[79.80952,7.9506],[79.8094,7.94602],[79.81118,7.94316],[79.80886,7.9443],[79.80791,7.95011],[79.80941,7.95505],[79.81535,7.96175],[79.81664,7.96584],[79.81962,7.96528],[79.82218,7.96764],[79.82157,7.96797],[79.82264,7.97039],[79.8226,7.97306],[79.82145,7.97633],[79.82209,7.97912],[79.82405,7.97949],[79.82483,7.97881],[79.82413,7.97607],[79.82306,7.97696],[79.8243,7.97205],[79.82592,7.96963],[79.82409,7.96788],[79.82414,7.96548]]]},"properties":{"name":null,"kind":"water","ha":303}},{"type":"Feature","geometry":{"type":"Polygon","coordinates":[[[81.14793,6.65704],[81.15569,6.65666],[81.15628,6.65791],[81.15714,6.65736],[81.15955,6.65987],[81.15766,6.66116],[81.16025,6.66244],[81.15704,6.66299],[81.15672,6.66391],[81.15797,6.66436],[81.15875,6.66589],[81.15959,6.66576],[81.15816,6.66748],[81.15851,6.66806],[81.16169,6.66975],[81.1584,6.66963],[81.1602,6.67251],[81.15961,6.6717],[81.15927,6.67281],[81.15704,6.66925],[81.15661,6.67029],[81.15592,6.66985],[81.15499,6.67065],[81.15336,6.67289],[81.1543,6.67538],[81.15345,6.67661],[81.1546,6.67779],[81.15446,6.67863],[81.15244,6.67962],[81.14962,6.67943],[81.14955,6.67766],[81.14803,6.67762],[81.14873,6.67693],[81.14778,6.67676],[81.1475,6.67455],[81.1464,6.67374],[81.14664,6.67168],[81.14485,6.67077],[81.14286,6.67087],[81.1438,6.67083],[81.14378,6.66946],[81.14652,6.66625],[81.14333,6.66515],[81.14404,6.66481],[81.14403,6.66362],[81.1418,6.66136],[81.1419,6.65927],[81.14719,6.66137],[81.14793,6.65704]]]},"properties":{"name":"Handapanagala Reservoir","kind":"reservoir","ha":302}},{"type":"Feature","geometry":{"type":"Polygon","coordinates":[[[80.82702,6.47785],[80.82527,6.4801],[80.82652,6.48109],[80.82377,6.48234],[80.82502,6.48309],[80.82527,6.48559],[80.82281,6.48902],[80.82502,6.48909],[80.82452,6.49085],[80.82377,6.4916],[80.82227,6.49109],[80.82277,6.49259],[80.82552,6.49409],[80.82452,6.49535],[80.8229,6.4952],[80.82171,6.49411],[80.82199,6.4952],[80.82102,6.49585],[80.82252,6.4966],[80.82152,6.49834],[80.82427,6.4981],[80.82477,6.49934],[80.82577,6.49885],[80.82477,6.50135],[80.82352,6.50135],[80.82377,6.5026],[80.82227,6.50385],[80.82092,6.50265],[80.82127,6.50435],[80.81952,6.5061],[80.81776,6.5053],[80.81915,6.50759],[80.82177,6.5061],[80.82308,6.5074],[80.82286,6.50607],[80.82427,6.50485],[80.8264,6.50654],[80.82627,6.50435],[80.82927,6.50085],[80.82902,6.50385],[80.83127,6.5031],[80.83202,6.5051],[80.83202,6.5061],[80.83102,6.5066],[80.83152,6.50835],[80.82702,6.5096],[80.82877,6.50985],[80.83027,6.51135],[80.82852,6.51435],[80.82902,6.51535],[80.8276,6.51943],[80.83099,6.51847],[80.83052,6.5176],[80.83202,6.51485],[80.83452,6.51335],[80.83527,6.5106],[80.83738,6.5139],[80.82702,6.47785]]]},"properties":{"name":"Udawalawe Reservoir","kind":"reservoir","ha":300}},{"type":"Feature","geometry":{"type":"Polygon","coordinates":[[[80.42307,6.98531],[80.42689,6.98518],[80.42715,6.98684],[80.4292,6.9877],[80.42679,6.9872],[80.42623,6.98572],[80.4234,6.98626],[80.42202,6.98511],[80.41992,6.98642],[80.41855,6.99216],[80.41243,6.99243],[80.40835,6.99438],[80.40195,6.99577],[80.39716,6.99861],[80.39499,6.99803],[80.38921,6.99848],[80.38597,6.99952],[80.37892,6.99835],[80.36242,6.99772],[80.35488,6.99537],[80.35248,6.99601],[80.35002,6.99524],[80.34706,6.9955],[80.3466,6.99834],[80.34491,6.99899],[80.34303,6.99741],[80.33869,6.99599],[80.32306,6.99418],[80.3166,7.01339],[80.30931,7.01347],[80.30604,7.01096],[80.30223,7.01094],[80.30101,7.01699],[80.29776,7.01983],[80.2926,7.03348],[80.28539,7.0308],[80.2795,7.02653],[80.27532,7.02596],[80.26434,7.02056],[80.25839,7.01916],[80.25784,7.02028],[80.25876,7.0216],[80.25679,7.0273],[80.25515,7.03626],[80.25263,7.0429],[80.25059,7.04522],[80.24571,7.04018],[80.23889,7.02827],[80.23545,7.02393],[80.2324,7.02246],[80.23172,7.01884],[80.22819,7.0161],[80.22597,7.01202],[80.2219,7.01177],[80.22418,7.00406],[80.2212,7.00316],[80.21811,7.00002],[80.21582,7.00018],[80.21461,6.99623],[80.21232,6.99341],[80.21244,6.98941],[80.20901,6.98497],[80.20771,6.97971],[80.20685,6.97886],[80.20016,6.97645],[80.19045,6.97899],[80.18717,6.97606],[80.18415,6.97536],[80.17834,6.97875],[80.17004,6.9801],[80.16819,6.97882],[80.16837,6.97218],[80.16602,6.97111],[80.16006,6.97301],[80.15546,6.97312],[80.15153,6.97443],[80.14693,6.97381],[80.13284,6.97561],[80.1293,6.97506],[80.12956,6.97444],[80.14039,6.97428],[80.14805,6.97325],[80.15182,6.97363],[80.16579,6.9703],[80.1672,6.97044],[80.16936,6.97247],[80.16899,6.97743],[80.17048,6.97919],[80.17487,6.97816],[80.17806,6.9784],[80.18416,6.9747],[80.18646,6.97511],[80.19013,6.97829],[80.19929,6.97586],[80.20228,6.97619],[80.20734,6.97848],[80.20956,6.98505],[80.21273,6.98913],[80.21275,6.99301],[80.21514,6.99595],[80.21615,6.99958],[80.21946,7.00029],[80.22131,7.00261],[80.22437,7.00306],[80.22461,7.00494],[80.22265,7.01162],[80.22576,7.01121],[80.22916,7.01638],[80.23154,7.01786],[80.23272,7.01962],[80.23267,7.02206],[80.23579,7.02358],[80.23952,7.0282],[80.24585,7.03949],[80.25048,7.0445],[80.2522,7.04257],[80.25485,7.03509],[80.25656,7.02613],[80.25783,7.02318],[80.25744,7.01927],[80.2583,7.0186],[80.26376,7.01972],[80.27516,7.02527],[80.27938,7.02586],[80.28683,7.03083],[80.29257,7.03283],[80.29337,7.02897],[80.29743,7.01937],[80.30102,7.01576],[80.30185,7.01042],[80.30596,7.0105],[80.30891,7.01266],[80.31539,7.01318],[80.31629,7.01249],[80.32259,6.9937],[80.33977,6.99566],[80.34533,6.99864],[80.34646,6.99802],[80.34647,6.99539],[80.34944,6.99464],[80.35262,6.99533],[80.35531,6.99486],[80.36226,6.99702],[80.37522,6.99811],[80.37855,6.99773],[80.38624,6.9987],[80.38741,6.99791],[80.39746,6.99801],[80.40159,6.99543],[80.41011,6.99325],[80.41242,6.99178],[80.41707,6.99097],[80.41843,6.9915],[80.4197,6.98608],[80.42197,6.9847],[80.42428,6.98466],[80.42307,6.98531]]]},"properties":{"name":null,"kind":"river","ha":294}},{"type":"Feature","geometry":{"type":"Polygon","coordinates":[[[81.02333,7.84878],[81.03822,7.84811],[81.04683,7.84961],[81.05719,7.84826],[81.05927,7.84886],[81.06135,7.85151],[81.06109,7.85366],[81.05962,7.8538],[81.0591,7.85167],[81.05577,7.85059],[81.04838,7.85245],[81.03693,7.85011],[81.02746,7.85122],[81.02169,7.85033],[81.01778,7.84697],[81.0081,7.8327],[81.00098,7.8243],[80.99625,7.82348],[80.98981,7.82464],[80.988,7.82431],[80.98364,7.81767],[80.98455,7.81686],[80.9867,7.81692],[80.99516,7.8207],[80.99919,7.82094],[81.0097,7.83141],[81.02136,7.84789],[81.02333,7.84878]]]},"properties":{"name":null,"kind":"river","ha":294}},{"type":"Feature","geometry":{"type":"Polygon","coordinates":[[[81.017,6.14051],[81.00769,6.14629],[81.00832,6.15556],[81.00455,6.16168],[81.00101,6.16431],[81.00146,6.16842],[80.99776,6.16979],[80.99476,6.17401],[80.99299,6.17511],[80.98739,6.17595],[80.98139,6.17324],[80.97931,6.17498],[81.017,6.14051]]]},"properties":{"name":null,"kind":"river","ha":293}},{"type":"Feature","geometry":{"type":"Polygon","coordinates":[[[79.88924,7.79685],[79.88834,7.7959],[79.8901,7.7952],[79.89125,7.79297],[79.88947,7.7905],[79.88396,7.78684],[79.88113,7.78288],[79.88345,7.78029],[79.88801,7.77973],[79.89109,7.77689],[79.88127,7.77819],[79.87503,7.78034],[79.87505,7.78387],[79.87308,7.78867],[79.87293,7.79156],[79.87768,7.79253],[79.88142,7.79502],[79.88511,7.80188],[79.89035,7.80654],[79.88938,7.80312],[79.88924,7.79685]]]},"properties":{"name":"Dewala Handiya Wewa","kind":"water","ha":291}},{"type":"Feature","geometry":{"type":"Polygon","coordinates":[[[80.53931,8.9752],[80.54438,8.97681],[80.55064,8.97707],[80.55416,8.97588],[80.56146,8.9708],[80.5594,8.96664],[80.55184,8.96571],[80.54386,8.95901],[80.54051,8.96545],[80.53931,8.9752]]]},"properties":{"name":"mb tank","kind":"water","ha":288}},{"type":"Feature","geometry":{"type":"Polygon","coordinates":[[[80.71713,7.69702],[80.71853,7.6963],[80.71992,7.69396],[80.72249,7.69837],[80.72166,7.69294],[80.72311,7.69199],[80.72565,7.69241],[80.72709,7.69102],[80.72833,7.69273],[80.72861,7.695],[80.72991,7.69576],[80.73129,7.69925],[80.73215,7.69942],[80.73252,7.69721],[80.73162,7.69545],[80.73185,7.6946],[80.73413,7.694],[80.73451,7.69013],[80.73614,7.68964],[80.73704,7.69339],[80.73794,7.69353],[80.74086,7.68803],[80.73996,7.68533],[80.74147,7.6842],[80.7417,7.68167],[80.74353,7.68043],[80.74664,7.6815],[80.74644,7.67963],[80.75084,7.68224],[80.75099,7.68495],[80.74977,7.68613],[80.75073,7.68749],[80.74625,7.68924],[80.74493,7.69099],[80.74784,7.69111],[80.74852,7.69181],[80.74923,7.69726],[80.75254,7.69619],[80.75549,7.69782],[80.71713,7.69702]]]},"properties":{"name":"Moragahakanda Reservoir","kind":"reservoir","ha":287}},{"type":"Feature","geometry":{"type":"Polygon","coordinates":[[[81.27173,8.24587],[81.27007,8.24455],[81.26352,8.2437],[81.25444,8.24901],[81.25429,8.25111],[81.25677,8.25406],[81.26622,8.25847],[81.26824,8.25851],[81.2799,8.25398],[81.27173,8.24587]]]},"properties":{"name":null,"kind":"lake","ha":287}},{"type":"Feature","geometry":{"type":"Polygon","coordinates":[[[81.14805,7.97404],[81.14684,7.97493],[81.14767,7.97847],[81.15043,7.98147],[81.15195,7.98188],[81.1506,7.98424],[81.15071,7.987],[81.15007,7.98724],[81.14894,7.9861],[81.14624,7.98735],[81.1446,7.99264],[81.14477,7.9954],[81.14241,7.99345],[81.14132,7.99376],[81.14258,7.99721],[81.14729,7.99882],[81.14788,8.00015],[81.14738,8.00261],[81.14841,8.00315],[81.15287,7.99403],[81.1541,7.99623],[81.15621,7.99719],[81.15716,7.9965],[81.15821,7.99148],[81.15667,7.98657],[81.15875,7.9843],[81.15692,7.97939],[81.15502,7.97902],[81.15539,7.97642],[81.15397,7.97609],[81.15109,7.97744],[81.14805,7.97404]]]},"properties":{"name":null,"kind":"pond","ha":282}},{"type":"Feature","geometry":{"type":"Polygon","coordinates":[[[80.75875,7.29741],[80.75822,7.2979],[80.75587,7.2967],[80.75573,7.29388],[80.7569,7.29318],[80.75719,7.29084],[80.75424,7.29054],[80.7527,7.29183],[80.75405,7.28823],[80.75278,7.29056],[80.75096,7.29167],[80.75104,7.29327],[80.75199,7.29343],[80.75157,7.29462],[80.75102,7.29508],[80.75077,7.29355],[80.74795,7.29574],[80.74867,7.29672],[80.75069,7.29612],[80.7522,7.29768],[80.75151,7.29814],[80.75083,7.29748],[80.74988,7.29875],[80.74856,7.29889],[80.74864,7.30032],[80.7504,7.30004],[80.75107,7.30174],[80.75191,7.30099],[80.75341,7.30182],[80.75225,7.302],[80.75153,7.30321],[80.75032,7.30317],[80.75066,7.30247],[80.74954,7.30189],[80.74839,7.30346],[80.74947,7.30421],[80.74948,7.30588],[80.74822,7.30651],[80.74689,7.30568],[80.7452,7.30719],[80.74497,7.3034],[80.74421,7.30762],[80.74608,7.30931],[80.74451,7.3107],[80.74363,7.31034],[80.74355,7.31112],[80.74212,7.31103],[80.74141,7.30953],[80.74134,7.31111],[80.73989,7.31176],[80.74118,7.31221],[80.74137,7.31331],[80.74261,7.31255],[80.74261,7.3149],[80.74431,7.31269],[80.74613,7.31341],[80.7458,7.31468],[80.7447,7.3147],[80.74553,7.31552],[80.7454,7.31663],[80.74647,7.31673],[80.7459,7.31776],[80.74431,7.31767],[80.74623,7.31907],[80.74554,7.32036],[80.74343,7.32032],[80.7438,7.32176],[80.74224,7.3237],[80.74427,7.32797],[80.74394,7.32872],[80.74469,7.32882],[80.74599,7.32676],[80.74427,7.3249],[80.7442,7.32313],[80.74559,7.32358],[80.75044,7.32147],[80.74714,7.32195],[80.74973,7.31957],[80.74907,7.3188],[80.75059,7.31783],[80.75177,7.31743],[80.75404,7.31874],[80.75575,7.31752],[80.75329,7.31781],[80.7533,7.31621],[80.75039,7.31663],[80.7491,7.31503],[80.75054,7.31426],[80.7504,7.31346],[80.7518,7.31274],[80.75234,7.31331],[80.75329,7.31233],[80.75255,7.3111],[80.75875,7.29741]]]},"properties":{"name":"Victoaria Resevoir","kind":"reservoir","ha":277}},{"type":"Feature","geometry":{"type":"Polygon","coordinates":[[[80.94702,7.88165],[80.94878,7.88158],[80.95079,7.88273],[80.94712,7.88587],[80.94744,7.88659],[80.95245,7.88386],[80.95216,7.88579],[80.95432,7.88659],[80.95478,7.88984],[80.95766,7.88862],[80.95799,7.88687],[80.95879,7.8877],[80.95963,7.89188],[80.95632,7.89309],[80.95445,7.89181],[80.95399,7.89404],[80.95222,7.89406],[80.9514,7.89613],[80.95058,7.89535],[80.94966,7.89567],[80.94789,7.89371],[80.94887,7.89515],[80.94773,7.89551],[80.94908,7.89572],[80.9513,7.89793],[80.9512,7.89881],[80.94802,7.89853],[80.94809,7.90029],[80.94666,7.90001],[80.94734,7.90139],[80.94528,7.90105],[80.94537,7.9019],[80.94286,7.90311],[80.94601,7.90129],[80.94637,7.90242],[80.94568,7.90314],[80.94674,7.90317],[80.94742,7.90221],[80.95024,7.90121],[80.94889,7.90432],[80.95378,7.89965],[80.95544,7.90029],[80.95778,7.89857],[80.95847,7.89909],[80.95642,7.90233],[80.95878,7.90221],[80.95976,7.90405],[80.95836,7.9044],[80.95723,7.90627],[80.9555,7.90601],[80.95525,7.90834],[80.95347,7.91001],[80.95629,7.91158],[80.95644,7.91271],[80.95241,7.91287],[80.95244,7.91403],[80.9508,7.91299],[80.95121,7.91434],[80.94927,7.91499],[80.94856,7.91733],[80.94982,7.91756],[80.95014,7.91673],[80.95092,7.91709],[80.95161,7.91637],[80.95404,7.91656],[80.95362,7.91854],[80.95169,7.92026],[80.95416,7.91951],[80.95668,7.92359],[80.95664,7.92577],[80.95654,7.91825],[80.95783,7.91851],[80.95872,7.91725],[80.9607,7.9166],[80.96147,7.9189],[80.96091,7.92078],[80.96194,7.9212],[80.96166,7.92213],[80.96368,7.92459],[80.96406,7.92729],[80.96379,7.92234],[80.96537,7.91882],[80.96716,7.91896],[80.96806,7.91769],[80.97244,7.9186],[80.97344,7.92045],[80.97086,7.92101],[80.97008,7.92443],[80.97208,7.92313],[80.97207,7.92546],[80.97353,7.92638],[80.9736,7.92897],[80.97594,7.92968],[80.9755,7.92779],[80.97689,7.92449],[80.97959,7.9288],[80.98082,7.92908],[80.98016,7.92999],[80.98081,7.93219],[80.97933,7.93481],[80.98196,7.93515],[80.98132,7.93693],[80.98214,7.93847],[80.98285,7.93752],[80.98508,7.93798],[80.98422,7.9398],[80.98251,7.93931],[80.98074,7.9408],[80.97973,7.94015],[80.98011,7.93943],[80.97849,7.93725],[80.97621,7.93683],[80.97728,7.93864],[80.97653,7.94107],[80.97715,7.94238],[80.97452,7.94312],[80.97415,7.94489],[80.97237,7.94562],[80.94702,7.88165]]]},"properties":{"name":"Parakrama Samudraya","kind":"water","ha":266}},{"type":"Feature","geometry":{"type":"Polygon","coordinates":[[[80.28638,7.94461],[80.28671,7.93749],[80.28839,7.93516],[80.28971,7.93415],[80.29198,7.93393],[80.29402,7.93506],[80.2966,7.93405],[80.29464,7.93809],[80.29635,7.9387],[80.29922,7.93764],[80.29978,7.93865],[80.2982,7.94225],[80.29963,7.94285],[80.30108,7.94176],[80.30146,7.94231],[80.30146,7.9464],[80.2986,7.94517],[80.29696,7.94627],[80.30029,7.94926],[80.30101,7.95219],[80.30403,7.9547],[80.30434,7.95678],[80.30214,7.9577],[80.29747,7.95553],[80.29496,7.95274],[80.2929,7.95196],[80.29061,7.94744],[80.28803,7.94719],[80.28638,7.94461]]]},"properties":{"name":"Palukadawala Wewa","kind":"reservoir","ha":265}},{"type":"Feature","geometry":{"type":"Polygon","coordinates":[[[81.74199,7.58816],[81.74154,7.58667],[81.74514,7.58508],[81.7452,7.58406],[81.7429,7.58247],[81.74209,7.57748],[81.74044,7.57647],[81.7352,7.57544],[81.73362,7.57355],[81.73222,7.57331],[81.72558,7.58542],[81.7268,7.58789],[81.73012,7.59015],[81.73487,7.59132],[81.73719,7.59114],[81.73898,7.58787],[81.74199,7.58816]]]},"properties":{"name":"Kadukkamunai Villu Kulam","kind":"reservoir","ha":263}},{"type":"Feature","geometry":{"type":"Polygon","coordinates":[[[80.13551,7.75963],[80.13501,7.7602],[80.13449,7.7584],[80.13348,7.7579],[80.13301,7.75572],[80.13217,7.75566],[80.1315,7.75709],[80.12942,7.75581],[80.12733,7.75188],[80.12597,7.75116],[80.12474,7.7473],[80.12371,7.75005],[80.12325,7.74877],[80.12218,7.74836],[80.12081,7.75004],[80.11936,7.75004],[80.11994,7.74656],[80.12199,7.74449],[80.12202,7.74126],[80.12266,7.74225],[80.12329,7.74191],[80.12232,7.74112],[80.12491,7.73914],[80.12569,7.73749],[80.12806,7.73844],[80.12869,7.73954],[80.13054,7.73844],[80.13406,7.73919],[80.13732,7.74148],[80.1388,7.74163],[80.13893,7.74267],[80.14078,7.74374],[80.14444,7.74246],[80.14361,7.74431],[80.14151,7.74504],[80.14288,7.74793],[80.13996,7.74683],[80.13841,7.74827],[80.13835,7.75006],[80.13661,7.75122],[80.13643,7.75019],[80.13731,7.74952],[80.13651,7.74747],[80.13436,7.74762],[80.13089,7.7451],[80.1286,7.74468],[80.12833,7.74749],[80.1312,7.74862],[80.13074,7.75048],[80.13255,7.75277],[80.13409,7.75306],[80.13677,7.75728],[80.13551,7.75963]]]},"properties":{"name":"Magalle Wewa","kind":"lake","ha":262}},{"type":"Feature","geometry":{"type":"Polygon","coordinates":[[[80.48131,7.64541],[80.48322,7.64432],[80.48486,7.64593],[80.48602,7.64284],[80.48476,7.64165],[80.48491,7.6406],[80.4883,7.64023],[80.48817,7.63827],[80.4853,7.63777],[80.48585,7.63505],[80.49077,7.63307],[80.48566,7.63245],[80.4877,7.6293],[80.48561,7.62861],[80.48542,7.62741],[80.48604,7.62745],[80.4867,7.62588],[80.48628,7.62528],[80.48361,7.62858],[80.48268,7.628],[80.48173,7.62886],[80.48342,7.63195],[80.48313,7.63674],[80.48205,7.63651],[80.48171,7.63767],[80.47862,7.6392],[80.47507,7.63896],[80.47071,7.6438],[80.46768,7.65072],[80.46788,7.65473],[80.46893,7.65554],[80.46926,7.65428],[80.47082,7.65433],[80.47096,7.65569],[80.47275,7.65644],[80.47371,7.6521],[80.47539,7.65014],[80.4762,7.6475],[80.47809,7.64735],[80.4797,7.65013],[80.48095,7.65083],[80.4814,7.64999],[80.4806,7.64869],[80.48067,7.64641],[80.48131,7.64541]]]},"properties":{"name":"Kimbulwana Oya Tank","kind":"reservoir","ha":257}},{"type":"Feature","geometry":{"type":"Polygon","coordinates":[[[80.30146,7.98039],[80.30291,7.97793],[80.30389,7.97797],[80.30245,7.98452],[80.30716,7.98635],[80.30865,7.9883],[80.308,7.98909],[80.30865,7.98967],[80.30766,7.99043],[80.30102,7.98836],[80.299,7.98955],[80.29883,7.99046],[80.29978,7.9914],[80.29911,7.9936],[80.30312,7.99518],[80.30037,7.99688],[80.30171,7.99926],[80.30158,8.00109],[80.3007,8.00127],[80.29876,7.99947],[80.29739,7.99695],[80.29586,7.99787],[80.29488,7.99986],[80.29441,8.00532],[80.29334,8.00544],[80.29182,8.00391],[80.28887,8.00464],[80.29004,8.00073],[80.28931,7.99884],[80.29133,7.99406],[80.29081,7.99219],[80.29198,7.9879],[80.29416,7.98632],[80.29647,7.98286],[80.29888,7.98234],[80.30146,7.98039]]]},"properties":{"name":"Maha Galgamuwa Wewa","kind":"reservoir","ha":257}},{"type":"Feature","geometry":{"type":"Polygon","coordinates":[[[79.96735,6.6912],[79.96194,6.69196],[79.96043,6.68989],[79.95817,6.68961],[79.95758,6.69049],[79.95827,6.69151],[79.95535,6.69224],[79.94927,6.69068],[79.94772,6.69169],[79.94747,6.69285],[79.94532,6.69286],[79.9425,6.69474],[79.94156,6.69311],[79.93883,6.69204],[79.94006,6.68797],[79.94215,6.68607],[79.94399,6.68626],[79.94754,6.68373],[79.95032,6.68355],[79.95027,6.68276],[79.95123,6.68244],[79.95683,6.68412],[79.95757,6.68386],[79.95741,6.68258],[79.95849,6.6827],[79.9589,6.68442],[79.96391,6.68745],[79.96468,6.69042],[79.966,6.69011],[79.9683,6.68797],[79.9682,6.68414],[79.96909,6.68175],[79.96773,6.68057],[79.9694,6.67948],[79.96974,6.68253],[79.9691,6.68505],[79.97248,6.68872],[79.97186,6.69156],[79.97059,6.69122],[79.9691,6.69405],[79.96735,6.6912]]]},"properties":{"name":"South Bolgoda Lake (Dikwella Lake)","kind":"water","ha":255}},{"type":"Feature","geometry":{"type":"Polygon","coordinates":[[[79.88389,8.46967],[79.88356,8.47176],[79.8853,8.47314],[79.88979,8.47589],[79.89171,8.47544],[79.90679,8.46643],[79.90741,8.46437],[79.90959,8.46231],[79.91744,8.4606],[79.92068,8.45657],[79.91389,8.46],[79.90674,8.46209],[79.8992,8.46038],[79.89118,8.46679],[79.88389,8.46967]]]},"properties":{"name":"Periyanaga Villu","kind":"lake","ha":253}},{"type":"Feature","geometry":{"type":"Polygon","coordinates":[[[80.29158,9.39565],[80.2904,9.39828],[80.28596,9.40018],[80.28267,9.39716],[80.28206,9.39339],[80.27729,9.39108],[80.27521,9.38896],[80.27508,9.3876],[80.27628,9.3856],[80.27621,9.37814],[80.2777,9.37713],[80.27956,9.3772],[80.28424,9.38035],[80.29158,9.39565]]]},"properties":{"name":"Kudamurutti Tank","kind":"reservoir","ha":250}},{"type":"Feature","geometry":{"type":"Polygon","coordinates":[[[80.02461,9.59182],[80.02465,9.62224],[80.03253,9.62218],[80.0315,9.59963],[80.02867,9.59514],[80.02461,9.59182]]]},"properties":{"name":null,"kind":"shallow","ha":249}},{"type":"Feature","geometry":{"type":"Polygon","coordinates":[[[80.12902,6.10726],[80.13046,6.10846],[80.12969,6.11124],[80.13143,6.11069],[80.13215,6.11211],[80.13094,6.11258],[80.13061,6.11751],[80.1299,6.11848],[80.12723,6.11767],[80.12663,6.11328],[80.12696,6.11754],[80.12964,6.11878],[80.13232,6.11734],[80.13347,6.11825],[80.13304,6.12002],[80.1314,6.12185],[80.13346,6.12196],[80.13511,6.12088],[80.13676,6.12371],[80.13838,6.12409],[80.13951,6.12315],[80.14146,6.12457],[80.14181,6.12317],[80.13998,6.12066],[80.13436,6.1199],[80.13365,6.11893],[80.13413,6.11781],[80.13285,6.11696],[80.13488,6.11417],[80.13654,6.11452],[80.13757,6.11595],[80.13842,6.11503],[80.1398,6.11498],[80.13857,6.11395],[80.13849,6.11273],[80.14122,6.11117],[80.13991,6.10944],[80.14133,6.10899],[80.14228,6.10658],[80.13988,6.10545],[80.13998,6.10291],[80.13747,6.10285],[80.13737,6.1008],[80.13836,6.10191],[80.13937,6.09985],[80.14158,6.10063],[80.14139,6.10271],[80.14275,6.10331],[80.14471,6.10647],[80.14645,6.10247],[80.1439,6.10342],[80.14304,6.10188],[80.14315,6.09909],[80.14101,6.09819],[80.14007,6.09627],[80.13829,6.09809],[80.13772,6.09646],[80.13117,6.09994],[80.13227,6.10188],[80.13059,6.1046],[80.13177,6.10511],[80.13183,6.10652],[80.13104,6.10599],[80.12986,6.10671],[80.12822,6.10392],[80.12389,6.10423],[80.12819,6.10419],[80.12935,6.10548],[80.12902,6.10726]]]},"properties":{"name":"Rathgama Lake","kind":"lake","ha":248}},{"type":"Feature","geometry":{"type":"Polygon","coordinates":[[[80.3872,8.34058],[80.38924,8.33961],[80.38941,8.33813],[80.38898,8.33473],[80.38684,8.32914],[80.38271,8.32919],[80.37783,8.32848],[80.37668,8.32765],[80.37576,8.32818],[80.37533,8.32757],[80.37314,8.32762],[80.37208,8.32851],[80.37249,8.33016],[80.36968,8.33012],[80.36947,8.33174],[80.36842,8.33238],[80.37058,8.33594],[80.37029,8.33668],[80.37348,8.33809],[80.37788,8.33636],[80.37743,8.33731],[80.37999,8.33835],[80.38045,8.34122],[80.38344,8.34288],[80.38589,8.34202],[80.3872,8.34058]]]},"properties":{"name":"Tissa Wewa","kind":"reservoir","ha":247}},{"type":"Feature","geometry":{"type":"Polygon","coordinates":[[[80.2017,9.42044],[80.20032,9.42161],[80.20037,9.4266],[80.20318,9.4265],[80.20457,9.42487],[80.2055,9.42688],[80.21052,9.42876],[80.21425,9.42859],[80.21888,9.42713],[80.22213,9.42449],[80.22667,9.41786],[80.22781,9.41725],[80.22633,9.41515],[80.22393,9.41746],[80.21968,9.41708],[80.21292,9.4185],[80.2117,9.41763],[80.2053,9.42176],[80.2017,9.42044]]]},"properties":{"name":null,"kind":"water","ha":247}},{"type":"Feature","geometry":{"type":"Polygon","coordinates":[[[81.28035,8.254],[81.28091,8.25231],[81.28427,8.24906],[81.2865,8.24255],[81.28805,8.24077],[81.28693,8.24045],[81.28636,8.23725],[81.28485,8.23642],[81.2832,8.23365],[81.27485,8.2332],[81.27269,8.24003],[81.27453,8.24225],[81.27484,8.24442],[81.2735,8.24587],[81.27231,8.24592],[81.28035,8.254]]]},"properties":{"name":null,"kind":"lake","ha":245}},{"type":"Feature","geometry":{"type":"Polygon","coordinates":[[[81.69316,7.63404],[81.69858,7.63091],[81.69835,7.62829],[81.70358,7.6146],[81.71053,7.60649],[81.71036,7.60369],[81.70905,7.60263],[81.70732,7.60372],[81.70463,7.60739],[81.70047,7.61007],[81.70013,7.61309],[81.69872,7.61614],[81.69686,7.61667],[81.6943,7.62047],[81.69209,7.62594],[81.68936,7.62901],[81.68957,7.63152],[81.68841,7.63301],[81.68914,7.63422],[81.69316,7.63404]]]},"properties":{"name":null,"kind":"river","ha":244}},{"type":"Feature","geometry":{"type":"Polygon","coordinates":[[[81.08544,7.89852],[81.08983,7.9045],[81.09053,7.91562],[81.09253,7.921],[81.097,7.92519],[81.10823,7.9302],[81.11034,7.93331],[81.11269,7.94083],[81.11952,7.94811],[81.12087,7.95326],[81.11995,7.95216],[81.11928,7.95279],[81.11821,7.95247],[81.11693,7.94854],[81.11367,7.94642],[81.11093,7.94273],[81.10977,7.93815],[81.10444,7.93159],[81.10054,7.92916],[81.09539,7.92774],[81.09009,7.92275],[81.08852,7.91849],[81.08798,7.91292],[81.08586,7.90959],[81.08474,7.90311],[81.08303,7.90016],[81.08544,7.89852]]]},"properties":{"name":null,"kind":"river","ha":243}},{"type":"Feature","geometry":{"type":"Polygon","coordinates":[[[80.45725,7.5275],[80.45511,7.52598],[80.45491,7.52422],[80.45596,7.52272],[80.45725,7.52282],[80.45661,7.52117],[80.4542,7.52106],[80.45298,7.52194],[80.45194,7.52093],[80.45201,7.51859],[80.45132,7.51796],[80.4502,7.51867],[80.44913,7.52122],[80.45036,7.52933],[80.45132,7.52946],[80.45152,7.53091],[80.45029,7.53299],[80.4505,7.53625],[80.45074,7.5368],[80.45328,7.53563],[80.4535,7.538],[80.452,7.5395],[80.45275,7.542],[80.45157,7.54508],[80.45159,7.54997],[80.45225,7.55098],[80.45237,7.54962],[80.45349,7.55022],[80.45629,7.5462],[80.45675,7.54675],[80.45732,7.54581],[80.45994,7.546],[80.45982,7.54531],[80.46066,7.54521],[80.46072,7.54422],[80.45678,7.54377],[80.45613,7.54119],[80.45818,7.54105],[80.45706,7.53908],[80.45895,7.53746],[80.46052,7.53755],[80.45825,7.53225],[80.463,7.53225],[80.4605,7.52925],[80.4605,7.52825],[80.459,7.529],[80.458,7.52675],[80.45725,7.5275]]]},"properties":{"name":"Bathalagoda Lake","kind":"lake","ha":241}},{"type":"Feature","geometry":{"type":"Polygon","coordinates":[[[81.24247,6.18903],[81.24285,6.18998],[81.24151,6.19085],[81.24045,6.19314],[81.23975,6.20026],[81.24151,6.20245],[81.24432,6.20306],[81.24984,6.20053],[81.25042,6.19648],[81.25362,6.19162],[81.254,6.18699],[81.25149,6.18529],[81.2462,6.18346],[81.24657,6.18246],[81.24576,6.18233],[81.24555,6.18343],[81.24381,6.18382],[81.24247,6.18903]]]},"properties":{"name":"Bundala lewaya","kind":"salt_pond","ha":240}},{"type":"Feature","geometry":{"type":"Polygon","coordinates":[[[81.15814,8.39887],[81.15703,8.40041],[81.15593,8.3993],[81.15565,8.39632],[81.15416,8.39805],[81.15275,8.39667],[81.15152,8.39666],[81.15237,8.39736],[81.15297,8.40008],[81.15248,8.40137],[81.15443,8.4057],[81.14996,8.40061],[81.14825,8.39655],[81.14502,8.39572],[81.14456,8.39655],[81.14713,8.39865],[81.14524,8.40364],[81.14213,8.40643],[81.13718,8.4063],[81.13821,8.4066],[81.13816,8.40736],[81.13984,8.40759],[81.13932,8.40899],[81.13211,8.40984],[81.13237,8.41362],[81.13417,8.41477],[81.1367,8.41443],[81.14459,8.40757],[81.1474,8.40684],[81.14931,8.40789],[81.1489,8.40905],[81.14784,8.40878],[81.14947,8.41111],[81.15221,8.40978],[81.15285,8.41111],[81.15434,8.41146],[81.15419,8.41322],[81.15567,8.41376],[81.15726,8.41311],[81.15812,8.41083],[81.15737,8.40662],[81.15814,8.39887]]]},"properties":{"name":"Kurangupanchan Tank Bed","kind":"water","ha":238}},{"type":"Feature","geometry":{"type":"Polygon","coordinates":[[[81.16563,7.2856],[81.16842,7.28437],[81.16675,7.2825],[81.16834,7.28251],[81.16904,7.28164],[81.17028,7.28196],[81.16731,7.27863],[81.16761,7.27755],[81.16637,7.27481],[81.16859,7.27273],[81.16797,7.27187],[81.16901,7.26958],[81.16859,7.26855],[81.1703,7.26929],[81.16958,7.26739],[81.17048,7.26589],[81.1698,7.26482],[81.17053,7.26488],[81.17115,7.26227],[81.17024,7.26141],[81.17182,7.26123],[81.17091,7.26039],[81.17172,7.26015],[81.17158,7.25891],[81.17002,7.25795],[81.17187,7.25684],[81.17189,7.25437],[81.17266,7.25375],[81.17183,7.25317],[81.1733,7.25183],[81.17312,7.24993],[81.17119,7.25165],[81.17031,7.25483],[81.16865,7.25449],[81.16812,7.2552],[81.16806,7.25816],[81.16872,7.25894],[81.16781,7.26065],[81.16675,7.26037],[81.16583,7.26261],[81.16429,7.26348],[81.16284,7.27073],[81.16022,7.27424],[81.15946,7.27198],[81.15789,7.27395],[81.15966,7.27626],[81.15927,7.27712],[81.15776,7.2772],[81.15785,7.27945],[81.16563,7.2856]]]},"properties":{"name":"Morana Reservoir","kind":"reservoir","ha":238}},{"type":"Feature","geometry":{"type":"Polygon","coordinates":[[[81.13082,7.91934],[81.13198,7.9224],[81.13176,7.92396],[81.13055,7.92685],[81.12857,7.92802],[81.12674,7.93055],[81.12811,7.93374],[81.13104,7.93411],[81.13303,7.93514],[81.13325,7.93611],[81.13807,7.93501],[81.14222,7.9356],[81.14357,7.93457],[81.14635,7.93621],[81.14793,7.93615],[81.14835,7.93422],[81.14762,7.93246],[81.14203,7.93162],[81.13964,7.92796],[81.13702,7.92867],[81.13589,7.93025],[81.1353,7.92945],[81.13541,7.92769],[81.13935,7.92528],[81.14074,7.92105],[81.1399,7.91885],[81.13833,7.91753],[81.13518,7.9179],[81.1343,7.92032],[81.13185,7.91876],[81.13082,7.91934]]]},"properties":{"name":null,"kind":"water","ha":235}},{"type":"Feature","geometry":{"type":"Polygon","coordinates":[[[80.90632,8.1112],[80.90784,8.11214],[80.90906,8.1093],[80.91002,8.1107],[80.91095,8.11078],[80.91161,8.10854],[80.9135,8.10741],[80.91387,8.10899],[80.91254,8.11164],[80.91281,8.11341],[80.91411,8.11478],[80.91611,8.11501],[80.91802,8.11367],[80.92073,8.10809],[80.92267,8.10628],[80.92343,8.10642],[80.92344,8.11143],[80.92516,8.11296],[80.92708,8.12478],[80.92867,8.12554],[80.92938,8.1237],[80.92984,8.12421],[80.93049,8.13203],[80.90632,8.1112]]]},"properties":{"name":"Kaudulla Reservoir","kind":"reservoir","ha":228}},{"type":"Feature","geometry":{"type":"Polygon","coordinates":[[[80.28653,9.25049],[80.28466,9.24569],[80.28685,9.24571],[80.29192,9.24369],[80.29438,9.2415],[80.29699,9.24452],[80.30201,9.24597],[80.30268,9.24826],[80.30698,9.25122],[80.30318,9.25219],[80.29837,9.25653],[80.29618,9.25443],[80.29461,9.25521],[80.29422,9.25918],[80.29267,9.25978],[80.29136,9.25461],[80.28653,9.25049]]]},"properties":{"name":"Ambala perumal kulam","kind":"reservoir","ha":225}},{"type":"Feature","geometry":{"type":"Polygon","coordinates":[[[80.57658,8.23001],[80.57987,8.22432],[80.58307,8.22284],[80.58373,8.22291],[80.58268,8.2243],[80.584,8.22622],[80.58817,8.2254],[80.58706,8.22951],[80.58965,8.23248],[80.58746,8.23364],[80.58567,8.23364],[80.58463,8.23486],[80.58828,8.24198],[80.59142,8.24377],[80.58924,8.24393],[80.58664,8.24244],[80.58679,8.24377],[80.58959,8.24694],[80.58978,8.24918],[80.5827,8.24441],[80.58068,8.24005],[80.5775,8.23659],[80.57639,8.23296],[80.57658,8.23001]]]},"properties":{"name":null,"kind":"reservoir","ha":224}},{"type":"Feature","geometry":{"type":"Polygon","coordinates":[[[79.94792,7.98947],[79.94677,7.99094],[79.94506,7.99092],[79.94449,7.98997],[79.94082,7.99034],[79.94012,7.99081],[79.94071,7.99162],[79.93974,7.99343],[79.93707,7.99433],[79.93685,7.99528],[79.93794,7.99523],[79.9375,7.99612],[79.93671,7.99604],[79.93617,7.99718],[79.93531,7.99645],[79.93338,7.99754],[79.93361,7.99882],[79.93241,7.99893],[79.93246,7.9996],[79.92853,7.9992],[79.92767,7.99975],[79.92708,7.99852],[79.92418,7.99795],[79.92359,7.99912],[79.92495,8.00001],[79.92274,8.00146],[79.92097,8.00131],[79.92085,8.00294],[79.91964,8.00414],[79.92087,8.00507],[79.92088,8.00829],[79.91946,8.00874],[79.91899,8.01117],[79.91719,8.01111],[79.91746,8.01327],[79.91555,8.01554],[79.91668,8.01648],[79.91641,8.01798],[79.94792,7.98947]]]},"properties":{"name":"Mee Oya","kind":"water","ha":222}},{"type":"Feature","geometry":{"type":"Polygon","coordinates":[[[79.96567,6.72776],[79.96361,6.73317],[79.96271,6.74054],[79.96032,6.74448],[79.95724,6.74583],[79.95379,6.7458],[79.94787,6.74283],[79.94207,6.74808],[79.93891,6.74819],[79.94612,6.74993],[79.94745,6.75302],[79.94879,6.76094],[79.9471,6.75553],[79.94708,6.75283],[79.94567,6.74979],[79.9394,6.74875],[79.93703,6.74747],[79.93579,6.7479],[79.93715,6.74821],[79.93691,6.74901],[79.93977,6.75155],[79.94384,6.75014],[79.94473,6.7505],[79.94473,6.75228],[79.93898,6.7521],[79.93551,6.74858],[79.92593,6.74846],[79.92411,6.74964],[79.91987,6.75744],[79.96567,6.72776]]]},"properties":{"name":"Bolgoda_Lake","kind":"river","ha":222}},{"type":"Feature","geometry":{"type":"Polygon","coordinates":[[[81.1079,7.90484],[81.10952,7.90526],[81.11004,7.90299],[81.10835,7.90224],[81.10826,7.90131],[81.1101,7.90001],[81.10957,7.89877],[81.10785,7.89876],[81.10792,7.89798],[81.11013,7.89653],[81.11383,7.89606],[81.11394,7.89687],[81.11516,7.89683],[81.1158,7.89581],[81.11539,7.89424],[81.11238,7.8932],[81.11479,7.89233],[81.11594,7.88961],[81.11479,7.88851],[81.11261,7.8881],[81.11016,7.88541],[81.10801,7.88563],[81.1076,7.88873],[81.10615,7.88537],[81.10375,7.8841],[81.1026,7.88602],[81.10398,7.88865],[81.10412,7.89173],[81.10148,7.89018],[81.10126,7.89286],[81.1026,7.89463],[81.09831,7.89749],[81.10033,7.89853],[81.10205,7.8981],[81.10235,7.89706],[81.10295,7.89735],[81.10356,7.89932],[81.10261,7.89999],[81.10272,7.90173],[81.10514,7.90293],[81.10486,7.90414],[81.1079,7.90484]]]},"properties":{"name":null,"kind":"water","ha":219}},{"type":"Feature","geometry":{"type":"Polygon","coordinates":[[[80.96895,8.82817],[80.97849,8.82569],[80.9768,8.81863],[80.97992,8.81681],[80.98194,8.81727],[80.98218,8.81639],[80.98023,8.81087],[80.97666,8.81075],[80.9734,8.81232],[80.97363,8.81531],[80.97258,8.8161],[80.97282,8.81743],[80.96762,8.81498],[80.96565,8.81867],[80.96248,8.82179],[80.96236,8.82286],[80.96693,8.82518],[80.96895,8.82817]]]},"properties":{"name":"Neelapanikkan Kulam","kind":"reservoir","ha":218}},{"type":"Feature","geometry":{"type":"Polygon","coordinates":[[[81.51946,7.91014],[81.51954,7.90618],[81.51782,7.90242],[81.51673,7.90193],[81.51877,7.90203],[81.5187,7.90091],[81.51954,7.9005],[81.51811,7.90216],[81.51645,7.90081],[81.51677,7.90289],[81.51539,7.90392],[81.51457,7.89983],[81.5139,7.90192],[81.51319,7.902],[81.51362,7.90343],[81.51264,7.90206],[81.51447,7.89939],[81.5162,7.89914],[81.51573,7.90156],[81.51467,7.90221],[81.5158,7.90165],[81.51636,7.89981],[81.51764,7.89967],[81.51634,7.89969],[81.51864,7.89612],[81.51979,7.89241],[81.51898,7.89214],[81.52052,7.89132],[81.52061,7.88937],[81.52255,7.88705],[81.52199,7.88414],[81.52169,7.88502],[81.52029,7.88195],[81.52125,7.8802],[81.52025,7.88183],[81.51973,7.88009],[81.51916,7.88095],[81.5213,7.87607],[81.52545,7.87412],[81.52327,7.87411],[81.52323,7.87279],[81.52578,7.87363],[81.52519,7.87246],[81.52323,7.87268],[81.52534,7.86588],[81.52522,7.86494],[81.52366,7.86462],[81.52211,7.86611],[81.52384,7.86519],[81.52426,7.86694],[81.52356,7.86911],[81.52282,7.86961],[81.52333,7.86783],[81.52194,7.87079],[81.52183,7.87455],[81.52074,7.87511],[81.52139,7.87397],[81.51944,7.87372],[81.51957,7.87272],[81.51916,7.87384],[81.52053,7.87491],[81.5194,7.87564],[81.51903,7.87481],[81.51785,7.87495],[81.51904,7.87528],[81.51773,7.87816],[81.51878,7.88217],[81.51695,7.88278],[81.5186,7.88252],[81.51908,7.88352],[81.51706,7.89127],[81.51584,7.89028],[81.51654,7.8885],[81.5127,7.89492],[81.50855,7.89484],[81.50912,7.89575],[81.50858,7.89941],[81.51085,7.90067],[81.50896,7.90156],[81.50728,7.90116],[81.50676,7.90404],[81.50232,7.90691],[81.50683,7.90449],[81.50745,7.90135],[81.50928,7.90242],[81.50874,7.90298],[81.51026,7.90263],[81.51113,7.90129],[81.51214,7.90408],[81.51946,7.91014]]]},"properties":{"name":"Valaichchanei Lagoon","kind":"water","ha":218}},{"type":"Feature","geometry":{"type":"Polygon","coordinates":[[[80.66665,7.66727],[80.66591,7.67055],[80.66707,7.67161],[80.6658,7.67144],[80.66484,7.67225],[80.66501,7.6737],[80.66207,7.67797],[80.66233,7.67898],[80.66132,7.67907],[80.66193,7.67487],[80.66296,7.67383],[80.66225,7.67234],[80.66285,7.67281],[80.66336,7.67028],[80.66419,7.67049],[80.66455,7.66964],[80.66441,7.66908],[80.66269,7.66977],[80.66292,7.66875],[80.66031,7.6654],[80.65782,7.67234],[80.65651,7.67284],[80.65654,7.67149],[80.65591,7.67177],[80.65497,7.67483],[80.65412,7.6743],[80.65264,7.67029],[80.6517,7.67047],[80.64944,7.66851],[80.64811,7.66871],[80.64842,7.67088],[80.6463,7.67418],[80.64468,7.67273],[80.64236,7.67233],[80.6424,7.67085],[80.64322,7.67081],[80.64313,7.67171],[80.64412,7.67085],[80.6459,7.67121],[80.64552,7.67007],[80.64633,7.67049],[80.64686,7.66989],[80.64566,7.66902],[80.64628,7.66625],[80.64991,7.66725],[80.65171,7.6658],[80.65262,7.66793],[80.65352,7.66712],[80.65646,7.66801],[80.65679,7.66735],[80.65597,7.66516],[80.65375,7.66362],[80.65413,7.66274],[80.65523,7.66335],[80.65661,7.66293],[80.65837,7.65886],[80.65787,7.65786],[80.65388,7.65655],[80.65291,7.6529],[80.65184,7.65184],[80.65511,7.65395],[80.65557,7.65679],[80.65678,7.65521],[80.65634,7.65361],[80.65891,7.65369],[80.65999,7.65506],[80.66009,7.65685],[80.66117,7.65675],[80.66158,7.65906],[80.66008,7.65987],[80.66025,7.66228],[80.66079,7.66266],[80.66214,7.66066],[80.66419,7.66389],[80.66674,7.66302],[80.66666,7.66484],[80.66743,7.66582],[80.66665,7.66727]]]},"properties":{"name":"Bowatenna Reservoir","kind":"reservoir","ha":216}},{"type":"Feature","geometry":{"type":"Polygon","coordinates":[[[80.33042,9.20864],[80.3389,9.21119],[80.3437,9.21085],[80.34284,9.20882],[80.34335,9.20797],[80.34507,9.20763],[80.34644,9.20323],[80.35171,9.19555],[80.3437,9.19781],[80.34199,9.19569],[80.33938,9.19531],[80.33824,9.19626],[80.3379,9.19975],[80.33619,9.20133],[80.33457,9.20017],[80.33125,9.20066],[80.33183,9.20241],[80.33435,9.20351],[80.33459,9.20635],[80.33054,9.20781],[80.33042,9.20864]]]},"properties":{"name":"Iyankan kulam","kind":"water","ha":215}},{"type":"Feature","geometry":{"type":"Polygon","coordinates":[[[81.6957,6.90025],[81.69878,6.89796],[81.69967,6.90056],[81.69896,6.9034],[81.70301,6.90546],[81.70473,6.90298],[81.7041,6.90111],[81.70623,6.9004],[81.70572,6.89851],[81.70633,6.89663],[81.7049,6.89527],[81.70631,6.89381],[81.70734,6.88995],[81.70451,6.88898],[81.70126,6.89004],[81.6962,6.88929],[81.6902,6.8907],[81.68991,6.89221],[81.69154,6.89143],[81.69336,6.89434],[81.69145,6.89816],[81.6921,6.90089],[81.69405,6.90135],[81.6957,6.90025]]]},"properties":{"name":"Lahugala Tank","kind":"reservoir","ha":212}},{"type":"Feature","geometry":{"type":"Polygon","coordinates":[[[81.5284,7.18732],[81.53022,7.18824],[81.53111,7.1862],[81.53197,7.18685],[81.5324,7.18576],[81.53389,7.18562],[81.53291,7.18679],[81.53378,7.1867],[81.53403,7.18816],[81.53368,7.18722],[81.53335,7.18783],[81.53418,7.18922],[81.53461,7.18862],[81.53585,7.18936],[81.53472,7.1869],[81.53647,7.18898],[81.53686,7.18818],[81.53725,7.18881],[81.53784,7.18825],[81.53758,7.18947],[81.5386,7.18822],[81.53793,7.18756],[81.53821,7.18544],[81.53707,7.18523],[81.53729,7.18419],[81.53965,7.18694],[81.53817,7.19006],[81.53869,7.18951],[81.53903,7.19054],[81.53794,7.19094],[81.53829,7.19354],[81.53949,7.19345],[81.54165,7.19482],[81.5399,7.19455],[81.54059,7.19534],[81.53807,7.19601],[81.53712,7.19892],[81.53368,7.20036],[81.53356,7.20186],[81.53514,7.20153],[81.53535,7.20386],[81.53674,7.2055],[81.53544,7.21407],[81.5334,7.21847],[81.53319,7.22271],[81.53406,7.22244],[81.5284,7.18732]]]},"properties":{"name":"Senanayake Samudraya","kind":"reservoir","ha":211}},{"type":"Feature","geometry":{"type":"Polygon","coordinates":[[[80.51897,8.5245],[80.52349,8.52022],[80.52548,8.51558],[80.52718,8.51862],[80.53375,8.51984],[80.54056,8.51984],[80.54109,8.52066],[80.5404,8.52321],[80.54147,8.5248],[80.54094,8.52551],[80.5391,8.52487],[80.54052,8.52734],[80.53895,8.52836],[80.53309,8.52766],[80.5301,8.52938],[80.52482,8.52714],[80.52061,8.52643],[80.5182,8.52497],[80.51897,8.5245]]]},"properties":{"name":null,"kind":"reservoir","ha":210}},{"type":"Feature","geometry":{"type":"Polygon","coordinates":[[[80.40145,8.11402],[80.40259,8.11447],[80.40388,8.11222],[80.40621,8.11753],[80.40701,8.11725],[80.40793,8.11011],[80.41046,8.11141],[80.41119,8.11285],[80.41263,8.11304],[80.41312,8.11003],[80.41847,8.10782],[80.42012,8.10818],[80.42327,8.10567],[80.42123,8.10548],[80.41956,8.10431],[80.4149,8.10423],[80.40877,8.10168],[80.40654,8.10406],[80.40368,8.1027],[80.40177,8.1047],[80.40008,8.10391],[80.40035,8.11403],[80.401,8.11457],[80.40145,8.11402]]]},"properties":{"name":"katiyawa tank","kind":"reservoir","ha":208}},{"type":"Feature","geometry":{"type":"Polygon","coordinates":[[[79.93203,7.65336],[79.93336,7.65086],[79.93273,7.64927],[79.92983,7.64762],[79.92505,7.64755],[79.92354,7.64665],[79.92094,7.63388],[79.91746,7.6299],[79.91093,7.62729],[79.90923,7.62586],[79.90626,7.62045],[79.90546,7.6172],[79.90432,7.61748],[79.89808,7.6255],[79.88749,7.63141],[79.88447,7.63173],[79.88301,7.63145],[79.88114,7.62974],[79.87901,7.62681],[79.87754,7.6228],[79.87548,7.62162],[79.86623,7.61958],[79.86147,7.62323],[79.85984,7.62306],[79.85793,7.6209],[79.85565,7.62044],[79.85277,7.62313],[79.85137,7.62314],[79.8462,7.61852],[79.84579,7.61636],[79.84725,7.61382],[79.84751,7.6116],[79.84656,7.61064],[79.84445,7.61055],[79.84016,7.61504],[79.83609,7.61635],[79.83388,7.6152],[79.83223,7.61099],[79.8308,7.60995],[79.82754,7.61007],[79.82276,7.61221],[79.82046,7.61168],[79.81847,7.60886],[79.81995,7.605],[79.82229,7.60217],[79.822,7.6008],[79.82092,7.60016],[79.81854,7.60005],[79.81696,7.60219],[79.81353,7.60396],[79.81108,7.60404],[79.80645,7.60224],[79.80345,7.60338],[79.8023,7.60547],[79.80294,7.60756],[79.80583,7.60811],[79.80698,7.6056],[79.80596,7.60808],[79.80735,7.6104],[79.80627,7.61319],[79.8053,7.61267],[79.80616,7.61114],[79.80596,7.60976],[79.80154,7.6074],[79.80163,7.60405],[79.80418,7.60168],[79.80635,7.60128],[79.8131,7.60324],[79.81826,7.59961],[79.82049,7.59939],[79.82219,7.60015],[79.82305,7.60188],[79.82277,7.60373],[79.82135,7.60463],[79.8199,7.60751],[79.82019,7.61004],[79.8216,7.61148],[79.82354,7.61132],[79.82634,7.60898],[79.82967,7.60876],[79.83275,7.61044],[79.83428,7.61407],[79.83644,7.61568],[79.83887,7.61494],[79.84342,7.6104],[79.84518,7.60958],[79.8472,7.60988],[79.84918,7.61268],[79.84736,7.61624],[79.8476,7.61919],[79.85059,7.62205],[79.85287,7.62264],[79.85365,7.62006],[79.85581,7.61844],[79.85781,7.61899],[79.85974,7.62189],[79.86162,7.62247],[79.86448,7.61961],[79.86704,7.61864],[79.87049,7.62029],[79.87734,7.62184],[79.88042,7.62802],[79.88404,7.63119],[79.887,7.63111],[79.89749,7.62526],[79.9039,7.61699],[79.90626,7.61632],[79.90689,7.62003],[79.91005,7.62544],[79.91871,7.63027],[79.92076,7.63286],[79.92191,7.63498],[79.92387,7.64603],[79.92567,7.64705],[79.92987,7.64685],[79.93359,7.64958],[79.93387,7.65178],[79.93203,7.65336]]]},"properties":{"name":null,"kind":"river","ha":208}},{"type":"Feature","geometry":{"type":"Polygon","coordinates":[[[80.34912,9.35973],[80.3468,9.36223],[80.34584,9.36541],[80.34477,9.36395],[80.34442,9.3664],[80.34563,9.36745],[80.3517,9.36861],[80.3534,9.36774],[80.35322,9.36608],[80.35604,9.36316],[80.35777,9.36303],[80.35785,9.36402],[80.36201,9.36184],[80.36288,9.35913],[80.36553,9.35672],[80.36596,9.35506],[80.3632,9.35526],[80.35825,9.35838],[80.36037,9.35278],[80.35826,9.34963],[80.35515,9.34859],[80.3558,9.35169],[80.35489,9.35442],[80.34912,9.35973]]]},"properties":{"name":"Puthumurippu Kulam","kind":"reservoir","ha":206}},{"type":"Feature","geometry":{"type":"Polygon","coordinates":[[[81.62813,6.43866],[81.62807,6.43752],[81.62577,6.43684],[81.62636,6.43981],[81.63091,6.44421],[81.63372,6.45155],[81.63357,6.45278],[81.63138,6.45387],[81.62863,6.45261],[81.62674,6.45284],[81.62388,6.45507],[81.61726,6.45704],[81.61575,6.45954],[81.60961,6.45857],[81.60866,6.45945],[81.60911,6.45986],[81.61153,6.46015],[81.61333,6.46174],[81.61109,6.46347],[81.61106,6.46529],[81.61224,6.46549],[81.61339,6.46417],[81.6162,6.46335],[81.62039,6.45801],[81.62485,6.45625],[81.62816,6.45361],[81.63147,6.45628],[81.63531,6.45598],[81.63407,6.45728],[81.62846,6.45804],[81.62657,6.46458],[81.62884,6.46511],[81.63067,6.46482],[81.63177,6.46341],[81.63528,6.46332],[81.63348,6.45921],[81.63631,6.45713],[81.63744,6.45437],[81.63708,6.44997],[81.63794,6.44844],[81.63389,6.44862],[81.63244,6.44406],[81.62848,6.44045],[81.62813,6.43866]]]},"properties":{"name":null,"kind":"lagoon","ha":206}},{"type":"Feature","geometry":{"type":"Polygon","coordinates":[[[80.83352,6.45534],[80.83277,6.45734],[80.82852,6.46034],[80.83002,6.46234],[80.82977,6.46484],[80.82827,6.46509],[80.827,6.46746],[80.82458,6.46778],[80.82402,6.47009],[80.82152,6.4726],[80.81856,6.47174],[80.81902,6.47309],[80.81822,6.47368],[80.8169,6.47319],[80.81752,6.47485],[80.82027,6.4756],[80.82027,6.47659],[80.81852,6.47809],[80.81752,6.47734],[80.81652,6.47809],[80.81702,6.48085],[80.81477,6.48109],[80.81227,6.47935],[80.81177,6.47959],[80.81252,6.48259],[80.81152,6.4836],[80.80952,6.4836],[80.80777,6.48234],[80.80802,6.4836],[80.80952,6.48484],[80.80602,6.48585],[80.80827,6.4871],[80.81052,6.48534],[80.81202,6.48559],[80.81477,6.48384],[80.81552,6.48609],[80.81652,6.48285],[80.81727,6.48409],[80.81902,6.48484],[80.81902,6.48334],[80.82027,6.48459],[80.82102,6.48309],[80.82252,6.48285],[80.82152,6.4816],[80.82227,6.47959],[80.82402,6.4806],[80.82452,6.4791],[80.82702,6.47785],[80.83352,6.45534]]]},"properties":{"name":"Udawalawe Reservoir","kind":"reservoir","ha":204}},{"type":"Feature","geometry":{"type":"Polygon","coordinates":[[[81.68857,7.19861],[81.69004,7.19757],[81.6921,7.19803],[81.69251,7.19713],[81.69045,7.19532],[81.69035,7.19384],[81.68923,7.19358],[81.68613,7.19514],[81.68585,7.19391],[81.68784,7.19063],[81.68777,7.18897],[81.68561,7.18565],[81.68485,7.18855],[81.68332,7.18911],[81.68399,7.18993],[81.68236,7.19081],[81.68175,7.19225],[81.68236,7.19333],[81.681,7.196],[81.6824,7.20024],[81.68017,7.20548],[81.67965,7.20596],[81.67882,7.20541],[81.67926,7.20773],[81.67278,7.20509],[81.67097,7.20604],[81.67305,7.20618],[81.67445,7.20768],[81.67401,7.20845],[81.67596,7.20946],[81.67945,7.20945],[81.68371,7.21085],[81.68276,7.2096],[81.68503,7.2093],[81.68633,7.20527],[81.69161,7.2035],[81.68945,7.20234],[81.68788,7.19974],[81.68691,7.19941],[81.68857,7.19861]]]},"properties":{"name":"Malayadi Tank","kind":"reservoir","ha":203}},{"type":"Feature","geometry":{"type":"Polygon","coordinates":[[[81.07001,8.8595],[81.0751,8.85953],[81.07513,8.85804],[81.07626,8.85786],[81.07385,8.84575],[81.0758,8.8436],[81.07572,8.84096],[81.07382,8.83719],[81.07069,8.83664],[81.06781,8.83921],[81.06691,8.84325],[81.06601,8.84153],[81.06599,8.83704],[81.06388,8.83619],[81.06413,8.8373],[81.06599,8.83786],[81.06526,8.84143],[81.06461,8.84031],[81.06441,8.84121],[81.05984,8.84032],[81.05802,8.84158],[81.06298,8.84267],[81.06553,8.84467],[81.06748,8.84969],[81.07169,8.85616],[81.07167,8.85831],[81.07018,8.85825],[81.07001,8.8595]]]},"properties":{"name":null,"kind":"water","ha":203}},{"type":"Feature","geometry":{"type":"Polygon","coordinates":[[[79.90702,7.72055],[79.90058,7.71815],[79.89954,7.71885],[79.89734,7.71833],[79.89617,7.71771],[79.89581,7.71719],[79.89671,7.71686],[79.89577,7.71638],[79.89165,7.7162],[79.88909,7.71474],[79.88962,7.71628],[79.88822,7.72578],[79.88871,7.72541],[79.88872,7.72605],[79.88642,7.7272],[79.88633,7.73014],[79.88757,7.72725],[79.89029,7.72673],[79.89116,7.72761],[79.89155,7.72706],[79.89533,7.73264],[79.89397,7.72599],[79.89067,7.72292],[79.89094,7.72184],[79.89273,7.72278],[79.89219,7.721],[79.89308,7.72059],[79.89517,7.72293],[79.90324,7.72276],[79.9041,7.72395],[79.90839,7.72497],[79.91016,7.72615],[79.91047,7.72512],[79.91166,7.72507],[79.91315,7.72699],[79.91931,7.72552],[79.9188,7.72304],[79.91653,7.7226],[79.91454,7.72371],[79.91188,7.72069],[79.90702,7.72055]]]},"properties":{"name":"Wijaya Katupotha Wewa","kind":"water","ha":202}},{"type":"Feature","geometry":{"type":"Polygon","coordinates":[[[80.15423,7.935],[80.15683,7.93335],[80.15876,7.93301],[80.1604,7.93376],[80.16337,7.93147],[80.16435,7.93181],[80.16395,7.93229],[80.16607,7.93222],[80.16606,7.92915],[80.16764,7.9302],[80.17007,7.92996],[80.17102,7.93232],[80.16959,7.93326],[80.16759,7.93698],[80.17174,7.94012],[80.17312,7.94303],[80.17235,7.94464],[80.17089,7.94515],[80.17115,7.94783],[80.16942,7.94828],[80.16926,7.94674],[80.16774,7.94593],[80.16764,7.94478],[80.1664,7.94449],[80.16534,7.94536],[80.16351,7.94273],[80.16234,7.9423],[80.15898,7.94339],[80.15975,7.94717],[80.1585,7.94775],[80.15652,7.94652],[80.15213,7.94632],[80.14452,7.94128],[80.1423,7.94186],[80.14129,7.94394],[80.13961,7.94447],[80.13853,7.94376],[80.13852,7.94503],[80.14031,7.94495],[80.14135,7.94404],[80.14462,7.94427],[80.14558,7.94502],[80.14447,7.94783],[80.1481,7.94841],[80.15226,7.95159],[80.15423,7.935]]]},"properties":{"name":"Inginimitiya Reservoir","kind":"lake","ha":202}},{"type":"Feature","geometry":{"type":"Polygon","coordinates":[[[80.54502,8.82467],[80.54113,8.8161],[80.54293,8.8112],[80.54394,8.81015],[80.54438,8.81057],[80.54277,8.81366],[80.54508,8.81443],[80.54778,8.81128],[80.54877,8.81171],[80.54904,8.81373],[80.55013,8.81409],[80.55223,8.81382],[80.55516,8.81212],[80.55642,8.81349],[80.55702,8.81635],[80.55675,8.81919],[80.55522,8.82155],[80.55607,8.82272],[80.55421,8.82376],[80.55304,8.82266],[80.5535,8.82549],[80.55176,8.82662],[80.55041,8.82511],[80.54751,8.82573],[80.54502,8.82467]]]},"properties":{"name":null,"kind":"reservoir","ha":200}},{"type":"Feature","geometry":{"type":"Polygon","coordinates":[[[81.18494,8.22723],[81.1842,8.22542],[81.18465,8.22293],[81.18309,8.2198],[81.18586,8.2192],[81.18587,8.21671],[81.18757,8.21187],[81.19177,8.20756],[81.19108,8.19806],[81.19233,8.19585],[81.19191,8.19381],[81.188,8.19091],[81.18564,8.18786],[81.1841,8.18376],[81.18357,8.17857],[81.18412,8.17597],[81.18646,8.17355],[81.18656,8.17156],[81.1896,8.16858],[81.18862,8.16649],[81.18593,8.16383],[81.18777,8.16163],[81.18744,8.158],[81.1852,8.15492],[81.18606,8.15213],[81.1833,8.15069],[81.18452,8.14871],[81.18322,8.14644],[81.18525,8.14723],[81.18494,8.22723]]]},"properties":{"name":null,"kind":"river","ha":200}},{"type":"Feature","geometry":{"type":"Polygon","coordinates":[[[79.86098,7.85467],[79.86056,7.85617],[79.85732,7.85598],[79.85574,7.85677],[79.85555,7.85829],[79.85755,7.85886],[79.85769,7.85958],[79.85497,7.86265],[79.85521,7.86319],[79.85415,7.86302],[79.85364,7.86124],[79.85628,7.85585],[79.85545,7.85092],[79.85752,7.85057],[79.85813,7.84968],[79.85725,7.84811],[79.85558,7.84796],[79.85577,7.84192],[79.8571,7.83929],[79.85714,7.83597],[79.85842,7.83461],[79.86159,7.83742],[79.86197,7.8398],[79.86556,7.84036],[79.86636,7.84392],[79.86677,7.84763],[79.86225,7.85137],[79.86098,7.85467]]]},"properties":{"name":null,"kind":"water","ha":199}},{"type":"Feature","geometry":{"type":"Polygon","coordinates":[[[81.66198,7.30132],[81.66303,7.30048],[81.66263,7.30256],[81.66418,7.30431],[81.66686,7.30387],[81.66704,7.30081],[81.66927,7.30015],[81.66972,7.30085],[81.67064,7.29919],[81.67104,7.29577],[81.66947,7.29386],[81.671,7.29293],[81.66995,7.29025],[81.6643,7.28808],[81.66468,7.28666],[81.66301,7.28628],[81.66213,7.28235],[81.65772,7.28038],[81.66198,7.30132]]]},"properties":{"name":"Ampara Tank","kind":"reservoir","ha":198}},{"type":"Feature","geometry":{"type":"Polygon","coordinates":[[[80.76747,6.15507],[80.76834,6.16309],[80.76563,6.16519],[80.76591,6.162],[80.76344,6.16246],[80.76039,6.16556],[80.76097,6.16708],[80.75907,6.16763],[80.75854,6.16713],[80.75953,6.16445],[80.75829,6.16441],[80.75739,6.16577],[80.75542,6.16409],[80.75965,6.16068],[80.75834,6.16008],[80.75595,6.16051],[80.75287,6.15795],[80.74901,6.15656],[80.74902,6.15475],[80.74743,6.15505],[80.74703,6.15279],[80.74561,6.15268],[80.75159,6.15082],[80.75122,6.153],[80.75379,6.15511],[80.75591,6.15174],[80.75619,6.15482],[80.75729,6.15665],[80.7578,6.15375],[80.75958,6.15358],[80.7607,6.1516],[80.7629,6.15006],[80.7632,6.15319],[80.76122,6.15516],[80.76272,6.15537],[80.76434,6.15774],[80.76486,6.15554],[80.76378,6.15393],[80.765,6.15391],[80.76589,6.15273],[80.76747,6.15507]]]},"properties":{"name":"Udukiriwala Wewa","kind":"reservoir","ha":197}},{"type":"Feature","geometry":{"type":"Polygon","coordinates":[[[80.84657,8.71715],[80.85194,8.72484],[80.85339,8.72939],[80.8565,8.73391],[80.8521,8.73921],[80.84826,8.73419],[80.84713,8.73369],[80.84744,8.73682],[80.84569,8.73608],[80.84524,8.73811],[80.84375,8.73661],[80.84351,8.73538],[80.84501,8.73527],[80.84542,8.7342],[80.84419,8.73111],[80.84653,8.73248],[80.84489,8.72819],[80.84283,8.7262],[80.84018,8.72593],[80.84138,8.72673],[80.84272,8.72968],[80.83884,8.72781],[80.83761,8.72807],[80.84073,8.73266],[80.83819,8.7317],[80.83897,8.73125],[80.83728,8.73138],[80.84657,8.71715]]]},"properties":{"name":"Wahalkada Tank","kind":"reservoir","ha":197}},{"type":"Feature","geometry":{"type":"Polygon","coordinates":[[[81.41823,7.10947],[81.42159,7.10979],[81.42386,7.111],[81.42386,7.11212],[81.42503,7.1114],[81.4254,7.11259],[81.42791,7.11315],[81.42809,7.1151],[81.42916,7.11386],[81.4298,7.11487],[81.43065,7.11392],[81.43147,7.11437],[81.4318,7.11515],[81.43014,7.11614],[81.43122,7.11647],[81.43118,7.11849],[81.4326,7.1173],[81.43397,7.11878],[81.43392,7.12104],[81.43552,7.12068],[81.43542,7.12193],[81.43643,7.12319],[81.43488,7.12464],[81.43578,7.12554],[81.43643,7.12509],[81.43628,7.12688],[81.4368,7.12538],[81.43762,7.12498],[81.43797,7.12583],[81.43877,7.12449],[81.4407,7.1274],[81.43927,7.12858],[81.44085,7.12915],[81.44048,7.12973],[81.44172,7.13164],[81.44236,7.13014],[81.44379,7.13104],[81.44321,7.13439],[81.44374,7.13482],[81.44472,7.13281],[81.44571,7.13384],[81.44593,7.13306],[81.44702,7.13318],[81.44803,7.13522],[81.44757,7.13582],[81.44841,7.13561],[81.44878,7.13798],[81.44962,7.13798],[81.45013,7.13913],[81.4493,7.14022],[81.45172,7.14149],[81.45114,7.14279],[81.44998,7.14313],[81.45067,7.14399],[81.44975,7.1443],[81.44983,7.1452],[81.45129,7.14546],[81.45001,7.14779],[81.45083,7.14724],[81.45113,7.14801],[81.45289,7.14772],[81.45378,7.14677],[81.45381,7.14874],[81.45526,7.14789],[81.45561,7.14842],[81.45231,7.15054],[81.45455,7.1511],[81.45541,7.15046],[81.4556,7.15132],[81.45703,7.15135],[81.41823,7.10947]]]},"properties":{"name":"Senanayake Samudraya","kind":"reservoir","ha":195}},{"type":"Feature","geometry":{"type":"Polygon","coordinates":[[[80.67445,8.06437],[80.67286,8.06102],[80.67441,8.05417],[80.67044,8.04806],[80.67055,8.04708],[80.67237,8.04891],[80.67831,8.0478],[80.68026,8.04823],[80.68201,8.04943],[80.68129,8.05177],[80.68873,8.05356],[80.68606,8.05794],[80.68255,8.05887],[80.67974,8.06084],[80.67887,8.06229],[80.67876,8.06518],[80.67687,8.0637],[80.67572,8.06425],[80.67501,8.06293],[80.67445,8.06437]]]},"properties":{"name":null,"kind":"lake","ha":194}},{"type":"Feature","geometry":{"type":"Polygon","coordinates":[[[81.26668,7.90025],[81.2659,7.90417],[81.26694,7.90808],[81.26819,7.9088],[81.27157,7.90655],[81.27085,7.90851],[81.27147,7.90919],[81.27787,7.90717],[81.27949,7.9045],[81.27924,7.90389],[81.27724,7.90457],[81.27761,7.90137],[81.28463,7.89703],[81.2831,7.89703],[81.28156,7.89527],[81.28015,7.8956],[81.27434,7.89279],[81.27189,7.89441],[81.27306,7.89737],[81.27246,7.89889],[81.27142,7.8992],[81.26927,7.89821],[81.26761,7.89874],[81.26668,7.90025]]]},"properties":{"name":"Vadamunai Tank","kind":"water","ha":194}},{"type":"Feature","geometry":{"type":"Polygon","coordinates":[[[81.22024,8.62118],[81.21896,8.62327],[81.21674,8.61914],[81.21528,8.61852],[81.212,8.62103],[81.21066,8.62127],[81.20946,8.62017],[81.20852,8.62131],[81.20934,8.61968],[81.20876,8.61919],[81.21084,8.61648],[81.21149,8.61413],[81.21084,8.61236],[81.20849,8.61071],[81.20675,8.61052],[81.20483,8.60869],[81.20397,8.60893],[81.20435,8.60976],[81.20348,8.61102],[81.20229,8.6104],[81.20048,8.61284],[81.20079,8.61492],[81.1996,8.61734],[81.19895,8.62252],[81.20044,8.62453],[81.20546,8.62366],[81.20693,8.62432],[81.20836,8.6217],[81.20802,8.62306],[81.21081,8.62351],[81.21435,8.62014],[81.21629,8.62127],[81.21676,8.62283],[81.21879,8.62457],[81.22012,8.62313],[81.22024,8.62118]]]},"properties":{"name":null,"kind":"lagoon","ha":192}},{"type":"Feature","geometry":{"type":"Polygon","coordinates":[[[81.78772,7.12725],[81.79404,7.12906],[81.79608,7.12885],[81.79887,7.12719],[81.79922,7.12645],[81.79791,7.12609],[81.79727,7.12432],[81.79918,7.12088],[81.7979,7.1169],[81.79896,7.11498],[81.79803,7.11315],[81.79586,7.1132],[81.79409,7.11624],[81.79029,7.11635],[81.78808,7.12034],[81.78555,7.12052],[81.78429,7.12173],[81.78315,7.12456],[81.78772,7.12725]]]},"properties":{"name":null,"kind":"reservoir","ha":190}},{"type":"Feature","geometry":{"type":"Polygon","coordinates":[[[80.77065,9.16635],[80.77051,9.16345],[80.77172,9.16012],[80.77324,9.15912],[80.7718,9.15732],[80.77162,9.15833],[80.76886,9.15368],[80.76561,9.1561],[80.76227,9.15427],[80.76002,9.15548],[80.75467,9.15369],[80.75175,9.15398],[80.7515,9.15599],[80.75004,9.15752],[80.7664,9.16452],[80.76884,9.1669],[80.77065,9.16635]]]},"properties":{"name":null,"kind":"reservoir","ha":188}},{"type":"Feature","geometry":{"type":"Polygon","coordinates":[[[80.7727,8.2834],[80.77412,8.28512],[80.77501,8.28295],[80.77693,8.28175],[80.78135,8.28447],[80.78429,8.28443],[80.7841,8.28319],[80.78153,8.2824],[80.78264,8.28014],[80.77902,8.27814],[80.78096,8.27594],[80.7804,8.27509],[80.78079,8.27273],[80.77996,8.27254],[80.77766,8.27452],[80.77655,8.27334],[80.77798,8.27203],[80.77805,8.27124],[80.77693,8.27064],[80.77751,8.2696],[80.78025,8.26682],[80.77771,8.26602],[80.77853,8.26502],[80.77751,8.26437],[80.7761,8.26428],[80.77492,8.26518],[80.77458,8.26727],[80.77348,8.26811],[80.77244,8.26718],[80.7701,8.27313],[80.77028,8.27811],[80.7727,8.2834]]]},"properties":{"name":"Diwulwewa","kind":"water","ha":186}},{"type":"Feature","geometry":{"type":"Polygon","coordinates":[[[80.95642,6.53719],[80.95118,6.54196],[80.95231,6.54342],[80.95285,6.54302],[80.95296,6.54412],[80.95122,6.54483],[80.95052,6.547],[80.95378,6.54836],[80.95411,6.54661],[80.95528,6.54579],[80.95519,6.54752],[80.95632,6.5478],[80.95592,6.54895],[80.95678,6.55073],[80.95568,6.55188],[80.95631,6.55279],[80.95563,6.55512],[80.95687,6.55531],[80.95722,6.55693],[80.95816,6.55559],[80.95922,6.55579],[80.95991,6.55683],[80.95968,6.55948],[80.95995,6.55735],[80.96107,6.55873],[80.96136,6.55829],[80.95993,6.55571],[80.95881,6.55513],[80.95899,6.55348],[80.96118,6.55419],[80.96264,6.55269],[80.96088,6.5524],[80.96142,6.5503],[80.96027,6.54954],[80.96008,6.54794],[80.95947,6.54806],[80.95924,6.54739],[80.96013,6.547],[80.95877,6.54373],[80.95809,6.54381],[80.95734,6.54232],[80.95928,6.54195],[80.95916,6.54304],[80.95964,6.54269],[80.95968,6.54343],[80.96303,6.54564],[80.96676,6.54565],[80.96829,6.54634],[80.96834,6.54706],[80.96902,6.54706],[80.96915,6.54504],[80.96802,6.54421],[80.96833,6.54258],[80.96623,6.54301],[80.96364,6.54175],[80.96424,6.54084],[80.96631,6.54044],[80.9667,6.53644],[80.96558,6.53662],[80.9644,6.53901],[80.96311,6.5388],[80.96168,6.53987],[80.95998,6.53839],[80.95902,6.54046],[80.95805,6.53985],[80.95893,6.53924],[80.95946,6.53594],[80.95727,6.53751],[80.95642,6.53719]]]},"properties":{"name":"Hambegamuwa Tank","kind":"reservoir","ha":186}},{"type":"Feature","geometry":{"type":"Polygon","coordinates":[[[81.14669,8.05017],[81.14902,8.04355],[81.14653,8.03545],[81.14165,8.02803],[81.14121,8.0251],[81.14227,8.02339],[81.14557,8.02338],[81.14795,8.0225],[81.15024,8.01947],[81.15022,8.01726],[81.14873,8.01433],[81.13811,8.00382],[81.13433,8.00323],[81.13445,8.00148],[81.13678,7.99866],[81.13879,7.99231],[81.13787,7.98947],[81.13445,7.98633],[81.13605,7.9812],[81.13385,7.97741],[81.14669,8.05017]]]},"properties":{"name":null,"kind":"river","ha":186}},{"type":"Feature","geometry":{"type":"Polygon","coordinates":[[[80.28199,7.89859],[80.28735,7.89933],[80.29421,7.90282],[80.29398,7.90102],[80.29555,7.90121],[80.29595,7.89978],[80.29817,7.90131],[80.29885,7.90018],[80.29768,7.89923],[80.29277,7.89822],[80.29347,7.89679],[80.2952,7.89638],[80.30281,7.8971],[80.30251,7.89522],[80.29915,7.89536],[80.3009,7.8946],[80.30126,7.89051],[80.30062,7.88862],[80.2925,7.88932],[80.29268,7.89046],[80.28828,7.89114],[80.28599,7.89453],[80.28516,7.89376],[80.28332,7.89471],[80.28313,7.89698],[80.28174,7.89781],[80.28199,7.89859]]]},"properties":{"name":"Abakola Wewa","kind":"reservoir","ha":185}},{"type":"Feature","geometry":{"type":"Polygon","coordinates":[[[80.80713,8.32263],[80.80662,8.31674],[80.80786,8.31373],[80.80775,8.31141],[80.80818,8.31099],[80.81004,8.31337],[80.81151,8.31339],[80.81594,8.30794],[80.81819,8.30742],[80.81967,8.30885],[80.81945,8.3139],[80.82083,8.31473],[80.81963,8.31559],[80.82071,8.31763],[80.82305,8.31795],[80.82347,8.31869],[80.82141,8.31967],[80.82096,8.32126],[80.81817,8.3184],[80.81707,8.31847],[80.8156,8.3172],[80.81461,8.31774],[80.81339,8.32031],[80.81377,8.32091],[80.81133,8.3214],[80.81228,8.32298],[80.81333,8.32187],[80.81406,8.32318],[80.81108,8.32503],[80.81019,8.32991],[80.80713,8.32263]]]},"properties":{"name":"Keulkada Wewa","kind":"reservoir","ha":185}},{"type":"Feature","geometry":{"type":"Polygon","coordinates":[[[81.06112,8.47853],[81.06484,8.48585],[81.06689,8.48788],[81.06727,8.49027],[81.06651,8.48914],[81.06621,8.48983],[81.06496,8.48959],[81.06062,8.48367],[81.05911,8.48236],[81.05857,8.48271],[81.05956,8.48567],[81.05989,8.48878],[81.05933,8.48918],[81.06059,8.49015],[81.0607,8.49277],[81.05949,8.49369],[81.05662,8.49102],[81.05506,8.49132],[81.05621,8.49529],[81.055,8.49501],[81.05523,8.49547],[81.0528,8.49643],[81.05184,8.49871],[81.05274,8.49936],[81.05028,8.50407],[81.05142,8.49822],[81.05039,8.49691],[81.05151,8.49687],[81.05309,8.49514],[81.05197,8.49478],[81.05262,8.49379],[81.05153,8.49123],[81.05334,8.49132],[81.05388,8.49035],[81.05225,8.48863],[81.05158,8.48909],[81.05186,8.4905],[81.05129,8.49097],[81.05089,8.49029],[81.05078,8.48855],[81.0517,8.48824],[81.05208,8.48594],[81.04994,8.48021],[81.05384,8.48257],[81.05655,8.48235],[81.05687,8.47981],[81.05462,8.47504],[81.05585,8.47416],[81.06112,8.47853]]]},"properties":{"name":"Galmitiyan Wewa","kind":"water","ha":185}},{"type":"Feature","geometry":{"type":"Polygon","coordinates":[[[81.82374,6.9335],[81.82982,6.93232],[81.83087,6.934],[81.83607,6.93604],[81.83809,6.93541],[81.83889,6.93319],[81.83514,6.92916],[81.83436,6.92736],[81.83493,6.92591],[81.83967,6.92289],[81.84391,6.92202],[81.84164,6.92005],[81.83886,6.91924],[81.83163,6.9218],[81.82921,6.92401],[81.82852,6.92646],[81.82527,6.92888],[81.82358,6.93212],[81.82374,6.9335]]]},"properties":{"name":"Urani Lagoon","kind":"reservoir","ha":180}},{"type":"Feature","geometry":{"type":"Polygon","coordinates":[[[81.04334,7.23949],[81.04182,7.23896],[81.04191,7.24069],[81.04103,7.23928],[81.04001,7.24426],[81.04167,7.2452],[81.04275,7.24825],[81.04368,7.24724],[81.04299,7.25057],[81.04461,7.25018],[81.04448,7.25184],[81.04559,7.25307],[81.04733,7.24714],[81.04775,7.24975],[81.05098,7.25138],[81.05125,7.2545],[81.0525,7.25725],[81.052,7.259],[81.0525,7.26],[81.05312,7.25765],[81.05359,7.26126],[81.05425,7.26107],[81.05422,7.26697],[81.05489,7.263],[81.05533,7.26688],[81.05625,7.264],[81.05512,7.26127],[81.05675,7.26275],[81.05689,7.26132],[81.05834,7.26111],[81.05715,7.26048],[81.05636,7.2615],[81.0545,7.2595],[81.057,7.25775],[81.055,7.258],[81.05425,7.25725],[81.05416,7.25442],[81.05504,7.25391],[81.05379,7.25213],[81.05393,7.24972],[81.05226,7.2486],[81.05333,7.24655],[81.05156,7.24388],[81.05229,7.24335],[81.05376,7.24385],[81.05325,7.242],[81.05375,7.24],[81.052,7.2425],[81.0495,7.24],[81.0485,7.242],[81.048,7.24075],[81.0465,7.2425],[81.04432,7.23961],[81.04334,7.23949]]]},"properties":{"name":"Hepola-oya Reservoir","kind":"water","ha":179}},{"type":"Feature","geometry":{"type":"Polygon","coordinates":[[[80.10924,6.14862],[80.10849,6.15024],[80.10551,6.14932],[80.10427,6.15131],[80.10328,6.15142],[80.10178,6.1474],[80.09986,6.14792],[80.09892,6.14732],[80.10147,6.14865],[80.10253,6.15218],[80.10473,6.15196],[80.10585,6.15099],[80.10818,6.15187],[80.10987,6.15077],[80.10989,6.14999],[80.11219,6.14925],[80.11253,6.15023],[80.11126,6.15031],[80.10955,6.15258],[80.11,6.15347],[80.10895,6.15574],[80.11057,6.15715],[80.11207,6.15245],[80.11552,6.15045],[80.11721,6.1543],[80.11853,6.15463],[80.11874,6.1604],[80.1224,6.16118],[80.12268,6.15903],[80.12358,6.15863],[80.12246,6.15678],[80.12303,6.15422],[80.12157,6.15395],[80.12193,6.15271],[80.12089,6.15225],[80.12106,6.15163],[80.12376,6.15105],[80.12114,6.15008],[80.12052,6.14571],[80.1174,6.14721],[80.11649,6.14616],[80.11846,6.146],[80.11826,6.14396],[80.12223,6.14372],[80.12287,6.14222],[80.11685,6.14198],[80.11392,6.14343],[80.11324,6.14812],[80.10958,6.14849],[80.10656,6.14515],[80.10668,6.14323],[80.10809,6.14114],[80.10745,6.13967],[80.10811,6.14073],[80.10626,6.14451],[80.10766,6.14687],[80.107,6.14761],[80.10837,6.14891],[80.10924,6.14862]]]},"properties":{"name":null,"kind":"lake","ha":179}},{"type":"Feature","geometry":{"type":"Polygon","coordinates":[[[81.12721,6.14628],[81.12835,6.14791],[81.13123,6.14875],[81.13265,6.15038],[81.13597,6.15003],[81.14097,6.1419],[81.14067,6.13775],[81.13548,6.13595],[81.1306,6.13597],[81.12721,6.14628]]]},"properties":{"name":"Salt Pan","kind":"water","ha":179}},{"type":"Feature","geometry":{"type":"Polygon","coordinates":[[[81.32526,8.14072],[81.32224,8.13871],[81.32323,8.13743],[81.32259,8.13668],[81.32125,8.13853],[81.3201,8.13869],[81.31927,8.13651],[81.31649,8.13688],[81.31269,8.13533],[81.3107,8.13046],[81.31423,8.12682],[81.3136,8.12488],[81.31544,8.12593],[81.31681,8.1251],[81.32018,8.12707],[81.32216,8.12525],[81.32316,8.12739],[81.3244,8.12744],[81.32529,8.13131],[81.32526,8.14072]]]},"properties":{"name":"Kaddumurivu Kulam","kind":"water","ha":178}},{"type":"Feature","geometry":{"type":"Polygon","coordinates":[[[81.01215,8.39146],[81.01147,8.39231],[81.0159,8.40316],[81.01578,8.40561],[81.0121,8.40435],[81.01282,8.40815],[81.01217,8.40879],[81.01027,8.40684],[81.00743,8.40841],[81.00651,8.40184],[81.00705,8.40029],[81.00508,8.39929],[81.00531,8.39611],[81.00431,8.39609],[81.00415,8.39857],[81.00294,8.3991],[81.00085,8.39734],[80.99923,8.39776],[80.99996,8.39468],[80.99932,8.39368],[80.99754,8.39322],[81.01215,8.39146]]]},"properties":{"name":null,"kind":"water","ha":178}},{"type":"Feature","geometry":{"type":"Polygon","coordinates":[[[80.05787,6.22032],[80.05867,6.21989],[80.05948,6.22079],[80.05967,6.2247],[80.06253,6.22627],[80.06567,6.22566],[80.068,6.22373],[80.07322,6.22487],[80.07704,6.22393],[80.08287,6.2258],[80.08334,6.22686],[80.08133,6.22743],[80.07663,6.22556],[80.07342,6.22722],[80.07184,6.23031],[80.07265,6.23129],[80.07571,6.23077],[80.07717,6.23267],[80.07208,6.23384],[80.07056,6.2363],[80.07093,6.23827],[80.07009,6.24065],[80.07062,6.23853],[80.07006,6.23679],[80.06891,6.23693],[80.06758,6.23863],[80.06565,6.23743],[80.06563,6.2363],[80.06724,6.23583],[80.0681,6.23302],[80.06747,6.23245],[80.06641,6.23309],[80.0651,6.23266],[80.0647,6.23344],[80.06422,6.23299],[80.06392,6.23041],[80.0653,6.22805],[80.065,6.22719],[80.0591,6.22739],[80.0559,6.22991],[80.05297,6.22848],[80.05334,6.22787],[80.05529,6.22909],[80.05588,6.22725],[80.0584,6.2265],[80.05782,6.22491],[80.05857,6.22139],[80.05787,6.22032]]]},"properties":{"name":"Madampe Lake","kind":"reservoir","ha":177}},{"type":"Feature","geometry":{"type":"Polygon","coordinates":[[[81.08544,7.89852],[81.08169,7.89337],[81.07255,7.88499],[81.06451,7.87583],[81.0599,7.86498],[81.06035,7.86126],[81.06128,7.8599],[81.06109,7.85366],[81.05962,7.8538],[81.05748,7.86287],[81.05818,7.86722],[81.06324,7.87893],[81.08303,7.90016],[81.08544,7.89852]]]},"properties":{"name":null,"kind":"river","ha":177}},{"type":"Feature","geometry":{"type":"Polygon","coordinates":[[[79.90354,6.81226],[79.90188,6.81428],[79.90125,6.8141],[79.9006,6.81627],[79.89942,6.81619],[79.90152,6.80954],[79.90093,6.8066],[79.90158,6.80285],[79.90401,6.79894],[79.90465,6.79474],[79.90406,6.79221],[79.90434,6.79062],[79.90508,6.79032],[79.90415,6.78868],[79.90574,6.78731],[79.90603,6.78252],[79.90701,6.78257],[79.90718,6.7819],[79.90635,6.78046],[79.9055,6.78122],[79.90601,6.78184],[79.9051,6.78149],[79.90601,6.78006],[79.90447,6.78086],[79.90485,6.77916],[79.90626,6.77767],[79.9059,6.77588],[79.90473,6.77447],[79.9031,6.77501],[79.90226,6.77343],[79.89776,6.77663],[79.89669,6.77823],[79.90354,6.81226]]]},"properties":{"name":"Bolgoda_Lake","kind":"river","ha":177}},{"type":"Feature","geometry":{"type":"Polygon","coordinates":[[[81.46623,7.16833],[81.46728,7.16868],[81.46697,7.17161],[81.46823,7.17001],[81.46971,7.17151],[81.46912,7.17253],[81.46997,7.17346],[81.46954,7.17454],[81.46859,7.17342],[81.46846,7.17417],[81.46697,7.17468],[81.46957,7.17761],[81.46835,7.17777],[81.46768,7.17889],[81.46636,7.17747],[81.46592,7.17859],[81.46511,7.17861],[81.46474,7.17752],[81.46511,7.17806],[81.46284,7.17987],[81.46305,7.17636],[81.46233,7.17581],[81.46155,7.17747],[81.46119,7.1763],[81.4603,7.17768],[81.46056,7.17907],[81.45897,7.17917],[81.45821,7.17817],[81.45761,7.17905],[81.45926,7.18057],[81.45972,7.1825],[81.4591,7.18333],[81.45996,7.18316],[81.45975,7.18391],[81.46073,7.18459],[81.46317,7.18404],[81.46239,7.18569],[81.46271,7.18715],[81.46346,7.18729],[81.46294,7.18777],[81.46609,7.18908],[81.4664,7.18727],[81.46822,7.18826],[81.4704,7.18556],[81.47102,7.18563],[81.47103,7.18706],[81.47327,7.18597],[81.47496,7.18265],[81.47434,7.18963],[81.47557,7.1902],[81.47722,7.18795],[81.47674,7.19029],[81.47792,7.19103],[81.47884,7.18987],[81.46623,7.16833]]]},"properties":{"name":"Senanayake Samudraya","kind":"reservoir","ha":175}},{"type":"Feature","geometry":{"type":"Polygon","coordinates":[[[81.25089,8.20983],[81.25213,8.21146],[81.25052,8.21335],[81.25247,8.21613],[81.24942,8.22104],[81.24988,8.22587],[81.25195,8.22708],[81.25366,8.22479],[81.25743,8.22501],[81.25861,8.22713],[81.25733,8.23232],[81.25968,8.23276],[81.26233,8.23026],[81.26352,8.23101],[81.2658,8.23557],[81.26697,8.23551],[81.26787,8.23394],[81.26879,8.23411],[81.27027,8.23599],[81.27014,8.23873],[81.26875,8.23995],[81.26632,8.23916],[81.2659,8.24051],[81.2668,8.24239],[81.26908,8.24258],[81.2716,8.24013],[81.25089,8.20983]]]},"properties":{"name":null,"kind":"river","ha":174}},{"type":"Feature","geometry":{"type":"Polygon","coordinates":[[[80.28675,7.92252],[80.28902,7.92389],[80.28883,7.92459],[80.29,7.92409],[80.29222,7.92682],[80.29129,7.92501],[80.29156,7.92252],[80.29507,7.9213],[80.29605,7.91969],[80.29784,7.91899],[80.29952,7.91981],[80.30375,7.92523],[80.30304,7.91843],[80.30542,7.91711],[80.30281,7.9142],[80.29966,7.91363],[80.29894,7.91098],[80.29628,7.91322],[80.29437,7.91148],[80.29492,7.91263],[80.29428,7.91217],[80.2929,7.91365],[80.29102,7.91412],[80.28985,7.91669],[80.2888,7.91716],[80.28727,7.91649],[80.28629,7.91773],[80.28547,7.92076],[80.28675,7.92252]]]},"properties":{"name":"Atharagalla Wewa","kind":"reservoir","ha":173}},{"type":"Feature","geometry":{"type":"Polygon","coordinates":[[[80.17537,9.253],[80.16911,9.25697],[80.16797,9.26024],[80.17118,9.27461],[80.17278,9.26856],[80.17641,9.26717],[80.17756,9.26486],[80.1803,9.26299],[80.18094,9.26143],[80.18034,9.26001],[80.17754,9.25807],[80.17785,9.25331],[80.17537,9.253]]]},"properties":{"name":"Nagapaduvan Kulam","kind":"reservoir","ha":173}},{"type":"Feature","geometry":{"type":"Polygon","coordinates":[[[81.45454,6.82062],[81.45376,6.81611],[81.45264,6.81539],[81.45204,6.8167],[81.45062,6.8164],[81.45222,6.81857],[81.45067,6.81905],[81.44994,6.8204],[81.45101,6.82349],[81.44894,6.82148],[81.44744,6.8232],[81.44504,6.821],[81.4436,6.82108],[81.44296,6.82223],[81.44358,6.82438],[81.44568,6.82619],[81.44409,6.82912],[81.44546,6.82956],[81.44578,6.83058],[81.44715,6.83055],[81.44721,6.83194],[81.44819,6.83177],[81.44911,6.83279],[81.45109,6.83204],[81.44999,6.83333],[81.45082,6.83457],[81.45204,6.83481],[81.45335,6.8325],[81.45331,6.83071],[81.4517,6.83006],[81.45062,6.82813],[81.45221,6.82705],[81.45343,6.82796],[81.45441,6.82731],[81.45465,6.82927],[81.45397,6.83027],[81.45551,6.83111],[81.45536,6.83213],[81.45652,6.83143],[81.45729,6.83291],[81.45781,6.83186],[81.45902,6.83193],[81.45796,6.83006],[81.45749,6.82392],[81.45454,6.82062]]]},"properties":{"name":"Ethimale Wewa","kind":"reservoir","ha":173}},{"type":"Feature","geometry":{"type":"Polygon","coordinates":[[[81.82513,6.7668],[81.82331,6.76624],[81.82262,6.76809],[81.81881,6.77211],[81.81747,6.7715],[81.81648,6.76879],[81.81446,6.77271],[81.81137,6.77423],[81.80782,6.77393],[81.80625,6.77143],[81.80263,6.77261],[81.80071,6.77231],[81.80104,6.77138],[81.80001,6.77162],[81.80135,6.77077],[81.80186,6.77158],[81.80261,6.77014],[81.80195,6.76844],[81.80333,6.76922],[81.80607,6.76803],[81.8053,6.76704],[81.80315,6.76687],[81.80187,6.76541],[81.79869,6.76533],[81.80142,6.76515],[81.80138,6.76408],[81.80026,6.76407],[81.80096,6.76372],[81.80369,6.76401],[81.80306,6.76033],[81.80214,6.75988],[81.80312,6.7589],[81.80525,6.76226],[81.80541,6.76483],[81.80751,6.76601],[81.80828,6.76459],[81.81079,6.76506],[81.81139,6.76885],[81.8122,6.76932],[81.8146,6.76906],[81.81504,6.76829],[81.81246,6.76875],[81.81802,6.76431],[81.82259,6.76477],[81.82519,6.76612],[81.82513,6.7668]]]},"properties":{"name":"Panama Lagoon","kind":"lagoon","ha":173}},{"type":"Feature","geometry":{"type":"Polygon","coordinates":[[[80.48498,8.7049],[80.48863,8.71372],[80.49474,8.71648],[80.49696,8.72193],[80.49804,8.72231],[80.5002,8.71798],[80.49941,8.71505],[80.5004,8.71351],[80.50217,8.71294],[80.50154,8.71],[80.4963,8.70852],[80.49414,8.70577],[80.49082,8.70669],[80.48677,8.70433],[80.48498,8.7049]]]},"properties":{"name":"Iratperiya Kulam","kind":"reservoir","ha":172}},{"type":"Feature","geometry":{"type":"Polygon","coordinates":[[[81.39299,8.04462],[81.3944,8.04493],[81.39563,8.04385],[81.39751,8.03853],[81.39533,8.03556],[81.39295,8.03488],[81.393,8.03364],[81.39203,8.0327],[81.39034,8.03245],[81.38748,8.03376],[81.38651,8.03538],[81.38617,8.04003],[81.38506,8.04039],[81.38381,8.0429],[81.38652,8.04773],[81.38889,8.04851],[81.39118,8.04817],[81.39299,8.04462]]]},"properties":{"name":"Mathurankarni Pool","kind":"water","ha":171}},{"type":"Feature","geometry":{"type":"Polygon","coordinates":[[[80.23887,9.1434],[80.23982,9.14343],[80.24219,9.14748],[80.24614,9.15753],[80.24698,9.16032],[80.24543,9.1631],[80.24058,9.1631],[80.23919,9.16183],[80.23777,9.15477],[80.23353,9.15488],[80.23234,9.15331],[80.23631,9.14903],[80.23887,9.1434]]]},"properties":{"name":"Kalvilan Kulam","kind":"reservoir","ha":169}},{"type":"Feature","geometry":{"type":"Polygon","coordinates":[[[80.13998,9.7374],[80.13726,9.73628],[80.13318,9.73674],[80.12664,9.74101],[80.12941,9.74342],[80.13052,9.74647],[80.13127,9.74658],[80.13099,9.74474],[80.13181,9.74357],[80.13533,9.74315],[80.13348,9.7478],[80.13792,9.74882],[80.1376,9.75093],[80.14017,9.75293],[80.14086,9.75276],[80.14127,9.75009],[80.14376,9.74744],[80.14313,9.74432],[80.13857,9.73964],[80.13886,9.73884],[80.14097,9.73953],[80.13998,9.7374]]]},"properties":{"name":"Uppu Aru Lagoon","kind":"lagoon","ha":169}},{"type":"Feature","geometry":{"type":"Polygon","coordinates":[[[80.57371,9.39881],[80.57616,9.39824],[80.57915,9.39884],[80.58179,9.39534],[80.58234,9.39278],[80.58089,9.39192],[80.58189,9.38893],[80.58107,9.38238],[80.57616,9.37626],[80.57432,9.37551],[80.57307,9.37669],[80.57709,9.38352],[80.57736,9.38648],[80.57446,9.38628],[80.57561,9.38869],[80.57476,9.39054],[80.57302,9.39097],[80.57251,9.39611],[80.57371,9.39881]]]},"properties":{"name":"Piramanthanaru Kulam","kind":"reservoir","ha":168}},{"type":"Feature","geometry":{"type":"Polygon","coordinates":[[[80.71737,9.11828],[80.71784,9.11913],[80.71638,9.11998],[80.71342,9.12028],[80.70694,9.11879],[80.70647,9.12074],[80.70814,9.12197],[80.70823,9.12303],[80.70698,9.12434],[80.70587,9.12337],[80.70651,9.12239],[80.70381,9.12125],[80.70505,9.12087],[80.70475,9.1196],[80.70329,9.11892],[80.7057,9.11061],[80.70776,9.11049],[80.71295,9.11091],[80.71642,9.11015],[80.71823,9.11078],[80.71963,9.11477],[80.71885,9.11498],[80.71737,9.11828]]]},"properties":{"name":null,"kind":"water","ha":166}},{"type":"Feature","geometry":{"type":"Polygon","coordinates":[[[79.90091,8.51916],[79.89485,8.52212],[79.89086,8.52183],[79.88872,8.5193],[79.89164,8.51298],[79.89875,8.50868],[79.90109,8.50997],[79.90398,8.51482],[79.90091,8.51916]]]},"properties":{"name":"Maila Villu","kind":"lake","ha":164}},{"type":"Feature","geometry":{"type":"Polygon","coordinates":[[[80.28773,9.43938],[80.28447,9.43961],[80.28091,9.44109],[80.28129,9.43781],[80.27974,9.43339],[80.28186,9.43206],[80.27887,9.43183],[80.2781,9.4291],[80.27871,9.42851],[80.28067,9.42929],[80.28177,9.42811],[80.28132,9.42703],[80.27555,9.42565],[80.27636,9.42385],[80.27915,9.42287],[80.28021,9.42387],[80.28362,9.42293],[80.28461,9.4234],[80.28526,9.42261],[80.28731,9.42378],[80.28786,9.42521],[80.28773,9.43938]]]},"properties":{"name":null,"kind":"water","ha":164}},{"type":"Feature","geometry":{"type":"Polygon","coordinates":[[[79.93981,8.93442],[79.94265,8.93371],[79.94314,8.93542],[79.94239,8.93583],[79.94647,8.93551],[79.94993,8.93819],[79.95357,8.94242],[79.95284,8.94511],[79.95162,8.94642],[79.95337,8.9429],[79.95291,8.94201],[79.95036,8.94028],[79.94753,8.94166],[79.94552,8.94145],[79.94547,8.93911],[79.94044,8.93764],[79.93995,8.93505],[79.93912,8.93524],[79.93849,8.93843],[79.93732,8.93911],[79.93656,8.9385],[79.93756,8.93786],[79.9377,8.93666],[79.93605,8.9346],[79.93156,8.93549],[79.93128,8.93723],[79.93258,8.94048],[79.93418,8.94008],[79.9336,8.93751],[79.93602,8.93848],[79.93545,8.93924],[79.9342,8.93894],[79.93423,8.94024],[79.9326,8.9406],[79.93157,8.9424],[79.93195,8.94006],[79.93048,8.93713],[79.92205,8.94059],[79.92412,8.93662],[79.92884,8.93415],[79.92908,8.93137],[79.93299,8.93083],[79.93602,8.92906],[79.93747,8.9264],[79.94066,8.925],[79.9422,8.9255],[79.94172,8.92661],[79.93995,8.92741],[79.9386,8.92698],[79.93745,8.92984],[79.93834,8.93331],[79.93981,8.93442]]]},"properties":{"name":null,"kind":"water","ha":164}},{"type":"Feature","geometry":{"type":"Polygon","coordinates":[[[80.98007,8.27503],[80.97881,8.27288],[80.97772,8.27422],[80.97791,8.27562],[80.97679,8.27567],[80.97581,8.27207],[80.97416,8.27157],[80.97357,8.27691],[80.97195,8.27688],[80.96961,8.2728],[80.97004,8.27107],[80.96815,8.26933],[80.96897,8.26709],[80.96714,8.2662],[80.96916,8.26478],[80.96794,8.26115],[80.96972,8.26091],[80.96943,8.25833],[80.97158,8.25831],[80.97336,8.26486],[80.97549,8.26244],[80.97668,8.2637],[80.97923,8.26299],[80.98007,8.27503]]]},"properties":{"name":null,"kind":"water","ha":164}},{"type":"Feature","geometry":{"type":"Polygon","coordinates":[[[81.04293,6.39099],[81.0379,6.38966],[81.03485,6.39274],[81.03291,6.39198],[81.0342,6.39373],[81.03375,6.39585],[81.03187,6.39712],[81.03103,6.40131],[81.02785,6.40473],[81.03292,6.40439],[81.03226,6.40782],[81.03478,6.40738],[81.0347,6.40816],[81.03535,6.40796],[81.03588,6.40638],[81.03708,6.40716],[81.03786,6.40271],[81.03956,6.40157],[81.03873,6.39921],[81.03936,6.39872],[81.04259,6.40065],[81.04338,6.40026],[81.04268,6.39871],[81.04323,6.39779],[81.04203,6.39709],[81.04136,6.39761],[81.04084,6.39637],[81.03986,6.39668],[81.03992,6.39471],[81.04126,6.39343],[81.04374,6.39359],[81.04293,6.39099]]]},"properties":{"name":"Mahagal wewa","kind":"reservoir","ha":163}},{"type":"Feature","geometry":{"type":"Polygon","coordinates":[[[80.86035,6.48373],[80.85877,6.48435],[80.85727,6.48384],[80.85577,6.4816],[80.85627,6.48034],[80.85527,6.47985],[80.85627,6.4786],[80.85577,6.4771],[80.85352,6.47734],[80.85302,6.47635],[80.85177,6.47635],[80.85177,6.47459],[80.85452,6.4756],[80.85502,6.47384],[80.85952,6.47584],[80.85877,6.47384],[80.86027,6.47234],[80.85727,6.4726],[80.85802,6.46985],[80.85652,6.4711],[80.85427,6.47159],[80.85427,6.46859],[80.85127,6.46959],[80.85285,6.46615],[80.85421,6.46575],[80.85627,6.46709],[80.85727,6.46559],[80.85877,6.46534],[80.85677,6.46484],[80.85477,6.46284],[80.85352,6.46284],[80.85252,6.46009],[80.85402,6.46209],[80.85602,6.46159],[80.85777,6.46284],[80.85802,6.46109],[80.85652,6.45809],[80.85852,6.45784],[80.86152,6.46159],[80.86035,6.48373]]]},"properties":{"name":"Udawalawe Reservoir","kind":"reservoir","ha":163}},{"type":"Feature","geometry":{"type":"Polygon","coordinates":[[[80.10094,7.92862],[80.10219,7.92991],[80.10082,7.93248],[80.10152,7.93398],[80.10041,7.93447],[80.09553,7.93319],[80.09187,7.92912],[80.09257,7.92602],[80.09104,7.92391],[80.09364,7.9226],[80.0928,7.91983],[80.09332,7.91825],[80.09707,7.91593],[80.0989,7.91703],[80.10081,7.92079],[80.09966,7.92193],[80.10063,7.92507],[80.10192,7.92628],[80.10094,7.92862]]]},"properties":{"name":null,"kind":"water","ha":161}},{"type":"Feature","geometry":{"type":"Polygon","coordinates":[[[81.27999,6.28614],[81.27941,6.28552],[81.29121,6.28472],[81.29039,6.29255],[81.28926,6.29231],[81.28876,6.29379],[81.28672,6.2948],[81.28753,6.29715],[81.28687,6.29806],[81.28088,6.29722],[81.27787,6.29352],[81.27914,6.2909],[81.27845,6.28937],[81.28021,6.28843],[81.27932,6.28704],[81.27828,6.28775],[81.27999,6.28614]]]},"properties":{"name":"Tissa Wewa","kind":"reservoir","ha":161}},{"type":"Feature","geometry":{"type":"Polygon","coordinates":[[[80.30287,8.38078],[80.30317,8.37987],[80.29572,8.37159],[80.29924,8.37257],[80.30405,8.36637],[80.30994,8.36184],[80.3109,8.36255],[80.30991,8.36699],[80.30831,8.36935],[80.31229,8.37123],[80.31433,8.37386],[80.30976,8.3746],[80.3086,8.37635],[80.30772,8.3755],[80.30791,8.37458],[80.30688,8.37431],[80.3062,8.37492],[80.3066,8.37643],[80.30287,8.38078]]]},"properties":{"name":null,"kind":"water","ha":160}},{"type":"Feature","geometry":{"type":"Polygon","coordinates":[[[81.38017,8.32042],[81.38083,8.31922],[81.37763,8.31637],[81.37608,8.30981],[81.37696,8.30864],[81.37748,8.31007],[81.378,8.30967],[81.38143,8.29119],[81.38254,8.2905],[81.38229,8.29254],[81.38338,8.29059],[81.38357,8.28782],[81.38274,8.28565],[81.3832,8.28115],[81.38091,8.28079],[81.37835,8.28361],[81.3757,8.28062],[81.37682,8.28047],[81.37722,8.28235],[81.37994,8.28171],[81.38101,8.28053],[81.38311,8.28058],[81.3829,8.28216],[81.38402,8.28294],[81.38301,8.2833],[81.38341,8.28393],[81.38436,8.28256],[81.38685,8.28187],[81.38749,8.27805],[81.38933,8.27527],[81.39193,8.27622],[81.38876,8.27907],[81.38678,8.28293],[81.38337,8.28481],[81.38491,8.28466],[81.38533,8.2858],[81.38655,8.28521],[81.3872,8.28571],[81.3855,8.28782],[81.38174,8.29628],[81.38074,8.30082],[81.37945,8.30305],[81.37865,8.30972],[81.3768,8.3108],[81.37838,8.31631],[81.38098,8.31688],[81.38163,8.31873],[81.38426,8.31707],[81.38103,8.32074],[81.38065,8.32543],[81.37922,8.32737],[81.38113,8.32923],[81.38052,8.33375],[81.37997,8.33461],[81.3792,8.33405],[81.37654,8.32915],[81.37477,8.32833],[81.37381,8.32674],[81.37349,8.32354],[81.37487,8.32271],[81.37761,8.32291],[81.38017,8.32042]]]},"properties":{"name":null,"kind":"water","ha":160}},{"type":"Feature","geometry":{"type":"Polygon","coordinates":[[[80.54576,9.35885],[80.54477,9.3539],[80.5422,9.34845],[80.5415,9.34417],[80.54038,9.34324],[80.53894,9.33409],[80.53989,9.33282],[80.54324,9.33521],[80.54513,9.33988],[80.54573,9.34396],[80.55134,9.3559],[80.55394,9.35603],[80.55344,9.35717],[80.55165,9.35676],[80.54576,9.35885]]]},"properties":{"name":"Vishwamadu Kulam","kind":"reservoir","ha":159}},{"type":"Feature","geometry":{"type":"Polygon","coordinates":[[[80.20783,6.84831],[80.20786,6.84756],[80.20828,6.8491],[80.21024,6.84982],[80.20824,6.84514],[80.20899,6.83589],[80.20753,6.83326],[80.20654,6.83405],[80.2074,6.8362],[80.20645,6.83752],[80.20789,6.83751],[80.20834,6.83926],[80.20715,6.84396],[80.20596,6.84284],[80.20602,6.84014],[80.20515,6.84119],[80.20489,6.84026],[80.20446,6.84134],[80.20355,6.84079],[80.20429,6.84226],[80.20311,6.84266],[80.20341,6.84537],[80.20427,6.8438],[80.20488,6.84395],[80.20492,6.84707],[80.20558,6.84697],[80.20627,6.84465],[80.20736,6.8462],[80.20607,6.85185],[80.20517,6.85174],[80.20458,6.85049],[80.20365,6.85189],[80.20138,6.85268],[80.20067,6.85253],[80.2005,6.85117],[80.19882,6.85276],[80.19502,6.85291],[80.19432,6.85257],[80.19314,6.84667],[80.19174,6.84859],[80.19277,6.84882],[80.1929,6.85046],[80.19206,6.8534],[80.18942,6.85377],[80.19058,6.85531],[80.19185,6.85521],[80.19176,6.85877],[80.19378,6.86145],[80.19363,6.8543],[80.19884,6.85351],[80.19921,6.85402],[80.19807,6.85777],[80.19852,6.86169],[80.19942,6.86201],[80.1984,6.8634],[80.19837,6.86655],[80.19866,6.86391],[80.20045,6.86209],[80.19921,6.86033],[80.19929,6.8589],[80.2005,6.85749],[80.20045,6.854],[80.20155,6.85357],[80.20232,6.8554],[80.20427,6.85325],[80.20597,6.85347],[80.20371,6.8615],[80.20374,6.86418],[80.20268,6.8658],[80.20322,6.86631],[80.20172,6.86987],[80.20174,6.87375],[80.20223,6.86995],[80.20513,6.8674],[80.20453,6.86616],[80.20515,6.86595],[80.20528,6.86094],[80.20691,6.85428],[80.20755,6.85327],[80.20962,6.85339],[80.21,6.85275],[80.20732,6.8511],[80.20783,6.84831]]]},"properties":{"name":"Kalatuwawa Tank","kind":"reservoir","ha":157}},{"type":"Feature","geometry":{"type":"Polygon","coordinates":[[[80.13314,9.78192],[80.13388,9.78255],[80.12953,9.7852],[80.12979,9.78637],[80.13187,9.78903],[80.13499,9.79084],[80.13939,9.78946],[80.14049,9.79143],[80.13972,9.792],[80.13922,9.79116],[80.1373,9.79072],[80.13617,9.79311],[80.13421,9.79475],[80.13352,9.7949],[80.13364,9.79352],[80.13252,9.79434],[80.12993,9.80044],[80.13023,9.80109],[80.13032,9.80003],[80.13225,9.80421],[80.13042,9.80705],[80.12971,9.807],[80.12945,9.80975],[80.13002,9.81101],[80.12962,9.80886],[80.1304,9.80715],[80.13008,9.80963],[80.13089,9.81212],[80.12962,9.81261],[80.12707,9.80581],[80.1288,9.8039],[80.12861,9.80105],[80.12756,9.79932],[80.12925,9.79743],[80.13007,9.79448],[80.12766,9.78957],[80.12546,9.78767],[80.12585,9.78672],[80.12514,9.78527],[80.12284,9.78412],[80.1245,9.78202],[80.12608,9.78302],[80.12688,9.78268],[80.12716,9.78145],[80.12599,9.78067],[80.12708,9.7798],[80.12816,9.78119],[80.1279,9.78263],[80.13004,9.78217],[80.13041,9.78116],[80.13135,9.78147],[80.13166,9.78081],[80.13314,9.78192]]]},"properties":{"name":"Thondaimanaru","kind":"water","ha":157}},{"type":"Feature","geometry":{"type":"Polygon","coordinates":[[[81.44586,7.66514],[81.44648,7.66596],[81.4471,7.66438],[81.44883,7.66318],[81.44907,7.66217],[81.4482,7.66143],[81.44902,7.66004],[81.45017,7.66053],[81.45039,7.65894],[81.45089,7.6594],[81.45244,7.65794],[81.45305,7.65287],[81.45405,7.65234],[81.45355,7.65006],[81.45418,7.64837],[81.44599,7.64564],[81.44448,7.64741],[81.44674,7.65027],[81.44678,7.65266],[81.44512,7.65395],[81.44444,7.65668],[81.44235,7.65686],[81.442,7.65899],[81.44324,7.66052],[81.44332,7.66293],[81.44577,7.6635],[81.44586,7.66514]]]},"properties":{"name":"Kiththul Tank","kind":"reservoir","ha":157}},{"type":"Feature","geometry":{"type":"Polygon","coordinates":[[[81.60516,7.27599],[81.60325,7.27925],[81.604,7.28075],[81.603,7.28225],[81.6035,7.285],[81.6005,7.287],[81.59925,7.2855],[81.59625,7.286],[81.59425,7.28825],[81.59725,7.29],[81.59625,7.29125],[81.59725,7.2925],[81.599,7.29075],[81.60375,7.2935],[81.603,7.29575],[81.6045,7.29575],[81.604,7.29625],[81.6055,7.29775],[81.60525,7.299],[81.60575,7.29875],[81.6075,7.30125],[81.60825,7.3005],[81.60875,7.30175],[81.6095,7.30075],[81.60516,7.27599]]]},"properties":{"name":"Himiduruwa Tank","kind":"reservoir","ha":157}},{"type":"Feature","geometry":{"type":"Polygon","coordinates":[[[81.59611,6.42965],[81.59449,6.43079],[81.59207,6.43044],[81.59157,6.43537],[81.58696,6.43801],[81.58731,6.43916],[81.59094,6.43854],[81.59213,6.44327],[81.5939,6.44321],[81.59576,6.44071],[81.59747,6.43593],[81.60276,6.42809],[81.61018,6.42539],[81.61383,6.42523],[81.61435,6.42145],[81.61606,6.41947],[81.61395,6.42049],[81.61323,6.42391],[81.60803,6.42322],[81.60627,6.42525],[81.60319,6.4251],[81.59999,6.42754],[81.59775,6.4276],[81.59611,6.42965]]]},"properties":{"name":null,"kind":"water","ha":156}},{"type":"Feature","geometry":{"type":"Polygon","coordinates":[[[80.86152,6.46159],[80.86227,6.45884],[80.86502,6.46184],[80.86552,6.46084],[80.86402,6.45684],[80.86602,6.45859],[80.86752,6.45859],[80.86902,6.46084],[80.86977,6.45909],[80.87127,6.45984],[80.87177,6.46109],[80.87327,6.46059],[80.87327,6.46134],[80.87502,6.46209],[80.87552,6.46184],[80.87327,6.45809],[80.87395,6.45545],[80.87605,6.45502],[80.87895,6.45703],[80.88053,6.45958],[80.88154,6.45849],[80.8809,6.45629],[80.88201,6.45554],[80.8818,6.45485],[80.87652,6.45359],[80.87702,6.45234],[80.8799,6.45062],[80.88008,6.44943],[80.87603,6.45107],[80.87423,6.453],[80.87242,6.45323],[80.87163,6.4513],[80.86961,6.45221],[80.86662,6.45123],[80.86683,6.4484],[80.8657,6.44869],[80.86502,6.44729],[80.86283,6.44897],[80.85996,6.44302],[80.85821,6.44755],[80.85727,6.44734],[80.85602,6.44834],[80.85477,6.44784],[80.85402,6.44609],[80.85602,6.44434],[80.85602,6.44334],[80.85277,6.44234],[80.85377,6.44109],[80.85552,6.44109],[80.85585,6.43941],[80.85818,6.43783],[80.86152,6.46159]]]},"properties":{"name":"Udawalawe Reservoir","kind":"reservoir","ha":156}},{"type":"Feature","geometry":{"type":"Polygon","coordinates":[[[81.19256,7.20979],[81.1908,7.21064],[81.18966,7.20918],[81.18767,7.20617],[81.1874,7.20322],[81.18479,7.19936],[81.18788,7.1974],[81.19198,7.1971],[81.19417,7.20028],[81.19908,7.20264],[81.19968,7.20368],[81.2006,7.20747],[81.19256,7.20979]]]},"properties":{"name":"Catchment 2+575","kind":"water","ha":155}},{"type":"Feature","geometry":{"type":"Polygon","coordinates":[[[81.38722,6.24827],[81.38801,6.24919],[81.38742,6.25228],[81.38501,6.25518],[81.38294,6.25442],[81.38311,6.25355],[81.37924,6.25304],[81.37525,6.25428],[81.37267,6.25408],[81.36962,6.24832],[81.36815,6.24759],[81.36902,6.24576],[81.37548,6.24658],[81.37743,6.2477],[81.37965,6.24516],[81.38722,6.24827]]]},"properties":{"name":"Palatupana Maha Lewaya","kind":"salt_pond","ha":154}},{"type":"Feature","geometry":{"type":"Polygon","coordinates":[[[80.29529,9.23854],[80.28463,9.2308],[80.28305,9.22835],[80.28643,9.22533],[80.28846,9.22502],[80.29318,9.22051],[80.29513,9.22145],[80.29267,9.22607],[80.29297,9.22737],[80.29566,9.22762],[80.2971,9.22571],[80.2983,9.2262],[80.29899,9.22767],[80.29875,9.22893],[80.2969,9.22994],[80.2948,9.23524],[80.29529,9.23854]]]},"properties":{"name":"Koddaikaddiya kulam","kind":"reservoir","ha":153}},{"type":"Feature","geometry":{"type":"Polygon","coordinates":[[[81.51484,7.9066],[81.51258,7.91288],[81.51332,7.92125],[81.51467,7.92363],[81.51724,7.9257],[81.5214,7.93315],[81.52494,7.93434],[81.51484,7.9066]]]},"properties":{"name":"Valaichchanei Lagoon","kind":"water","ha":151}},{"type":"Feature","geometry":{"type":"Polygon","coordinates":[[[80.72219,8.48727],[80.72507,8.49139],[80.72708,8.49979],[80.72715,8.50179],[80.72565,8.50446],[80.72501,8.50272],[80.72333,8.50387],[80.72137,8.50276],[80.72169,8.50103],[80.72039,8.49915],[80.72286,8.49716],[80.72217,8.49669],[80.72117,8.49735],[80.71998,8.49657],[80.71687,8.49715],[80.71627,8.49648],[80.71789,8.494],[80.71615,8.49392],[80.71387,8.49176],[80.7136,8.48971],[80.71608,8.48804],[80.71649,8.48623],[80.72046,8.48918],[80.72219,8.48727]]]},"properties":{"name":null,"kind":"reservoir","ha":150}},{"type":"Feature","geometry":{"type":"Polygon","coordinates":[[[81.85343,7.04552],[81.85561,7.04723],[81.85659,7.0507],[81.85814,7.04869],[81.85984,7.04808],[81.86371,7.04917],[81.86508,7.041],[81.8693,7.0375],[81.86811,7.03611],[81.86611,7.03558],[81.85781,7.03853],[81.8545,7.04177],[81.85318,7.04444],[81.85343,7.04552]]]},"properties":{"name":null,"kind":"lake","ha":150}},{"type":"Feature","geometry":{"type":"Polygon","coordinates":[[[81.04444,8.29279],[81.04309,8.29433],[81.04115,8.29396],[81.04116,8.29502],[81.04263,8.29648],[81.04048,8.29782],[81.03888,8.29657],[81.03834,8.29854],[81.03686,8.2989],[81.03479,8.29757],[81.03466,8.29325],[81.03233,8.29381],[81.03068,8.28929],[81.0339,8.28554],[81.03659,8.28447],[81.03753,8.28498],[81.03848,8.28369],[81.04243,8.28873],[81.04444,8.29279]]]},"properties":{"name":null,"kind":"reservoir","ha":149}},{"type":"Feature","geometry":{"type":"Polygon","coordinates":[[[80.57319,8.46406],[80.57237,8.46237],[80.56846,8.46087],[80.56716,8.46485],[80.5679,8.4598],[80.57509,8.45576],[80.57961,8.45119],[80.58785,8.45085],[80.58808,8.45301],[80.5853,8.4607],[80.57982,8.46082],[80.57832,8.45774],[80.57491,8.45796],[80.57364,8.45925],[80.57526,8.46403],[80.57319,8.46406]]]},"properties":{"name":null,"kind":"water","ha":148}},{"type":"Feature","geometry":{"type":"Polygon","coordinates":[[[81.65772,7.28038],[81.65445,7.28157],[81.65447,7.28361],[81.65356,7.28463],[81.65469,7.28493],[81.65473,7.28598],[81.65334,7.28589],[81.6535,7.28755],[81.65166,7.28757],[81.65217,7.28894],[81.65072,7.28928],[81.65098,7.29038],[81.64929,7.29249],[81.65202,7.29187],[81.65241,7.29279],[81.65131,7.29379],[81.65189,7.29449],[81.6501,7.2963],[81.65121,7.29766],[81.65016,7.29931],[81.65369,7.30009],[81.65431,7.29789],[81.65579,7.2975],[81.6567,7.29506],[81.65795,7.29478],[81.65983,7.29835],[81.66086,7.29809],[81.661,7.2965],[81.66206,7.29554],[81.66305,7.29642],[81.66145,7.29845],[81.66198,7.30132],[81.65772,7.28038]]]},"properties":{"name":"Ampara Tank","kind":"reservoir","ha":147}},{"type":"Feature","geometry":{"type":"Polygon","coordinates":[[[81.18894,8.76568],[81.18893,8.75477],[81.19995,8.75481],[81.19996,8.76566],[81.18894,8.76568]]]},"properties":{"name":null,"kind":"water","ha":146}},{"type":"Feature","geometry":{"type":"Polygon","coordinates":[[[81.19996,8.76566],[81.19995,8.75481],[81.21095,8.75472],[81.21097,8.76562],[81.19996,8.76566]]]},"properties":{"name":null,"kind":"water","ha":146}},{"type":"Feature","geometry":{"type":"Polygon","coordinates":[[[81.39712,7.53289],[81.39809,7.5334],[81.39903,7.53168],[81.40046,7.53179],[81.40018,7.53115],[81.4027,7.52998],[81.40351,7.53184],[81.40444,7.53216],[81.40517,7.5304],[81.40724,7.53055],[81.40728,7.52784],[81.40528,7.52829],[81.40701,7.52631],[81.40604,7.52563],[81.40696,7.52571],[81.40646,7.52389],[81.40883,7.52071],[81.40715,7.52017],[81.4066,7.52081],[81.40706,7.52233],[81.40585,7.52225],[81.40571,7.5238],[81.40397,7.52509],[81.40358,7.52298],[81.4044,7.52247],[81.40448,7.52088],[81.40102,7.52354],[81.39953,7.52286],[81.39767,7.51923],[81.39917,7.51924],[81.40027,7.51797],[81.39836,7.51567],[81.39604,7.51559],[81.39562,7.51344],[81.39367,7.51269],[81.39314,7.51431],[81.39433,7.52277],[81.39556,7.52248],[81.39524,7.52363],[81.39663,7.52271],[81.397,7.52369],[81.39738,7.52293],[81.39783,7.52383],[81.39607,7.52488],[81.39604,7.52587],[81.39843,7.52546],[81.39911,7.5261],[81.398,7.5269],[81.39895,7.52812],[81.39824,7.52953],[81.39878,7.52981],[81.39744,7.53089],[81.39712,7.53289]]]},"properties":{"name":"Borapola Wewa","kind":"reservoir","ha":146}},{"type":"Feature","geometry":{"type":"Polygon","coordinates":[[[80.30779,8.6302],[80.31166,8.63213],[80.31688,8.63657],[80.31792,8.6346],[80.31896,8.6343],[80.31892,8.63257],[80.32025,8.62992],[80.32087,8.62555],[80.32031,8.62448],[80.32076,8.62371],[80.32348,8.62366],[80.32447,8.62256],[80.32171,8.6207],[80.31693,8.62126],[80.31516,8.62246],[80.3134,8.62628],[80.31163,8.62583],[80.31035,8.62637],[80.30976,8.62802],[80.30768,8.62873],[80.30779,8.6302]]]},"properties":{"name":"Muganthankulam","kind":"water","ha":145}},{"type":"Feature","geometry":{"type":"Polygon","coordinates":[[[80.32785,9.24402],[80.32555,9.24176],[80.32534,9.23726],[80.32389,9.2349],[80.3232,9.23058],[80.32436,9.22897],[80.33065,9.22607],[80.33335,9.22866],[80.33339,9.23071],[80.33098,9.23429],[80.33221,9.23696],[80.33207,9.23891],[80.33007,9.2425],[80.32785,9.24402]]]},"properties":{"name":"Palaya Murikandy Kulam","kind":"reservoir","ha":145}},{"type":"Feature","geometry":{"type":"Polygon","coordinates":[[[81.33181,8.52668],[81.33177,8.51582],[81.34275,8.51582],[81.34282,8.52666],[81.33181,8.52668]]]},"properties":{"name":null,"kind":"water","ha":145}},{"type":"Feature","geometry":{"type":"Polygon","coordinates":[[[81.40915,7.37659],[81.40883,7.37831],[81.40984,7.38266],[81.41307,7.3897],[81.41256,7.39216],[81.41163,7.39281],[81.40844,7.39047],[81.4102,7.39461],[81.41174,7.39472],[81.41206,7.39612],[81.41313,7.39648],[81.4119,7.39803],[81.4138,7.40033],[81.41112,7.40414],[81.40823,7.40157],[81.40796,7.40305],[81.40688,7.40362],[81.40862,7.40601],[81.40778,7.40707],[81.40886,7.40908],[81.40829,7.40898],[81.40818,7.41035],[81.40925,7.41159],[81.40773,7.41267],[81.40052,7.40713],[81.40011,7.40751],[81.40038,7.40879],[81.39969,7.40942],[81.4004,7.40926],[81.40294,7.41305],[81.39917,7.41489],[81.39922,7.41677],[81.40207,7.41786],[81.40429,7.41779],[81.40472,7.41862],[81.40533,7.41815],[81.40636,7.41904],[81.40653,7.42064],[81.40296,7.41889],[81.40193,7.41946],[81.40167,7.42015],[81.40351,7.42299],[81.40307,7.42353],[81.40083,7.42316],[81.40172,7.42402],[81.40087,7.42521],[81.40255,7.42592],[81.40318,7.42731],[81.40198,7.42822],[81.3998,7.42692],[81.40029,7.42801],[81.3995,7.42802],[81.39973,7.42955],[81.39824,7.42961],[81.39934,7.43029],[81.39847,7.43078],[81.39912,7.43152],[81.39776,7.43175],[81.39857,7.43287],[81.39633,7.43322],[81.3988,7.43401],[81.39935,7.43348],[81.39858,7.43435],[81.3997,7.43457],[81.39877,7.43533],[81.39981,7.43512],[81.40036,7.43593],[81.39969,7.43671],[81.40054,7.43693],[81.40047,7.43798],[81.40006,7.4386],[81.39905,7.43832],[81.39995,7.44023],[81.39875,7.44339],[81.40915,7.37659]]]},"properties":{"name":"Rambaken Oya Reservoir","kind":"reservoir","ha":145}},{"type":"Feature","geometry":{"type":"Polygon","coordinates":[[[81.02453,8.18904],[81.02499,8.18589],[81.02563,8.18561],[81.02698,8.18732],[81.02823,8.18712],[81.02904,8.18811],[81.02808,8.1907],[81.03022,8.19169],[81.03021,8.19384],[81.02838,8.19642],[81.02338,8.2001],[81.0223,8.19601],[81.01801,8.1959],[81.0173,8.19516],[81.02003,8.19396],[81.02099,8.19321],[81.02076,8.19256],[81.01747,8.19252],[81.01677,8.19119],[81.01938,8.18954],[81.01901,8.18801],[81.01725,8.18819],[81.01716,8.18752],[81.01868,8.18719],[81.01829,8.18547],[81.0211,8.18495],[81.02325,8.18644],[81.02453,8.18904]]]},"properties":{"name":"Ambagaswewa","kind":"water","ha":144}},{"type":"Feature","geometry":{"type":"Polygon","coordinates":[[[81.25488,8.48305],[81.26584,8.4833],[81.26578,8.47244],[81.25481,8.47231],[81.25488,8.48305]]]},"properties":{"name":null,"kind":"water","ha":144}},{"type":"Feature","geometry":{"type":"Polygon","coordinates":[[[79.94055,8.03767],[79.93756,8.04033],[79.93656,8.04322],[79.9369,8.04473],[79.9346,8.04697],[79.9345,8.0491],[79.93337,8.05029],[79.93387,8.0517],[79.93303,8.0576],[79.92942,8.05841],[79.9277,8.06203],[79.92598,8.06267],[79.9256,8.06497],[79.92409,8.06502],[79.92412,8.06584],[79.92133,8.06808],[79.91753,8.06977],[79.91555,8.06947],[79.94055,8.03767]]]},"properties":{"name":"Mee Oya","kind":"water","ha":144}},{"type":"Feature","geometry":{"type":"Polygon","coordinates":[[[79.99082,8.55773],[79.98815,8.56256],[79.98524,8.56493],[79.97774,8.56689],[79.97656,8.5588],[79.98263,8.55412],[79.98522,8.5546],[79.99082,8.55773]]]},"properties":{"name":"Viyadikulama Tank","kind":"reservoir","ha":143}},{"type":"Feature","geometry":{"type":"Polygon","coordinates":[[[80.75834,9.32588],[80.75773,9.32913],[80.75567,9.33066],[80.7513,9.33095],[80.75057,9.33181],[80.75063,9.33107],[80.74663,9.32977],[80.74869,9.33343],[80.74845,9.33445],[80.74661,9.3343],[80.74508,9.3322],[80.74254,9.33605],[80.74274,9.33734],[80.73565,9.34762],[80.73506,9.34731],[80.73538,9.34774],[80.73166,9.35168],[80.73075,9.35164],[80.73078,9.34997],[80.72814,9.34986],[80.72905,9.35161],[80.72728,9.35231],[80.72555,9.35466],[80.72237,9.3501],[80.72488,9.34889],[80.72674,9.34667],[80.72716,9.3479],[80.73201,9.34916],[80.73373,9.34828],[80.73432,9.34683],[80.73499,9.3472],[80.73441,9.34473],[80.74234,9.33195],[80.74698,9.32898],[80.75019,9.32981],[80.75304,9.32886],[80.75359,9.32905],[80.75284,9.32974],[80.75328,9.33018],[80.75543,9.32982],[80.75677,9.32853],[80.75678,9.32562],[80.75834,9.32588]]]},"properties":{"name":null,"kind":"water","ha":143}},{"type":"Feature","geometry":{"type":"Polygon","coordinates":[[[81.25488,8.48317],[81.26591,8.48314],[81.2658,8.47257],[81.25487,8.47258],[81.25488,8.48317]]]},"properties":{"name":null,"kind":"water","ha":142}},{"type":"Feature","geometry":{"type":"Polygon","coordinates":[[[80.99754,8.39322],[80.99798,8.39074],[81.00023,8.3883],[81.00005,8.38624],[80.99842,8.38458],[81.0019,8.38401],[81.00065,8.37889],[81.00072,8.37751],[81.00217,8.37699],[81.0031,8.37759],[81.00447,8.38099],[81.007,8.38127],[81.00769,8.385],[81.01215,8.39146],[80.99754,8.39322]]]},"properties":{"name":null,"kind":"water","ha":142}},{"type":"Feature","geometry":{"type":"Polygon","coordinates":[[[79.94955,6.6412],[79.94788,6.65003],[79.94937,6.65287],[79.95159,6.65438],[79.9543,6.65987],[79.95536,6.66137],[79.95591,6.66075],[79.95544,6.66154],[79.96011,6.66756],[79.95833,6.66634],[79.96224,6.67499],[79.96424,6.67367],[79.96571,6.6698],[79.96336,6.66785],[79.96013,6.66766],[79.96069,6.66708],[79.96452,6.66821],[79.96572,6.66967],[79.96804,6.66734],[79.96722,6.66548],[79.96796,6.66367],[79.96727,6.66551],[79.96805,6.66727],[79.97015,6.6662],[79.9723,6.66649],[79.97243,6.66393],[79.97244,6.66658],[79.97511,6.66775],[79.97061,6.66668],[79.9686,6.66735],[79.96541,6.67104],[79.96448,6.67405],[79.96247,6.67535],[79.96826,6.68369],[79.96243,6.67572],[79.96149,6.6778],[79.95854,6.67968],[79.95584,6.68005],[79.95562,6.68123],[79.9572,6.68301],[79.95551,6.68121],[79.95544,6.67963],[79.95425,6.67918],[79.94864,6.68358],[79.95029,6.6835],[79.95005,6.68284],[79.95122,6.68234],[79.95361,6.68363],[79.95731,6.68411],[79.9573,6.68271],[79.95849,6.6827],[79.9589,6.68442],[79.96391,6.68745],[79.96399,6.68958],[79.96483,6.69049],[79.9683,6.68797],[79.9682,6.68414],[79.96909,6.68175],[79.96773,6.68057],[79.9694,6.67948],[79.96974,6.68253],[79.9691,6.68505],[79.97248,6.68872],[79.97186,6.69156],[79.97059,6.69122],[79.96939,6.69398],[79.94955,6.6412]]]},"properties":{"name":"Bolgoda_Lake","kind":"river","ha":142}},{"type":"Feature","geometry":{"type":"Polygon","coordinates":[[[80.88366,8.83131],[80.8818,8.83179],[80.88271,8.83356],[80.88467,8.83393],[80.88481,8.83553],[80.8818,8.84052],[80.88284,8.8437],[80.88646,8.84486],[80.88867,8.83735],[80.88984,8.83619],[80.89206,8.83056],[80.88886,8.82594],[80.88927,8.82495],[80.88826,8.82387],[80.88672,8.82448],[80.88579,8.82609],[80.88432,8.82512],[80.88285,8.82565],[80.8829,8.82669],[80.88582,8.82756],[80.88511,8.8289],[80.88296,8.82997],[80.88366,8.83131]]]},"properties":{"name":null,"kind":"reservoir","ha":140}},{"type":"Feature","geometry":{"type":"Polygon","coordinates":[[[80.80116,9.18469],[80.7954,9.18293],[80.79266,9.18382],[80.7913,9.18537],[80.79582,9.18883],[80.79641,9.19224],[80.79553,9.19418],[80.79939,9.19574],[80.80428,9.19559],[80.80651,9.19468],[80.80679,9.19361],[80.80302,9.18621],[80.80116,9.18469]]]},"properties":{"name":"Kanukenrnikulam","kind":"reservoir","ha":139}},{"type":"Feature","geometry":{"type":"Polygon","coordinates":[[[80.28384,7.87939],[80.28738,7.88474],[80.28913,7.88494],[80.29013,7.88283],[80.2923,7.88292],[80.29245,7.8808],[80.29429,7.87885],[80.29693,7.87897],[80.30144,7.87658],[80.30115,7.87405],[80.3004,7.87308],[80.29632,7.87313],[80.29427,7.87167],[80.29367,7.87414],[80.2917,7.87466],[80.29084,7.87345],[80.28935,7.87339],[80.28826,7.87441],[80.2885,7.87542],[80.2868,7.87617],[80.28384,7.87939]]]},"properties":{"name":"Mediyawa Wewa","kind":"reservoir","ha":139}},{"type":"Feature","geometry":{"type":"Polygon","coordinates":[[[80.11968,8.38963],[80.12097,8.38888],[80.12992,8.3934],[80.13335,8.39287],[80.1336,8.39184],[80.12959,8.38792],[80.12985,8.38189],[80.12662,8.37761],[80.12715,8.37603],[80.12603,8.37447],[80.12604,8.3759],[80.12532,8.37669],[80.12436,8.37582],[80.12513,8.37736],[80.12313,8.37847],[80.12294,8.37951],[80.1221,8.37811],[80.12064,8.3776],[80.12341,8.38211],[80.12294,8.38599],[80.12054,8.38666],[80.12096,8.38821],[80.11968,8.38963]]]},"properties":{"name":"Maha Wewa","kind":"reservoir","ha":139}},{"type":"Feature","geometry":{"type":"Polygon","coordinates":[[[81.15111,7.95226],[81.14738,7.9536],[81.14534,7.95263],[81.14268,7.95322],[81.14124,7.94946],[81.14478,7.94821],[81.1456,7.94614],[81.14378,7.94495],[81.14058,7.9474],[81.13839,7.94682],[81.1382,7.94079],[81.13641,7.93847],[81.13684,7.93698],[81.13856,7.93677],[81.13948,7.93745],[81.14815,7.94674],[81.15146,7.94697],[81.15249,7.95084],[81.15111,7.95226]]]},"properties":{"name":null,"kind":"water","ha":137}},{"type":"Feature","geometry":{"type":"Polygon","coordinates":[[[81.17313,8.05333],[81.17311,8.04803],[81.17019,8.04491],[81.17135,8.03975],[81.16772,8.03868],[81.16646,8.03696],[81.16357,8.03617],[81.16254,8.04148],[81.16487,8.04317],[81.16465,8.04484],[81.16599,8.04623],[81.1675,8.05108],[81.16738,8.05473],[81.16896,8.05528],[81.17313,8.05333]]]},"properties":{"name":null,"kind":"pond","ha":135}},{"type":"Feature","geometry":{"type":"Polygon","coordinates":[[[81.01503,6.10864],[81.01572,6.11154],[81.021,6.11561],[81.02215,6.11786],[81.02052,6.12592],[81.02117,6.131],[81.01755,6.13611],[81.017,6.14051],[81.01503,6.10864]]]},"properties":{"name":null,"kind":"river","ha":135}},{"type":"Feature","geometry":{"type":"Polygon","coordinates":[[[81.18403,6.18961],[81.18479,6.18934],[81.18526,6.18713],[81.18697,6.18767],[81.18622,6.18513],[81.18473,6.1841],[81.18532,6.18288],[81.19663,6.18392],[81.20351,6.17812],[81.20411,6.17383],[81.2053,6.17411],[81.20508,6.17666],[81.20587,6.17722],[81.21162,6.17456],[81.21454,6.17593],[81.21379,6.17858],[81.18403,6.18961]]]},"properties":{"name":null,"kind":"water","ha":135}},{"type":"Feature","geometry":{"type":"Polygon","coordinates":[[[80.87937,8.49877],[80.88062,8.49933],[80.88137,8.49884],[80.88135,8.49716],[80.88222,8.49727],[80.88421,8.50475],[80.88493,8.50564],[80.88529,8.50499],[80.88446,8.49797],[80.88638,8.49463],[80.88524,8.49291],[80.88568,8.49233],[80.88402,8.4925],[80.88306,8.49075],[80.88097,8.49251],[80.88026,8.48969],[80.88087,8.48927],[80.88154,8.49041],[80.88206,8.48977],[80.88145,8.48856],[80.8836,8.489],[80.88461,8.48796],[80.88554,8.48867],[80.8868,8.48777],[80.88703,8.48636],[80.88476,8.48565],[80.88451,8.48402],[80.88232,8.48335],[80.88171,8.48206],[80.88043,8.48463],[80.87812,8.48327],[80.87642,8.48925],[80.87937,8.49877]]]},"properties":{"name":"Parangiyawadiya Wewa","kind":"lake","ha":135}},{"type":"Feature","geometry":{"type":"Polygon","coordinates":[[[81.65168,7.18922],[81.65414,7.19171],[81.65251,7.19582],[81.65407,7.19927],[81.64847,7.20229],[81.64599,7.2047],[81.64507,7.20348],[81.64655,7.20058],[81.64481,7.19918],[81.64546,7.19881],[81.6449,7.19803],[81.64738,7.19675],[81.64441,7.1926],[81.6416,7.19073],[81.64337,7.18885],[81.64405,7.1896],[81.64553,7.18875],[81.64773,7.19],[81.64759,7.18661],[81.65008,7.18695],[81.65168,7.18922]]]},"properties":{"name":"Damana Wewa","kind":"lake","ha":134}},{"type":"Feature","geometry":{"type":"Polygon","coordinates":[[[81.21116,8.49385],[81.21114,8.48341],[81.22167,8.48347],[81.22173,8.49384],[81.21116,8.49385]]]},"properties":{"name":null,"kind":"water","ha":134}},{"type":"Feature","geometry":{"type":"Polygon","coordinates":[[[81.21778,6.18954],[81.22028,6.18231],[81.21945,6.17899],[81.21815,6.17815],[81.21495,6.17829],[81.21431,6.17528],[81.21207,6.17434],[81.20943,6.17458],[81.20816,6.17618],[81.20601,6.17682],[81.20526,6.17629],[81.2057,6.17446],[81.2046,6.17354],[81.20334,6.17458],[81.20355,6.17756],[81.20027,6.1779],[81.1998,6.17621],[81.20106,6.17234],[81.19969,6.17058],[81.19877,6.16692],[81.19677,6.16452],[81.19072,6.16241],[81.18848,6.16265],[81.1883,6.16006],[81.18874,6.15973],[81.21778,6.18954]]]},"properties":{"name":null,"kind":"water","ha":134}},{"type":"Feature","geometry":{"type":"Polygon","coordinates":[[[81.15842,6.1588],[81.1605,6.15722],[81.16386,6.1499],[81.16362,6.14832],[81.16188,6.14679],[81.15371,6.14617],[81.14718,6.14417],[81.15842,6.1588]]]},"properties":{"name":"Koholankala Lewaya","kind":"salt_pond","ha":133}},{"type":"Feature","geometry":{"type":"Polygon","coordinates":[[[81.14492,8.05015],[81.14712,8.04572],[81.14713,8.0437],[81.14465,8.03929],[81.14434,8.03545],[81.14247,8.03334],[81.13952,8.02483],[81.14073,8.02227],[81.14732,8.0207],[81.14846,8.01815],[81.1464,8.01441],[81.14161,8.0104],[81.13763,8.00478],[81.13389,8.00495],[81.13226,8.00316],[81.13685,7.99444],[81.13637,7.99029],[81.13464,7.98837],[81.1336,7.9885],[81.13268,7.98754],[81.13385,7.98292],[81.13373,7.98017],[81.13278,7.97915],[81.14492,8.05015]]]},"properties":{"name":null,"kind":"river","ha":133}},{"type":"Feature","geometry":{"type":"Polygon","coordinates":[[[79.7203,8.19191],[79.72336,8.19116],[79.72484,8.18979],[79.72419,8.18621],[79.72497,8.18561],[79.72844,8.18462],[79.72963,8.18536],[79.73011,8.18693],[79.72878,8.1892],[79.72889,8.19269],[79.7265,8.2015],[79.72418,8.20239],[79.72157,8.20167],[79.71996,8.19885],[79.72091,8.19692],[79.71986,8.19276],[79.7203,8.19191]]]},"properties":{"name":"Nachchiyamma genge","kind":"lake","ha":132}},{"type":"Feature","geometry":{"type":"Polygon","coordinates":[[[81.22227,8.48294],[81.22211,8.47267],[81.23265,8.4726],[81.2326,8.48306],[81.22227,8.48294]]]},"properties":{"name":null,"kind":"water","ha":132}},{"type":"Feature","geometry":{"type":"Polygon","coordinates":[[[80.89003,9.04623],[80.89108,9.0465],[80.89244,9.0494],[80.89559,9.05039],[80.90147,9.04813],[80.91921,9.0281],[80.9224,9.02507],[80.92579,9.02321],[80.92859,9.01945],[80.93237,9.01186],[80.94401,8.99809],[80.94477,8.99875],[80.94588,8.99556],[80.95093,8.98816],[80.95743,8.9892],[80.95713,8.98866],[80.95806,8.98866],[80.96206,8.99169],[80.96247,8.98968],[80.96347,8.989],[80.96399,8.98987],[80.9651,8.98785],[80.89003,9.04623]]]},"properties":{"name":"Kokilai Lagoon","kind":"lagoon","ha":132}},{"type":"Feature","geometry":{"type":"Polygon","coordinates":[[[81.72429,7.09538],[81.72635,7.09623],[81.72646,7.09493],[81.72794,7.09436],[81.72961,7.09042],[81.72927,7.08586],[81.7277,7.08631],[81.72603,7.08428],[81.72519,7.08015],[81.72322,7.07781],[81.72184,7.07315],[81.71848,7.07198],[81.71712,7.07362],[81.71732,7.07453],[81.71931,7.07479],[81.71978,7.07962],[81.72174,7.08022],[81.72249,7.08235],[81.7224,7.08518],[81.72129,7.08665],[81.72519,7.08954],[81.72489,7.09129],[81.7223,7.09176],[81.72264,7.09416],[81.72429,7.09538]]]},"properties":{"name":null,"kind":"reservoir","ha":131}},{"type":"Feature","geometry":{"type":"Polygon","coordinates":[[[81.21125,8.48294],[81.21114,8.47271],[81.22158,8.47267],[81.2217,8.48299],[81.21125,8.48294]]]},"properties":{"name":null,"kind":"water","ha":131}},{"type":"Feature","geometry":{"type":"Polygon","coordinates":[[[81.22223,8.49387],[81.2222,8.48351],[81.23258,8.4835],[81.23253,8.49375],[81.22223,8.49387]]]},"properties":{"name":null,"kind":"water","ha":130}},{"type":"Feature","geometry":{"type":"Polygon","coordinates":[[[81.01669,6.13731],[81.02079,6.13107],[81.0201,6.12544],[81.02153,6.11796],[81.01974,6.11519],[81.01512,6.11198],[81.01412,6.10823],[81.01669,6.13731]]]},"properties":{"name":null,"kind":"river","ha":130}},{"type":"Feature","geometry":{"type":"Polygon","coordinates":[[[79.84791,7.55402],[79.84682,7.55531],[79.84512,7.56818],[79.85005,7.57236],[79.85277,7.57366],[79.8523,7.57566],[79.85081,7.57559],[79.85192,7.57729],[79.85146,7.57813],[79.84737,7.5788],[79.84751,7.57938],[79.85222,7.57796],[79.85392,7.57446],[79.8567,7.57427],[79.85759,7.577],[79.85843,7.57672],[79.85741,7.57262],[79.85619,7.57405],[79.85358,7.57309],[79.85504,7.57035],[79.85837,7.56843],[79.85843,7.56658],[79.86059,7.56312],[79.85891,7.56377],[79.85828,7.56555],[79.85402,7.56918],[79.85184,7.56832],[79.84971,7.56529],[79.84935,7.56286],[79.85257,7.5591],[79.8525,7.55726],[79.85461,7.55515],[79.85075,7.55845],[79.84756,7.55976],[79.84849,7.55566],[79.84791,7.55402]]]},"properties":{"name":"Karavita Tank","kind":"reservoir","ha":129}},{"type":"Feature","geometry":{"type":"Polygon","coordinates":[[[79.99333,8.12313],[79.99493,8.12822],[79.99806,8.12971],[79.99838,8.13154],[80.00022,8.13108],[80.00338,8.13367],[80.0043,8.13159],[79.999,8.12493],[80.00288,8.1222],[80.00818,8.12176],[80.00812,8.12097],[80.00953,8.12131],[80.00946,8.12072],[80.00846,8.11911],[80.0068,8.11877],[80.0061,8.11775],[80.00452,8.11781],[80.00307,8.11628],[80.0022,8.11753],[80.00232,8.11903],[80.00039,8.11971],[79.99794,8.1187],[79.99636,8.12095],[79.99503,8.11992],[79.99466,8.12186],[79.99333,8.12313]]]},"properties":{"name":"Pahariya","kind":"reservoir","ha":127}},{"type":"Feature","geometry":{"type":"Polygon","coordinates":[[[81.84085,7.1893],[81.83693,7.1888],[81.83146,7.19032],[81.8252,7.19052],[81.82575,7.19347],[81.82495,7.19448],[81.82289,7.19475],[81.82288,7.19579],[81.82726,7.19586],[81.82825,7.19668],[81.82524,7.19775],[81.8247,7.19871],[81.82445,7.20071],[81.82546,7.20282],[81.84085,7.1893]]]},"properties":{"name":null,"kind":"water","ha":127}},{"type":"Feature","geometry":{"type":"Polygon","coordinates":[[[81.46121,7.23786],[81.46184,7.23722],[81.46066,7.23655],[81.46095,7.23451],[81.46269,7.23214],[81.46271,7.23019],[81.46513,7.23025],[81.46832,7.23281],[81.47016,7.22863],[81.46961,7.22647],[81.47103,7.22719],[81.47114,7.22851],[81.47139,7.22652],[81.47296,7.22759],[81.4728,7.22691],[81.47403,7.22717],[81.47165,7.2258],[81.47149,7.22517],[81.47234,7.22521],[81.47197,7.22363],[81.47116,7.22326],[81.47253,7.22277],[81.47072,7.22244],[81.47203,7.2217],[81.47028,7.22066],[81.47171,7.22008],[81.4697,7.21762],[81.47105,7.21676],[81.47034,7.21624],[81.47093,7.21468],[81.46964,7.21414],[81.47039,7.21366],[81.4699,7.21285],[81.47131,7.20849],[81.47452,7.20643],[81.48123,7.20898],[81.48193,7.2095],[81.46121,7.23786]]]},"properties":{"name":"Senanayake Samudraya","kind":"reservoir","ha":127}},{"type":"Feature","geometry":{"type":"Polygon","coordinates":[[[80.60154,7.68182],[80.60529,7.67983],[80.60573,7.68077],[80.61049,7.68097],[80.61043,7.68206],[80.60842,7.68277],[80.60306,7.68862],[80.60457,7.68772],[80.60697,7.68894],[80.60786,7.68608],[80.60976,7.68473],[80.60893,7.68964],[80.61078,7.69209],[80.61039,7.68923],[80.61294,7.69107],[80.61108,7.688],[80.613,7.68393],[80.61226,7.68206],[80.61408,7.68164],[80.6135,7.67906],[80.61398,7.67868],[80.61502,7.6797],[80.61814,7.67764],[80.61951,7.67849],[80.62067,7.68148],[80.62079,7.6786],[80.62242,7.67853],[80.62118,7.67628],[80.62126,7.67178],[80.6238,7.67037],[80.60154,7.68182]]]},"properties":{"name":"Nalanda Reservoir","kind":"reservoir","ha":127}},{"type":"Feature","geometry":{"type":"Polygon","coordinates":[[[79.96939,6.69398],[79.97199,6.69828],[79.97242,6.69465],[79.97574,6.69134],[79.9768,6.68792],[79.98111,6.68606],[79.9819,6.68273],[79.98462,6.68198],[79.98768,6.68517],[79.98997,6.68418],[79.99275,6.68648],[79.99323,6.68842],[79.99699,6.69058],[79.9979,6.69344],[79.99968,6.69426],[80.00089,6.69615],[80.00457,6.69614],[80.0025,6.69678],[80.00076,6.69637],[79.99947,6.69435],[79.99714,6.69364],[79.99674,6.69091],[79.99534,6.69001],[79.99413,6.69019],[79.99491,6.69155],[79.99383,6.69133],[79.9886,6.68555],[79.99383,6.69044],[79.99417,6.68964],[79.99283,6.68827],[79.9926,6.68676],[79.99012,6.68455],[79.988,6.68557],[79.98451,6.68234],[79.98209,6.68287],[79.98121,6.68617],[79.97673,6.68824],[79.97578,6.6915],[79.97244,6.69496],[79.97206,6.70265],[79.96796,6.70561],[79.96822,6.70736],[79.97274,6.71311],[79.97319,6.71595],[79.97051,6.71854],[79.96822,6.72293],[79.96652,6.72383],[79.96567,6.72776],[79.96939,6.69398]]]},"properties":{"name":"Bolgoda_Lake","kind":"river","ha":127}},{"type":"Feature","geometry":{"type":"Polygon","coordinates":[[[81.78092,7.0837],[81.78064,7.09306],[81.77984,7.08835],[81.77766,7.09327],[81.77763,7.08893],[81.77317,7.08881],[81.77287,7.08773],[81.77398,7.08598],[81.77168,7.08615],[81.77096,7.08551],[81.77094,7.08316],[81.76691,7.08273],[81.7665,7.07978],[81.76799,7.0802],[81.7704,7.07955],[81.76897,7.07686],[81.7725,7.07757],[81.775,7.07899],[81.77658,7.08256],[81.77643,7.08015],[81.78092,7.0837]]]},"properties":{"name":"Rufus Tank","kind":"reservoir","ha":126}},{"type":"Feature","geometry":{"type":"Polygon","coordinates":[[[81.50858,7.42657],[81.50969,7.43018],[81.51115,7.42992],[81.51167,7.42887],[81.5128,7.43014],[81.51591,7.43018],[81.52011,7.43314],[81.52022,7.43479],[81.52226,7.43486],[81.52284,7.43404],[81.52271,7.43569],[81.52413,7.43491],[81.52272,7.43898],[81.52135,7.4401],[81.52219,7.44199],[81.5241,7.44073],[81.52444,7.44192],[81.52634,7.44112],[81.52571,7.43814],[81.52713,7.4382],[81.5276,7.43721],[81.5289,7.43709],[81.52883,7.43605],[81.53677,7.4344],[81.50858,7.42657]]]},"properties":{"name":"Kalugaloya Reservoir","kind":"reservoir","ha":126}},{"type":"Feature","geometry":{"type":"Polygon","coordinates":[[[81.02274,6.10581],[81.02476,6.10789],[81.02724,6.10777],[81.033,6.10962],[81.03503,6.11146],[81.03849,6.11053],[81.04263,6.11283],[81.04442,6.11543],[81.04647,6.11451],[81.04812,6.10971],[81.05021,6.10756],[81.02274,6.10581]]]},"properties":{"name":null,"kind":"river","ha":125}},{"type":"Feature","geometry":{"type":"Polygon","coordinates":[[[81.7497,6.58688],[81.74792,6.59078],[81.7468,6.59077],[81.74492,6.59369],[81.74366,6.59367],[81.74482,6.59687],[81.74134,6.59636],[81.73791,6.60063],[81.73365,6.59995],[81.7324,6.59563],[81.7339,6.59172],[81.73689,6.59039],[81.73865,6.59064],[81.73911,6.5889],[81.74025,6.59004],[81.74191,6.5893],[81.74568,6.59041],[81.7497,6.58688]]]},"properties":{"name":"Bagura Lagoon","kind":"lagoon","ha":125}},{"type":"Feature","geometry":{"type":"Polygon","coordinates":[[[81.7462,7.09458],[81.74777,7.09365],[81.74942,7.09036],[81.74837,7.09112],[81.74629,7.09031],[81.74549,7.08733],[81.74695,7.08539],[81.74768,7.08043],[81.74251,7.07104],[81.74193,7.07289],[81.74309,7.07466],[81.74304,7.08051],[81.74429,7.08245],[81.74455,7.08618],[81.73944,7.08548],[81.7383,7.08388],[81.73506,7.08313],[81.73654,7.08603],[81.73855,7.08706],[81.7403,7.09127],[81.7462,7.09458]]]},"properties":{"name":"Veppaiyadi Kulam","kind":"reservoir","ha":124}},{"type":"Feature","geometry":{"type":"Polygon","coordinates":[[[81.43349,7.2169],[81.43422,7.21679],[81.43453,7.21789],[81.43494,7.2172],[81.43502,7.21965],[81.43592,7.21747],[81.43485,7.21581],[81.43553,7.21536],[81.43547,7.21364],[81.43632,7.21186],[81.43743,7.21165],[81.4365,7.21147],[81.43683,7.21048],[81.43869,7.21012],[81.43773,7.20929],[81.43843,7.20883],[81.43738,7.20845],[81.43882,7.20642],[81.43804,7.20519],[81.43971,7.20269],[81.43823,7.20286],[81.43933,7.19954],[81.4418,7.20047],[81.44072,7.2022],[81.44168,7.20253],[81.44137,7.20313],[81.44295,7.20242],[81.4419,7.20385],[81.44286,7.20536],[81.44263,7.20751],[81.44166,7.20948],[81.44052,7.20884],[81.44125,7.21004],[81.44031,7.21289],[81.44139,7.21195],[81.44247,7.21335],[81.44143,7.21098],[81.44351,7.21041],[81.44485,7.20761],[81.44418,7.20719],[81.44552,7.20695],[81.44503,7.2051],[81.44633,7.20374],[81.44607,7.20568],[81.44676,7.20469],[81.44738,7.20491],[81.44586,7.20752],[81.44726,7.20779],[81.44434,7.21146],[81.44582,7.2121],[81.44652,7.21036],[81.44779,7.21004],[81.44838,7.21129],[81.44663,7.21262],[81.44671,7.21341],[81.44789,7.21345],[81.44811,7.21427],[81.44868,7.21293],[81.44889,7.2148],[81.45042,7.21184],[81.45106,7.213],[81.45201,7.2122],[81.45248,7.2129],[81.43349,7.2169]]]},"properties":{"name":"Senanayake Samudraya","kind":"reservoir","ha":124}},{"type":"Feature","geometry":{"type":"Polygon","coordinates":[[[80.11112,9.0033],[80.11146,9.00177],[80.11078,9.00092],[80.10968,8.9905],[80.11455,8.99075],[80.11867,8.99262],[80.12314,8.99974],[80.11953,9.00058],[80.11644,9.00008],[80.11318,9.00126],[80.11112,9.0033]]]},"properties":{"name":"Welimaruthamadu","kind":"water","ha":123}},{"type":"Feature","geometry":{"type":"Polygon","coordinates":[[[80.50223,8.75793],[80.5015,8.75675],[80.50258,8.75409],[80.5056,8.75499],[80.50725,8.75163],[80.50835,8.75134],[80.50996,8.75492],[80.51313,8.75387],[80.51582,8.75655],[80.51232,8.76103],[80.50995,8.76767],[80.50977,8.7647],[80.50223,8.75793]]]},"properties":{"name":"Vavuniya Kulam","kind":"reservoir","ha":123}},{"type":"Feature","geometry":{"type":"Polygon","coordinates":[[[80.74903,7.24831],[80.74916,7.24504],[80.74761,7.24498],[80.74909,7.24114],[80.74651,7.24327],[80.7454,7.24186],[80.74593,7.24053],[80.74493,7.24046],[80.74403,7.23884],[80.74444,7.23782],[80.74362,7.23785],[80.74288,7.23646],[80.74333,7.23441],[80.74057,7.23578],[80.74164,7.2366],[80.74084,7.23823],[80.73498,7.23907],[80.7359,7.2392],[80.73697,7.24087],[80.73229,7.24329],[80.73153,7.24235],[80.73186,7.24131],[80.72985,7.24128],[80.72893,7.23788],[80.72433,7.24162],[80.72848,7.2394],[80.72983,7.24261],[80.72669,7.24552],[80.73028,7.2446],[80.73198,7.24577],[80.73383,7.24571],[80.73455,7.24495],[80.73406,7.24359],[80.73758,7.24335],[80.73907,7.24249],[80.74384,7.24416],[80.74517,7.24854],[80.74903,7.24831]]]},"properties":{"name":"Victoaria Resevoir","kind":"reservoir","ha":123}},{"type":"Feature","geometry":{"type":"Polygon","coordinates":[[[80.78248,8.9827],[80.78281,8.98153],[80.78137,8.98104],[80.78338,8.97994],[80.78876,8.9829],[80.79112,8.99007],[80.78887,8.99925],[80.78588,8.99605],[80.78594,8.99238],[80.78259,8.98948],[80.78249,8.98878],[80.78484,8.9871],[80.78412,8.98596],[80.78165,8.98599],[80.78098,8.98394],[80.78248,8.9827]]]},"properties":{"name":"Naavalan Kulam","kind":"reservoir","ha":122}},{"type":"Feature","geometry":{"type":"Polygon","coordinates":[[[81.49287,7.17264],[81.49045,7.17523],[81.48962,7.17766],[81.48891,7.17681],[81.49025,7.17541],[81.49168,7.16904],[81.4894,7.1696],[81.48851,7.17201],[81.48666,7.17364],[81.48588,7.17331],[81.48614,7.17235],[81.48788,7.17169],[81.48759,7.17002],[81.48975,7.16733],[81.48938,7.166],[81.49056,7.16615],[81.49041,7.16231],[81.48852,7.16244],[81.48857,7.16411],[81.48725,7.16337],[81.4879,7.16439],[81.48647,7.1649],[81.48384,7.16792],[81.48415,7.16715],[81.48301,7.16726],[81.48207,7.16605],[81.48105,7.16768],[81.4802,7.167],[81.47986,7.16563],[81.48125,7.16353],[81.4807,7.16297],[81.48225,7.15916],[81.47983,7.16185],[81.47897,7.161],[81.47766,7.16207],[81.47817,7.1605],[81.47634,7.16201],[81.47663,7.15896],[81.47599,7.15846],[81.47668,7.15802],[81.47582,7.15684],[81.47709,7.15619],[81.47552,7.15539],[81.4764,7.15446],[81.47513,7.1537],[81.47379,7.1567],[81.47354,7.15583],[81.47282,7.15637],[81.47129,7.15505],[81.47172,7.15385],[81.47092,7.15315],[81.47229,7.15332],[81.47269,7.15237],[81.47176,7.15147],[81.47247,7.15072],[81.47559,7.15032],[81.4736,7.14922],[81.47372,7.14821],[81.47052,7.14886],[81.47045,7.1477],[81.4715,7.14743],[81.47037,7.14672],[81.47111,7.14599],[81.47183,7.14665],[81.47218,7.14573],[81.49287,7.17264]]]},"properties":{"name":"Senanayake Samudraya","kind":"reservoir","ha":122}},{"type":"Feature","geometry":{"type":"Polygon","coordinates":[[[80.93325,6.33538],[80.93143,6.33487],[80.93045,6.33696],[80.93032,6.33792],[80.93157,6.33889],[80.9301,6.34393],[80.93147,6.34587],[80.92925,6.34541],[80.9288,6.34246],[80.93009,6.34102],[80.93054,6.33937],[80.92948,6.33783],[80.92987,6.33555],[80.93102,6.33432],[80.93007,6.33299],[80.9293,6.33349],[80.92927,6.33483],[80.92794,6.33393],[80.92611,6.33427],[80.92648,6.33358],[80.92858,6.33268],[80.92952,6.33058],[80.93077,6.33058],[80.93202,6.32908],[80.93502,6.32958],[80.93622,6.32872],[80.93752,6.32933],[80.93952,6.32658],[80.94252,6.32833],[80.94402,6.32808],[80.94377,6.32983],[80.94152,6.33033],[80.94052,6.33158],[80.94427,6.33283],[80.94477,6.33408],[80.94227,6.33458],[80.94152,6.33583],[80.94002,6.33508],[80.93877,6.33608],[80.93727,6.33333],[80.93602,6.3353],[80.93325,6.33538]]]},"properties":{"name":"Urusita Wewa","kind":"water","ha":121}},{"type":"Feature","geometry":{"type":"Polygon","coordinates":[[[81.4531,7.13],[81.45297,7.12845],[81.45041,7.1279],[81.45017,7.12622],[81.44956,7.12702],[81.44992,7.12848],[81.44883,7.12904],[81.44859,7.12796],[81.44707,7.12735],[81.44633,7.12427],[81.44497,7.12601],[81.44343,7.12514],[81.44363,7.12415],[81.44245,7.12363],[81.44272,7.12265],[81.44181,7.12111],[81.43978,7.12129],[81.4396,7.1199],[81.4392,7.12053],[81.43972,7.11694],[81.43829,7.11808],[81.43642,7.118],[81.43701,7.11509],[81.43491,7.116],[81.43209,7.10995],[81.43082,7.1097],[81.43051,7.11179],[81.42882,7.11066],[81.42759,7.11117],[81.42562,7.11032],[81.42402,7.10455],[81.42331,7.10383],[81.42259,7.1047],[81.42152,7.10342],[81.42192,7.10283],[81.41987,7.10175],[81.42254,7.10542],[81.42229,7.10636],[81.42357,7.10868],[81.41896,7.10841],[81.41823,7.10947],[81.4531,7.13]]]},"properties":{"name":"Senanayake Samudraya","kind":"reservoir","ha":121}},{"type":"Feature","geometry":{"type":"Polygon","coordinates":[[[81.00613,8.90462],[81.00246,8.90427],[81.0014,8.90299],[81.00111,8.9017],[81.00254,8.89845],[81.00043,8.9004],[81.00003,8.90211],[81.00065,8.90374],[81.00189,8.905],[81.00514,8.90549],[81.00866,8.90758],[81.01307,8.90881],[81.01552,8.91225],[81.01529,8.91357],[81.01586,8.91302],[81.01472,8.91679],[81.01587,8.91818],[81.01649,8.91783],[81.01609,8.91718],[81.01866,8.91123],[81.01744,8.90853],[81.01754,8.90443],[81.01883,8.9002],[81.01623,8.89857],[81.01462,8.8992],[81.01198,8.89846],[81.00988,8.89615],[81.00709,8.89509],[81.0112,8.89937],[81.01426,8.90003],[81.01274,8.90191],[81.01389,8.90597],[81.01259,8.90696],[81.00613,8.90462]]]},"properties":{"name":null,"kind":"water","ha":120}},{"type":"Feature","geometry":{"type":"Polygon","coordinates":[[[79.94206,8.07278],[79.93667,8.07661],[79.93353,8.07707],[79.93217,8.07808],[79.92807,8.07821],[79.92806,8.07993],[79.92522,8.08203],[79.92407,8.08171],[79.92282,8.08329],[79.92058,8.08321],[79.92058,8.08174],[79.9196,8.08101],[79.91804,8.08274],[79.91712,8.08125],[79.91653,8.08394],[79.91502,8.0834],[79.91443,8.08463],[79.91369,8.08402],[79.91004,8.08721],[79.90831,8.08701],[79.90701,8.08549],[79.90327,8.08542],[79.90303,8.08458],[79.94206,8.07278]]]},"properties":{"name":"Mee Oya","kind":"water","ha":120}},{"type":"Feature","geometry":{"type":"Polygon","coordinates":[[[80.72785,7.26204],[80.72988,7.26285],[80.73109,7.26723],[80.73245,7.26916],[80.7336,7.26361],[80.73568,7.26302],[80.73448,7.26209],[80.73547,7.26211],[80.73599,7.26093],[80.73672,7.26194],[80.73974,7.26076],[80.73818,7.25931],[80.73726,7.2595],[80.73695,7.25849],[80.73882,7.2591],[80.74214,7.25725],[80.74219,7.25412],[80.74409,7.25497],[80.74497,7.25421],[80.74432,7.25607],[80.74516,7.25677],[80.74454,7.25744],[80.74656,7.2607],[80.74669,7.25886],[80.74752,7.25968],[80.74839,7.25846],[80.74902,7.25876],[80.75036,7.25523],[80.75194,7.25466],[80.75382,7.25641],[80.75141,7.25705],[80.7527,7.25818],[80.75254,7.26064],[80.74683,7.27473],[80.74758,7.27492],[80.74917,7.27334],[80.74938,7.27509],[80.75051,7.27537],[80.74671,7.2818],[80.74749,7.28247],[80.74843,7.28208],[80.7514,7.27849],[80.75764,7.27338],[80.72785,7.26204]]]},"properties":{"name":"Victoaria Resevoir","kind":"reservoir","ha":119}},{"type":"Feature","geometry":{"type":"Polygon","coordinates":[[[80.75764,7.27338],[80.76221,7.26903],[80.76435,7.26549],[80.77008,7.26087],[80.77126,7.26172],[80.7714,7.25951],[80.77625,7.25514],[80.77657,7.25611],[80.77839,7.25544],[80.78009,7.25379],[80.78142,7.25416],[80.78166,7.25297],[80.78337,7.25287],[80.78424,7.25377],[80.78477,7.2556],[80.75764,7.27338]]]},"properties":{"name":"Victoaria Resevoir","kind":"reservoir","ha":116}},{"type":"Feature","geometry":{"type":"Polygon","coordinates":[[[81.03714,8.4357],[81.0355,8.43221],[81.03203,8.43537],[81.02983,8.43357],[81.02724,8.4293],[81.02798,8.43374],[81.02587,8.43051],[81.02439,8.43346],[81.02648,8.43379],[81.02692,8.43513],[81.0245,8.43578],[81.02287,8.43824],[81.02534,8.43793],[81.02645,8.44032],[81.02625,8.44213],[81.02962,8.44584],[81.03084,8.44616],[81.0309,8.44784],[81.03229,8.4496],[81.0329,8.44789],[81.03101,8.44169],[81.03109,8.43883],[81.0322,8.43893],[81.03421,8.44199],[81.03333,8.43892],[81.03362,8.43695],[81.03498,8.4359],[81.03714,8.4357]]]},"properties":{"name":"Paravi Panjan","kind":"pond","ha":116}},{"type":"Feature","geometry":{"type":"Polygon","coordinates":[[[79.95145,7.93448],[79.95257,7.93614],[79.95299,7.93453],[79.95047,7.93253],[79.95109,7.93172],[79.95055,7.93071],[79.94921,7.93066],[79.94787,7.92871],[79.947,7.9238],[79.94324,7.91938],[79.94106,7.92005],[79.94074,7.92308],[79.94243,7.93286],[79.94482,7.93458],[79.95145,7.93448]]]},"properties":{"name":null,"kind":"water","ha":115}},{"type":"Feature","geometry":{"type":"Polygon","coordinates":[[[81.52643,7.93346],[81.53101,7.9314],[81.5372,7.93225],[81.54057,7.93365],[81.54365,7.93627],[81.54486,7.93627],[81.54942,7.94206],[81.55083,7.94177],[81.55408,7.94287],[81.55212,7.93369],[81.54935,7.93225],[81.54745,7.93256],[81.54567,7.93159],[81.54144,7.92749],[81.52972,7.92768],[81.52775,7.92681],[81.52384,7.92745],[81.5217,7.92673],[81.51698,7.923],[81.51558,7.92083],[81.51771,7.91875],[81.51584,7.92],[81.51946,7.91014],[81.52643,7.93346]]]},"properties":{"name":"Valaichchanei Lagoon","kind":"water","ha":115}},{"type":"Feature","geometry":{"type":"Polygon","coordinates":[[[80.83738,6.5139],[80.83771,6.51457],[80.83635,6.51512],[80.83548,6.51789],[80.83737,6.51682],[80.83778,6.52007],[80.8391,6.51954],[80.84017,6.52091],[80.83813,6.52352],[80.84083,6.52344],[80.84043,6.52279],[80.84109,6.52198],[80.84311,6.52206],[80.84259,6.52299],[80.8436,6.52291],[80.84377,6.52394],[80.84216,6.52447],[80.84325,6.52543],[80.84199,6.52636],[80.84316,6.52959],[80.84379,6.5265],[80.84431,6.52691],[80.84451,6.52633],[80.84711,6.52822],[80.84728,6.52915],[80.84848,6.52939],[80.84466,6.52516],[80.84524,6.52483],[80.85102,6.52835],[80.85266,6.52776],[80.85361,6.52832],[80.85335,6.52776],[80.85424,6.52744],[80.85521,6.52825],[80.85521,6.52656],[80.8541,6.52693],[80.85407,6.52566],[80.85363,6.52654],[80.85194,6.52681],[80.85196,6.52595],[80.85089,6.52737],[80.85075,6.5257],[80.8489,6.52593],[80.84698,6.52362],[80.85102,6.52135],[80.85082,6.52002],[80.84931,6.52108],[80.84788,6.521],[80.84815,6.5186],[80.84708,6.52037],[80.84531,6.52049],[80.84463,6.51946],[80.84522,6.51816],[80.84386,6.51836],[80.84305,6.515],[80.83738,6.5139]]]},"properties":{"name":"Udawalawe Reservoir","kind":"reservoir","ha":115}},{"type":"Feature","geometry":{"type":"Polygon","coordinates":[[[79.81379,7.45583],[79.81196,7.45094],[79.81276,7.44773],[79.80966,7.44635],[79.81235,7.43626],[79.81429,7.43327],[79.81338,7.43214],[79.81271,7.4324],[79.81321,7.43355],[79.81106,7.43213],[79.81508,7.42976],[79.81635,7.43122],[79.81695,7.43465],[79.8131,7.44731],[79.81461,7.44896],[79.81512,7.45124],[79.81532,7.45369],[79.81372,7.45434],[79.81411,7.45654],[79.81616,7.45878],[79.81576,7.46063],[79.81647,7.46155],[79.81625,7.46376],[79.81706,7.46412],[79.81663,7.46498],[79.8185,7.46671],[79.81489,7.46484],[79.81555,7.464],[79.81449,7.46271],[79.81519,7.45936],[79.81379,7.45583]]]},"properties":{"name":null,"kind":"lake","ha":115}},{"type":"Feature","geometry":{"type":"Polygon","coordinates":[[[80.27894,6.72863],[80.28013,6.72954],[80.28185,6.72945],[80.29284,6.725],[80.29446,6.72545],[80.28203,6.72995],[80.27995,6.73013],[80.27895,6.72938],[80.2726,6.73532],[80.27156,6.73512],[80.27058,6.73261],[80.2688,6.73132],[80.26501,6.73329],[80.25865,6.73256],[80.25771,6.73565],[80.25654,6.736],[80.2549,6.73484],[80.25588,6.73111],[80.25454,6.72995],[80.25378,6.73223],[80.25266,6.73293],[80.24698,6.73187],[80.24506,6.7343],[80.2427,6.73397],[80.23907,6.73519],[80.23259,6.73276],[80.22656,6.7291],[80.22245,6.73232],[80.21003,6.73021],[80.19943,6.73155],[80.19866,6.73061],[80.19907,6.72772],[80.19831,6.72548],[80.19288,6.72631],[80.18148,6.72352],[80.17834,6.72521],[80.17216,6.72371],[80.1637,6.72311],[80.14516,6.72427],[80.14436,6.72349],[80.14537,6.72146],[80.14404,6.72135],[80.14337,6.71954],[80.14439,6.72074],[80.14603,6.72105],[80.14547,6.72363],[80.15144,6.72386],[80.16394,6.72253],[80.17183,6.723],[80.17846,6.72473],[80.18107,6.72285],[80.19192,6.72572],[80.1985,6.72515],[80.19938,6.72618],[80.19917,6.7303],[80.19993,6.73106],[80.211,6.72969],[80.22221,6.73189],[80.22371,6.73124],[80.22476,6.72947],[80.22679,6.72875],[80.22835,6.73013],[80.2391,6.73473],[80.24323,6.73339],[80.24466,6.73394],[80.24683,6.73144],[80.25275,6.73239],[80.25472,6.72945],[80.25617,6.73066],[80.25534,6.73452],[80.25646,6.73554],[80.25733,6.73538],[80.2587,6.73193],[80.26486,6.73276],[80.26871,6.73091],[80.27111,6.73241],[80.27238,6.73474],[80.27894,6.72863]]]},"properties":{"name":null,"kind":"river","ha":113}},{"type":"Feature","geometry":{"type":"Polygon","coordinates":[[[80.57628,9.10205],[80.56435,9.10225],[80.56573,9.10519],[80.56543,9.10619],[80.56264,9.10595],[80.56195,9.10695],[80.56049,9.10648],[80.55895,9.10818],[80.55933,9.10883],[80.56176,9.10903],[80.56326,9.11104],[80.56453,9.10924],[80.56543,9.10922],[80.56757,9.11333],[80.57015,9.11411],[80.57064,9.11309],[80.56998,9.11197],[80.56789,9.11089],[80.5688,9.10994],[80.57008,9.10994],[80.57107,9.10771],[80.5688,9.10525],[80.57212,9.10614],[80.57315,9.10716],[80.57457,9.10697],[80.57628,9.10205]]]},"properties":{"name":null,"kind":"water","ha":113}},{"type":"Feature","geometry":{"type":"Polygon","coordinates":[[[80.54183,7.99235],[80.53904,7.99179],[80.53126,7.98086],[80.53093,7.97677],[80.53168,7.97566],[80.53348,7.97519],[80.53321,7.97241],[80.53501,7.97098],[80.53513,7.96978],[80.53475,7.96873],[80.53213,7.96763],[80.53214,7.96678],[80.53339,7.96647],[80.54183,7.99235]]]},"properties":{"name":"Balalu Wewa","kind":"reservoir","ha":113}},{"type":"Feature","geometry":{"type":"Polygon","coordinates":[[[81.16098,8.07468],[81.16117,8.07336],[81.16501,8.07039],[81.16507,8.07243],[81.1682,8.07701],[81.16975,8.07731],[81.171,8.07595],[81.17258,8.07789],[81.17404,8.0769],[81.17506,8.07726],[81.17549,8.07924],[81.17865,8.08071],[81.18159,8.08506],[81.18457,8.08665],[81.18818,8.09123],[81.19002,8.09131],[81.19085,8.08979],[81.19397,8.089],[81.19717,8.09507],[81.16098,8.07468]]]},"properties":{"name":null,"kind":"river","ha":113}},{"type":"Feature","geometry":{"type":"Polygon","coordinates":[[[80.30322,8.88634],[80.30159,8.88642],[80.30111,8.88478],[80.30314,8.88437],[80.30818,8.87772],[80.30983,8.87637],[80.31264,8.87698],[80.31371,8.87853],[80.31374,8.88023],[80.31059,8.88551],[80.31196,8.88896],[80.30915,8.8893],[80.30841,8.8911],[80.30322,8.88634]]]},"properties":{"name":"Keerisuddan Kulam","kind":"water","ha":112}},{"type":"Feature","geometry":{"type":"Polygon","coordinates":[[[80.2634,8.36969],[80.26391,8.36994],[80.26618,8.36691],[80.26793,8.36628],[80.2721,8.36572],[80.27497,8.36635],[80.27347,8.35924],[80.2684,8.35539],[80.26721,8.35578],[80.26474,8.36082],[80.2633,8.36601],[80.2634,8.36969]]]},"properties":{"name":null,"kind":"reservoir","ha":112}},{"type":"Feature","geometry":{"type":"Polygon","coordinates":[[[81.37292,8.36666],[81.3738,8.36851],[81.37178,8.37474],[81.36845,8.3808],[81.36634,8.38261],[81.36601,8.37719],[81.36805,8.37296],[81.36791,8.37193],[81.36592,8.37102],[81.36564,8.36976],[81.36585,8.36894],[81.36728,8.36857],[81.3669,8.36329],[81.36837,8.36268],[81.3698,8.36375],[81.37133,8.36369],[81.37292,8.36666]]]},"properties":{"name":"Ullackalie Lagoon","kind":"lagoon","ha":112}},{"type":"Feature","geometry":{"type":"Polygon","coordinates":[[[79.93888,7.81878],[79.94153,7.82185],[79.94451,7.82225],[79.94657,7.82361],[79.94911,7.82305],[79.94818,7.8218],[79.94854,7.82111],[79.94973,7.8214],[79.9503,7.82078],[79.95109,7.82184],[79.95196,7.82085],[79.94929,7.8175],[79.94913,7.81634],[79.94996,7.81545],[79.9491,7.81376],[79.94397,7.81343],[79.94143,7.8112],[79.94068,7.81745],[79.93888,7.81878]]]},"properties":{"name":"Paniyamaduwa Wewa","kind":"reservoir","ha":111}},{"type":"Feature","geometry":{"type":"Polygon","coordinates":[[[81.35415,8.38512],[81.354,8.38174],[81.35905,8.37484],[81.3644,8.37481],[81.3644,8.38519],[81.35415,8.38512]]]},"properties":{"name":null,"kind":"water","ha":111}},{"type":"Feature","geometry":{"type":"Polygon","coordinates":[[[81.18644,8.45223],[81.18671,8.45094],[81.18942,8.45112],[81.19429,8.4573],[81.19648,8.45725],[81.19398,8.45607],[81.19917,8.45629],[81.20135,8.45897],[81.20359,8.46029],[81.20196,8.46462],[81.20366,8.46768],[81.2029,8.46895],[81.20207,8.46884],[81.20307,8.46927],[81.18644,8.45223]]]},"properties":{"name":null,"kind":"water","ha":111}},{"type":"Feature","geometry":{"type":"Polygon","coordinates":[[[81.72404,7.3599],[81.72515,7.35884],[81.72852,7.36092],[81.72882,7.36372],[81.73152,7.36665],[81.73116,7.36924],[81.72979,7.37273],[81.72841,7.37318],[81.72877,7.37444],[81.72153,7.37584],[81.7209,7.37443],[81.72248,7.37264],[81.72272,7.36998],[81.72542,7.36719],[81.72551,7.36228],[81.72404,7.3599]]]},"properties":{"name":"Chadayanthalawa Lake","kind":"lake","ha":110}},{"type":"Feature","geometry":{"type":"Polygon","coordinates":[[[81.4976,7.17478],[81.49683,7.17291],[81.49833,7.17343],[81.50171,7.17199],[81.50025,7.17412],[81.49865,7.17467],[81.50077,7.17729],[81.501,7.17848],[81.50022,7.17954],[81.50209,7.18237],[81.50355,7.18181],[81.50458,7.18332],[81.50561,7.18287],[81.50599,7.1843],[81.50464,7.18427],[81.50598,7.18537],[81.50527,7.18748],[81.50612,7.18892],[81.50849,7.18778],[81.51121,7.18963],[81.50945,7.19113],[81.50828,7.18994],[81.5069,7.18999],[81.50793,7.19239],[81.50644,7.19226],[81.50735,7.19348],[81.50712,7.19462],[81.50556,7.19425],[81.50459,7.19561],[81.5039,7.19507],[81.5032,7.19755],[81.50264,7.19644],[81.50341,7.19491],[81.50256,7.19307],[81.50135,7.19266],[81.5023,7.19147],[81.50167,7.19139],[81.50207,7.19038],[81.5012,7.19111],[81.50273,7.188],[81.50261,7.18653],[81.50166,7.18662],[81.50131,7.18513],[81.50313,7.18413],[81.50071,7.18132],[81.4998,7.18166],[81.49981,7.18359],[81.49824,7.18401],[81.49752,7.18133],[81.49577,7.18064],[81.49726,7.17988],[81.49677,7.17863],[81.49884,7.17914],[81.49829,7.17689],[81.49911,7.17599],[81.4976,7.17478]]]},"properties":{"name":"Senanayake Samudraya","kind":"reservoir","ha":110}},{"type":"Feature","geometry":{"type":"Polygon","coordinates":[[[79.85377,8.08791],[79.84972,8.08864],[79.84885,8.09202],[79.85065,8.09398],[79.8493,8.09617],[79.84642,8.09754],[79.84522,8.09733],[79.84403,8.09586],[79.84264,8.09607],[79.84227,8.09757],[79.84057,8.09721],[79.84055,8.09653],[79.83936,8.09733],[79.83904,8.09622],[79.83707,8.09717],[79.83745,8.09873],[79.83565,8.10029],[79.83505,8.0996],[79.83533,8.09641],[79.83296,8.09644],[79.83107,8.09851],[79.82813,8.09746],[79.82663,8.09784],[79.82693,8.10028],[79.82545,8.10164],[79.82335,8.09943],[79.8158,8.10182],[79.85377,8.08791]]]},"properties":{"name":"Mee Oya","kind":"water","ha":110}},{"type":"Feature","geometry":{"type":"Polygon","coordinates":[[[81.14533,8.51559],[81.1557,8.51561],[81.15554,8.50844],[81.15252,8.50692],[81.14971,8.50843],[81.14888,8.50799],[81.14818,8.50522],[81.14524,8.50515],[81.14533,8.51559]]]},"properties":{"name":null,"kind":"water","ha":109}},{"type":"Feature","geometry":{"type":"Polygon","coordinates":[[[81.83166,6.88832],[81.83105,6.88739],[81.83184,6.88508],[81.83413,6.88348],[81.83624,6.8831],[81.84038,6.88408],[81.84065,6.8885],[81.83981,6.89098],[81.84505,6.8967],[81.84436,6.89955],[81.84153,6.89767],[81.83929,6.898],[81.83773,6.89949],[81.83703,6.89843],[81.83894,6.896],[81.84167,6.89521],[81.83705,6.89113],[81.83416,6.89059],[81.83354,6.8888],[81.83166,6.88832]]]},"properties":{"name":"Pottuvil Lagoon","kind":"lagoon","ha":108}},{"type":"Feature","geometry":{"type":"Polygon","coordinates":[[[81.32437,7.97338],[81.32511,7.97443],[81.32394,7.97657],[81.32437,7.97811],[81.32544,7.97854],[81.32649,7.97796],[81.33122,7.97457],[81.33209,7.97106],[81.33464,7.9695],[81.33376,7.9681],[81.33543,7.96597],[81.33424,7.96626],[81.32737,7.96439],[81.32511,7.96493],[81.32494,7.96713],[81.32641,7.96921],[81.32668,7.97192],[81.32463,7.97219],[81.32437,7.97338]]]},"properties":{"name":null,"kind":"water","ha":108}},{"type":"Feature","geometry":{"type":"Polygon","coordinates":[[[80.99658,7.93987],[80.99394,7.93214],[80.98598,7.93243],[80.98486,7.93537],[80.98504,7.93722],[80.98729,7.93815],[80.98714,7.93968],[80.98521,7.94083],[80.98544,7.94159],[80.99581,7.94159],[80.99658,7.93987]]]},"properties":{"name":null,"kind":"lake","ha":108}},{"type":"Feature","geometry":{"type":"Polygon","coordinates":[[[81.04104,8.55139],[81.0478,8.55837],[81.05241,8.55323],[81.05247,8.55143],[81.05374,8.55086],[81.05418,8.54939],[81.05257,8.54857],[81.05171,8.55004],[81.04974,8.54941],[81.0479,8.54853],[81.04715,8.54615],[81.04612,8.54702],[81.0453,8.5461],[81.0452,8.54736],[81.04358,8.54626],[81.04128,8.5469],[81.04076,8.54641],[81.04032,8.54693],[81.04267,8.54963],[81.04149,8.54969],[81.04104,8.55139]]]},"properties":{"name":null,"kind":"water","ha":108}},{"type":"Feature","geometry":{"type":"Polygon","coordinates":[[[81.45818,7.13586],[81.45993,7.13389],[81.4584,7.13309],[81.45871,7.13239],[81.45727,7.13209],[81.45788,7.13071],[81.46016,7.13155],[81.45965,7.13066],[81.4608,7.13088],[81.46198,7.12987],[81.46052,7.12912],[81.45926,7.12943],[81.45843,7.12793],[81.4589,7.12683],[81.45782,7.12682],[81.4573,7.12537],[81.45863,7.1248],[81.45836,7.12391],[81.45743,7.12384],[81.45716,7.12179],[81.45888,7.12195],[81.45798,7.12105],[81.45882,7.1195],[81.45767,7.11836],[81.45783,7.11707],[81.45903,7.11671],[81.45798,7.11657],[81.45839,7.11552],[81.45764,7.11517],[81.45831,7.11371],[81.4579,7.11235],[81.45872,7.11171],[81.45838,7.11058],[81.45998,7.10773],[81.45882,7.10699],[81.45631,7.11191],[81.45579,7.11624],[81.45516,7.11629],[81.45533,7.12178],[81.45245,7.12317],[81.4537,7.12474],[81.45288,7.12553],[81.45329,7.12697],[81.45443,7.12739],[81.45348,7.1287],[81.45417,7.13059],[81.45324,7.13044],[81.45818,7.13586]]]},"properties":{"name":"Senanayake Samudraya","kind":"reservoir","ha":108}},{"type":"Feature","geometry":{"type":"Polygon","coordinates":[[[80.88472,8.53627],[80.88639,8.53458],[80.88648,8.53091],[80.88959,8.53358],[80.88971,8.52694],[80.89255,8.52632],[80.89427,8.5281],[80.8953,8.53175],[80.89379,8.53345],[80.89296,8.53766],[80.89178,8.53796],[80.89105,8.53708],[80.8893,8.5379],[80.88975,8.54014],[80.88851,8.54062],[80.88851,8.54433],[80.88695,8.54377],[80.88472,8.53627]]]},"properties":{"name":null,"kind":"lake","ha":108}},{"type":"Feature","geometry":{"type":"Polygon","coordinates":[[[80.23657,8.81229],[80.2342,8.80914],[80.23104,8.80215],[80.2385,8.80112],[80.24242,8.80396],[80.24457,8.80841],[80.24049,8.81056],[80.23671,8.81124],[80.23657,8.81229]]]},"properties":{"name":"Periya Pandivirichan","kind":"water","ha":107}},{"type":"Feature","geometry":{"type":"Polygon","coordinates":[[[80.37031,8.57704],[80.36965,8.58113],[80.37016,8.58652],[80.37326,8.58696],[80.37443,8.58789],[80.37656,8.58724],[80.38107,8.58857],[80.38013,8.58446],[80.38051,8.58099],[80.37795,8.58102],[80.37421,8.57929],[80.37233,8.57725],[80.37101,8.57793],[80.37031,8.57704]]]},"properties":{"name":null,"kind":"water","ha":107}},{"type":"Feature","geometry":{"type":"Polygon","coordinates":[[[80.61878,7.76059],[80.62357,7.76139],[80.62533,7.75695],[80.62719,7.75569],[80.62689,7.75363],[80.62555,7.75385],[80.62629,7.75229],[80.62518,7.7521],[80.62523,7.75086],[80.62456,7.75177],[80.62451,7.74895],[80.62444,7.75123],[80.62379,7.75118],[80.62391,7.75016],[80.62349,7.7511],[80.62423,7.75437],[80.62288,7.75483],[80.62124,7.75061],[80.62001,7.75103],[80.61957,7.74979],[80.61859,7.75026],[80.6181,7.74952],[80.61939,7.74887],[80.61676,7.74566],[80.61757,7.74421],[80.61595,7.74336],[80.61585,7.74541],[80.61702,7.74756],[80.61686,7.75015],[80.61586,7.7515],[80.61752,7.75271],[80.61742,7.75746],[80.61878,7.76059]]]},"properties":{"name":null,"kind":"reservoir","ha":105}},{"type":"Feature","geometry":{"type":"Polygon","coordinates":[[[79.81672,7.58496],[79.81748,7.58436],[79.8187,7.5855],[79.81869,7.58928],[79.81785,7.5901],[79.81843,7.59258],[79.81229,7.59408],[79.8122,7.59563],[79.81034,7.59588],[79.80863,7.5938],[79.80825,7.59183],[79.81015,7.59124],[79.81101,7.58841],[79.81263,7.5871],[79.80997,7.58633],[79.81062,7.58345],[79.81262,7.58257],[79.81456,7.58443],[79.81672,7.58496]]]},"properties":{"name":null,"kind":"water","ha":105}},{"type":"Feature","geometry":{"type":"Polygon","coordinates":[[[80.2526,9.66881],[80.25572,9.6668],[80.25846,9.66309],[80.25467,9.6591],[80.252,9.66082],[80.25234,9.66139],[80.25112,9.66249],[80.24605,9.66496],[80.24691,9.66701],[80.24627,9.67053],[80.24333,9.67261],[80.24405,9.67381],[80.2526,9.66881]]]},"properties":{"name":null,"kind":"lake","ha":105}},{"type":"Feature","geometry":{"type":"Polygon","coordinates":[[[80.85818,6.43783],[80.85558,6.43566],[80.85383,6.43681],[80.85052,6.43709],[80.85447,6.43447],[80.85231,6.43261],[80.8341,6.42596],[80.82201,6.42488],[80.85818,6.43783]]]},"properties":{"name":"Udawalawe Reservoir","kind":"reservoir","ha":105}},{"type":"Feature","geometry":{"type":"Polygon","coordinates":[[[81.42229,7.60699],[81.42391,7.60669],[81.42536,7.60741],[81.42578,7.60597],[81.42726,7.60572],[81.428,7.6043],[81.42652,7.60247],[81.42715,7.6007],[81.42875,7.60019],[81.42873,7.59907],[81.4273,7.59833],[81.42689,7.59634],[81.42533,7.59558],[81.423,7.59887],[81.42102,7.59908],[81.41873,7.59544],[81.41956,7.59366],[81.41838,7.59315],[81.41618,7.59563],[81.41963,7.59714],[81.41999,7.59855],[81.41793,7.59852],[81.41759,7.60289],[81.42229,7.60699]]]},"properties":{"name":"Tempitiya Wewa","kind":"lake","ha":105}},{"type":"Feature","geometry":{"type":"Polygon","coordinates":[[[79.91862,6.88848],[79.91781,6.88812],[79.91777,6.88581],[79.91967,6.88569],[79.92003,6.88726],[79.9199,6.88811],[79.91885,6.88847],[79.91886,6.89205],[79.92165,6.89239],[79.92071,6.89159],[79.92067,6.88939],[79.92725,6.88228],[79.92817,6.8777],[79.92687,6.87709],[79.92588,6.88047],[79.9236,6.88249],[79.92373,6.8832],[79.92077,6.88479],[79.91979,6.88396],[79.91701,6.88372],[79.91528,6.88179],[79.91653,6.88394],[79.91591,6.8866],[79.91682,6.88948],[79.91425,6.89175],[79.91099,6.8909],[79.91065,6.89196],[79.91265,6.893],[79.91294,6.89401],[79.91217,6.89619],[79.91041,6.89727],[79.90874,6.90298],[79.91063,6.90267],[79.91145,6.90149],[79.91125,6.89813],[79.9129,6.89722],[79.91295,6.89878],[79.91593,6.89246],[79.91865,6.89206],[79.91862,6.88848]]]},"properties":{"name":"Diyawanna Lake","kind":"lake","ha":105}},{"type":"Feature","geometry":{"type":"Polygon","coordinates":[[[81.7702,6.75704],[81.76849,6.75335],[81.76837,6.74945],[81.76715,6.74772],[81.76945,6.7467],[81.77152,6.74229],[81.77225,6.74253],[81.77313,6.74521],[81.77494,6.74642],[81.77893,6.7461],[81.77965,6.74683],[81.77913,6.74835],[81.77545,6.75025],[81.77352,6.75382],[81.7766,6.75529],[81.77429,6.75512],[81.7702,6.75704]]]},"properties":{"name":"Panama Wewa","kind":"reservoir","ha":104}},{"type":"Feature","geometry":{"type":"Polygon","coordinates":[[[80.57897,8.52197],[80.57512,8.53459],[80.57939,8.53046],[80.5834,8.53311],[80.5872,8.5337],[80.58778,8.53107],[80.58512,8.52857],[80.58748,8.52757],[80.58626,8.52702],[80.58409,8.52761],[80.58255,8.52685],[80.58489,8.52282],[80.58334,8.52178],[80.58133,8.52258],[80.57897,8.52197]]]},"properties":{"name":null,"kind":"water","ha":104}},{"type":"Feature","geometry":{"type":"Polygon","coordinates":[[[80.22507,9.30119],[80.22533,9.30371],[80.22844,9.30628],[80.23124,9.30452],[80.23926,9.30455],[80.23852,9.30296],[80.23943,9.29938],[80.23626,9.29689],[80.23417,9.29694],[80.22897,9.30023],[80.22507,9.30119]]]},"properties":{"name":"Vannerik Kulam","kind":"reservoir","ha":104}},{"type":"Feature","geometry":{"type":"Polygon","coordinates":[[[81.25509,8.47214],[81.25506,8.46295],[81.25583,8.46251],[81.25652,8.46362],[81.2588,8.46355],[81.26117,8.46474],[81.26251,8.46404],[81.26567,8.46446],[81.2656,8.47204],[81.25509,8.47214]]]},"properties":{"name":null,"kind":"water","ha":104}},{"type":"Feature","geometry":{"type":"Polygon","coordinates":[[[81.28523,6.42598],[81.28623,6.42604],[81.28678,6.42709],[81.28754,6.42724],[81.28815,6.42629],[81.28884,6.4271],[81.28837,6.4249],[81.28863,6.42586],[81.28865,6.42458],[81.29186,6.42049],[81.29297,6.42073],[81.29249,6.4204],[81.29437,6.41893],[81.29603,6.42025],[81.29572,6.42235],[81.29643,6.42284],[81.29447,6.42608],[81.29119,6.42778],[81.28886,6.42748],[81.28585,6.43623],[81.28421,6.43555],[81.28389,6.43361],[81.28094,6.43096],[81.28523,6.42598]]]},"properties":{"name":"Kodigaha Wewa","kind":"lake","ha":104}},{"type":"Feature","geometry":{"type":"Polygon","coordinates":[[[81.18955,7.76239],[81.18873,7.76102],[81.18753,7.76136],[81.1853,7.7589],[81.17978,7.76189],[81.17895,7.76558],[81.1805,7.76502],[81.18185,7.76573],[81.18092,7.76754],[81.18313,7.7679],[81.1857,7.77047],[81.18937,7.76839],[81.19159,7.76548],[81.18986,7.76391],[81.18955,7.76239]]]},"properties":{"name":"Aralaganwila Wewa","kind":"water","ha":103}},{"type":"Feature","geometry":{"type":"Polygon","coordinates":[[[80.30767,8.2756],[80.31818,8.27818],[80.3185,8.27554],[80.31755,8.27385],[80.3185,8.27044],[80.32067,8.26735],[80.31933,8.2655],[80.31625,8.26567],[80.31467,8.2672],[80.31197,8.26562],[80.3115,8.26665],[80.31283,8.26846],[80.31249,8.2703],[80.30983,8.2727],[80.30962,8.27442],[80.30767,8.2756]]]},"properties":{"name":null,"kind":"reservoir","ha":103}},{"type":"Feature","geometry":{"type":"Polygon","coordinates":[[[80.72428,9.14536],[80.72419,9.14481],[80.72102,9.14544],[80.72217,9.14358],[80.72166,9.1415],[80.71861,9.13951],[80.71827,9.13697],[80.71951,9.13405],[80.7232,9.13311],[80.72647,9.1346],[80.72741,9.13672],[80.72754,9.14544],[80.72428,9.14536]]]},"properties":{"name":null,"kind":"water","ha":103}},{"type":"Feature","geometry":{"type":"Polygon","coordinates":[[[79.98749,8.41245],[79.99181,8.41411],[79.99294,8.41558],[79.99287,8.41753],[79.98893,8.42199],[79.98393,8.42262],[79.98244,8.42088],[79.98306,8.41498],[79.98477,8.41283],[79.98749,8.41245]]]},"properties":{"name":"Kokkare Vila","kind":"lake","ha":102}},{"type":"Feature","geometry":{"type":"Polygon","coordinates":[[[80.04969,8.82095],[80.0473,8.8226],[80.0442,8.81764],[80.04192,8.81816],[80.04021,8.81677],[80.03735,8.81736],[80.0325,8.815],[80.03275,8.8127],[80.03506,8.80751],[80.03229,8.80651],[80.03028,8.8023],[80.03322,8.8023],[80.03273,8.80344],[80.0339,8.80519],[80.03764,8.80792],[80.03892,8.81069],[80.03777,8.81306],[80.03949,8.81521],[80.04798,8.81852],[80.05005,8.82003],[80.04969,8.82095]]]},"properties":{"name":null,"kind":"water","ha":102}},{"type":"Feature","geometry":{"type":"Polygon","coordinates":[[[81.09483,6.13543],[81.09582,6.13679],[81.10254,6.1331],[81.10626,6.13446],[81.11082,6.13448],[81.11225,6.13341],[81.11178,6.13098],[81.11328,6.12795],[81.10743,6.12637],[81.10626,6.12532],[81.10761,6.12602],[81.09483,6.13543]]]},"properties":{"name":"Karagan Lewaya","kind":"water","ha":102}},{"type":"Feature","geometry":{"type":"Polygon","coordinates":[[[81.80159,6.72478],[81.79965,6.72391],[81.79966,6.72574],[81.79826,6.72582],[81.79785,6.7269],[81.78865,6.72996],[81.78667,6.7333],[81.79263,6.73534],[81.79444,6.73706],[81.79663,6.73675],[81.79945,6.73315],[81.79839,6.73025],[81.79838,6.72656],[81.79979,6.72589],[81.79978,6.72419],[81.80159,6.72478]]]},"properties":{"name":"Panakala Lagoon","kind":"lagoon","ha":101}},{"type":"Feature","geometry":{"type":"Polygon","coordinates":[[[79.90718,7.83303],[79.9008,7.83419],[79.89984,7.83508],[79.90026,7.84192],[79.90121,7.84395],[79.90243,7.84357],[79.90318,7.84458],[79.90491,7.84416],[79.90511,7.84727],[79.9077,7.84586],[79.90659,7.84394],[79.90719,7.84198],[79.90854,7.84098],[79.90718,7.83303]]]},"properties":{"name":"Maha Kubukkadawala Wewa","kind":"lake","ha":101}},{"type":"Feature","geometry":{"type":"Polygon","coordinates":[[[80.29083,8.34859],[80.29131,8.34331],[80.29563,8.34055],[80.29729,8.3383],[80.29935,8.33753],[80.30008,8.33879],[80.29842,8.3424],[80.30155,8.34347],[80.3038,8.34565],[80.30309,8.34642],[80.2994,8.34654],[80.29406,8.35049],[80.29082,8.34947],[80.29083,8.34859]]]},"properties":{"name":null,"kind":"reservoir","ha":101}},{"type":"Feature","geometry":{"type":"Polygon","coordinates":[[[80.93495,6.62401],[80.93453,6.62302],[80.93198,6.6235],[80.93139,6.62664],[80.92926,6.6288],[80.92951,6.63093],[80.92769,6.63142],[80.92631,6.63015],[80.92453,6.63077],[80.9237,6.63445],[80.92476,6.63637],[80.92661,6.63762],[80.92889,6.63679],[80.93129,6.63372],[80.9315,6.63217],[80.93655,6.63046],[80.93697,6.62987],[80.93495,6.62401]]]},"properties":{"name":"Kandiyapita Tank","kind":"reservoir","ha":101}},{"type":"Feature","geometry":{"type":"Polygon","coordinates":[[[80.62912,8.08217],[80.62969,8.08136],[80.64042,8.07922],[80.63968,8.07828],[80.64115,8.07772],[80.64219,8.07593],[80.63993,8.07174],[80.63727,8.07085],[80.63391,8.07214],[80.62913,8.08098],[80.62912,8.08217]]]},"properties":{"name":"Mahamankadawala Wewa","kind":"reservoir","ha":100}},{"type":"Feature","geometry":{"type":"Polygon","coordinates":[[[81.38431,7.96118],[81.38589,7.96186],[81.39177,7.96098],[81.39181,7.95823],[81.38916,7.95657],[81.38962,7.95477],[81.39237,7.95364],[81.39788,7.95332],[81.39754,7.95191],[81.39112,7.94938],[81.39167,7.94799],[81.39621,7.94578],[81.39547,7.94503],[81.39353,7.9457],[81.38573,7.95231],[81.38808,7.95315],[81.3891,7.95518],[81.38732,7.95709],[81.38451,7.95651],[81.38339,7.95741],[81.38282,7.96025],[81.38431,7.96118]]]},"properties":{"name":"Punana West Sinnakulam","kind":"reservoir","ha":100}},{"type":"Feature","geometry":{"type":"Polygon","coordinates":[[[81.40694,8.11261],[81.40689,8.11494],[81.40552,8.11642],[81.40569,8.11863],[81.40831,8.12015],[81.411,8.12019],[81.41355,8.11898],[81.41393,8.11424],[81.4163,8.11094],[81.41364,8.10931],[81.40839,8.10907],[81.40718,8.11022],[81.40694,8.11261]]]},"properties":{"name":"sea","kind":"water","ha":100}},{"type":"Feature","geometry":{"type":"Polygon","coordinates":[[[80.76635,8.9723],[80.76411,8.97651],[80.76314,8.97696],[80.7625,8.97617],[80.75987,8.97696],[80.75941,8.97391],[80.76051,8.97131],[80.75972,8.96951],[80.76141,8.96839],[80.76117,8.96546],[80.76251,8.96441],[80.76249,8.96284],[80.76188,8.96265],[80.7624,8.96232],[80.76862,8.96867],[80.7689,8.97304],[80.76635,8.9723]]]},"properties":{"name":"Nika Wewa","kind":"reservoir","ha":99}},{"type":"Feature","geometry":{"type":"Polygon","coordinates":[[[80.14268,7.79252],[80.14492,7.79625],[80.15122,7.79748],[80.1499,7.79468],[80.14857,7.79425],[80.14914,7.79289],[80.14861,7.79182],[80.14965,7.78955],[80.1526,7.78725],[80.15111,7.78623],[80.15098,7.78433],[80.14924,7.78514],[80.14777,7.78768],[80.14452,7.78503],[80.14261,7.78575],[80.14187,7.78864],[80.14203,7.79331],[80.14268,7.79252]]]},"properties":{"name":null,"kind":"reservoir","ha":99}},{"type":"Feature","geometry":{"type":"Polygon","coordinates":[[[81.09925,7.27375],[81.10103,7.27306],[81.1025,7.27405],[81.10324,7.27276],[81.1035,7.275],[81.10595,7.27494],[81.10615,7.27646],[81.10671,7.27568],[81.10728,7.27609],[81.10739,7.27408],[81.1089,7.27581],[81.1117,7.27606],[81.11268,7.27709],[81.11122,7.28033],[81.11307,7.27781],[81.11451,7.27812],[81.11422,7.27715],[81.11526,7.27707],[81.11357,7.27633],[81.11282,7.27437],[81.1106,7.27359],[81.11045,7.27242],[81.10925,7.27273],[81.10795,7.27162],[81.10816,7.2709],[81.10456,7.26795],[81.1069,7.26692],[81.10754,7.26563],[81.10597,7.26547],[81.10491,7.26357],[81.10334,7.26261],[81.09925,7.27375]]]},"properties":{"name":"Nagadeepa Maha Wewa","kind":"water","ha":99}},{"type":"Feature","geometry":{"type":"Polygon","coordinates":[[[80.46155,7.94729],[80.46165,7.94414],[80.46306,7.94376],[80.46899,7.93721],[80.46911,7.93587],[80.47124,7.93322],[80.4733,7.93282],[80.47372,7.93334],[80.4713,7.93666],[80.47354,7.93536],[80.47468,7.936],[80.47385,7.93731],[80.47158,7.9379],[80.47084,7.9395],[80.47345,7.94135],[80.47338,7.94537],[80.46948,7.9425],[80.46773,7.94651],[80.46555,7.94605],[80.46456,7.94769],[80.46249,7.94821],[80.46155,7.94729]]]},"properties":{"name":"Siyambalangamuwa Tank","kind":"lake","ha":98}},{"type":"Feature","geometry":{"type":"Polygon","coordinates":[[[80.3678,7.88886],[80.37123,7.88485],[80.37391,7.88646],[80.37661,7.88606],[80.38084,7.8929],[80.37947,7.89444],[80.37951,7.89569],[80.37837,7.89583],[80.37302,7.89127],[80.36949,7.89239],[80.36933,7.89446],[80.36754,7.89434],[80.36709,7.8928],[80.36858,7.89132],[80.36757,7.88995],[80.3678,7.88886]]]},"properties":{"name":"Mahagale_Wewa","kind":"reservoir","ha":98}},{"type":"Feature","geometry":{"type":"Polygon","coordinates":[[[80.19444,9.75562],[80.19756,9.75487],[80.20694,9.74776],[80.20601,9.74581],[80.20429,9.74555],[80.20245,9.74314],[80.20024,9.7436],[80.20049,9.74589],[80.19331,9.75009],[80.19444,9.75562]]]},"properties":{"name":null,"kind":"pond","ha":98}},{"type":"Feature","geometry":{"type":"Polygon","coordinates":[[[80.72617,9.03262],[80.72582,9.0344],[80.72726,9.03785],[80.72958,9.03702],[80.72999,9.03588],[80.7287,9.03321],[80.73269,9.03412],[80.73183,9.03289],[80.73653,9.03031],[80.73777,9.02857],[80.73419,9.02823],[80.73046,9.02558],[80.72662,9.02698],[80.72475,9.02867],[80.72387,9.03024],[80.72617,9.03262]]]},"properties":{"name":null,"kind":"water","ha":98}},{"type":"Feature","geometry":{"type":"Polygon","coordinates":[[[81.08752,6.36086],[81.08256,6.36461],[81.0827,6.36698],[81.08477,6.36811],[81.08591,6.36738],[81.08547,6.36972],[81.08674,6.3711],[81.08603,6.37251],[81.08656,6.37314],[81.0879,6.37258],[81.09005,6.37458],[81.09199,6.37457],[81.09312,6.37542],[81.09436,6.37486],[81.09414,6.37417],[81.09195,6.371],[81.09081,6.37088],[81.08977,6.36946],[81.0906,6.36792],[81.09021,6.36542],[81.09314,6.36456],[81.09158,6.3627],[81.08889,6.36224],[81.08852,6.36156],[81.0893,6.361],[81.08752,6.36086]]]},"properties":{"name":"Maha AluthgamAra Wewa","kind":"reservoir","ha":98}},{"type":"Feature","geometry":{"type":"Polygon","coordinates":[[[80.50992,8.76769],[80.51107,8.76633],[80.51099,8.76094],[80.51343,8.75853],[80.51198,8.75628],[80.50906,8.75494],[80.50863,8.75301],[80.50734,8.752],[80.50627,8.75416],[80.50288,8.75522],[80.50099,8.75709],[80.51004,8.76561],[80.5094,8.76799],[80.50992,8.76769]]]},"properties":{"name":null,"kind":"reservoir","ha":98}},{"type":"Feature","geometry":{"type":"Polygon","coordinates":[[[81.10082,7.78001],[81.1003,7.77712],[81.09635,7.77576],[81.09635,7.77882],[81.09567,7.77933],[81.09653,7.78222],[81.09361,7.78052],[81.09275,7.78171],[81.09035,7.78171],[81.09275,7.78443],[81.09395,7.78426],[81.09721,7.78698],[81.0991,7.78647],[81.10013,7.78477],[81.10408,7.7846],[81.10408,7.78375],[81.1082,7.78171],[81.10339,7.78154],[81.10082,7.78001]]]},"properties":{"name":null,"kind":"water","ha":97}},{"type":"Feature","geometry":{"type":"Polygon","coordinates":[[[80.53709,8.0251],[80.53634,8.02477],[80.53695,8.02396],[80.53536,8.02185],[80.53777,8.01181],[80.53591,8.00225],[80.53774,7.99659],[80.5396,7.99598],[80.54028,7.99297],[80.54183,7.99235],[80.53709,8.0251]]]},"properties":{"name":"Kala Wewa","kind":"reservoir","ha":97}},{"type":"Feature","geometry":{"type":"Polygon","coordinates":[[[80.83098,9.00007],[80.83181,9.00279],[80.83103,9.00418],[80.83188,9.00617],[80.83432,9.00763],[80.8367,9.00759],[80.83956,9.00594],[80.83592,8.99621],[80.83437,8.99529],[80.83097,8.99616],[80.83026,8.99703],[80.83098,9.00007]]]},"properties":{"name":"Maruthamadu Kulam","kind":"reservoir","ha":96}},{"type":"Feature","geometry":{"type":"Polygon","coordinates":[[[80.9968,7.55843],[80.99699,7.55657],[80.9982,7.5563],[80.9985,7.55512],[80.99697,7.55408],[80.99884,7.55318],[80.99915,7.54827],[81,7.54779],[81.00144,7.5525],[81.00261,7.553],[81.00365,7.55152],[81.00503,7.55311],[81.00334,7.55585],[81.00467,7.55671],[81.00529,7.5583],[81.00529,7.56165],[81.00429,7.5623],[81.0023,7.56155],[81.00292,7.56553],[81.00104,7.56555],[80.99894,7.56056],[80.9968,7.55843]]]},"properties":{"name":null,"kind":"reservoir","ha":96}},{"type":"Feature","geometry":{"type":"Polygon","coordinates":[[[81.01883,8.67875],[81.01967,8.68123],[81.01911,8.68209],[81.01184,8.68373],[81.01039,8.6846],[81.00919,8.68697],[81.00671,8.68412],[81.00672,8.68004],[81.00886,8.67934],[81.01134,8.67595],[81.01292,8.67602],[81.01372,8.67527],[81.01612,8.6765],[81.01629,8.67859],[81.01841,8.67928],[81.01883,8.67875]]]},"properties":{"name":"Mahakalampathu CSIAP_EP_T_093","kind":"reservoir","ha":96}},{"type":"Feature","geometry":{"type":"Polygon","coordinates":[[[81.11248,7.2466],[81.11275,7.2455],[81.1118,7.24456],[81.11228,7.24553],[81.11162,7.24715],[81.11009,7.24631],[81.10913,7.2477],[81.10836,7.24658],[81.10879,7.24899],[81.108,7.24925],[81.10835,7.24834],[81.10775,7.24848],[81.10709,7.25119],[81.10535,7.25258],[81.10525,7.25389],[81.10619,7.25428],[81.10636,7.25549],[81.10547,7.25665],[81.10453,7.25594],[81.10433,7.25419],[81.10566,7.24913],[81.10408,7.24849],[81.10122,7.25301],[81.0999,7.25306],[81.09939,7.25393],[81.09752,7.25348],[81.097,7.25492],[81.09882,7.25822],[81.09853,7.25927],[81.09768,7.25965],[81.09545,7.25714],[81.09488,7.25783],[81.09402,7.25735],[81.09389,7.25605],[81.0923,7.25797],[81.09104,7.25764],[81.09216,7.26044],[81.09351,7.26121],[81.09181,7.262],[81.09272,7.26344],[81.0941,7.26342],[81.09442,7.26397],[81.09325,7.26428],[81.09371,7.26493],[81.11248,7.2466]]]},"properties":{"name":"Nagadeepa Maha Wewa","kind":"water","ha":96}},{"type":"Feature","geometry":{"type":"Polygon","coordinates":[[[80.30922,8.30434],[80.30991,8.30625],[80.31189,8.30318],[80.31311,8.30408],[80.31483,8.30341],[80.31762,8.30434],[80.31785,8.30249],[80.32266,8.29869],[80.32169,8.29873],[80.32113,8.29815],[80.32157,8.29748],[80.3206,8.2969],[80.31733,8.29848],[80.31628,8.29726],[80.31816,8.29605],[80.31639,8.29515],[80.31089,8.29769],[80.30952,8.29622],[80.30922,8.30434]]]},"properties":{"name":"Maha Bulankulama Wewa","kind":"lake","ha":95}},{"type":"Feature","geometry":{"type":"Polygon","coordinates":[[[81.75963,6.82534],[81.76099,6.82429],[81.76245,6.81879],[81.76408,6.81636],[81.76292,6.81525],[81.7631,6.81222],[81.76079,6.81368],[81.75917,6.81653],[81.75523,6.81247],[81.75427,6.81314],[81.75337,6.81265],[81.75338,6.81987],[81.75621,6.82035],[81.75686,6.82252],[81.75885,6.82267],[81.75944,6.8234],[81.75963,6.82534]]]},"properties":{"name":"Radella Tank","kind":"reservoir","ha":95}},{"type":"Feature","geometry":{"type":"Polygon","coordinates":[[[80.91877,6.40604],[80.91977,6.40704],[80.91954,6.40916],[80.92101,6.40975],[80.92052,6.40804],[80.92177,6.40779],[80.92102,6.40404],[80.92227,6.40254],[80.92177,6.40029],[80.91952,6.39804],[80.91652,6.39679],[80.91552,6.40004],[80.91352,6.39904],[80.91302,6.40029],[80.91077,6.40029],[80.91202,6.40304],[80.91027,6.40354],[80.90827,6.40704],[80.91027,6.40529],[80.91152,6.40604],[80.91352,6.40579],[80.91352,6.40479],[80.91527,6.40304],[80.91677,6.40379],[80.91727,6.40654],[80.91877,6.40604]]]},"properties":{"name":"Habaralu Wewa","kind":"water","ha":94}},{"type":"Feature","geometry":{"type":"Polygon","coordinates":[[[80.3874,8.8376],[80.39099,8.83981],[80.39562,8.83887],[80.39472,8.83754],[80.3959,8.82808],[80.39527,8.82617],[80.39272,8.82698],[80.39035,8.82986],[80.38716,8.83556],[80.3874,8.8376]]]},"properties":{"name":"Kalmadu Tank","kind":"water","ha":94}},{"type":"Feature","geometry":{"type":"Polygon","coordinates":[[[81.45252,7.21317],[81.45358,7.21348],[81.45507,7.21009],[81.45519,7.21344],[81.45383,7.2134],[81.45313,7.21535],[81.45205,7.21537],[81.45169,7.2159],[81.45276,7.21628],[81.45274,7.21749],[81.45105,7.21805],[81.45236,7.21953],[81.45438,7.22006],[81.4525,7.22028],[81.45236,7.22108],[81.45064,7.22105],[81.45068,7.22156],[81.45151,7.22304],[81.45333,7.2231],[81.45395,7.22419],[81.45438,7.22313],[81.45724,7.22262],[81.45734,7.22397],[81.45535,7.22404],[81.45492,7.22566],[81.45342,7.2258],[81.4543,7.22596],[81.45347,7.22724],[81.45416,7.22921],[81.45679,7.23249],[81.45434,7.23171],[81.45294,7.22823],[81.45307,7.22601],[81.4521,7.22681],[81.45145,7.22553],[81.45127,7.22661],[81.4505,7.22591],[81.44898,7.22757],[81.44828,7.22615],[81.44781,7.22699],[81.44815,7.226],[81.44687,7.22692],[81.44619,7.22552],[81.44563,7.22602],[81.44498,7.22535],[81.44507,7.22602],[81.44398,7.2262],[81.45252,7.21317]]]},"properties":{"name":"Senanayake Samudraya","kind":"reservoir","ha":93}},{"type":"Feature","geometry":{"type":"Polygon","coordinates":[[[81.04575,7.203],[81.0467,7.20218],[81.04557,7.20193],[81.04594,7.20028],[81.04713,7.19987],[81.04657,7.19828],[81.04806,7.19889],[81.04676,7.19672],[81.0478,7.19402],[81.04905,7.19475],[81.04943,7.19374],[81.05102,7.1949],[81.05303,7.19379],[81.05123,7.193],[81.05078,7.19147],[81.04905,7.19113],[81.051,7.18964],[81.05061,7.18836],[81.05154,7.18787],[81.05182,7.18638],[81.05033,7.1857],[81.04829,7.18781],[81.04924,7.18534],[81.05277,7.18561],[81.05268,7.18501],[81.05028,7.1844],[81.05197,7.18398],[81.05262,7.18114],[81.04585,7.18819],[81.04644,7.18885],[81.04568,7.19064],[81.04481,7.18916],[81.04472,7.1948],[81.04193,7.19975],[81.04575,7.203]]]},"properties":{"name":"Loggal Oya Reservoir","kind":"water","ha":93}},{"type":"Feature","geometry":{"type":"Polygon","coordinates":[[[79.79935,7.69737],[79.79921,7.69836],[79.79948,7.69764],[79.80049,7.69816],[79.80056,7.70132],[79.80231,7.69882],[79.80499,7.69859],[79.80576,7.69158],[79.80738,7.68969],[79.80693,7.68891],[79.80373,7.68827],[79.80291,7.68584],[79.80396,7.68309],[79.80278,7.68182],[79.80284,7.68453],[79.80129,7.68223],[79.79935,7.69737]]]},"properties":{"name":null,"kind":"river","ha":93}},{"type":"Feature","geometry":{"type":"Polygon","coordinates":[[[80.81447,8.99321],[80.81896,8.9955],[80.82092,8.99469],[80.82259,8.98995],[80.82374,8.99041],[80.82402,8.98928],[80.82276,8.9858],[80.81896,8.98527],[80.81619,8.98617],[80.81633,8.98692],[80.81466,8.98816],[80.81482,8.98941],[80.81322,8.99073],[80.81447,8.99321]]]},"properties":{"name":"Aamaiyan Kulam","kind":"reservoir","ha":92}},{"type":"Feature","geometry":{"type":"Polygon","coordinates":[[[81.61336,7.53358],[81.61293,7.53424],[81.61451,7.53584],[81.61423,7.53663],[81.61229,7.53717],[81.61344,7.54002],[81.61651,7.53842],[81.61908,7.54093],[81.61996,7.54302],[81.62103,7.54246],[81.62093,7.5444],[81.61986,7.54568],[81.62171,7.54446],[81.62126,7.54542],[81.62284,7.54482],[81.62307,7.5458],[81.62417,7.54485],[81.62462,7.54676],[81.62621,7.54537],[81.62692,7.54866],[81.62724,7.54775],[81.62838,7.54795],[81.62812,7.54082],[81.62647,7.54161],[81.62307,7.54081],[81.61843,7.53676],[81.61551,7.53303],[81.6144,7.5325],[81.61336,7.53358]]]},"properties":{"name":"Pulukunawa tank","kind":"water","ha":92}},{"type":"Feature","geometry":{"type":"Polygon","coordinates":[[[80.57467,9.1182],[80.56983,9.11828],[80.56922,9.12002],[80.57038,9.1207],[80.56931,9.12354],[80.57,9.12443],[80.57184,9.12498],[80.57528,9.12409],[80.57738,9.1279],[80.58253,9.12752],[80.58266,9.12424],[80.58025,9.12358],[80.57875,9.12197],[80.57888,9.12044],[80.57631,9.11981],[80.57467,9.1182]]]},"properties":{"name":null,"kind":"water","ha":92}},{"type":"Feature","geometry":{"type":"Polygon","coordinates":[[[80.19472,9.76517],[80.19406,9.76307],[80.19516,9.7612],[80.20138,9.75905],[80.20356,9.75877],[80.20512,9.76003],[80.20879,9.76097],[80.21433,9.76143],[80.21392,9.76294],[80.21001,9.76364],[80.20841,9.76552],[80.2039,9.76389],[80.20527,9.76195],[80.20481,9.76145],[80.19998,9.76387],[80.19868,9.76556],[80.19689,9.76465],[80.19472,9.76517]]]},"properties":{"name":null,"kind":"lagoon","ha":92}},{"type":"Feature","geometry":{"type":"Polygon","coordinates":[[[80.4158,9.34249],[80.41527,9.34377],[80.41353,9.34208],[80.41018,9.34101],[80.41008,9.33995],[80.41173,9.33863],[80.412,9.33637],[80.41377,9.33633],[80.41467,9.33539],[80.41493,9.33201],[80.41577,9.33085],[80.41728,9.33097],[80.41897,9.33569],[80.42023,9.33657],[80.42086,9.33985],[80.42201,9.33994],[80.42071,9.34146],[80.4158,9.34249]]]},"properties":{"name":"Kanakambikai Kulam","kind":"pond","ha":91}},{"type":"Feature","geometry":{"type":"Polygon","coordinates":[[[80.07797,6.91093],[80.08448,6.90961],[80.08658,6.91034],[80.08907,6.91337],[80.09187,6.91169],[80.09371,6.91223],[80.09344,6.91842],[80.09561,6.926],[80.09449,6.92996],[80.09576,6.93424],[80.09396,6.93936],[80.09856,6.94609],[80.09891,6.95069],[80.09973,6.95216],[80.10162,6.95316],[80.10627,6.95377],[80.11089,6.96006],[80.10982,6.96196],[80.11052,6.96272],[80.11462,6.96259],[80.12194,6.96513],[80.12423,6.97408],[80.12783,6.9739],[80.12956,6.97444],[80.1293,6.97506],[80.12636,6.97484],[80.1263,6.97586],[80.12588,6.97494],[80.12328,6.97412],[80.1216,6.96564],[80.11393,6.96313],[80.10986,6.96317],[80.10986,6.95944],[80.10559,6.95405],[80.10151,6.95371],[80.09836,6.95194],[80.09759,6.94581],[80.09321,6.93976],[80.0949,6.93439],[80.09394,6.93],[80.09469,6.92523],[80.09293,6.92056],[80.09282,6.91241],[80.08816,6.91409],[80.08518,6.91052],[80.07798,6.91167],[80.07797,6.91093]]]},"properties":{"name":null,"kind":"river","ha":91}},{"type":"Feature","geometry":{"type":"Polygon","coordinates":[[[80.62089,7.98639],[80.62011,7.98968],[80.61829,7.98736],[80.61776,7.98757],[80.61846,7.99077],[80.62123,7.99426],[80.62338,7.99365],[80.62339,7.99128],[80.62517,7.99283],[80.629,7.99409],[80.63123,7.99642],[80.6326,7.99647],[80.63327,7.99503],[80.62733,7.98924],[80.62817,7.98849],[80.62823,7.98632],[80.62684,7.98571],[80.62465,7.98687],[80.6235,7.98665],[80.62213,7.9848],[80.62089,7.98639]]]},"properties":{"name":"MahaElagamuwa Tank","kind":"lake","ha":91}},{"type":"Feature","geometry":{"type":"Polygon","coordinates":[[[79.96861,7.96229],[79.96739,7.96464],[79.96621,7.96392],[79.96422,7.96471],[79.9637,7.96624],[79.96276,7.966],[79.96174,7.9674],[79.96063,7.96687],[79.96002,7.96826],[79.95877,7.96813],[79.95657,7.97009],[79.95579,7.97294],[79.95684,7.9742],[79.95385,7.97667],[79.95521,7.97825],[79.95393,7.97884],[79.95354,7.98015],[79.95491,7.98256],[79.95313,7.98498],[79.95201,7.98508],[79.95137,7.98784],[79.96861,7.96229]]]},"properties":{"name":"Mee Oya","kind":"water","ha":91}},{"type":"Feature","geometry":{"type":"Polygon","coordinates":[[[80.45049,8.39852],[80.44931,8.40672],[80.45043,8.40731],[80.45097,8.40958],[80.45255,8.40903],[80.4529,8.40689],[80.45603,8.40668],[80.45762,8.40576],[80.45811,8.40481],[80.45753,8.40243],[80.4594,8.40012],[80.45762,8.39861],[80.45493,8.3978],[80.45193,8.3991],[80.45049,8.39852]]]},"properties":{"name":"Mankadawala Wewa","kind":"pond","ha":90}},{"type":"Feature","geometry":{"type":"Polygon","coordinates":[[[80.64285,9.32374],[80.64345,9.32447],[80.64523,9.32425],[80.64943,9.32178],[80.64743,9.32146],[80.64728,9.32058],[80.65129,9.31559],[80.65364,9.31065],[80.64994,9.31281],[80.64694,9.31575],[80.64068,9.31353],[80.63846,9.31368],[80.6385,9.31456],[80.64285,9.31878],[80.64285,9.32374]]]},"properties":{"name":null,"kind":"reservoir","ha":90}},{"type":"Feature","geometry":{"type":"Polygon","coordinates":[[[81.79142,7.41694],[81.79066,7.41971],[81.79118,7.42123],[81.79807,7.42066],[81.79985,7.41447],[81.79869,7.41397],[81.79624,7.41668],[81.79494,7.41653],[81.79802,7.41339],[81.81236,7.40903],[81.81931,7.40899],[81.81998,7.40729],[81.81884,7.40874],[81.8121,7.40804],[81.80751,7.40856],[81.79783,7.41216],[81.79633,7.41385],[81.79503,7.41336],[81.79422,7.41531],[81.79142,7.41694]]]},"properties":{"name":null,"kind":"river","ha":90}},{"type":"Feature","geometry":{"type":"Polygon","coordinates":[[[80.17718,9.33098],[80.17512,9.33145],[80.17261,9.33489],[80.1698,9.33598],[80.16934,9.33858],[80.16612,9.3404],[80.16625,9.34185],[80.17134,9.3422],[80.17388,9.3409],[80.17864,9.33468],[80.18188,9.33242],[80.17966,9.33113],[80.17718,9.33098]]]},"properties":{"name":null,"kind":"water","ha":90}},{"type":"Feature","geometry":{"type":"Polygon","coordinates":[[[80.41682,8.41936],[80.41783,8.41888],[80.41795,8.4207],[80.42036,8.42127],[80.42367,8.4244],[80.42476,8.42574],[80.42573,8.43016],[80.42065,8.43069],[80.41688,8.42733],[80.41508,8.42855],[80.41364,8.42832],[80.41475,8.42695],[80.41682,8.41936]]]},"properties":{"name":null,"kind":"lake","ha":90}},{"type":"Feature","geometry":{"type":"Polygon","coordinates":[[[80.42826,8.38052],[80.42542,8.37005],[80.4288,8.37011],[80.4308,8.37168],[80.4342,8.37239],[80.43672,8.37714],[80.4364,8.37839],[80.43393,8.37969],[80.43041,8.37859],[80.42879,8.37922],[80.42885,8.38044],[80.42826,8.38052]]]},"properties":{"name":"Puliyankulama Wewa","kind":"water","ha":89}},{"type":"Feature","geometry":{"type":"Polygon","coordinates":[[[81.72428,7.31351],[81.72042,7.31394],[81.7185,7.31328],[81.71714,7.31637],[81.71646,7.31623],[81.71727,7.31823],[81.71563,7.31847],[81.71639,7.3209],[81.71906,7.32024],[81.71959,7.3208],[81.71894,7.32279],[81.72013,7.32339],[81.71995,7.32719],[81.72298,7.32864],[81.72276,7.32977],[81.72371,7.33121],[81.72488,7.32466],[81.72034,7.32155],[81.72428,7.31351]]]},"properties":{"name":"Walathapitty Kulam","kind":"lake","ha":89}},{"type":"Feature","geometry":{"type":"Polygon","coordinates":[[[80.91574,6.08259],[80.91843,6.08309],[80.92353,6.08139],[80.92486,6.0789],[80.925,6.07576],[80.9242,6.07433],[80.92287,6.07383],[80.91852,6.07436],[80.91858,6.07589],[80.9198,6.07607],[80.92,6.07682],[80.91778,6.07948],[80.91237,6.07883],[80.90712,6.08056],[80.90834,6.08163],[80.90955,6.08061],[80.91278,6.07989],[80.91395,6.08286],[80.91574,6.08259]]]},"properties":{"name":null,"kind":"salt_pond","ha":89}},{"type":"Feature","geometry":{"type":"Polygon","coordinates":[[[81.76353,6.88693],[81.76358,6.88615],[81.76145,6.88569],[81.75928,6.88653],[81.75518,6.8938],[81.75549,6.89663],[81.76051,6.89614],[81.76252,6.89744],[81.7642,6.89435],[81.76351,6.89156],[81.76441,6.89005],[81.76353,6.88693]]]},"properties":{"name":"Sengamuwa Tank","kind":"reservoir","ha":89}},{"type":"Feature","geometry":{"type":"Polygon","coordinates":[[[80.9343,7.60432],[80.93546,7.6051],[80.93674,7.60456],[80.94017,7.59873],[80.94019,7.59561],[80.9384,7.59661],[80.9378,7.59796],[80.93613,7.59701],[80.93512,7.59738],[80.93413,7.59637],[80.93329,7.59755],[80.93206,7.59708],[80.93161,7.59525],[80.93049,7.59729],[80.92915,7.59709],[80.92908,7.59819],[80.92745,7.59743],[80.92831,7.59887],[80.92729,7.59977],[80.92887,7.60011],[80.92641,7.60095],[80.92624,7.60183],[80.92726,7.60175],[80.92775,7.60288],[80.9301,7.60267],[80.93185,7.60394],[80.93267,7.60273],[80.93435,7.60292],[80.9343,7.60432]]]},"properties":{"name":null,"kind":"lake","ha":89}},{"type":"Feature","geometry":{"type":"Polygon","coordinates":[[[80.27128,8.79232],[80.26822,8.79025],[80.26514,8.78301],[80.26725,8.78286],[80.27392,8.77823],[80.27415,8.78119],[80.27661,8.78209],[80.27145,8.79015],[80.27128,8.79232]]]},"properties":{"name":"Periyathambanai","kind":"water","ha":88}},{"type":"Feature","geometry":{"type":"Polygon","coordinates":[[[81.193,7.90262],[81.19815,7.90304],[81.19951,7.89715],[81.2008,7.89693],[81.20456,7.89303],[81.20481,7.89132],[81.20031,7.8888],[81.1988,7.88939],[81.20014,7.88993],[81.19693,7.89317],[81.19915,7.89612],[81.19813,7.89724],[81.19438,7.89661],[81.19268,7.89837],[81.19377,7.90034],[81.193,7.90262]]]},"properties":{"name":null,"kind":"lake","ha":88}},{"type":"Feature","geometry":{"type":"Polygon","coordinates":[[[81.15121,8.29356],[81.14963,8.29212],[81.15029,8.28893],[81.14887,8.28538],[81.15075,8.28265],[81.15348,8.28112],[81.15203,8.28003],[81.15049,8.28035],[81.14968,8.27872],[81.1474,8.27804],[81.14573,8.27096],[81.13964,8.26846],[81.13827,8.26527],[81.13685,8.26432],[81.13653,8.26122],[81.15121,8.29356]]]},"properties":{"name":null,"kind":"lake","ha":88}},{"type":"Feature","geometry":{"type":"Polygon","coordinates":[[[80.94523,7.20589],[80.94615,7.20489],[80.94896,7.20438],[80.94814,7.20306],[80.94942,7.20211],[80.94934,7.19864],[80.94734,7.19741],[80.94599,7.19875],[80.94513,7.19788],[80.94424,7.19815],[80.94547,7.20078],[80.94283,7.20082],[80.94058,7.20203],[80.92668,7.19994],[80.92579,7.20124],[80.92625,7.2022],[80.92818,7.20116],[80.9312,7.20148],[80.94231,7.20477],[80.94132,7.20702],[80.94329,7.20703],[80.94378,7.20776],[80.94478,7.20747],[80.94401,7.20677],[80.94468,7.2049],[80.94523,7.20589]]]},"properties":{"name":null,"kind":"water","ha":87}},{"type":"Feature","geometry":{"type":"Polygon","coordinates":[[[80.39858,8.44946],[80.39849,8.44758],[80.39984,8.44698],[80.40166,8.44702],[80.40618,8.44945],[80.40776,8.44867],[80.40821,8.44782],[80.40586,8.44415],[80.40943,8.44147],[80.40939,8.43963],[80.40536,8.43808],[80.40235,8.43891],[80.40179,8.438],[80.40146,8.44152],[80.39808,8.44758],[80.39858,8.44946]]]},"properties":{"name":null,"kind":"lake","ha":87}},{"type":"Feature","geometry":{"type":"Polygon","coordinates":[[[79.95759,8.85571],[79.95764,8.85832],[79.96322,8.86275],[79.96587,8.8635],[79.96979,8.86194],[79.96639,8.86157],[79.96566,8.85953],[79.96852,8.85342],[79.96448,8.85353],[79.95759,8.85571]]]},"properties":{"name":null,"kind":"water","ha":86}},{"type":"Feature","geometry":{"type":"Polygon","coordinates":[[[80.42338,8.78128],[80.42329,8.78476],[80.42876,8.79017],[80.43519,8.7831],[80.43378,8.78073],[80.42752,8.78202],[80.42356,8.78047],[80.42338,8.78128]]]},"properties":{"name":"Pampaimadu Tank","kind":"water","ha":86}},{"type":"Feature","geometry":{"type":"Polygon","coordinates":[[[80.62194,8.52962],[80.62231,8.53035],[80.62924,8.53272],[80.6282,8.53188],[80.6296,8.53061],[80.62922,8.52852],[80.63116,8.52658],[80.63367,8.52622],[80.63285,8.52603],[80.6324,8.52371],[80.63029,8.52397],[80.62942,8.52178],[80.62849,8.5215],[80.62369,8.52339],[80.62269,8.52634],[80.62348,8.5294],[80.62194,8.52962]]]},"properties":{"name":null,"kind":"lake","ha":86}},{"type":"Feature","geometry":{"type":"Polygon","coordinates":[[[80.53842,8.20158],[80.5458,8.20137],[80.54491,8.1986],[80.54611,8.19584],[80.54505,8.19441],[80.5449,8.1901],[80.54163,8.19111],[80.5386,8.19548],[80.53715,8.19972],[80.53842,8.20158]]]},"properties":{"name":null,"kind":"reservoir","ha":86}},{"type":"Feature","geometry":{"type":"Polygon","coordinates":[[[81.47884,7.18987],[81.47987,7.1889],[81.47951,7.18944],[81.48094,7.19071],[81.48155,7.19363],[81.4789,7.19566],[81.47735,7.19413],[81.47827,7.19375],[81.47759,7.1913],[81.47343,7.19004],[81.4732,7.19105],[81.47202,7.19081],[81.47245,7.19143],[81.47059,7.19435],[81.47007,7.19421],[81.47025,7.19095],[81.46944,7.19139],[81.46934,7.19035],[81.46879,7.19142],[81.4688,7.19065],[81.46838,7.19096],[81.46742,7.19414],[81.46605,7.19246],[81.46474,7.19438],[81.46362,7.19469],[81.46414,7.19328],[81.4636,7.19233],[81.46453,7.19224],[81.46489,7.19046],[81.4636,7.19051],[81.4636,7.18851],[81.46165,7.18894],[81.46054,7.18739],[81.45961,7.18948],[81.45909,7.18798],[81.45765,7.18945],[81.4577,7.19243],[81.45519,7.19133],[81.45367,7.19374],[81.45217,7.19192],[81.45079,7.19202],[81.45108,7.19117],[81.45047,7.19108],[81.44991,7.19307],[81.44887,7.19355],[81.44914,7.19428],[81.44802,7.19446],[81.44835,7.19592],[81.44606,7.19389],[81.44216,7.19513],[81.44163,7.19453],[81.44254,7.19341],[81.4442,7.19207],[81.44474,7.19238],[81.4462,7.19034],[81.44688,7.18985],[81.44788,7.19061],[81.44886,7.18864],[81.44956,7.18925],[81.44917,7.18725],[81.45004,7.18652],[81.4493,7.18561],[81.44991,7.18507],[81.44829,7.18458],[81.44924,7.18309],[81.44694,7.18482],[81.44682,7.18288],[81.44612,7.18329],[81.4484,7.18078],[81.44562,7.18086],[81.4441,7.17805],[81.44261,7.17796],[81.44337,7.18092],[81.44508,7.18213],[81.44388,7.18321],[81.44495,7.18423],[81.44427,7.18539],[81.44507,7.18476],[81.445,7.18562],[81.44606,7.18566],[81.44645,7.1886],[81.47884,7.18987]]]},"properties":{"name":"Senanayake Samudraya","kind":"reservoir","ha":86}},{"type":"Feature","geometry":{"type":"Polygon","coordinates":[[[81.29237,8.49748],[81.29489,8.49856],[81.29838,8.50162],[81.29931,8.50189],[81.30068,8.50064],[81.30034,8.49809],[81.29826,8.49564],[81.30058,8.49081],[81.29893,8.48762],[81.29763,8.48933],[81.29789,8.49045],[81.29245,8.49333],[81.29169,8.49659],[81.29237,8.49748]]]},"properties":{"name":null,"kind":"water","ha":85}},{"type":"Feature","geometry":{"type":"Polygon","coordinates":[[[80.48002,8.91856],[80.48404,8.92324],[80.48585,8.92171],[80.48709,8.91897],[80.49066,8.91976],[80.49403,8.91826],[80.49105,8.91295],[80.48883,8.91297],[80.48151,8.91823],[80.48002,8.91856]]]},"properties":{"name":"Kombuvaithakulam","kind":"water","ha":85}},{"type":"Feature","geometry":{"type":"Polygon","coordinates":[[[81.54706,6.37114],[81.54905,6.37349],[81.54738,6.37665],[81.55262,6.3763],[81.55258,6.37913],[81.55469,6.37751],[81.5563,6.3782],[81.56123,6.37697],[81.56217,6.37793],[81.56172,6.37639],[81.56421,6.37403],[81.54706,6.37114]]]},"properties":{"name":"Pilinnewa Lagoon","kind":"lagoon","ha":85}},{"type":"Feature","geometry":{"type":"Polygon","coordinates":[[[81.25136,7.99695],[81.25452,7.99366],[81.25422,7.98729],[81.25261,7.98813],[81.25001,7.98815],[81.24995,7.98986],[81.2513,7.99031],[81.25107,7.99169],[81.24895,7.99202],[81.2462,7.99021],[81.24374,7.99076],[81.24355,7.99271],[81.24688,7.99524],[81.24589,7.99595],[81.24616,7.99934],[81.25136,7.99695]]]},"properties":{"name":null,"kind":"reservoir","ha":84}},{"type":"Feature","geometry":{"type":"Polygon","coordinates":[[[80.87333,8.64251],[80.8735,8.6407],[80.88002,8.63443],[80.8803,8.63194],[80.88287,8.63338],[80.88075,8.63703],[80.88151,8.64202],[80.8791,8.64386],[80.87943,8.64774],[80.87559,8.6467],[80.87333,8.64251]]]},"properties":{"name":"Dutu Weva","kind":"reservoir","ha":84}},{"type":"Feature","geometry":{"type":"Polygon","coordinates":[[[81.02224,6.20094],[81.0216,6.20333],[81.02285,6.20267],[81.02747,6.20814],[81.0289,6.2083],[81.03089,6.21153],[81.03349,6.21186],[81.03284,6.20941],[81.03444,6.20884],[81.03544,6.20706],[81.03392,6.20717],[81.03333,6.20562],[81.02704,6.20259],[81.03016,6.19959],[81.02714,6.19945],[81.02453,6.20063],[81.02266,6.20018],[81.02232,6.19926],[81.02224,6.20094]]]},"properties":{"name":"Kadawara wewa","kind":"reservoir","ha":84}},{"type":"Feature","geometry":{"type":"Polygon","coordinates":[[[80.5408,6.08339],[80.54232,6.08207],[80.54417,6.0829],[80.54325,6.08391],[80.54447,6.0853],[80.54341,6.08634],[80.54382,6.08712],[80.54287,6.08743],[80.54348,6.08872],[80.54215,6.08939],[80.54285,6.08989],[80.54417,6.08878],[80.54242,6.09063],[80.54407,6.09101],[80.54255,6.09137],[80.54253,6.09232],[80.54325,6.09248],[80.5426,6.09292],[80.54219,6.09197],[80.54154,6.09222],[80.54191,6.09018],[80.53971,6.0904],[80.53989,6.09122],[80.5408,6.0911],[80.539,6.09291],[80.5404,6.09306],[80.5402,6.09397],[80.54473,6.09341],[80.54735,6.09408],[80.54392,6.09426],[80.54431,6.09508],[80.54536,6.09509],[80.54425,6.09596],[80.54219,6.09488],[80.54202,6.09639],[80.54155,6.0958],[80.54096,6.09635],[80.5411,6.09521],[80.54032,6.09474],[80.54006,6.09566],[80.53909,6.09507],[80.53997,6.09582],[80.53919,6.09663],[80.53826,6.09618],[80.53831,6.09515],[80.53778,6.09654],[80.5362,6.0972],[80.53645,6.09794],[80.53759,6.0976],[80.53802,6.09819],[80.53752,6.09945],[80.53777,6.09854],[80.53677,6.09804],[80.53618,6.09858],[80.53559,6.09689],[80.53428,6.09717],[80.53357,6.09855],[80.53313,6.09738],[80.53286,6.09869],[80.53215,6.09825],[80.53086,6.09913],[80.53046,6.1008],[80.53115,6.10147],[80.52988,6.10238],[80.52912,6.10172],[80.53006,6.10205],[80.53064,6.10138],[80.53041,6.09977],[80.52968,6.09978],[80.53065,6.09861],[80.52958,6.09848],[80.53049,6.09749],[80.53211,6.09742],[80.53049,6.09613],[80.53186,6.09649],[80.53229,6.09566],[80.53525,6.09622],[80.53842,6.09414],[80.53495,6.09451],[80.53114,6.09182],[80.53747,6.09353],[80.53816,6.09243],[80.53614,6.09105],[80.53675,6.09046],[80.53844,6.09076],[80.53763,6.08776],[80.53872,6.08952],[80.53923,6.08873],[80.53959,6.08944],[80.54113,6.08871],[80.54022,6.08621],[80.53877,6.08579],[80.53839,6.08661],[80.53592,6.08552],[80.53516,6.08587],[80.53407,6.08398],[80.53478,6.08403],[80.53485,6.08521],[80.53676,6.08585],[80.53891,6.08398],[80.53951,6.08576],[80.54039,6.08563],[80.54177,6.08694],[80.54251,6.08678],[80.54308,6.08516],[80.5408,6.08421],[80.5408,6.08339]]]},"properties":{"name":"Lenabatuwa Lake","kind":"lake","ha":84}},{"type":"Feature","geometry":{"type":"Polygon","coordinates":[[[81.53765,7.4323],[81.53618,7.4326],[81.53168,7.43037],[81.53,7.43035],[81.53091,7.42822],[81.53036,7.4278],[81.53182,7.42676],[81.53038,7.42609],[81.53165,7.42436],[81.53058,7.4217],[81.53161,7.41979],[81.53043,7.41836],[81.53184,7.41661],[81.53084,7.41484],[81.52988,7.41542],[81.53064,7.40659],[81.52784,7.41253],[81.52722,7.42557],[81.52609,7.42865],[81.52461,7.43008],[81.52413,7.42962],[81.52164,7.43054],[81.5171,7.42807],[81.50858,7.42657],[81.53765,7.4323]]]},"properties":{"name":"Kalugaloya Reservoir","kind":"reservoir","ha":84}},{"type":"Feature","geometry":{"type":"Polygon","coordinates":[[[80.55318,8.255],[80.56121,8.24948],[80.56168,8.25121],[80.56417,8.25166],[80.56426,8.25359],[80.56312,8.25402],[80.56263,8.25542],[80.5656,8.26055],[80.56279,8.26116],[80.559,8.25727],[80.55566,8.25827],[80.55456,8.25517],[80.55318,8.255]]]},"properties":{"name":null,"kind":"water","ha":83}},{"type":"Feature","geometry":{"type":"Polygon","coordinates":[[[81.29722,8.45879],[81.2978,8.461],[81.30156,8.46247],[81.30307,8.46171],[81.30359,8.46002],[81.30218,8.45626],[81.29836,8.45495],[81.29813,8.45419],[81.29949,8.45237],[81.30066,8.4483],[81.29954,8.44736],[81.30137,8.44747],[81.30098,8.446],[81.29969,8.44552],[81.29834,8.44553],[81.29782,8.44634],[81.29884,8.449],[81.29831,8.45013],[81.29442,8.44781],[81.29142,8.44723],[81.29634,8.44982],[81.29548,8.45047],[81.29508,8.44981],[81.29411,8.45162],[81.29517,8.45224],[81.2951,8.45397],[81.29682,8.45535],[81.29722,8.45879]]]},"properties":{"name":null,"kind":"water","ha":83}},{"type":"Feature","geometry":{"type":"Polygon","coordinates":[[[80.61644,8.45699],[80.61614,8.46264],[80.61803,8.46813],[80.61869,8.46712],[80.62367,8.46794],[80.62497,8.46722],[80.62536,8.46448],[80.62474,8.46198],[80.61998,8.45967],[80.61912,8.45715],[80.61743,8.45743],[80.61649,8.45631],[80.61644,8.45699]]]},"properties":{"name":null,"kind":"lake","ha":83}},{"type":"Feature","geometry":{"type":"Polygon","coordinates":[[[81.53236,7.11482],[81.53099,7.11212],[81.53262,7.11179],[81.5312,7.11017],[81.53216,7.10927],[81.53102,7.10758],[81.53215,7.10783],[81.53241,7.10665],[81.53156,7.10576],[81.53124,7.10619],[81.53068,7.10442],[81.53137,7.10416],[81.5314,7.10501],[81.53149,7.10221],[81.53234,7.10247],[81.53155,7.10116],[81.53257,7.10004],[81.53166,7.09902],[81.53317,7.09953],[81.53346,7.09807],[81.53449,7.0981],[81.53356,7.09642],[81.5353,7.09501],[81.53415,7.09388],[81.53461,7.093],[81.53309,7.09075],[81.5316,7.09102],[81.53131,7.0899],[81.53007,7.08983],[81.5315,7.08961],[81.53136,7.08856],[81.52923,7.08731],[81.52863,7.08581],[81.52678,7.08534],[81.52939,7.08482],[81.52963,7.08569],[81.52868,7.08339],[81.52833,7.08459],[81.52723,7.08379],[81.53236,7.11482]]]},"properties":{"name":"Jayanthi Wewa","kind":"reservoir","ha":83}},{"type":"Feature","geometry":{"type":"Polygon","coordinates":[[[80.61911,7.67086],[80.61858,7.66976],[80.61957,7.66767],[80.61956,7.66452],[80.6189,7.66294],[80.62016,7.66118],[80.61835,7.65834],[80.62015,7.65417],[80.62175,7.65268],[80.62173,7.65153],[80.62137,7.65079],[80.61658,7.64926],[80.61579,7.64777],[80.61409,7.64854],[80.61287,7.65034],[80.60999,7.65062],[80.61102,7.64851],[80.6127,7.64892],[80.61484,7.64564],[80.61658,7.64488],[80.61793,7.64885],[80.62094,7.64994],[80.62157,7.64928],[80.62243,7.6506],[80.62303,7.64943],[80.62381,7.64945],[80.62265,7.65141],[80.62483,7.65328],[80.62335,7.65298],[80.62151,7.65436],[80.61934,7.65841],[80.62052,7.65957],[80.62337,7.65664],[80.62431,7.65702],[80.62297,7.65856],[80.62271,7.65986],[80.62348,7.66094],[80.62077,7.66304],[80.62207,7.66421],[80.6218,7.66591],[80.62349,7.66519],[80.62365,7.6658],[80.62612,7.66541],[80.62189,7.6674],[80.62109,7.6695],[80.62386,7.6695],[80.61911,7.67086]]]},"properties":{"name":"Nalanda Reservoir","kind":"reservoir","ha":83}},{"type":"Feature","geometry":{"type":"Polygon","coordinates":[[[81.72468,6.54284],[81.72083,6.53899],[81.71618,6.54092],[81.71434,6.54346],[81.71433,6.54527],[81.71638,6.54745],[81.72097,6.54756],[81.72538,6.54418],[81.72468,6.54284]]]},"properties":{"name":"Yakala Lagoon","kind":"lagoon","ha":83}},{"type":"Feature","geometry":{"type":"Polygon","coordinates":[[[80.38719,8.34752],[80.38692,8.3482],[80.38818,8.3477],[80.38919,8.35022],[80.39042,8.34844],[80.3929,8.34876],[80.39292,8.35025],[80.39445,8.35189],[80.39393,8.35367],[80.39043,8.356],[80.38721,8.3556],[80.38413,8.35163],[80.38478,8.34872],[80.38104,8.34896],[80.38087,8.3478],[80.38325,8.34705],[80.38719,8.34752]]]},"properties":{"name":"Basawakkulama","kind":"water","ha":82}},{"type":"Feature","geometry":{"type":"Polygon","coordinates":[[[81.59417,7.35516],[81.59493,7.35457],[81.59522,7.35136],[81.59365,7.35126],[81.59103,7.35379],[81.59029,7.35706],[81.59131,7.3596],[81.5905,7.36105],[81.59138,7.36191],[81.59123,7.36436],[81.59303,7.36447],[81.59299,7.36554],[81.59798,7.36217],[81.59666,7.35955],[81.59742,7.35811],[81.5954,7.35713],[81.59553,7.35605],[81.59417,7.35516]]]},"properties":{"name":"Andal Oya Tank","kind":"water","ha":82}},{"type":"Feature","geometry":{"type":"Polygon","coordinates":[[[81.03953,6.29044],[81.04031,6.2868],[81.04197,6.2838],[81.04328,6.28352],[81.04771,6.28475],[81.05243,6.29139],[81.05222,6.29216],[81.04997,6.29286],[81.04925,6.29255],[81.04861,6.28998],[81.0477,6.29186],[81.04593,6.29025],[81.04363,6.2909],[81.04232,6.29253],[81.04158,6.28975],[81.03953,6.29044]]]},"properties":{"name":null,"kind":"water","ha":82}},{"type":"Feature","geometry":{"type":"Polygon","coordinates":[[[79.85709,7.10391],[79.85837,7.10339],[79.85978,7.10662],[79.85949,7.10755],[79.86276,7.11049],[79.86076,7.11225],[79.86291,7.11318],[79.85973,7.11632],[79.86071,7.1179],[79.85992,7.12009],[79.86155,7.12116],[79.86224,7.12567],[79.86192,7.1211],[79.86075,7.11998],[79.86095,7.1179],[79.85998,7.11604],[79.86316,7.11313],[79.8611,7.11233],[79.86298,7.11053],[79.86104,7.1082],[79.86955,7.10898],[79.86985,7.10974],[79.86774,7.10928],[79.86747,7.11175],[79.86785,7.1095],[79.87108,7.11013],[79.87274,7.10747],[79.87518,7.10793],[79.87853,7.10706],[79.8828,7.11044],[79.88168,7.11717],[79.88259,7.1227],[79.88629,7.12398],[79.88857,7.12212],[79.89308,7.12597],[79.8939,7.12874],[79.88997,7.1333],[79.89012,7.13722],[79.8927,7.13845],[79.8914,7.14228],[79.89131,7.14602],[79.88646,7.14891],[79.88697,7.15135],[79.88427,7.15828],[79.8905,7.16176],[79.89684,7.16232],[79.89626,7.16142],[79.89443,7.16215],[79.89074,7.16147],[79.88479,7.1586],[79.88709,7.15218],[79.88683,7.14901],[79.89001,7.14773],[79.89158,7.1462],[79.89192,7.14122],[79.89335,7.1385],[79.89042,7.13698],[79.89044,7.13311],[79.89418,7.12826],[79.89341,7.12588],[79.8884,7.12161],[79.88605,7.1236],[79.88268,7.12227],[79.88204,7.11841],[79.88297,7.10998],[79.87828,7.10669],[79.87544,7.1075],[79.87255,7.10715],[79.87168,7.10844],[79.85998,7.10732],[79.85974,7.10551],[79.86069,7.10651],[79.86571,7.10468],[79.86554,7.10333],[79.86698,7.10165],[79.86732,7.0993],[79.86606,7.09988],[79.8653,7.10156],[79.86623,7.09856],[79.8632,7.10448],[79.85976,7.10489],[79.85864,7.1033],[79.85748,7.103],[79.85524,7.10543],[79.85493,7.10692],[79.85709,7.10391]]]},"properties":{"name":null,"kind":"river","ha":82}},{"type":"Feature","geometry":{"type":"Polygon","coordinates":[[[81.4249,7.19195],[81.42629,7.1957],[81.42907,7.19766],[81.42998,7.19931],[81.43048,7.19843],[81.43058,7.19932],[81.43113,7.19868],[81.43096,7.20145],[81.43208,7.20129],[81.43218,7.20274],[81.43466,7.1998],[81.43507,7.20394],[81.43607,7.20294],[81.43528,7.20618],[81.43415,7.20653],[81.43465,7.20828],[81.43308,7.20901],[81.43451,7.21117],[81.43364,7.21525],[81.43162,7.21588],[81.43302,7.21715],[81.43349,7.2169],[81.4249,7.19195]]]},"properties":{"name":"Senanayake Samudraya","kind":"reservoir","ha":82}},{"type":"Feature","geometry":{"type":"Polygon","coordinates":[[[81.23358,6.30637],[81.23137,6.3111],[81.23596,6.31184],[81.23358,6.31646],[81.23422,6.31811],[81.23575,6.31866],[81.23734,6.31728],[81.23755,6.31565],[81.23949,6.3144],[81.23785,6.31156],[81.23812,6.31068],[81.2412,6.31124],[81.24209,6.30971],[81.24408,6.31075],[81.24466,6.30971],[81.24451,6.30905],[81.23358,6.30637]]]},"properties":{"name":null,"kind":"water","ha":82}},{"type":"Feature","geometry":{"type":"Polygon","coordinates":[[[80.09411,9.66586],[80.09557,9.66553],[80.09758,9.66913],[80.10307,9.66651],[80.10406,9.6676],[80.10565,9.66647],[80.10123,9.65977],[80.0984,9.65965],[80.09539,9.66325],[80.09183,9.66379],[80.09183,9.66548],[80.09411,9.66586]]]},"properties":{"name":null,"kind":"water","ha":81}},{"type":"Feature","geometry":{"type":"Polygon","coordinates":[[[81.56722,7.24553],[81.5684,7.24627],[81.56973,7.24442],[81.5714,7.24581],[81.5736,7.24307],[81.57357,7.24097],[81.57611,7.24112],[81.5761,7.23977],[81.57726,7.2387],[81.57984,7.23788],[81.57232,7.23427],[81.57175,7.23546],[81.57013,7.23467],[81.56974,7.23593],[81.5706,7.23683],[81.56951,7.23719],[81.56903,7.23836],[81.56999,7.23951],[81.56762,7.2404],[81.56888,7.24082],[81.56948,7.24237],[81.56722,7.24553]]]},"properties":{"name":"Alioluwa Reservoir","kind":"reservoir","ha":81}},{"type":"Feature","geometry":{"type":"Polygon","coordinates":[[[80.18168,8.00655],[80.18231,8.00382],[80.18085,8.00015],[80.18176,7.99806],[80.18246,7.9985],[80.18898,7.99721],[80.18995,8.00091],[80.19397,8.00328],[80.19347,8.0049],[80.19134,8.00543],[80.18501,8.00312],[80.18168,8.00655]]]},"properties":{"name":"Maha Nanneriya wewa","kind":"lake","ha":81}},{"type":"Feature","geometry":{"type":"Polygon","coordinates":[[[81.08176,8.38506],[81.0863,8.38489],[81.08711,8.3811],[81.08642,8.38018],[81.08544,8.38128],[81.08354,8.38144],[81.08188,8.37761],[81.07929,8.37532],[81.07772,8.37641],[81.07714,8.38133],[81.07476,8.38253],[81.07571,8.38429],[81.08176,8.38506]]]},"properties":{"name":null,"kind":"lake","ha":81}},{"type":"Feature","geometry":{"type":"Polygon","coordinates":[[[81.51194,7.70759],[81.51434,7.70685],[81.51599,7.70428],[81.51793,7.70449],[81.52037,7.70006],[81.51728,7.69438],[81.51308,7.69447],[81.51168,7.69672],[81.51246,7.69879],[81.51609,7.70032],[81.51665,7.7017],[81.51067,7.70537],[81.50985,7.70646],[81.51009,7.70757],[81.51194,7.70759]]]},"properties":{"name":"Karadiyan Kulam","kind":"reservoir","ha":81}},{"type":"Feature","geometry":{"type":"Polygon","coordinates":[[[80.06791,9.59961],[80.06248,9.60265],[80.06177,9.60443],[80.06516,9.60784],[80.06201,9.61169],[80.06147,9.61465],[80.06784,9.61374],[80.06806,9.61031],[80.06636,9.60999],[80.066,9.60906],[80.0681,9.60758],[80.06791,9.59961]]]},"properties":{"name":"kalmunai","kind":"lagoon","ha":81}},{"type":"Feature","geometry":{"type":"Polygon","coordinates":[[[80.88281,7.19112],[80.8816,7.18662],[80.88351,7.18348],[80.8869,7.18675],[80.88776,7.1863],[80.88751,7.18718],[80.88911,7.18895],[80.88911,7.19035],[80.89052,7.18982],[80.8912,7.1922],[80.89264,7.19362],[80.89015,7.19505],[80.88962,7.19409],[80.88804,7.19422],[80.88738,7.19276],[80.88669,7.19415],[80.88362,7.19386],[80.88281,7.19112]]]},"properties":{"name":"Randenigala Reservoir","kind":"reservoir","ha":81}},{"type":"Feature","geometry":{"type":"Polygon","coordinates":[[[80.59953,8.10689],[80.60831,8.10632],[80.60802,8.1053],[80.60692,8.10583],[80.60716,8.10452],[80.60461,8.10475],[80.60323,8.10626],[80.60471,8.10431],[80.60445,8.10334],[80.60648,8.09935],[80.60569,8.09851],[80.60574,8.09629],[80.60318,8.09605],[80.60143,8.09679],[80.60032,8.1016],[80.59644,8.10504],[80.59758,8.10649],[80.59729,8.10711],[80.59953,8.10689]]]},"properties":{"name":null,"kind":"lake","ha":80}},{"type":"Feature","geometry":{"type":"Polygon","coordinates":[[[80.95505,8.80211],[80.95545,8.79774],[80.95701,8.79661],[80.95555,8.79554],[80.95531,8.79349],[80.95244,8.79275],[80.94907,8.79667],[80.94625,8.80194],[80.94817,8.80294],[80.9498,8.8016],[80.95546,8.8041],[80.95505,8.80211]]]},"properties":{"name":"Thalgaswewa","kind":"reservoir","ha":80}},{"type":"Feature","geometry":{"type":"Polygon","coordinates":[[[80.54507,8.1602],[80.55615,8.16437],[80.55681,8.16385],[80.55538,8.1638],[80.55383,8.16258],[80.55487,8.16036],[80.55664,8.15951],[80.55668,8.1529],[80.55367,8.15342],[80.5535,8.1561],[80.55244,8.15723],[80.55008,8.15478],[80.5482,8.15505],[80.54795,8.15975],[80.54507,8.1602]]]},"properties":{"name":null,"kind":"reservoir","ha":80}},{"type":"Feature","geometry":{"type":"Polygon","coordinates":[[[81.06642,6.356],[81.06433,6.35501],[81.0633,6.35717],[81.06417,6.35964],[81.06294,6.36059],[81.06394,6.3615],[81.0637,6.36303],[81.06536,6.36315],[81.06507,6.36378],[81.06788,6.36571],[81.06957,6.36511],[81.07042,6.36358],[81.06867,6.35998],[81.06939,6.35893],[81.07037,6.35915],[81.07047,6.35767],[81.07343,6.35694],[81.07412,6.35853],[81.07745,6.35735],[81.07675,6.35543],[81.07572,6.35483],[81.0694,6.35652],[81.06642,6.356]]]},"properties":{"name":"Ranmudu Wewa","kind":"reservoir","ha":80}},{"type":"Feature","geometry":{"type":"Polygon","coordinates":[[[81.08315,6.30726],[81.08025,6.30899],[81.08039,6.30987],[81.0824,6.31075],[81.08796,6.30993],[81.09224,6.30628],[81.09281,6.30657],[81.09125,6.30364],[81.08618,6.30052],[81.08657,6.30139],[81.08462,6.30365],[81.08236,6.30383],[81.08377,6.30521],[81.08315,6.30726]]]},"properties":{"name":"Pahala Andara Wew","kind":"reservoir","ha":80}},{"type":"Feature","geometry":{"type":"Polygon","coordinates":[[[81.17687,6.17163],[81.1806,6.16956],[81.18235,6.17049],[81.1827,6.17388],[81.1816,6.17631],[81.18248,6.17791],[81.18207,6.17884],[81.18471,6.18],[81.18447,6.18254],[81.18316,6.18474],[81.18332,6.18877],[81.18254,6.18868],[81.17687,6.17163]]]},"properties":{"name":null,"kind":"water","ha":80}},{"type":"Feature","geometry":{"type":"Polygon","coordinates":[[[80.34573,9.07772],[80.34635,9.07733],[80.34328,9.06685],[80.3424,9.06537],[80.33892,9.06371],[80.33963,9.06238],[80.34484,9.05946],[80.34645,9.06018],[80.34839,9.06428],[80.34771,9.06855],[80.34533,9.07271],[80.34673,9.07751],[80.34573,9.07772]]]},"properties":{"name":"Kidaipidiththa Kulam","kind":"pond","ha":79}},{"type":"Feature","geometry":{"type":"Polygon","coordinates":[[[81.5126,6.77804],[81.512,6.77713],[81.51014,6.77733],[81.5113,6.77674],[81.51107,6.77461],[81.50955,6.77373],[81.50862,6.77464],[81.50871,6.77749],[81.50986,6.77758],[81.50882,6.78037],[81.50671,6.78094],[81.50594,6.78005],[81.50258,6.78026],[81.50263,6.78251],[81.5058,6.7837],[81.50715,6.78556],[81.51027,6.78522],[81.51194,6.78649],[81.51195,6.78537],[81.51334,6.78467],[81.51266,6.78352],[81.51355,6.78343],[81.5126,6.77804]]]},"properties":{"name":"Kotiyagala Wewa","kind":"reservoir","ha":79}},{"type":"Feature","geometry":{"type":"Polygon","coordinates":[[[80.72119,9.34156],[80.72069,9.34112],[80.72164,9.34069],[80.72361,9.34095],[80.72535,9.33908],[80.72546,9.3372],[80.72449,9.33648],[80.72492,9.33415],[80.72617,9.33436],[80.7273,9.33241],[80.72885,9.33341],[80.72992,9.3346],[80.72986,9.33544],[80.72842,9.33568],[80.73011,9.3423],[80.7295,9.34327],[80.72398,9.34275],[80.7232,9.34381],[80.72351,9.34482],[80.72591,9.3455],[80.72665,9.34666],[80.7253,9.3478],[80.72418,9.3467],[80.72342,9.34846],[80.72164,9.34754],[80.72232,9.34294],[80.72151,9.34277],[80.72119,9.34156]]]},"properties":{"name":"Uvakaiyadi Pachchai Kulam","kind":"water","ha":79}},{"type":"Feature","geometry":{"type":"Polygon","coordinates":[[[80.46893,8.09713],[80.47322,8.09967],[80.48018,8.10163],[80.48005,8.10265],[80.47881,8.10263],[80.47777,8.10601],[80.47696,8.10623],[80.47589,8.10475],[80.47279,8.10559],[80.47142,8.10741],[80.46998,8.10565],[80.46939,8.10552],[80.46905,8.10655],[80.46893,8.09713]]]},"properties":{"name":null,"kind":"reservoir","ha":79}},{"type":"Feature","geometry":{"type":"Polygon","coordinates":[[[80.31461,9.18079],[80.31397,9.18038],[80.31451,9.179],[80.31288,9.17279],[80.31807,9.17163],[80.32099,9.17194],[80.32339,9.17549],[80.32217,9.17759],[80.31461,9.18079]]]},"properties":{"name":"Therankandal Kulam","kind":"water","ha":78}},{"type":"Feature","geometry":{"type":"Polygon","coordinates":[[[81.31687,8.11612],[81.31718,8.11307],[81.319,8.11148],[81.32038,8.10875],[81.32186,8.10786],[81.31993,8.10792],[81.32185,8.10522],[81.32047,8.10286],[81.31517,8.1028],[81.31459,8.10445],[81.31309,8.10515],[81.31409,8.10898],[81.31371,8.11009],[81.31439,8.11148],[81.31689,8.11321],[81.31556,8.11453],[81.31687,8.11612]]]},"properties":{"name":"Aandankulam","kind":"water","ha":78}},{"type":"Feature","geometry":{"type":"Polygon","coordinates":[[[80.20419,8.89248],[80.2093,8.89032],[80.21365,8.88606],[80.21117,8.88742],[80.21031,8.88453],[80.20678,8.88065],[80.20489,8.87991],[80.20288,8.88315],[80.20597,8.89032],[80.20419,8.89248]]]},"properties":{"name":"Thatchana maruthamadu","kind":"water","ha":78}},{"type":"Feature","geometry":{"type":"Polygon","coordinates":[[[81.59606,7.01809],[81.59498,7.01831],[81.59333,7.01676],[81.59301,7.01907],[81.58975,7.01706],[81.58945,7.01954],[81.58713,7.02007],[81.58575,7.01938],[81.58505,7.0199],[81.5857,7.02001],[81.58562,7.02091],[81.58323,7.02196],[81.58147,7.02184],[81.58149,7.02284],[81.58343,7.02355],[81.58442,7.02285],[81.58445,7.02365],[81.58529,7.02252],[81.58675,7.0236],[81.58754,7.02272],[81.58886,7.02373],[81.58893,7.0223],[81.58978,7.02249],[81.58918,7.0254],[81.59022,7.02693],[81.59155,7.02616],[81.59097,7.02513],[81.59201,7.02474],[81.59227,7.02332],[81.595,7.02435],[81.59506,7.02319],[81.59666,7.02296],[81.59606,7.01809]]]},"properties":{"name":"Sugaladevi Wewa","kind":"reservoir","ha":78}},{"type":"Feature","geometry":{"type":"Polygon","coordinates":[[[80.4581,8.64881],[80.45949,8.64881],[80.46092,8.64704],[80.46621,8.64416],[80.46592,8.64063],[80.46374,8.64026],[80.4643,8.63945],[80.46174,8.63937],[80.45641,8.64098],[80.45533,8.63989],[80.45423,8.63995],[80.4561,8.64203],[80.4581,8.64881]]]},"properties":{"name":null,"kind":"reservoir","ha":78}},{"type":"Feature","geometry":{"type":"Polygon","coordinates":[[[80.45383,8.8398],[80.45812,8.83905],[80.45948,8.83736],[80.46105,8.83693],[80.46103,8.83338],[80.4569,8.83081],[80.45391,8.83114],[80.45277,8.83046],[80.4515,8.83399],[80.45383,8.8398]]]},"properties":{"name":null,"kind":"water","ha":78}},{"type":"Feature","geometry":{"type":"Polygon","coordinates":[[[79.79403,7.72857],[79.7951,7.72789],[79.7944,7.72672],[79.79712,7.72747],[79.79869,7.72363],[79.80092,7.72314],[79.80055,7.72392],[79.80188,7.72606],[79.80149,7.7238],[79.80444,7.72362],[79.80558,7.72209],[79.80523,7.71859],[79.80143,7.71344],[79.79403,7.72857]]]},"properties":{"name":null,"kind":"river","ha":78}},{"type":"Feature","geometry":{"type":"Polygon","coordinates":[[[80.49432,8.53815],[80.5023,8.5361],[80.5037,8.54028],[80.50311,8.54136],[80.5041,8.54209],[80.50352,8.54345],[80.50102,8.54511],[80.50031,8.54676],[80.49845,8.54638],[80.49765,8.54354],[80.49523,8.54132],[80.49561,8.5397],[80.49487,8.53985],[80.49432,8.53815]]]},"properties":{"name":null,"kind":"reservoir","ha":77}},{"type":"Feature","geometry":{"type":"Polygon","coordinates":[[[80.33867,7.32107],[80.33204,7.32314],[80.32473,7.32727],[80.32056,7.32838],[80.31729,7.32108],[80.3147,7.32063],[80.31181,7.32263],[80.30852,7.31997],[80.30475,7.31848],[80.28987,7.3149],[80.28965,7.31551],[80.30578,7.31955],[80.31,7.3216],[80.3122,7.3238],[80.31321,7.32226],[80.31581,7.32129],[80.318,7.32313],[80.32057,7.32909],[80.32436,7.32802],[80.33088,7.32421],[80.34028,7.32108],[80.34157,7.31774],[80.34411,7.31827],[80.34528,7.32058],[80.34677,7.3214],[80.34843,7.32039],[80.3512,7.31541],[80.35532,7.31708],[80.36595,7.31803],[80.37023,7.31756],[80.37536,7.31875],[80.37623,7.318],[80.37688,7.31404],[80.37764,7.31362],[80.37707,7.31344],[80.37534,7.3182],[80.3699,7.31679],[80.36583,7.31752],[80.36006,7.31721],[80.35108,7.31491],[80.34955,7.3161],[80.34748,7.32039],[80.34586,7.32033],[80.34468,7.31776],[80.34168,7.31712],[80.34062,7.31775],[80.3398,7.32046],[80.33867,7.32107]]]},"properties":{"name":null,"kind":"river","ha":77}},{"type":"Feature","geometry":{"type":"Polygon","coordinates":[[[80.35591,9.24065],[80.35914,9.24301],[80.36113,9.24338],[80.36659,9.24122],[80.36451,9.23958],[80.36695,9.23317],[80.36632,9.22963],[80.36023,9.23794],[80.35807,9.23854],[80.35591,9.24065]]]},"properties":{"name":"Maruthan Kulam","kind":"reservoir","ha":77}},{"type":"Feature","geometry":{"type":"Polygon","coordinates":[[[81.1169,8.72509],[81.1187,8.72435],[81.12059,8.7215],[81.12033,8.72036],[81.12084,8.72083],[81.1212,8.71996],[81.11945,8.71829],[81.11837,8.71824],[81.11841,8.71638],[81.11655,8.71658],[81.11574,8.7158],[81.11496,8.71262],[81.11266,8.71175],[81.11222,8.71517],[81.11053,8.71564],[81.11065,8.71634],[81.11293,8.71818],[81.11286,8.72188],[81.11611,8.72302],[81.1169,8.72509]]]},"properties":{"name":null,"kind":"water","ha":77}},{"type":"Feature","geometry":{"type":"Polygon","coordinates":[[[81.36863,8.4178],[81.36422,8.43809],[81.36142,8.44417],[81.35887,8.44482],[81.35866,8.4425],[81.36159,8.43611],[81.36124,8.43397],[81.36249,8.43368],[81.36364,8.43125],[81.36502,8.42578],[81.36621,8.42451],[81.36863,8.4178]]]},"properties":{"name":null,"kind":"water","ha":77}},{"type":"Feature","geometry":{"type":"Polygon","coordinates":[[[81.87632,7.01719],[81.87483,7.01627],[81.87253,7.01056],[81.8693,7.00827],[81.86558,7.00986],[81.86349,7.01341],[81.86162,7.0148],[81.86061,7.01865],[81.85829,7.0181],[81.8578,7.01537],[81.86035,7.01384],[81.86179,7.00958],[81.86273,7.00925],[81.86329,7.01068],[81.86635,7.00798],[81.86402,7.00766],[81.86395,7.0068],[81.86958,7.00592],[81.87312,7.0083],[81.87632,7.01719]]]},"properties":{"name":"Lagoon","kind":"water","ha":77}},{"type":"Feature","geometry":{"type":"Polygon","coordinates":[[[80.35752,8.06074],[80.3645,8.06725],[80.36523,8.06727],[80.36501,8.066],[80.36565,8.06547],[80.36676,8.06534],[80.36725,8.06607],[80.36911,8.06533],[80.36951,8.06411],[80.3673,8.06139],[80.36764,8.05974],[80.36599,8.05818],[80.36837,8.05652],[80.36533,8.05719],[80.35891,8.06066],[80.35798,8.05985],[80.35752,8.06074]]]},"properties":{"name":"Meegalewa Wewa","kind":"reservoir","ha":77}},{"type":"Feature","geometry":{"type":"Polygon","coordinates":[[[80.56291,8.53901],[80.56937,8.54333],[80.57229,8.54341],[80.5741,8.54224],[80.57445,8.54079],[80.57298,8.53781],[80.5734,8.53513],[80.56762,8.53579],[80.56291,8.53901]]]},"properties":{"name":null,"kind":"water","ha":77}},{"type":"Feature","geometry":{"type":"Polygon","coordinates":[[[81.51475,7.21232],[81.5156,7.21292],[81.51567,7.21157],[81.51659,7.21183],[81.51551,7.21395],[81.51662,7.21401],[81.51661,7.21499],[81.51594,7.21499],[81.51725,7.21648],[81.51504,7.2172],[81.51608,7.21915],[81.51504,7.21996],[81.51577,7.21965],[81.51594,7.22064],[81.51704,7.22035],[81.51764,7.22129],[81.5198,7.22191],[81.52106,7.22437],[81.52115,7.22331],[81.52253,7.22314],[81.52414,7.22435],[81.52418,7.22276],[81.52536,7.22311],[81.52465,7.22227],[81.52593,7.22118],[81.52506,7.21959],[81.52753,7.22201],[81.52693,7.22051],[81.52813,7.22047],[81.51475,7.21232]]]},"properties":{"name":"Senanayake Samudraya","kind":"reservoir","ha":77}},{"type":"Feature","geometry":{"type":"Polygon","coordinates":[[[79.8478,7.23542],[79.84704,7.23895],[79.84515,7.24215],[79.84516,7.2554],[79.84391,7.2587],[79.84458,7.26146],[79.8442,7.26718],[79.8464,7.26845],[79.8478,7.23542]]]},"properties":{"name":null,"kind":"canal","ha":77}},{"type":"Feature","geometry":{"type":"Polygon","coordinates":[[[80.16876,9.43277],[80.17181,9.43345],[80.17429,9.43305],[80.17336,9.42937],[80.18006,9.42049],[80.18256,9.41488],[80.18903,9.41053],[80.1869,9.40822],[80.18552,9.40485],[80.18529,9.4021],[80.186,9.40063],[80.18606,9.40542],[80.18921,9.41056],[80.18273,9.41514],[80.1801,9.42207],[80.17699,9.42488],[80.17552,9.42796],[80.17354,9.42963],[80.17483,9.43182],[80.17449,9.43343],[80.16954,9.43359],[80.16563,9.43076],[80.16414,9.43172],[80.16453,9.43861],[80.16571,9.4394],[80.16823,9.43906],[80.17025,9.4415],[80.16919,9.44337],[80.16437,9.44449],[80.16429,9.44588],[80.16684,9.44693],[80.16604,9.44931],[80.16275,9.45057],[80.16004,9.44914],[80.15827,9.45155],[80.15635,9.45029],[80.15612,9.44879],[80.16081,9.44726],[80.1629,9.44763],[80.1624,9.44848],[80.1611,9.44835],[80.16274,9.44941],[80.1652,9.44872],[80.16371,9.44623],[80.164,9.44401],[80.16575,9.44307],[80.16606,9.44163],[80.16741,9.44309],[80.16891,9.44292],[80.16964,9.4417],[80.16881,9.44028],[80.16555,9.44022],[80.16398,9.43903],[80.16282,9.43622],[80.16366,9.43173],[80.1659,9.43023],[80.16772,9.43066],[80.16757,9.43163],[80.16876,9.43277]]]},"properties":{"name":null,"kind":"river","ha":77}},{"type":"Feature","geometry":{"type":"Polygon","coordinates":[[[81.77126,6.67079],[81.76969,6.6726],[81.77088,6.67638],[81.76881,6.67998],[81.76584,6.6798],[81.76367,6.67577],[81.76133,6.67449],[81.76186,6.67391],[81.76133,6.672],[81.76208,6.67098],[81.76465,6.67117],[81.76635,6.67302],[81.76812,6.6719],[81.77032,6.67003],[81.77126,6.66624],[81.77126,6.67079]]]},"properties":{"name":"Helawa Lagoon","kind":"lagoon","ha":77}},{"type":"Feature","geometry":{"type":"Polygon","coordinates":[[[81.34914,8.2332],[81.35257,8.23303],[81.35536,8.23069],[81.35596,8.22895],[81.35437,8.22445],[81.3509,8.22417],[81.34805,8.22565],[81.34702,8.23108],[81.34914,8.2332]]]},"properties":{"name":"Thikkaanai Kulam","kind":"water","ha":76}},{"type":"Feature","geometry":{"type":"Polygon","coordinates":[[[80.99547,7.66623],[80.99419,7.67509],[80.98729,7.68892],[80.98802,7.6918],[80.99143,7.69636],[80.99148,7.69752],[80.98772,7.72304],[80.98871,7.7232],[80.99074,7.71021],[80.99083,7.70464],[80.99263,7.69724],[80.99226,7.69558],[80.98884,7.69076],[80.98853,7.68838],[80.99211,7.68282],[80.99516,7.67544],[80.99635,7.66615],[80.99547,7.66623]]]},"properties":{"name":null,"kind":"river","ha":76}},{"type":"Feature","geometry":{"type":"Polygon","coordinates":[[[80.15952,9.75017],[80.16112,9.7494],[80.15992,9.74576],[80.15206,9.74643],[80.15119,9.74573],[80.15108,9.74179],[80.15238,9.74144],[80.15581,9.74293],[80.15791,9.74188],[80.15882,9.73922],[80.16163,9.73944],[80.16214,9.74065],[80.16144,9.74246],[80.16328,9.74348],[80.16378,9.74484],[80.1626,9.74747],[80.15952,9.75017]]]},"properties":{"name":"Uppu Aru Lagoon","kind":"lagoon","ha":76}},{"type":"Feature","geometry":{"type":"Polygon","coordinates":[[[80.57741,7.13278],[80.58018,7.13495],[80.57743,7.14486],[80.57741,7.15094],[80.57245,7.16106],[80.57741,7.13278]]]},"properties":{"name":null,"kind":"river","ha":76}},{"type":"Feature","geometry":{"type":"Polygon","coordinates":[[[80.59987,7.2689],[80.59926,7.27499],[80.59226,7.27753],[80.5917,7.27596],[80.59282,7.2722],[80.59348,7.26429],[80.59385,7.26629],[80.59987,7.2689]]]},"properties":{"name":null,"kind":"river","ha":76}},{"type":"Feature","geometry":{"type":"Polygon","coordinates":[[[80.17802,6.84699],[80.1787,6.8364],[80.17967,6.83441],[80.17874,6.83364],[80.18218,6.82671],[80.18315,6.82609],[80.18505,6.82059],[80.18428,6.82477],[80.18492,6.82619],[80.18399,6.82724],[80.18404,6.82951],[80.18305,6.82876],[80.18268,6.82992],[80.1835,6.83038],[80.18227,6.83704],[80.18119,6.8372],[80.18125,6.83951],[80.18236,6.83931],[80.18239,6.84053],[80.18368,6.84104],[80.18141,6.84247],[80.17904,6.84718],[80.17802,6.84699]]]},"properties":{"name":"Labugama Tank","kind":"reservoir","ha":76}},{"type":"Feature","geometry":{"type":"Polygon","coordinates":[[[81.17437,8.6418],[81.17801,8.64057],[81.18012,8.64066],[81.18134,8.64165],[81.18223,8.64333],[81.18084,8.64536],[81.17899,8.64617],[81.18177,8.64943],[81.18081,8.65088],[81.17421,8.64741],[81.17207,8.64291],[81.17437,8.6418]]]},"properties":{"name":"Periyakulam","kind":"water","ha":75}},{"type":"Feature","geometry":{"type":"Polygon","coordinates":[[[80.37756,7.46821],[80.38101,7.46842],[80.383,7.47036],[80.38405,7.47301],[80.3858,7.47236],[80.38639,7.47061],[80.38444,7.46921],[80.38493,7.46656],[80.38335,7.46587],[80.3818,7.46348],[80.3821,7.46165],[80.38135,7.46176],[80.38107,7.46313],[80.37925,7.46382],[80.37849,7.46074],[80.37383,7.45958],[80.37535,7.46244],[80.37656,7.46808],[80.37756,7.46821]]]},"properties":{"name":"Wendaru Wewa","kind":"lake","ha":75}},{"type":"Feature","geometry":{"type":"Polygon","coordinates":[[[81.04007,6.58198],[81.04379,6.58184],[81.04355,6.57873],[81.04463,6.57823],[81.04603,6.57472],[81.04622,6.57131],[81.04484,6.57162],[81.04236,6.56878],[81.04031,6.57154],[81.04165,6.57395],[81.04059,6.57514],[81.0405,6.57806],[81.03824,6.57819],[81.038,6.57911],[81.04007,6.58198]]]},"properties":{"name":null,"kind":"lake","ha":75}},{"type":"Feature","geometry":{"type":"Polygon","coordinates":[[[81.33402,8.46581],[81.33581,8.46027],[81.3374,8.45846],[81.33617,8.45755],[81.33671,8.45733],[81.33586,8.45561],[81.33361,8.45588],[81.33277,8.45804],[81.32964,8.45614],[81.32816,8.45853],[81.33101,8.46167],[81.32928,8.46259],[81.32908,8.46447],[81.33061,8.46656],[81.33238,8.4658],[81.33313,8.46656],[81.33402,8.46581]]]},"properties":{"name":null,"kind":"water","ha":75}},{"type":"Feature","geometry":{"type":"Polygon","coordinates":[[[80.98416,7.77212],[80.98375,7.76575],[80.98676,7.74837],[80.98621,7.74035],[80.98831,7.72998],[80.98772,7.72304],[80.98871,7.7232],[80.98939,7.72939],[80.98758,7.73832],[80.98784,7.74947],[80.98506,7.7662],[80.9853,7.77212],[80.98416,7.77212]]]},"properties":{"name":null,"kind":"river","ha":75}},{"type":"Feature","geometry":{"type":"Polygon","coordinates":[[[80.78913,7.26587],[80.78946,7.2634],[80.79059,7.26257],[80.78935,7.26046],[80.79068,7.25862],[80.78981,7.2576],[80.79046,7.25676],[80.79008,7.25597],[80.79134,7.25473],[80.79256,7.25478],[80.79335,7.25588],[80.79718,7.25456],[80.79838,7.25709],[80.79941,7.25599],[80.80105,7.25675],[80.80113,7.25528],[80.79963,7.25518],[80.79937,7.25405],[80.79995,7.25257],[80.80132,7.25263],[80.80091,7.24819],[80.80015,7.24738],[80.80081,7.24319],[80.79951,7.24399],[80.79878,7.24308],[80.79803,7.24405],[80.79776,7.2472],[80.79903,7.24934],[80.79796,7.2522],[80.79671,7.2512],[80.79233,7.25274],[80.79173,7.25054],[80.79019,7.251],[80.78913,7.26587]]]},"properties":{"name":"Victoaria Resevoir","kind":"reservoir","ha":75}},{"type":"Feature","geometry":{"type":"Polygon","coordinates":[[[81.56636,6.80843],[81.56349,6.80853],[81.56265,6.80695],[81.56319,6.80551],[81.56567,6.80456],[81.56806,6.80158],[81.56893,6.80189],[81.56936,6.80112],[81.57142,6.80235],[81.57055,6.80544],[81.57686,6.80696],[81.57624,6.80979],[81.57556,6.81012],[81.5723,6.80926],[81.57179,6.80772],[81.57263,6.80666],[81.56988,6.80595],[81.56864,6.80668],[81.57066,6.80926],[81.56992,6.81076],[81.56712,6.80965],[81.56636,6.80843]]]},"properties":{"name":null,"kind":"water","ha":74}},{"type":"Feature","geometry":{"type":"Polygon","coordinates":[[[80.22447,9.47043],[80.22822,9.47008],[80.23433,9.4661],[80.23424,9.46474],[80.23252,9.46371],[80.23108,9.46394],[80.22462,9.46762],[80.21911,9.46884],[80.21758,9.47205],[80.21864,9.47306],[80.22447,9.47043]]]},"properties":{"name":"Periya Thampirai Kulam","kind":"water","ha":74}},{"type":"Feature","geometry":{"type":"Polygon","coordinates":[[[81.71864,6.87937],[81.71799,6.88225],[81.71943,6.88268],[81.72076,6.88194],[81.72166,6.88396],[81.7185,6.89111],[81.71541,6.88837],[81.71558,6.88697],[81.71379,6.88565],[81.71393,6.88384],[81.71193,6.88147],[81.71571,6.87927],[81.71864,6.87937]]]},"properties":{"name":"Kitulana Tank","kind":"reservoir","ha":74}},{"type":"Feature","geometry":{"type":"Polygon","coordinates":[[[80.48517,8.29383],[80.48527,8.29595],[80.48891,8.30279],[80.48951,8.30194],[80.49149,8.30331],[80.49476,8.30209],[80.49492,8.30043],[80.49348,8.29897],[80.49266,8.29514],[80.49164,8.29449],[80.4902,8.29509],[80.48822,8.29472],[80.48747,8.29331],[80.48517,8.29383]]]},"properties":{"name":null,"kind":"lake","ha":73}},{"type":"Feature","geometry":{"type":"Polygon","coordinates":[[[80.87565,8.67916],[80.87756,8.67659],[80.87964,8.678],[80.8793,8.67684],[80.88023,8.6753],[80.87915,8.6724],[80.87699,8.67119],[80.87291,8.66579],[80.87065,8.66728],[80.87052,8.66888],[80.87194,8.67068],[80.87105,8.67187],[80.87121,8.67264],[80.8741,8.67412],[80.87431,8.67724],[80.87565,8.67916]]]},"properties":{"name":null,"kind":"water","ha":73}},{"type":"Feature","geometry":{"type":"Polygon","coordinates":[[[80.66514,8.6143],[80.66613,8.61149],[80.67501,8.60891],[80.6738,8.60688],[80.6692,8.60679],[80.66524,8.60449],[80.66339,8.60482],[80.6631,8.60557],[80.66099,8.60542],[80.66125,8.60812],[80.66258,8.60986],[80.66335,8.60979],[80.66514,8.6143]]]},"properties":{"name":null,"kind":"lake","ha":73}},{"type":"Feature","geometry":{"type":"Polygon","coordinates":[[[81.53601,7.11999],[81.536,7.12165],[81.53508,7.12191],[81.53579,7.12268],[81.53481,7.12302],[81.5348,7.12459],[81.53273,7.12707],[81.53316,7.12759],[81.53226,7.12888],[81.53298,7.12959],[81.5322,7.12925],[81.53152,7.13084],[81.52999,7.13103],[81.53007,7.13188],[81.52903,7.13253],[81.53005,7.13184],[81.52938,7.13176],[81.53043,7.13067],[81.52987,7.13013],[81.53081,7.12836],[81.52918,7.12752],[81.53011,7.12777],[81.53129,7.12631],[81.531,7.12493],[81.52951,7.12444],[81.5294,7.12371],[81.53025,7.12416],[81.53081,7.1229],[81.53212,7.12274],[81.53235,7.12142],[81.531,7.1203],[81.53264,7.11918],[81.5307,7.11799],[81.53003,7.11862],[81.53056,7.11714],[81.52975,7.11648],[81.52793,7.1173],[81.5274,7.11565],[81.52585,7.11584],[81.5272,7.11482],[81.52592,7.11483],[81.5274,7.11452],[81.52785,7.11349],[81.52757,7.11439],[81.52845,7.11486],[81.52799,7.11427],[81.52903,7.11324],[81.52813,7.11287],[81.52874,7.11242],[81.53028,7.11435],[81.53236,7.11482],[81.53601,7.11999]]]},"properties":{"name":"Jayanthi Wewa","kind":"reservoir","ha":73}},{"type":"Feature","geometry":{"type":"Polygon","coordinates":[[[81.22178,8.12409],[81.22207,8.12343],[81.21924,8.11959],[81.21555,8.11837],[81.21243,8.11521],[81.20961,8.11435],[81.20959,8.11313],[81.20396,8.1098],[81.20077,8.10631],[81.19942,8.1061],[81.19813,8.10468],[81.19962,8.09914],[81.22178,8.12409]]]},"properties":{"name":null,"kind":"river","ha":73}},{"type":"Feature","geometry":{"type":"Polygon","coordinates":[[[80.42187,8.40384],[80.41836,8.40582],[80.41981,8.41216],[80.42104,8.41561],[80.4248,8.41556],[80.4257,8.41452],[80.42324,8.40978],[80.42531,8.406],[80.4238,8.4024],[80.42187,8.40384]]]},"properties":{"name":null,"kind":"water","ha":72}},{"type":"Feature","geometry":{"type":"Polygon","coordinates":[[[80.57199,8.78811],[80.58016,8.78753],[80.57924,8.78352],[80.58144,8.77953],[80.58029,8.77917],[80.57972,8.7809],[80.5784,8.77757],[80.57582,8.77779],[80.57441,8.77941],[80.57415,8.78271],[80.57199,8.78811]]]},"properties":{"name":"Mahakachchikodiya Tank","kind":"water","ha":72}},{"type":"Feature","geometry":{"type":"Polygon","coordinates":[[[81.17714,8.51039],[81.17792,8.5107],[81.17796,8.5087],[81.17709,8.50599],[81.17636,8.50572],[81.17643,8.50436],[81.17812,8.5006],[81.17773,8.49691],[81.17902,8.49282],[81.17737,8.49219],[81.17666,8.49307],[81.17648,8.49186],[81.17545,8.49119],[81.17622,8.48931],[81.17418,8.49178],[81.17508,8.49684],[81.17392,8.49863],[81.17598,8.50058],[81.17594,8.50277],[81.1725,8.5062],[81.17714,8.51039]]]},"properties":{"name":null,"kind":"water","ha":72}},{"type":"Feature","geometry":{"type":"Polygon","coordinates":[[[80.18713,8.36131],[80.19436,8.36556],[80.19369,8.36331],[80.1956,8.3614],[80.19807,8.36034],[80.19723,8.35862],[80.19876,8.35331],[80.19758,8.35253],[80.19627,8.35335],[80.1902,8.3601],[80.18713,8.36131]]]},"properties":{"name":null,"kind":"water","ha":71}},{"type":"Feature","geometry":{"type":"Polygon","coordinates":[[[80.18866,7.77241],[80.18832,7.7701],[80.18683,7.76837],[80.18823,7.76577],[80.18678,7.76656],[80.18541,7.76606],[80.18472,7.7631],[80.18372,7.76489],[80.18253,7.76532],[80.18178,7.76888],[80.18337,7.76962],[80.18757,7.7786],[80.18953,7.77928],[80.19028,7.77872],[80.18889,7.77471],[80.18899,7.77374],[80.19064,7.77306],[80.18866,7.77241]]]},"properties":{"name":"Randenigama Tank","kind":"reservoir","ha":71}},{"type":"Feature","geometry":{"type":"Polygon","coordinates":[[[80.98364,7.81767],[80.98193,7.81431],[80.98199,7.78761],[80.98416,7.77212],[80.9853,7.77212],[80.98336,7.7847],[80.98294,7.80404],[80.9835,7.81383],[80.9857,7.81677],[80.98364,7.81767]]]},"properties":{"name":null,"kind":"river","ha":71}},{"type":"Feature","geometry":{"type":"Polygon","coordinates":[[[80.7762,7.28039],[80.7757,7.28126],[80.77464,7.28033],[80.77235,7.28118],[80.77224,7.27924],[80.77071,7.27959],[80.77157,7.27766],[80.77034,7.27732],[80.77077,7.27635],[80.76979,7.27665],[80.76818,7.28029],[80.76681,7.28105],[80.76529,7.27733],[80.76532,7.27927],[80.76396,7.27863],[80.76375,7.27938],[80.76543,7.27981],[80.76614,7.28323],[80.76684,7.28198],[80.76829,7.28266],[80.76629,7.2854],[80.76765,7.28589],[80.76756,7.28763],[80.77002,7.28761],[80.76705,7.28879],[80.76691,7.28953],[80.7686,7.28962],[80.76905,7.29048],[80.7659,7.29205],[80.76643,7.29008],[80.76546,7.28982],[80.76206,7.29181],[80.76302,7.28919],[80.76094,7.29091],[80.76048,7.29249],[80.76126,7.29347],[80.76066,7.29429],[80.76092,7.29331],[80.75991,7.29313],[80.7598,7.29581],[80.75875,7.29741],[80.7762,7.28039]]]},"properties":{"name":"Victoaria Resevoir","kind":"reservoir","ha":71}},{"type":"Feature","geometry":{"type":"Polygon","coordinates":[[[81.50818,7.15363],[81.50941,7.1515],[81.50977,7.15347],[81.51009,7.15125],[81.51116,7.15235],[81.51106,7.15356],[81.51169,7.15333],[81.51065,7.15691],[81.51264,7.15626],[81.51211,7.15546],[81.5137,7.1529],[81.5121,7.15119],[81.51248,7.15045],[81.51426,7.15031],[81.5138,7.14811],[81.51499,7.14685],[81.51626,7.14872],[81.51599,7.14994],[81.51701,7.14966],[81.51691,7.15092],[81.51841,7.14961],[81.51818,7.14809],[81.51977,7.14739],[81.5202,7.14629],[81.52008,7.14716],[81.521,7.14638],[81.52215,7.14702],[81.52097,7.14948],[81.52286,7.14888],[81.5229,7.14956],[81.52402,7.14941],[81.52164,7.15078],[81.52381,7.15223],[81.52114,7.15204],[81.51924,7.15381],[81.52004,7.15473],[81.51908,7.15541],[81.52009,7.15653],[81.50818,7.15363]]]},"properties":{"name":"Senanayake Samudraya","kind":"reservoir","ha":71}},{"type":"Feature","geometry":{"type":"Polygon","coordinates":[[[80.64187,8.40343],[80.64138,8.40704],[80.6429,8.41429],[80.64482,8.41282],[80.65048,8.4135],[80.6522,8.41095],[80.64962,8.40993],[80.64737,8.4075],[80.64516,8.40687],[80.64187,8.40343]]]},"properties":{"name":null,"kind":"water","ha":70}},{"type":"Feature","geometry":{"type":"Polygon","coordinates":[[[81.64744,7.00415],[81.64896,7.00448],[81.65103,7.00153],[81.65397,7.00251],[81.65483,7.00186],[81.65611,6.9978],[81.65589,6.99654],[81.65465,6.99622],[81.65433,6.99346],[81.655,6.99306],[81.65538,6.99046],[81.65064,6.9926],[81.65153,6.99837],[81.64991,6.99837],[81.64838,7.00101],[81.6469,7.00164],[81.64744,7.00415]]]},"properties":{"name":"Morana Wewa","kind":"reservoir","ha":70}},{"type":"Feature","geometry":{"type":"Polygon","coordinates":[[[80.71716,8.15446],[80.71771,8.15114],[80.71579,8.14997],[80.7163,8.14852],[80.71542,8.14828],[80.7161,8.14688],[80.71545,8.14701],[80.71503,8.14569],[80.71377,8.1455],[80.71172,8.1433],[80.71197,8.15065],[80.71031,8.1512],[80.70841,8.14922],[80.70758,8.15177],[80.71039,8.15509],[80.71716,8.15446]]]},"properties":{"name":null,"kind":"water","ha":70}},{"type":"Feature","geometry":{"type":"Polygon","coordinates":[[[81.02013,7.21447],[81.01925,7.21091],[81.01998,7.20941],[81.02219,7.21015],[81.02208,7.20852],[81.02447,7.21028],[81.02603,7.20935],[81.02485,7.20847],[81.02746,7.20623],[81.02509,7.20448],[81.02231,7.20419],[81.02399,7.20271],[81.02335,7.20182],[81.02447,7.20279],[81.02404,7.20142],[81.02479,7.20174],[81.02509,7.20086],[81.0264,7.20137],[81.02566,7.20234],[81.02684,7.20328],[81.02711,7.20197],[81.02898,7.20279],[81.02936,7.20381],[81.03027,7.20347],[81.03036,7.20482],[81.03288,7.20667],[81.03411,7.20621],[81.03285,7.20474],[81.03492,7.20442],[81.0343,7.20339],[81.035,7.203],[81.0348,7.19985],[81.0361,7.20117],[81.03583,7.2023],[81.03703,7.20227],[81.03869,7.20353],[81.04193,7.19975],[81.02013,7.21447]]]},"properties":{"name":"Loggal Oya Reservoir","kind":"water","ha":70}},{"type":"Feature","geometry":{"type":"Polygon","coordinates":[[[79.83947,9.60757],[79.84053,9.60591],[79.83926,9.60359],[79.83517,9.60599],[79.82478,9.60511],[79.82257,9.60601],[79.82303,9.60818],[79.82223,9.60864],[79.82251,9.60967],[79.83947,9.60757]]]},"properties":{"name":null,"kind":"water","ha":70}},{"type":"Feature","geometry":{"type":"Polygon","coordinates":[[[80.67614,7.93509],[80.67788,7.93457],[80.67821,7.93372],[80.67935,7.93389],[80.67962,7.93264],[80.6796,7.93321],[80.68154,7.93187],[80.68262,7.92909],[80.68257,7.92619],[80.68373,7.92426],[80.68276,7.92296],[80.67968,7.92644],[80.67732,7.9263],[80.67593,7.93023],[80.67421,7.932],[80.6745,7.93328],[80.67382,7.93413],[80.67445,7.9352],[80.67614,7.93509]]]},"properties":{"name":"Inamaluwa Tank","kind":"water","ha":69}},{"type":"Feature","geometry":{"type":"Polygon","coordinates":[[[81.12072,7.91864],[81.12124,7.92023],[81.11943,7.92095],[81.1172,7.91881],[81.11279,7.91809],[81.11329,7.91113],[81.11518,7.91099],[81.1163,7.91301],[81.11811,7.91367],[81.11847,7.91566],[81.12134,7.91441],[81.12301,7.91476],[81.12295,7.91676],[81.12072,7.91864]]]},"properties":{"name":null,"kind":"water","ha":69}},{"type":"Feature","geometry":{"type":"Polygon","coordinates":[[[80.92746,7.35835],[80.92454,7.35851],[80.92566,7.36344],[80.92439,7.36712],[80.926,7.36957],[80.92338,7.37806],[80.92206,7.37844],[80.9185,7.37638],[80.91691,7.37684],[80.92746,7.35835]]]},"properties":{"name":null,"kind":"river","ha":69}},{"type":"Feature","geometry":{"type":"Polygon","coordinates":[[[80.31763,9.42183],[80.32038,9.42285],[80.31849,9.4237],[80.31763,9.4264],[80.31414,9.43074],[80.3111,9.43134],[80.30958,9.42547],[80.31199,9.4235],[80.31763,9.42183]]]},"properties":{"name":"Malapukulam","kind":"water","ha":68}},{"type":"Feature","geometry":{"type":"Polygon","coordinates":[[[81.02786,8.72786],[81.03221,8.73178],[81.03233,8.73502],[81.02606,8.73806],[81.02447,8.73665],[81.02552,8.73303],[81.02428,8.73127],[81.02533,8.72895],[81.02786,8.72786]]]},"properties":{"name":null,"kind":"water","ha":68}},{"type":"Feature","geometry":{"type":"Polygon","coordinates":[[[81.3016,8.1629],[81.30203,8.16366],[81.30313,8.16325],[81.30774,8.16478],[81.30853,8.16639],[81.30681,8.16962],[81.30179,8.17157],[81.29883,8.17043],[81.29891,8.16825],[81.30177,8.16808],[81.30049,8.16751],[81.29928,8.16506],[81.2999,8.16392],[81.30152,8.16378],[81.3016,8.1629]]]},"properties":{"name":"Maanikak kulam","kind":"water","ha":68}},{"type":"Feature","geometry":{"type":"Polygon","coordinates":[[[81.80846,7.42773],[81.80563,7.43058],[81.80418,7.42878],[81.80486,7.42802],[81.80442,7.42744],[81.80292,7.42774],[81.80109,7.42609],[81.80155,7.42354],[81.80445,7.42396],[81.80855,7.42145],[81.81136,7.42068],[81.81113,7.42194],[81.81225,7.42247],[81.81066,7.42668],[81.8101,7.42772],[81.80896,7.42709],[81.80846,7.42773]]]},"properties":{"name":null,"kind":"water","ha":68}},{"type":"Feature","geometry":{"type":"Polygon","coordinates":[[[80.13139,7.49792],[80.13397,7.49723],[80.13808,7.49383],[80.14163,7.49311],[80.1416,7.49225],[80.13933,7.49172],[80.13905,7.49079],[80.13672,7.49107],[80.13627,7.49017],[80.13691,7.48785],[80.13819,7.48775],[80.14077,7.48582],[80.14091,7.48265],[80.14213,7.48116],[80.14072,7.48136],[80.13731,7.48507],[80.13457,7.48454],[80.1357,7.48665],[80.13406,7.49061],[80.1352,7.4932],[80.13433,7.49448],[80.13305,7.49379],[80.13299,7.4956],[80.13139,7.49792]]]},"properties":{"name":null,"kind":"water","ha":68}},{"type":"Feature","geometry":{"type":"Polygon","coordinates":[[[80.59026,8.34623],[80.5909,8.3471],[80.59385,8.3449],[80.59463,8.34829],[80.59739,8.34882],[80.59832,8.35151],[80.59782,8.35312],[80.59486,8.35388],[80.59293,8.35533],[80.59057,8.35331],[80.58947,8.35352],[80.59026,8.34623]]]},"properties":{"name":null,"kind":"reservoir","ha":68}},{"type":"Feature","geometry":{"type":"Polygon","coordinates":[[[81.41747,8.00745],[81.42217,8.00543],[81.42112,8.004],[81.42202,8.00344],[81.42202,8.00029],[81.4218,8.00094],[81.41628,8.00091],[81.41568,7.99994],[81.41351,8.00186],[81.41311,8.00013],[81.41323,8.00152],[81.4123,8.00094],[81.41252,8.00176],[81.41047,8.00298],[81.41124,8.00454],[81.41561,8.00681],[81.4168,8.00608],[81.41649,8.00729],[81.41747,8.00745]]]},"properties":{"name":null,"kind":"lake","ha":68}},{"type":"Feature","geometry":{"type":"Polygon","coordinates":[[[80.33831,8.29429],[80.33953,8.29428],[80.34378,8.29735],[80.34443,8.29714],[80.34593,8.29379],[80.34552,8.29131],[80.34735,8.29074],[80.34794,8.28952],[80.34748,8.28782],[80.34516,8.28796],[80.34092,8.28989],[80.33818,8.28907],[80.33831,8.29429]]]},"properties":{"name":null,"kind":"water","ha":68}},{"type":"Feature","geometry":{"type":"Polygon","coordinates":[[[81.16044,8.07478],[81.15923,8.07586],[81.1576,8.07598],[81.15514,8.07473],[81.15553,8.06725],[81.14891,8.06225],[81.14939,8.05658],[81.14669,8.05017],[81.16044,8.07478]]]},"properties":{"name":null,"kind":"river","ha":68}},{"type":"Feature","geometry":{"type":"Polygon","coordinates":[[[80.80471,8.85961],[80.80567,8.85965],[80.80604,8.86321],[80.80757,8.86435],[80.80822,8.86373],[80.80824,8.86065],[80.80892,8.86044],[80.80979,8.86066],[80.81101,8.8636],[80.80843,8.86625],[80.8059,8.8674],[80.80289,8.86665],[80.80173,8.86469],[80.80022,8.86445],[80.79885,8.86016],[80.79906,8.85845],[80.8001,8.8579],[80.80258,8.86066],[80.80258,8.86168],[80.80378,8.86185],[80.80471,8.85961]]]},"properties":{"name":"Buhutiyagala Wewa","kind":"reservoir","ha":67}},{"type":"Feature","geometry":{"type":"Polygon","coordinates":[[[81.63936,7.70016],[81.63752,7.70153],[81.63737,7.70374],[81.63546,7.70439],[81.63558,7.70568],[81.63736,7.70607],[81.63686,7.70705],[81.63911,7.70806],[81.63942,7.70921],[81.64142,7.70794],[81.64493,7.70883],[81.64575,7.70692],[81.64416,7.70653],[81.64348,7.70508],[81.64408,7.70134],[81.63936,7.70016]]]},"properties":{"name":null,"kind":"lake","ha":67}},{"type":"Feature","geometry":{"type":"Polygon","coordinates":[[[80.72187,9.11531],[80.72668,9.11963],[80.72609,9.12183],[80.72433,9.12374],[80.72273,9.12418],[80.72056,9.12372],[80.71782,9.11788],[80.71885,9.11498],[80.72031,9.11459],[80.72187,9.11531]]]},"properties":{"name":"Veeran Kulam","kind":"pond","ha":67}},{"type":"Feature","geometry":{"type":"Polygon","coordinates":[[[80.13579,9.18811],[80.1324,9.18554],[80.13197,9.18357],[80.13192,9.17708],[80.13499,9.17552],[80.13775,9.17916],[80.13782,9.18166],[80.13579,9.18811]]]},"properties":{"name":"Vellankulam Tank","kind":"pond","ha":67}},{"type":"Feature","geometry":{"type":"Polygon","coordinates":[[[80.62625,8.54271],[80.62726,8.54202],[80.62783,8.54323],[80.6291,8.54356],[80.63004,8.54749],[80.63131,8.5493],[80.62804,8.55145],[80.62297,8.54903],[80.62175,8.54538],[80.61871,8.54572],[80.62077,8.54447],[80.62321,8.54503],[80.62625,8.54271]]]},"properties":{"name":null,"kind":"lake","ha":67}},{"type":"Feature","geometry":{"type":"Polygon","coordinates":[[[81.04344,6.16321],[81.04273,6.16481],[81.04372,6.166],[81.04478,6.16513],[81.04475,6.16336],[81.04626,6.16212],[81.04767,6.16432],[81.05088,6.164],[81.04893,6.16218],[81.04869,6.16078],[81.05456,6.15669],[81.05039,6.15702],[81.04849,6.15405],[81.04771,6.15056],[81.04632,6.15579],[81.0467,6.15727],[81.04514,6.15754],[81.04495,6.16059],[81.04344,6.16321]]]},"properties":{"name":"Baragamawila Tank","kind":"reservoir","ha":67}},{"type":"Feature","geometry":{"type":"Polygon","coordinates":[[[81.7164,6.74905],[81.71569,6.74975],[81.71732,6.75103],[81.72141,6.74948],[81.719,6.74715],[81.72047,6.74199],[81.71908,6.73604],[81.71716,6.73454],[81.71814,6.73812],[81.71727,6.73888],[81.7105,6.73573],[81.70979,6.73628],[81.70798,6.73549],[81.70809,6.73611],[81.71636,6.73957],[81.71638,6.7409],[81.71819,6.74377],[81.71768,6.74442],[81.71678,6.74295],[81.71621,6.74325],[81.71616,6.74584],[81.71794,6.74724],[81.7164,6.74905]]]},"properties":{"name":"Watawana Wewa","kind":"basin","ha":67}},{"type":"Feature","geometry":{"type":"Polygon","coordinates":[[[81.51712,7.17366],[81.51884,7.17363],[81.51689,7.17575],[81.51679,7.17665],[81.51779,7.17687],[81.51609,7.17689],[81.51629,7.17775],[81.51375,7.17969],[81.51428,7.18092],[81.51625,7.18146],[81.51949,7.18047],[81.52045,7.17891],[81.52084,7.17957],[81.52071,7.17808],[81.52144,7.17802],[81.52165,7.17666],[81.52204,7.17751],[81.52355,7.17677],[81.52325,7.17553],[81.52397,7.17429],[81.52307,7.17302],[81.52397,7.17276],[81.52339,7.17186],[81.52496,7.16942],[81.52511,7.17166],[81.52592,7.17016],[81.52641,7.17103],[81.52576,7.1725],[81.52641,7.17411],[81.53002,7.17272],[81.53039,7.17344],[81.53091,7.17239],[81.53161,7.17327],[81.53254,7.17311],[81.53119,7.17401],[81.53305,7.17428],[81.53245,7.17464],[81.53279,7.17575],[81.53212,7.17564],[81.53291,7.17626],[81.53117,7.1756],[81.52913,7.17759],[81.5305,7.17786],[81.52956,7.17853],[81.52964,7.18067],[81.52867,7.18077],[81.52868,7.18237],[81.52721,7.18302],[81.52725,7.18443],[81.52845,7.1853],[81.5284,7.18732],[81.51712,7.17366]]]},"properties":{"name":"Senanayake Samudraya","kind":"reservoir","ha":67}},{"type":"Feature","geometry":{"type":"Polygon","coordinates":[[[81.5747,7.82005],[81.57332,7.82251],[81.56809,7.82776],[81.56982,7.82684],[81.5691,7.82828],[81.57153,7.82571],[81.57363,7.82596],[81.5723,7.82485],[81.57317,7.82408],[81.57448,7.82469],[81.57394,7.82378],[81.57466,7.8224],[81.57554,7.82213],[81.57649,7.82391],[81.57711,7.82337],[81.57432,7.81886],[81.57686,7.81691],[81.57795,7.81797],[81.58005,7.81777],[81.57825,7.81971],[81.57896,7.82083],[81.57887,7.81947],[81.58281,7.81619],[81.58444,7.81754],[81.58423,7.81844],[81.58614,7.81932],[81.58545,7.82094],[81.5867,7.82206],[81.57456,7.83673],[81.57227,7.84207],[81.57899,7.83159],[81.58689,7.82238],[81.58592,7.82094],[81.58687,7.81948],[81.58512,7.81842],[81.58484,7.81728],[81.58803,7.81429],[81.58783,7.8132],[81.58641,7.81337],[81.58543,7.81156],[81.58735,7.80911],[81.58713,7.80807],[81.58674,7.80934],[81.58583,7.80807],[81.5844,7.80838],[81.58244,7.80996],[81.58592,7.80839],[81.58648,7.80989],[81.58521,7.81154],[81.58638,7.81374],[81.58741,7.81322],[81.58773,7.81441],[81.58421,7.81695],[81.5837,7.81578],[81.58029,7.81489],[81.5794,7.8121],[81.57847,7.81338],[81.57921,7.81309],[81.57979,7.81453],[81.57873,7.81447],[81.57837,7.81528],[81.57781,7.81462],[81.57767,7.81545],[81.58078,7.81513],[81.58173,7.81648],[81.58031,7.81763],[81.57886,7.81772],[81.57844,7.81706],[81.57801,7.81755],[81.57699,7.81669],[81.5781,7.81605],[81.57694,7.81529],[81.57688,7.81633],[81.57572,7.81709],[81.57447,7.81679],[81.57475,7.81767],[81.57375,7.81881],[81.57287,7.81779],[81.5749,7.81571],[81.57559,7.81401],[81.5751,7.81297],[81.57411,7.81594],[81.57044,7.81971],[81.57375,7.81947],[81.5747,7.82005]]]},"properties":{"name":null,"kind":"water","ha":67}},{"type":"Feature","geometry":{"type":"Polygon","coordinates":[[[79.92656,7.27128],[79.92499,7.2711],[79.9242,7.2719],[79.9248,7.27661],[79.92408,7.278],[79.91955,7.27642],[79.91582,7.27661],[79.91489,7.27529],[79.91683,7.27173],[79.91616,7.2696],[79.9144,7.26769],[79.91218,7.2672],[79.91297,7.26681],[79.91249,7.26619],[79.91155,7.26719],[79.90822,7.26506],[79.90682,7.26513],[79.90545,7.2661],[79.90474,7.2688],[79.90903,7.27481],[79.90909,7.2791],[79.90707,7.27989],[79.90762,7.27643],[79.90714,7.2788],[79.90767,7.27988],[79.90825,7.27957],[79.90796,7.27588],[79.90743,7.27559],[79.90735,7.2764],[79.90694,7.27456],[79.90525,7.27266],[79.9027,7.27491],[79.90171,7.27815],[79.89922,7.2763],[79.89976,7.27576],[79.89824,7.27556],[79.89883,7.27855],[79.89866,7.27949],[79.8985,7.27841],[79.89768,7.27947],[79.89856,7.27947],[79.89858,7.28074],[79.89763,7.28099],[79.90104,7.28092],[79.90281,7.27548],[79.90484,7.27404],[79.90683,7.27596],[79.90628,7.28026],[79.90684,7.28092],[79.90621,7.2806],[79.90611,7.28123],[79.91044,7.27947],[79.90948,7.27952],[79.90979,7.27715],[79.91136,7.27756],[79.9101,7.27683],[79.91111,7.27675],[79.91128,7.27551],[79.91079,7.27519],[79.91063,7.27642],[79.90995,7.2761],[79.90511,7.26874],[79.90572,7.26634],[79.9069,7.26548],[79.91364,7.26838],[79.91297,7.26853],[79.91361,7.26976],[79.91418,7.26982],[79.91421,7.26847],[79.91551,7.26935],[79.91642,7.27116],[79.91462,7.27423],[79.91497,7.27671],[79.91566,7.27738],[79.91893,7.27676],[79.92055,7.27791],[79.92042,7.27718],[79.92135,7.27796],[79.92079,7.27953],[79.92146,7.27802],[79.92356,7.27839],[79.92483,7.27765],[79.92518,7.27615],[79.92426,7.27221],[79.92562,7.27125],[79.92747,7.2723],[79.92656,7.27128]]]},"properties":{"name":null,"kind":"river","ha":67}},{"type":"Feature","geometry":{"type":"Polygon","coordinates":[[[81.09058,6.52725],[81.09188,6.52809],[81.09178,6.52969],[81.09297,6.52898],[81.09492,6.52963],[81.09663,6.53187],[81.10165,6.53009],[81.10017,6.52924],[81.10062,6.52786],[81.09826,6.52694],[81.09766,6.52509],[81.09655,6.5251],[81.0943,6.52237],[81.09321,6.5236],[81.09167,6.52244],[81.09026,6.52609],[81.09058,6.52725]]]},"properties":{"name":null,"kind":"water","ha":66}},{"type":"Feature","geometry":{"type":"Polygon","coordinates":[[[80.59178,8.46759],[80.58973,8.46713],[80.58939,8.46765],[80.59044,8.46799],[80.59131,8.47042],[80.59356,8.47203],[80.59548,8.47542],[80.59802,8.47494],[80.59901,8.47273],[80.59834,8.4687],[80.59732,8.46749],[80.59754,8.46573],[80.59605,8.46528],[80.59499,8.46359],[80.59472,8.46627],[80.59178,8.46759]]]},"properties":{"name":null,"kind":"reservoir","ha":66}},{"type":"Feature","geometry":{"type":"Polygon","coordinates":[[[80.68629,8.52676],[80.69001,8.52621],[80.69098,8.52726],[80.69004,8.52555],[80.69053,8.52105],[80.68916,8.52072],[80.68827,8.51784],[80.68658,8.51635],[80.68516,8.518],[80.68477,8.52079],[80.6826,8.52212],[80.68404,8.52526],[80.68259,8.52651],[80.68629,8.52676]]]},"properties":{"name":null,"kind":"reservoir","ha":66}},{"type":"Feature","geometry":{"type":"Polygon","coordinates":[[[81.33613,8.43199],[81.33241,8.42769],[81.3329,8.4253],[81.33213,8.42266],[81.33408,8.4209],[81.33604,8.42267],[81.33774,8.4209],[81.33631,8.42018],[81.33662,8.41962],[81.3393,8.42171],[81.33968,8.42341],[81.33613,8.43199]]]},"properties":{"name":null,"kind":"lake","ha":66}},{"type":"Feature","geometry":{"type":"Polygon","coordinates":[[[81.4962,6.41512],[81.4955,6.41658],[81.49869,6.4189],[81.50078,6.41878],[81.50411,6.41999],[81.50611,6.41866],[81.5054,6.41554],[81.50202,6.41193],[81.50004,6.41169],[81.49846,6.4145],[81.4962,6.41512]]]},"properties":{"name":null,"kind":"reservoir","ha":66}},{"type":"Feature","geometry":{"type":"Polygon","coordinates":[[[80.65298,9.4125],[80.65473,9.41346],[80.65744,9.41329],[80.65868,9.41564],[80.66029,9.4159],[80.66214,9.4148],[80.66364,9.41623],[80.66409,9.4159],[80.66439,9.41179],[80.66275,9.40949],[80.6632,9.40741],[80.65958,9.40839],[80.65863,9.40972],[80.65489,9.41061],[80.65298,9.4125]]]},"properties":{"name":null,"kind":"water","ha":66}},{"type":"Feature","geometry":{"type":"Polygon","coordinates":[[[79.725,8.16049],[79.7305,8.15862],[79.73397,8.16335],[79.73356,8.16521],[79.73044,8.16776],[79.72862,8.16804],[79.72689,8.1665],[79.72689,8.16423],[79.725,8.16049]]]},"properties":{"name":null,"kind":"water","ha":65}},{"type":"Feature","geometry":{"type":"Polygon","coordinates":[[[79.68872,9.5195],[79.69022,9.51896],[79.69272,9.51979],[79.69401,9.52208],[79.69546,9.52294],[79.69137,9.52614],[79.6854,9.52873],[79.68574,9.52511],[79.68872,9.5195]]]},"properties":{"name":null,"kind":"water","ha":65}},{"type":"Feature","geometry":{"type":"Polygon","coordinates":[[[81.41115,6.38845],[81.41078,6.39269],[81.4117,6.39365],[81.41032,6.39444],[81.40795,6.39411],[81.40619,6.39075],[81.40336,6.38829],[81.4055,6.38633],[81.40856,6.38625],[81.40996,6.38281],[81.41224,6.38643],[81.41115,6.38845]]]},"properties":{"name":"Katagamuwa Tank","kind":"reservoir","ha":65}},{"type":"Feature","geometry":{"type":"Polygon","coordinates":[[[81.32702,6.40504],[81.32859,6.40617],[81.32774,6.4078],[81.32722,6.41331],[81.32322,6.41373],[81.32035,6.4073],[81.32155,6.40601],[81.32449,6.40487],[81.32702,6.40504]]]},"properties":{"name":"Detagamuwa Tank","kind":"reservoir","ha":65}},{"type":"Feature","geometry":{"type":"Polygon","coordinates":[[[81.32438,8.02789],[81.3156,8.02829],[81.31492,8.02763],[81.31697,8.01939],[81.31895,8.01871],[81.32019,8.01932],[81.32092,8.02045],[81.32032,8.02228],[81.32116,8.02477],[81.32384,8.02649],[81.32438,8.02789]]]},"properties":{"name":null,"kind":"water","ha":65}},{"type":"Feature","geometry":{"type":"Polygon","coordinates":[[[81.13606,8.33511],[81.13585,8.33822],[81.13327,8.33808],[81.13248,8.33502],[81.12926,8.33619],[81.12867,8.33579],[81.12579,8.33243],[81.12594,8.33063],[81.12844,8.33034],[81.12879,8.32866],[81.12978,8.3285],[81.133,8.33098],[81.13606,8.33511]]]},"properties":{"name":null,"kind":"water","ha":65}},{"type":"Feature","geometry":{"type":"Polygon","coordinates":[[[80.58142,8.04626],[80.58282,8.04503],[80.58188,8.0408],[80.58376,8.03925],[80.58363,8.03823],[80.58199,8.03636],[80.57769,8.03571],[80.57694,8.03402],[80.5765,8.04224],[80.58142,8.04626]]]},"properties":{"name":null,"kind":"water","ha":65}},{"type":"Feature","geometry":{"type":"Polygon","coordinates":[[[80.67298,8.43937],[80.67241,8.43914],[80.67255,8.44239],[80.67484,8.4427],[80.67519,8.44466],[80.67759,8.44491],[80.6797,8.44701],[80.68246,8.44848],[80.68361,8.44822],[80.6839,8.44613],[80.68082,8.44327],[80.68055,8.44204],[80.68141,8.44079],[80.67836,8.43925],[80.67298,8.43937]]]},"properties":{"name":null,"kind":"lake","ha":65}},{"type":"Feature","geometry":{"type":"Polygon","coordinates":[[[80.65335,8.36173],[80.65485,8.36254],[80.65544,8.36039],[80.66009,8.35817],[80.6619,8.35571],[80.65975,8.35441],[80.65394,8.35294],[80.65212,8.35492],[80.65335,8.36173]]]},"properties":{"name":null,"kind":"lake","ha":65}},{"type":"Feature","geometry":{"type":"Polygon","coordinates":[[[79.87387,9.66783],[79.87827,9.66574],[79.87771,9.66425],[79.87707,9.66315],[79.87451,9.66203],[79.8729,9.65865],[79.86816,9.65609],[79.86765,9.65827],[79.86973,9.65918],[79.87126,9.66285],[79.87201,9.66954],[79.87254,9.67037],[79.87387,9.66783]]]},"properties":{"name":null,"kind":"pond","ha":65}},{"type":"Feature","geometry":{"type":"Polygon","coordinates":[[[81.48334,7.61887],[81.48581,7.6161],[81.48957,7.61661],[81.49194,7.61834],[81.49242,7.6202],[81.49149,7.62128],[81.49294,7.62564],[81.49223,7.62934],[81.49,7.63014],[81.49111,7.62833],[81.48862,7.62404],[81.48779,7.6209],[81.48534,7.61825],[81.48334,7.61887]]]},"properties":{"name":null,"kind":"water","ha":65}},{"type":"Feature","geometry":{"type":"Polygon","coordinates":[[[81.19009,8.4619],[81.19379,8.46315],[81.19661,8.46574],[81.19966,8.46715],[81.19939,8.46568],[81.19503,8.46355],[81.19613,8.46051],[81.1988,8.45981],[81.19962,8.45849],[81.19931,8.45755],[81.19793,8.45724],[81.1948,8.45884],[81.19228,8.45778],[81.19026,8.45502],[81.18991,8.45741],[81.18749,8.45863],[81.18669,8.46029],[81.18739,8.46141],[81.19009,8.4619]]]},"properties":{"name":null,"kind":"water","ha":65}},{"type":"Feature","geometry":{"type":"Polygon","coordinates":[[[79.80143,7.71344],[79.79823,7.70753],[79.79796,7.70162],[79.79912,7.69848],[79.80125,7.68202],[79.80021,7.68043],[79.79976,7.67651],[79.79986,7.66955],[79.80102,7.6691],[79.79992,7.66875],[79.80185,7.66797],[79.80374,7.66564],[79.80103,7.664],[79.8002,7.66415],[79.80096,7.66471],[79.79991,7.66546],[79.80045,7.66305],[79.79985,7.6599],[79.80049,7.66044],[79.80143,7.71344]]]},"properties":{"name":null,"kind":"river","ha":65}},{"type":"Feature","geometry":{"type":"Polygon","coordinates":[[[80.91085,8.62389],[80.91202,8.6273],[80.92065,8.62735],[80.92254,8.62634],[80.92261,8.62519],[80.91978,8.62236],[80.9139,8.62208],[80.91137,8.6227],[80.91085,8.62389]]]},"properties":{"name":"Etabendi Wewa","kind":"water","ha":64}},{"type":"Feature","geometry":{"type":"Polygon","coordinates":[[[81.74847,7.19532],[81.74889,7.19635],[81.74508,7.19947],[81.74405,7.20271],[81.74527,7.20451],[81.74759,7.20501],[81.74879,7.20672],[81.75127,7.20429],[81.75163,7.19908],[81.75059,7.19779],[81.75091,7.19615],[81.74847,7.19532]]]},"properties":{"name":null,"kind":"reservoir","ha":64}},{"type":"Feature","geometry":{"type":"Polygon","coordinates":[[[80.74918,8.95863],[80.75165,8.95815],[80.75374,8.95978],[80.75506,8.962],[80.75529,8.9644],[80.75199,8.96476],[80.75021,8.9637],[80.74535,8.9669],[80.745,8.96472],[80.74775,8.96066],[80.7462,8.95712],[80.74918,8.95863]]]},"properties":{"name":null,"kind":"reservoir","ha":64}},{"type":"Feature","geometry":{"type":"Polygon","coordinates":[[[80.49585,8.56179],[80.49728,8.55842],[80.50178,8.55864],[80.5013,8.56171],[80.50292,8.5644],[80.50203,8.56827],[80.50046,8.56825],[80.49652,8.56617],[80.49585,8.56179]]]},"properties":{"name":null,"kind":"reservoir","ha":64}},{"type":"Feature","geometry":{"type":"Polygon","coordinates":[[[80.77918,8.4207],[80.78044,8.42098],[80.78138,8.42018],[80.78192,8.42171],[80.78348,8.41959],[80.78392,8.41712],[80.78165,8.41599],[80.78155,8.41299],[80.77891,8.41215],[80.77664,8.41355],[80.77548,8.4184],[80.77271,8.41946],[80.77539,8.41929],[80.77918,8.4207]]]},"properties":{"name":"Kok Ebe wewa","kind":"reservoir","ha":64}},{"type":"Feature","geometry":{"type":"Polygon","coordinates":[[[80.96987,6.08786],[80.95879,6.08743],[80.9591,6.0889],[80.96392,6.08879],[80.96278,6.09284],[80.96529,6.09993],[80.96987,6.08786]]]},"properties":{"name":null,"kind":"lagoon","ha":64}},{"type":"Feature","geometry":{"type":"Polygon","coordinates":[[[79.80298,7.67697],[79.80335,7.67914],[79.80189,7.6787],[79.80168,7.67784],[79.80121,7.67908],[79.80177,7.68078],[79.8034,7.68147],[79.80431,7.68304],[79.80343,7.68712],[79.80797,7.68715],[79.80967,7.68939],[79.81262,7.68699],[79.81549,7.68751],[79.81564,7.68409],[79.81951,7.68399],[79.82036,7.68161],[79.82311,7.67816],[79.82486,7.67823],[79.82605,7.6805],[79.82673,7.6779],[79.83022,7.67782],[79.82692,7.67875],[79.82606,7.68103],[79.82499,7.6803],[79.82455,7.67849],[79.82313,7.67864],[79.82059,7.68169],[79.81984,7.68433],[79.8157,7.6845],[79.81607,7.68688],[79.81539,7.6879],[79.81259,7.68735],[79.80984,7.68978],[79.80695,7.68741],[79.80406,7.68797],[79.80756,7.68909],[79.80733,7.69038],[79.80611,7.69136],[79.8064,7.69334],[79.80518,7.69707],[79.80565,7.69859],[79.8041,7.69939],[79.80223,7.69923],[79.80164,7.70428],[79.79819,7.70162],[79.7989,7.7064],[79.80056,7.70978],[79.8003,7.7109],[79.80114,7.71157],[79.80298,7.67697]]]},"properties":{"name":null,"kind":"river","ha":64}},{"type":"Feature","geometry":{"type":"Polygon","coordinates":[[[80.49136,6.99934],[80.49247,6.99486],[80.49407,6.99424],[80.49466,6.99309],[80.49352,6.99208],[80.49531,6.9895],[80.49671,6.98907],[80.49696,6.987],[80.49795,6.98643],[80.49903,6.98689],[80.49955,6.98538],[80.50321,6.98319],[80.50665,6.97831],[80.50989,6.97612],[80.51485,6.96867],[80.51733,6.96711],[80.51836,6.96547],[80.49136,6.99934]]]},"properties":{"name":null,"kind":"river","ha":64}},{"type":"Feature","geometry":{"type":"Polygon","coordinates":[[[81.79055,6.70175],[81.78661,6.70226],[81.7848,6.70002],[81.78295,6.6999],[81.78108,6.70293],[81.7796,6.70824],[81.78286,6.70589],[81.7886,6.70491],[81.79124,6.70364],[81.79149,6.70625],[81.79432,6.70548],[81.79404,6.70432],[81.79055,6.70175]]]},"properties":{"name":"Kunukala Lagoon","kind":"lagoon","ha":64}},{"type":"Feature","geometry":{"type":"Polygon","coordinates":[[[79.95471,7.94264],[79.95379,7.93786],[79.9526,7.93647],[79.95322,7.93599],[79.95474,7.9375],[79.96103,7.93459],[79.9593,7.93834],[79.96518,7.93784],[79.96471,7.93989],[79.95709,7.94259],[79.95451,7.94443],[79.95471,7.94264]]]},"properties":{"name":null,"kind":"water","ha":63}},{"type":"Feature","geometry":{"type":"Polygon","coordinates":[[[80.5915,7.91819],[80.59362,7.91645],[80.59341,7.90924],[80.59195,7.90924],[80.58475,7.91919],[80.5882,7.92053],[80.59197,7.92029],[80.59244,7.91992],[80.5915,7.91819]]]},"properties":{"name":null,"kind":"water","ha":63}},{"type":"Feature","geometry":{"type":"Polygon","coordinates":[[[80.41598,8.06042],[80.41461,8.05515],[80.41529,8.04835],[80.41747,8.04625],[80.42017,8.04829],[80.41979,8.05169],[80.41775,8.056],[80.41804,8.06127],[80.41665,8.06214],[80.41598,8.06042]]]},"properties":{"name":"Kalankuttiya Wewa","kind":"water","ha":63}},{"type":"Feature","geometry":{"type":"Polygon","coordinates":[[[81.33767,7.98683],[81.34002,7.98837],[81.34262,7.99417],[81.33897,7.99603],[81.33674,7.99623],[81.33579,7.9957],[81.33598,7.99405],[81.33447,7.98921],[81.33571,7.98719],[81.33767,7.98683]]]},"properties":{"name":null,"kind":"reservoir","ha":63}},{"type":"Feature","geometry":{"type":"Polygon","coordinates":[[[80.6611,8.64209],[80.66237,8.64264],[80.66483,8.64078],[80.6649,8.63786],[80.66065,8.63135],[80.65761,8.63092],[80.65655,8.63277],[80.65911,8.63603],[80.6611,8.64209]]]},"properties":{"name":null,"kind":"water","ha":63}},{"type":"Feature","geometry":{"type":"Polygon","coordinates":[[[80.44962,8.37562],[80.45058,8.37467],[80.45398,8.37466],[80.45422,8.37403],[80.45374,8.37158],[80.45029,8.36908],[80.44992,8.36758],[80.45172,8.36476],[80.44922,8.362],[80.44507,8.36598],[80.4444,8.3658],[80.4443,8.36835],[80.44305,8.36947],[80.44922,8.36922],[80.45059,8.37179],[80.44962,8.37562]]]},"properties":{"name":null,"kind":"water","ha":63}},{"type":"Feature","geometry":{"type":"Polygon","coordinates":[[[81.63641,7.54619],[81.63887,7.54161],[81.63761,7.53578],[81.63626,7.53765],[81.63673,7.53832],[81.63525,7.53903],[81.63368,7.54157],[81.6284,7.54223],[81.62844,7.54325],[81.63086,7.54606],[81.63182,7.54557],[81.63487,7.54657],[81.63705,7.54663],[81.63641,7.54619]]]},"properties":{"name":"Kankaniyar kulam","kind":"water","ha":63}},{"type":"Feature","geometry":{"type":"Polygon","coordinates":[[[80.6559,8.88168],[80.65997,8.88635],[80.65936,8.88753],[80.65757,8.88716],[80.65448,8.88805],[80.65324,8.88644],[80.65101,8.88675],[80.64884,8.88527],[80.64942,8.88223],[80.65046,8.88156],[80.6559,8.88168]]]},"properties":{"name":"Kelabogas Wewa","kind":"reservoir","ha":63}},{"type":"Feature","geometry":{"type":"Polygon","coordinates":[[[80.78473,7.24085],[80.78569,7.24163],[80.78879,7.23755],[80.79377,7.23498],[80.79723,7.22882],[80.8012,7.22859],[80.80302,7.22602],[80.80339,7.22128],[80.80107,7.21848],[80.80315,7.2129],[80.80244,7.20537],[80.80853,7.20068],[80.80543,7.20106],[80.80124,7.20644],[80.80241,7.21268],[80.80015,7.21815],[80.80075,7.21992],[80.80224,7.22118],[80.8018,7.22497],[80.79999,7.22701],[80.79591,7.22875],[80.79426,7.23264],[80.78873,7.23654],[80.78473,7.24085]]]},"properties":{"name":null,"kind":"river","ha":63}},{"type":"Feature","geometry":{"type":"Polygon","coordinates":[[[80.83963,8.52282],[80.83775,8.52984],[80.83796,8.53409],[80.83717,8.53262],[80.83541,8.53263],[80.83454,8.53049],[80.83149,8.52852],[80.83086,8.52716],[80.8331,8.52454],[80.8361,8.52459],[80.83687,8.52214],[80.83963,8.52282]]]},"properties":{"name":null,"kind":"reservoir","ha":63}},{"type":"Feature","geometry":{"type":"Polygon","coordinates":[[[80.77767,8.50622],[80.78358,8.50923],[80.78572,8.50926],[80.78461,8.50986],[80.78308,8.51386],[80.78133,8.51404],[80.77869,8.51596],[80.77676,8.51509],[80.77721,8.50841],[80.77642,8.50596],[80.77767,8.50622]]]},"properties":{"name":null,"kind":"reservoir","ha":63}},{"type":"Feature","geometry":{"type":"Polygon","coordinates":[[[80.54861,5.94552],[80.55602,5.9479],[80.55865,5.94705],[80.56265,5.94787],[80.56503,5.95291],[80.56239,5.95868],[80.56023,5.96111],[80.55392,5.96488],[80.55107,5.96491],[80.55028,5.9731],[80.55418,5.97249],[80.55751,5.97375],[80.55815,5.97476],[80.55719,5.97913],[80.55602,5.97977],[80.55728,5.98245],[80.55468,5.98528],[80.55066,5.98518],[80.55671,5.98246],[80.55549,5.97994],[80.55675,5.97879],[80.55781,5.97526],[80.55683,5.97398],[80.55393,5.97281],[80.55082,5.97366],[80.54987,5.97324],[80.55066,5.96475],[80.55144,5.96402],[80.55379,5.96439],[80.56007,5.96064],[80.56204,5.95845],[80.56463,5.95307],[80.56222,5.94819],[80.55866,5.94749],[80.55611,5.94835],[80.54805,5.94616],[80.54439,5.94647],[80.54741,5.94737],[80.53929,5.94583],[80.5374,5.94298],[80.5379,5.94124],[80.54185,5.94562],[80.54861,5.94552]]]},"properties":{"name":null,"kind":"river","ha":63}},{"type":"Feature","geometry":{"type":"Polygon","coordinates":[[[80.12037,9.08686],[80.11997,9.09357],[80.12192,9.09516],[80.12361,9.09501],[80.12581,9.09289],[80.12665,9.09087],[80.1261,9.08866],[80.12367,9.08563],[80.12037,9.08686]]]},"properties":{"name":null,"kind":"water","ha":62}},{"type":"Feature","geometry":{"type":"Polygon","coordinates":[[[80.37684,8.40254],[80.38141,8.39978],[80.38047,8.39895],[80.38243,8.39427],[80.37925,8.39266],[80.3782,8.39296],[80.3769,8.39536],[80.37529,8.3957],[80.3748,8.39708],[80.37584,8.3989],[80.37359,8.40059],[80.3748,8.40298],[80.37684,8.40254]]]},"properties":{"name":"Galkadawala Wewa","kind":"lake","ha":62}},{"type":"Feature","geometry":{"type":"Polygon","coordinates":[[[81.1896,6.59471],[81.19131,6.59643],[81.195,6.59759],[81.19593,6.59861],[81.19505,6.59973],[81.19582,6.60034],[81.1954,6.60376],[81.19452,6.60407],[81.19476,6.6067],[81.19357,6.60963],[81.19269,6.60723],[81.1925,6.60185],[81.19064,6.60029],[81.18611,6.60099],[81.18682,6.60052],[81.18663,6.59849],[81.18883,6.59797],[81.18847,6.59663],[81.1896,6.59471]]]},"properties":{"name":null,"kind":"reservoir","ha":62}},{"type":"Feature","geometry":{"type":"Polygon","coordinates":[[[80.75995,8.38925],[80.7565,8.38731],[80.7551,8.38562],[80.7579,8.37709],[80.75989,8.37849],[80.76003,8.38312],[80.7611,8.38324],[80.76256,8.38195],[80.76339,8.38299],[80.76372,8.3862],[80.76335,8.38681],[80.7602,8.38702],[80.75995,8.38925]]]},"properties":{"name":null,"kind":"water","ha":62}},{"type":"Feature","geometry":{"type":"Polygon","coordinates":[[[81.06248,7.35591],[81.06713,7.3574],[81.06863,7.35528],[81.06998,7.35502],[81.06983,7.35369],[81.06814,7.3532],[81.06922,7.35103],[81.0676,7.3511],[81.06829,7.34836],[81.06666,7.34717],[81.06494,7.34717],[81.06359,7.34858],[81.0639,7.35097],[81.06297,7.35138],[81.06347,7.35233],[81.06195,7.35276],[81.06297,7.35453],[81.06248,7.35591]]]},"properties":{"name":"Diyabana Oya Reservoir","kind":"reservoir","ha":62}},{"type":"Feature","geometry":{"type":"Polygon","coordinates":[[[80.76502,8.49664],[80.76636,8.50508],[80.76506,8.50491],[80.76396,8.50629],[80.7626,8.50655],[80.7595,8.50626],[80.75761,8.50429],[80.75846,8.50326],[80.7587,8.50064],[80.7599,8.49979],[80.76312,8.49958],[80.76502,8.49664]]]},"properties":{"name":null,"kind":"reservoir","ha":62}},{"type":"Feature","geometry":{"type":"Polygon","coordinates":[[[81.65646,6.92779],[81.65848,6.92114],[81.656,6.91753],[81.65408,6.91629],[81.65348,6.91683],[81.65353,6.91954],[81.65034,6.91905],[81.65165,6.92048],[81.65065,6.92255],[81.65646,6.92779]]]},"properties":{"name":"Karandae Wewa","kind":"lagoon","ha":62}},{"type":"Feature","geometry":{"type":"Polygon","coordinates":[[[81.79303,7.37789],[81.79189,7.3782],[81.79008,7.37688],[81.78965,7.37446],[81.79468,7.3723],[81.79622,7.37264],[81.79749,7.37451],[81.80261,7.37802],[81.80032,7.37944],[81.79617,7.37771],[81.79438,7.37841],[81.79303,7.37789]]]},"properties":{"name":null,"kind":"reservoir","ha":62}},{"type":"Feature","geometry":{"type":"Polygon","coordinates":[[[81.6273,6.51089],[81.63111,6.51679],[81.63386,6.51715],[81.63549,6.51653],[81.63779,6.51415],[81.6376,6.5122],[81.63597,6.5117],[81.63411,6.50919],[81.6318,6.51119],[81.62817,6.51033],[81.6273,6.51089]]]},"properties":{"name":"Mandagala Wewa","kind":"basin","ha":62}},{"type":"Feature","geometry":{"type":"Polygon","coordinates":[[[79.80378,7.54947],[79.80463,7.55723],[79.80315,7.55921],[79.80224,7.55785],[79.80308,7.55736],[79.80333,7.5544],[79.80246,7.55186],[79.8031,7.54928],[79.79952,7.54887],[79.79928,7.54796],[79.79951,7.54052],[79.80064,7.5375],[79.80473,7.54728],[79.80378,7.54947]]]},"properties":{"name":null,"kind":"river","ha":62}},{"type":"Feature","geometry":{"type":"Polygon","coordinates":[[[80.77529,7.69706],[80.77196,7.68958],[80.76956,7.68758],[80.76841,7.6901],[80.76541,7.69099],[80.76481,7.68787],[80.7626,7.6849],[80.76282,7.68294],[80.76454,7.68127],[80.77076,7.68069],[80.77098,7.6731],[80.77266,7.66502],[80.7722,7.66294],[80.76936,7.66127],[80.76209,7.65256],[80.76513,7.64902],[80.76687,7.64527],[80.77196,7.64439],[80.77337,7.64264],[80.77183,7.63869],[80.76659,7.63716],[80.76459,7.63797],[80.77529,7.69706]]]},"properties":{"name":"Moragahakanda Reservoir","kind":"reservoir","ha":62}},{"type":"Feature","geometry":{"type":"Polygon","coordinates":[[[80.5426,8.75162],[80.55,8.74971],[80.55039,8.74888],[80.54928,8.74596],[80.54699,8.74547],[80.54588,8.74383],[80.54489,8.7438],[80.5434,8.74604],[80.53838,8.74476],[80.5426,8.75162]]]},"properties":{"name":"Madukanda Tank","kind":"reservoir","ha":61}},{"type":"Feature","geometry":{"type":"Polygon","coordinates":[[[81.05389,8.80883],[81.05709,8.80964],[81.05865,8.80923],[81.05974,8.80375],[81.05823,8.80307],[81.05636,8.80455],[81.05201,8.80212],[81.04903,8.80314],[81.04902,8.80486],[81.05389,8.80883]]]},"properties":{"name":"Samanankulam","kind":"reservoir","ha":61}},{"type":"Feature","geometry":{"type":"Polygon","coordinates":[[[80.95485,8.72985],[80.95723,8.72751],[80.95885,8.72442],[80.9554,8.72264],[80.95303,8.72016],[80.95273,8.72304],[80.95054,8.72257],[80.94949,8.72343],[80.95039,8.72471],[80.94928,8.72513],[80.94947,8.72673],[80.95165,8.72771],[80.95372,8.7265],[80.95221,8.72959],[80.95408,8.73171],[80.95485,8.72985]]]},"properties":{"name":"Madawachchiya Wewa CSIAP_EP_T_091","kind":"reservoir","ha":61}},{"type":"Feature","geometry":{"type":"Polygon","coordinates":[[[80.73319,8.02334],[80.73416,8.02256],[80.73472,8.01841],[80.74396,8.01961],[80.74259,8.01728],[80.74318,8.01447],[80.7397,8.01133],[80.73825,8.01112],[80.73546,8.01415],[80.73319,8.02334]]]},"properties":{"name":"Hiriwadunna Wewa","kind":"lake","ha":61}},{"type":"Feature","geometry":{"type":"Polygon","coordinates":[[[81.45916,7.57202],[81.46559,7.56857],[81.46632,7.56432],[81.46572,7.56341],[81.46776,7.56369],[81.46671,7.56241],[81.46355,7.56218],[81.46287,7.56517],[81.4562,7.56281],[81.45647,7.56329],[81.45559,7.56349],[81.45625,7.56419],[81.45521,7.56385],[81.45755,7.56689],[81.46018,7.56771],[81.45916,7.57202]]]},"properties":{"name":"Welikkakandy Kulam","kind":"reservoir","ha":61}},{"type":"Feature","geometry":{"type":"Polygon","coordinates":[[[81.75305,7.51368],[81.7516,7.51112],[81.75481,7.50989],[81.75616,7.51073],[81.75758,7.51324],[81.75839,7.51341],[81.75891,7.51164],[81.76171,7.51144],[81.76311,7.51362],[81.76322,7.51755],[81.76257,7.51857],[81.75927,7.51845],[81.75825,7.51537],[81.75489,7.51357],[81.75305,7.51368]]]},"properties":{"name":"Periya Kulam","kind":"reservoir","ha":61}},{"type":"Feature","geometry":{"type":"Polygon","coordinates":[[[81.24373,7.19339],[81.24497,7.19273],[81.24602,7.19027],[81.24807,7.1894],[81.24842,7.1864],[81.25032,7.18545],[81.25006,7.18455],[81.25206,7.18424],[81.25188,7.18331],[81.25285,7.18339],[81.25318,7.18194],[81.25443,7.1816],[81.254,7.17994],[81.25491,7.17942],[81.25488,7.17834],[81.24844,7.1796],[81.24834,7.18208],[81.24694,7.18281],[81.24627,7.18525],[81.24506,7.18573],[81.24639,7.18706],[81.24626,7.188],[81.24529,7.18936],[81.24379,7.18934],[81.24467,7.19009],[81.24408,7.19203],[81.24331,7.19211],[81.24373,7.19339]]]},"properties":{"name":"Badulu Oya Reservoir","kind":"reservoir","ha":61}},{"type":"Feature","geometry":{"type":"Polygon","coordinates":[[[81.22746,6.75944],[81.22511,6.75826],[81.225,6.75921],[81.22173,6.75649],[81.22075,6.75678],[81.2217,6.75785],[81.22158,6.75931],[81.22583,6.76264],[81.22181,6.76453],[81.22431,6.76587],[81.22706,6.76511],[81.22736,6.76807],[81.22803,6.76819],[81.22922,6.7669],[81.22897,6.7653],[81.23142,6.76279],[81.22746,6.75944]]]},"properties":{"name":"Yudaganawa_Wewa","kind":"reservoir","ha":61}},{"type":"Feature","geometry":{"type":"Polygon","coordinates":[[[80.15012,9.75124],[80.15302,9.75193],[80.15373,9.75299],[80.15231,9.75612],[80.15339,9.75808],[80.15357,9.76087],[80.15103,9.7639],[80.14758,9.76547],[80.15317,9.76419],[80.15546,9.76081],[80.15604,9.75732],[80.1594,9.75888],[80.15805,9.75743],[80.15648,9.75161],[80.15756,9.75053],[80.15952,9.75017],[80.15012,9.75124]]]},"properties":{"name":"Uppu Aru Lagoon","kind":"lagoon","ha":61}},{"type":"Feature","geometry":{"type":"Polygon","coordinates":[[[81.10651,6.12082],[81.10579,6.12353],[81.10641,6.12727],[81.10029,6.1344],[81.09483,6.13543],[81.10651,6.12082]]]},"properties":{"name":"Karagan Lewaya","kind":"water","ha":61}},{"type":"Feature","geometry":{"type":"Polygon","coordinates":[[[81.72765,6.55201],[81.72882,6.55671],[81.72756,6.55964],[81.72656,6.56058],[81.72277,6.56105],[81.72125,6.56258],[81.71944,6.5623],[81.71946,6.55897],[81.72143,6.55792],[81.72067,6.55627],[81.7229,6.55599],[81.72488,6.55387],[81.7277,6.55499],[81.72734,6.55166],[81.72844,6.55127],[81.72765,6.55201]]]},"properties":{"name":"Itikala Lagoon","kind":"lagoon","ha":61}},{"type":"Feature","geometry":{"type":"Polygon","coordinates":[[[80.28867,8.17574],[80.28919,8.17515],[80.29348,8.17599],[80.29744,8.17943],[80.2986,8.1779],[80.29836,8.17596],[80.29568,8.17474],[80.29423,8.17272],[80.29515,8.17145],[80.29172,8.1708],[80.29055,8.16851],[80.28888,8.17024],[80.28759,8.17509],[80.28644,8.17557],[80.28782,8.1759],[80.28807,8.17677],[80.28867,8.17574]]]},"properties":{"name":null,"kind":"water","ha":60}},{"type":"Feature","geometry":{"type":"Polygon","coordinates":[[[80.99393,6.3084],[80.98893,6.30876],[80.9895,6.31189],[80.99179,6.31304],[80.99155,6.31592],[80.99342,6.31781],[80.99443,6.31675],[80.99502,6.31368],[80.9967,6.31367],[80.99936,6.31586],[80.99928,6.31431],[81.00061,6.31365],[80.99943,6.31351],[80.99738,6.31122],[80.99426,6.31052],[80.99393,6.3084]]]},"properties":{"name":"Suriyawewa Tank","kind":"water","ha":60}},{"type":"Feature","geometry":{"type":"Polygon","coordinates":[[[80.01359,7.93594],[80.01853,7.9396],[80.01914,7.93864],[80.01831,7.93725],[80.01905,7.93624],[80.02428,7.93415],[80.02547,7.93228],[80.02358,7.93083],[80.01979,7.93186],[80.01728,7.92985],[80.01699,7.93254],[80.01487,7.93379],[80.01359,7.93594]]]},"properties":{"name":null,"kind":"lake","ha":60}},{"type":"Feature","geometry":{"type":"Polygon","coordinates":[[[80.91636,9.06076],[80.91802,9.05443],[80.92113,9.05494],[80.92142,9.05765],[80.92006,9.05938],[80.91905,9.06297],[80.9152,9.06802],[80.91298,9.06852],[80.91241,9.06674],[80.91542,9.0633],[80.91636,9.06076]]]},"properties":{"name":null,"kind":"water","ha":60}},{"type":"Feature","geometry":{"type":"Polygon","coordinates":[[[79.98462,8.89892],[79.9835,8.90243],[79.9841,8.904],[79.9859,8.90578],[79.98904,8.90557],[79.99071,8.90349],[79.99037,8.89887],[79.98882,8.89726],[79.98762,8.89726],[79.98462,8.89892]]]},"properties":{"name":null,"kind":"water","ha":60}},{"type":"Feature","geometry":{"type":"Polygon","coordinates":[[[80.73776,8.45286],[80.73616,8.4583],[80.73878,8.45757],[80.74016,8.46257],[80.74272,8.46005],[80.74398,8.45999],[80.74618,8.46144],[80.74753,8.45914],[80.74837,8.45925],[80.74276,8.45689],[80.74139,8.45442],[80.73776,8.45286]]]},"properties":{"name":"Maha Halmillewa tank","kind":"lake","ha":60}},{"type":"Feature","geometry":{"type":"Polygon","coordinates":[[[80.63174,8.5686],[80.63485,8.56827],[80.63825,8.56636],[80.63981,8.56639],[80.64208,8.56959],[80.64035,8.57257],[80.6399,8.57618],[80.63842,8.57581],[80.63728,8.57307],[80.63304,8.57033],[80.63174,8.5686]]]},"properties":{"name":null,"kind":"lake","ha":60}},{"type":"Feature","geometry":{"type":"Polygon","coordinates":[[[79.93962,8.03669],[79.94001,8.03753],[79.94306,8.03872],[79.94686,8.03783],[79.94662,8.03589],[79.94889,8.02984],[79.94771,8.02926],[79.94616,8.03006],[79.94493,8.02575],[79.94384,8.03237],[79.94148,8.03448],[79.94198,8.03567],[79.93962,8.03669]]]},"properties":{"name":"Maha karmbe wewa","kind":"water","ha":60}},{"type":"Feature","geometry":{"type":"Polygon","coordinates":[[[81.64313,6.76759],[81.64167,6.77037],[81.64246,6.77268],[81.6459,6.77322],[81.65034,6.77165],[81.64939,6.76648],[81.64712,6.76632],[81.64313,6.76759]]]},"properties":{"name":"Kongaswala Wewa","kind":"basin","ha":60}},{"type":"Feature","geometry":{"type":"Polygon","coordinates":[[[81.49217,7.15378],[81.49392,7.15483],[81.4922,7.15629],[81.49303,7.15618],[81.49288,7.1567],[81.49387,7.15669],[81.49347,7.15748],[81.49473,7.15774],[81.49411,7.15897],[81.49563,7.15828],[81.49531,7.16071],[81.49607,7.15983],[81.49724,7.15996],[81.4965,7.16048],[81.49634,7.16141],[81.49731,7.16208],[81.49659,7.16336],[81.49604,7.16316],[81.49635,7.16451],[81.49385,7.16605],[81.49581,7.16731],[81.49592,7.16956],[81.49746,7.16933],[81.49667,7.17029],[81.49594,7.16985],[81.49336,7.17139],[81.49287,7.17264],[81.49217,7.15378]]]},"properties":{"name":"Senanayake Samudraya","kind":"reservoir","ha":60}},{"type":"Feature","geometry":{"type":"Polygon","coordinates":[[[80.59385,7.26629],[80.59348,7.27185],[80.59222,7.27575],[80.59284,7.27724],[80.59447,7.27586],[80.59803,7.27496],[80.59928,7.27299],[80.59934,7.26844],[80.59385,7.26629]]]},"properties":{"name":null,"kind":"river","ha":60}},{"type":"Feature","geometry":{"type":"Polygon","coordinates":[[[81.13392,7.97213],[81.13608,7.97058],[81.13611,7.9697],[81.13353,7.96698],[81.13217,7.96305],[81.12888,7.96209],[81.1285,7.96115],[81.12934,7.95589],[81.13249,7.95242],[81.13297,7.94797],[81.13069,7.94686],[81.12387,7.94876],[81.11952,7.94811],[81.1201,7.94944],[81.12347,7.94975],[81.13014,7.94798],[81.13148,7.94884],[81.13133,7.95251],[81.12845,7.95576],[81.12752,7.96177],[81.12806,7.96288],[81.13159,7.96414],[81.1329,7.96797],[81.13526,7.97017],[81.13168,7.97316],[81.1327,7.97824],[81.13385,7.97741],[81.13265,7.97499],[81.13392,7.97213]]]},"properties":{"name":null,"kind":"river","ha":60}},{"type":"Feature","geometry":{"type":"Polygon","coordinates":[[[81.69097,6.54496],[81.6906,6.54657],[81.68845,6.54791],[81.68746,6.55005],[81.68834,6.55356],[81.68553,6.55305],[81.6843,6.5537],[81.6816,6.55259],[81.68012,6.54834],[81.69097,6.54496]]]},"properties":{"name":"Kumana Wewa","kind":"reservoir","ha":60}},{"type":"Feature","geometry":{"type":"Polygon","coordinates":[[[79.80602,8.06808],[79.8043,8.06519],[79.80722,8.06383],[79.80842,8.06128],[79.81101,8.06015],[79.8125,8.06032],[79.81634,8.0626],[79.81526,8.06446],[79.81409,8.06366],[79.81254,8.06502],[79.81306,8.06604],[79.81185,8.06689],[79.81082,8.06621],[79.80602,8.06808]]]},"properties":{"name":null,"kind":"water","ha":59}},{"type":"Feature","geometry":{"type":"Polygon","coordinates":[[[80.21149,8.10172],[80.21506,8.10046],[80.21576,8.10156],[80.21702,8.10124],[80.21852,8.09965],[80.21752,8.10008],[80.21871,8.09578],[80.21783,8.09162],[80.21487,8.09242],[80.21307,8.09568],[80.21247,8.09893],[80.21083,8.10041],[80.21149,8.10172]]]},"properties":{"name":"Ihala Giribawa Wewa","kind":"lake","ha":59}},{"type":"Feature","geometry":{"type":"Polygon","coordinates":[[[81.47555,7.79482],[81.48289,7.79754],[81.48534,7.79471],[81.48602,7.79012],[81.48098,7.79008],[81.47555,7.79482]]]},"properties":{"name":"Sinnathuraisenai Tank","kind":"reservoir","ha":59}},{"type":"Feature","geometry":{"type":"Polygon","coordinates":[[[81.73885,6.74933],[81.7457,6.74635],[81.74437,6.74131],[81.74292,6.74119],[81.73728,6.7441],[81.73646,6.74661],[81.73802,6.74782],[81.73693,6.74855],[81.73885,6.74933]]]},"properties":{"name":"Wedagama Tank","kind":"reservoir","ha":59}},{"type":"Feature","geometry":{"type":"Polygon","coordinates":[[[80.49417,8.43391],[80.49784,8.42783],[80.49942,8.42647],[80.49896,8.42579],[80.50157,8.42497],[80.50048,8.43669],[80.49417,8.43391]]]},"properties":{"name":null,"kind":"reservoir","ha":59}},{"type":"Feature","geometry":{"type":"Polygon","coordinates":[[[81.13278,7.97915],[81.1327,7.97824],[81.13166,7.97779],[81.12901,7.97786],[81.12718,7.97531],[81.12422,7.97472],[81.12407,7.97359],[81.12599,7.97024],[81.12563,7.96668],[81.12266,7.96151],[81.12097,7.95999],[81.12039,7.95663],[81.12087,7.95326],[81.12017,7.95306],[81.11973,7.95534],[81.11928,7.95279],[81.11821,7.95247],[81.11946,7.96133],[81.12281,7.96434],[81.12442,7.96787],[81.12323,7.9751],[81.12682,7.97624],[81.12892,7.97889],[81.13072,7.9796],[81.13278,7.97915]]]},"properties":{"name":null,"kind":"river","ha":59}},{"type":"Feature","geometry":{"type":"Polygon","coordinates":[[[81.16616,7.2337],[81.17193,7.22957],[81.17139,7.2264],[81.17045,7.22519],[81.17154,7.22589],[81.17196,7.22528],[81.17049,7.22334],[81.17128,7.22236],[81.16944,7.22199],[81.16949,7.2248],[81.16603,7.22585],[81.16706,7.22671],[81.16697,7.22905],[81.16674,7.2282],[81.16473,7.22773],[81.16424,7.22827],[81.16512,7.22942],[81.1649,7.23104],[81.16284,7.23191],[81.16616,7.2337]]]},"properties":{"name":"Demodara Tank","kind":"reservoir","ha":59}},{"type":"Feature","geometry":{"type":"Polygon","coordinates":[[[80.71342,9.03503],[80.71235,9.03685],[80.70715,9.03622],[80.70516,9.03454],[80.70647,9.03268],[80.70889,9.03243],[80.71007,9.03107],[80.71095,9.03162],[80.7125,9.02973],[80.71458,9.02901],[80.7187,9.03141],[80.71612,9.03182],[80.71675,9.03265],[80.71574,9.03353],[80.71149,9.03423],[80.7118,9.03503],[80.71266,9.03453],[80.71342,9.03503]]]},"properties":{"name":null,"kind":"water","ha":59}},{"type":"Feature","geometry":{"type":"Polygon","coordinates":[[[80.82047,6.08152],[80.82577,6.08264],[80.8254,6.08424],[80.8267,6.08612],[80.82463,6.08539],[80.82235,6.08808],[80.82017,6.08743],[80.81936,6.08858],[80.81817,6.08753],[80.81868,6.08691],[80.81759,6.08548],[80.81497,6.08881],[80.81388,6.08601],[80.82047,6.08152]]]},"properties":{"name":"Pattiyapola Mahawewa","kind":"reservoir","ha":59}},{"type":"Feature","geometry":{"type":"Polygon","coordinates":[[[81.18644,8.45223],[81.18419,8.45233],[81.1824,8.45068],[81.18394,8.44827],[81.1864,8.44851],[81.18784,8.4472],[81.18463,8.44176],[81.18308,8.44044],[81.18237,8.43264],[81.18334,8.43416],[81.18288,8.43677],[81.1835,8.43673],[81.18371,8.43511],[81.18195,8.42586],[81.18324,8.42785],[81.18498,8.43452],[81.18405,8.44003],[81.1878,8.44174],[81.18865,8.4456],[81.18811,8.44904],[81.18331,8.45069],[81.18447,8.45142],[81.18671,8.45094],[81.18644,8.45223]]]},"properties":{"name":null,"kind":"water","ha":59}},{"type":"Feature","geometry":{"type":"Polygon","coordinates":[[[80.35379,8.23608],[80.35794,8.24183],[80.35783,8.24061],[80.36103,8.23907],[80.36076,8.23723],[80.36275,8.23407],[80.36074,8.23223],[80.35337,8.2349],[80.35379,8.23608]]]},"properties":{"name":"Talawa Tank","kind":"water","ha":58}},{"type":"Feature","geometry":{"type":"Polygon","coordinates":[[[80.32614,8.78905],[80.32027,8.78709],[80.31857,8.79239],[80.31492,8.79221],[80.31927,8.79323],[80.32238,8.79537],[80.32372,8.7952],[80.3258,8.79407],[80.32666,8.78971],[80.32614,8.78905]]]},"properties":{"name":"Aliyamaruthamadu","kind":"water","ha":58}},{"type":"Feature","geometry":{"type":"Polygon","coordinates":[[[80.71543,8.5385],[80.71638,8.53784],[80.71568,8.5357],[80.71726,8.53295],[80.71585,8.53229],[80.71607,8.53132],[80.71649,8.5307],[80.71804,8.53101],[80.71831,8.52981],[80.71995,8.5298],[80.72108,8.53147],[80.72145,8.53426],[80.72269,8.53598],[80.72489,8.53688],[80.72099,8.53847],[80.71543,8.5385]]]},"properties":{"name":null,"kind":"reservoir","ha":58}},{"type":"Feature","geometry":{"type":"Polygon","coordinates":[[[81.66713,7.6769],[81.66908,7.66921],[81.67016,7.66797],[81.67237,7.66887],[81.6737,7.67114],[81.67217,7.67833],[81.66943,7.67832],[81.66713,7.6769]]]},"properties":{"name":null,"kind":"water","ha":58}},{"type":"Feature","geometry":{"type":"Polygon","coordinates":[[[80.61137,8.44685],[80.61007,8.44021],[80.61103,8.43912],[80.61338,8.44087],[80.61656,8.44071],[80.61835,8.44377],[80.61775,8.44631],[80.61467,8.44781],[80.61137,8.44685]]]},"properties":{"name":null,"kind":"lake","ha":58}},{"type":"Feature","geometry":{"type":"Polygon","coordinates":[[[80.65277,8.29108],[80.65405,8.29372],[80.65735,8.29653],[80.65727,8.29525],[80.66089,8.29372],[80.66214,8.28893],[80.6602,8.2874],[80.65277,8.29108]]]},"properties":{"name":null,"kind":"lake","ha":58}},{"type":"Feature","geometry":{"type":"Polygon","coordinates":[[[81.49285,7.70963],[81.49298,7.70881],[81.49657,7.70829],[81.49702,7.7063],[81.49615,7.70503],[81.49224,7.70516],[81.49063,7.70064],[81.49025,7.70165],[81.48883,7.7007],[81.48625,7.70429],[81.48751,7.7044],[81.48844,7.70838],[81.49285,7.70963]]]},"properties":{"name":"Puththampuri Tank","kind":"reservoir","ha":58}},{"type":"Feature","geometry":{"type":"Polygon","coordinates":[[[81.83555,7.22061],[81.83088,7.22086],[81.82845,7.21973],[81.82927,7.21712],[81.82774,7.21122],[81.82829,7.20888],[81.82705,7.20488],[81.83555,7.22061]]]},"properties":{"name":null,"kind":"water","ha":58}},{"type":"Feature","geometry":{"type":"Polygon","coordinates":[[[81.82994,7.22826],[81.82965,7.22912],[81.82817,7.22962],[81.82818,7.23173],[81.82552,7.23201],[81.82497,7.23285],[81.82466,7.23511],[81.82627,7.23722],[81.82799,7.23751],[81.82861,7.23621],[81.82974,7.23584],[81.82899,7.23194],[81.82947,7.23031],[81.83337,7.22666],[81.83632,7.22526],[81.83685,7.22256],[81.83555,7.22061],[81.82994,7.22826]]]},"properties":{"name":null,"kind":"water","ha":58}},{"type":"Feature","geometry":{"type":"Polygon","coordinates":[[[80.89463,8.02803],[80.89411,8.02854],[80.89621,8.03846],[80.89854,8.04169],[80.90051,8.04744],[80.90047,8.04821],[80.89945,8.04818],[80.90031,8.04859],[80.89958,8.05006],[80.90037,8.05366],[80.8996,8.05299],[80.89929,8.05346],[80.90037,8.05706],[80.90097,8.05716],[80.90133,8.061],[80.89947,8.06331],[80.89463,8.02803]]]},"properties":{"name":"Minneriya Reservoir","kind":"reservoir","ha":58}},{"type":"Feature","geometry":{"type":"Polygon","coordinates":[[[80.4514,8.46441],[80.45822,8.46415],[80.457,8.45895],[80.45335,8.45621],[80.45241,8.45636],[80.45254,8.45698],[80.4514,8.45651],[80.45228,8.46006],[80.44938,8.46136],[80.4514,8.46441]]]},"properties":{"name":null,"kind":"water","ha":57}},{"type":"Feature","geometry":{"type":"Polygon","coordinates":[[[80.84871,8.58606],[80.85266,8.58304],[80.85377,8.5812],[80.85107,8.5763],[80.84879,8.57382],[80.84682,8.58252],[80.84862,8.58459],[80.84871,8.58606]]]},"properties":{"name":null,"kind":"reservoir","ha":57}},{"type":"Feature","geometry":{"type":"Polygon","coordinates":[[[80.14016,8.11836],[80.13925,8.11927],[80.14647,8.12265],[80.14643,8.1208],[80.14958,8.1156],[80.14886,8.11314],[80.147,8.11245],[80.1448,8.11592],[80.14133,8.11696],[80.14016,8.11836]]]},"properties":{"name":"Warawewa","kind":"reservoir","ha":57}},{"type":"Feature","geometry":{"type":"Polygon","coordinates":[[[80.03681,8.83393],[80.03628,8.83398],[80.0352,8.82652],[80.0373,8.82465],[80.04416,8.83581],[80.03681,8.83393]]]},"properties":{"name":null,"kind":"water","ha":57}},{"type":"Feature","geometry":{"type":"Polygon","coordinates":[[[80.92873,8.29202],[80.9319,8.29127],[80.93412,8.28926],[80.92939,8.28121],[80.92699,8.2808],[80.92613,8.2815],[80.92832,8.28717],[80.92873,8.29202]]]},"properties":{"name":null,"kind":"water","ha":57}},{"type":"Feature","geometry":{"type":"Polygon","coordinates":[[[80.05516,6.3029],[80.05382,6.30301],[80.05355,6.30229],[80.05469,6.30084],[80.05528,6.29805],[80.05697,6.29769],[80.05707,6.29883],[80.05856,6.29829],[80.05933,6.29898],[80.05967,6.29734],[80.06181,6.29912],[80.06164,6.29981],[80.06011,6.30004],[80.06099,6.30014],[80.0612,6.30109],[80.06009,6.30307],[80.06179,6.30462],[80.06006,6.30619],[80.05848,6.30633],[80.05516,6.3029]]]},"properties":{"name":"Madu Ganga","kind":"lake","ha":57}},{"type":"Feature","geometry":{"type":"Polygon","coordinates":[[[81.10334,7.26261],[81.10435,7.2613],[81.10451,7.26308],[81.1076,7.26297],[81.10786,7.2622],[81.10742,7.26353],[81.10798,7.26385],[81.10882,7.26205],[81.11017,7.26406],[81.1115,7.263],[81.11193,7.26204],[81.11081,7.26192],[81.11089,7.25956],[81.10898,7.25755],[81.11012,7.25728],[81.11134,7.25821],[81.11234,7.25736],[81.11221,7.25614],[81.1104,7.25631],[81.11052,7.25509],[81.10973,7.25494],[81.11027,7.25376],[81.1087,7.25309],[81.11028,7.25236],[81.1099,7.25115],[81.11052,7.25146],[81.11158,7.2505],[81.11046,7.25029],[81.11071,7.24979],[81.11218,7.25081],[81.11295,7.24954],[81.10941,7.24926],[81.11009,7.24708],[81.11106,7.24892],[81.11248,7.2466],[81.10334,7.26261]]]},"properties":{"name":"Nagadeepa Maha Wewa","kind":"water","ha":57}},{"type":"Feature","geometry":{"type":"Polygon","coordinates":[[[81.52494,7.93434],[81.52433,7.93561],[81.53081,7.93756],[81.53171,7.94024],[81.52882,7.94024],[81.5287,7.94247],[81.53919,7.94299],[81.53985,7.94326],[81.53954,7.94502],[81.5406,7.94399],[81.54409,7.94623],[81.54468,7.94574],[81.54363,7.94407],[81.54206,7.94365],[81.53811,7.94028],[81.53296,7.94024],[81.53112,7.93643],[81.5301,7.93581],[81.52926,7.93603],[81.53068,7.93683],[81.52833,7.93612],[81.52643,7.93346],[81.52494,7.93434]]]},"properties":{"name":"Valaichchanei Lagoon","kind":"water","ha":57}},{"type":"Feature","geometry":{"type":"Polygon","coordinates":[[[79.87997,9.00846],[79.88544,9.00618],[79.88971,9.00193],[79.88526,8.99831],[79.88457,8.99857],[79.87997,9.00846]]]},"properties":{"name":null,"kind":"water","ha":56}},{"type":"Feature","geometry":{"type":"Polygon","coordinates":[[[80.37046,7.85519],[80.37164,7.85514],[80.3748,7.85247],[80.37567,7.84975],[80.37886,7.84627],[80.37869,7.84426],[80.37616,7.8462],[80.37364,7.84594],[80.37365,7.84776],[80.37222,7.84885],[80.37131,7.85094],[80.36779,7.84969],[80.36713,7.85164],[80.36947,7.85297],[80.37046,7.85519]]]},"properties":{"name":"Hathigamuwa_Wewa","kind":"reservoir","ha":56}},{"type":"Feature","geometry":{"type":"Polygon","coordinates":[[[80.01745,8.1873],[80.01894,8.1906],[80.02171,8.1928],[80.02274,8.18962],[80.02555,8.18808],[80.02384,8.18541],[80.02484,8.18217],[80.02248,8.18377],[80.02392,8.18197],[80.02346,8.18114],[80.02243,8.18185],[80.02257,8.18064],[80.02084,8.18242],[80.02123,8.18311],[80.02018,8.18295],[80.02041,8.18404],[80.01894,8.18707],[80.01745,8.1873]]]},"properties":{"name":"Pahala Puliyankulama Wewa","kind":"reservoir","ha":56}},{"type":"Feature","geometry":{"type":"Polygon","coordinates":[[[81.18788,8.59376],[81.18552,8.59157],[81.18484,8.59026],[81.18609,8.59022],[81.18489,8.58843],[81.18211,8.58698],[81.17948,8.58431],[81.17937,8.58332],[81.18487,8.5847],[81.18594,8.58427],[81.18773,8.58599],[81.19001,8.59204],[81.18788,8.59376]]]},"properties":{"name":null,"kind":"reservoir","ha":56}},{"type":"Feature","geometry":{"type":"Polygon","coordinates":[[[81.52082,6.40211],[81.52098,6.40683],[81.52246,6.40827],[81.52394,6.40771],[81.52494,6.40471],[81.52987,6.40396],[81.52871,6.40218],[81.5227,6.39848],[81.52184,6.39874],[81.52082,6.40211]]]},"properties":{"name":null,"kind":"reservoir","ha":56}},{"type":"Feature","geometry":{"type":"Polygon","coordinates":[[[81.80701,6.91755],[81.80705,6.91926],[81.80362,6.91941],[81.80206,6.91674],[81.80006,6.916],[81.79899,6.91282],[81.79962,6.91268],[81.79955,6.91351],[81.802,6.91357],[81.80432,6.91276],[81.80534,6.91382],[81.80494,6.91251],[81.80691,6.91138],[81.80869,6.91288],[81.8091,6.9122],[81.80838,6.91235],[81.80836,6.91156],[81.80925,6.91171],[81.80921,6.91442],[81.80738,6.91588],[81.80648,6.91729],[81.80701,6.91755]]]},"properties":{"name":null,"kind":"pond","ha":56}},{"type":"Feature","geometry":{"type":"Polygon","coordinates":[[[80.64093,6.22315],[80.6401,6.22123],[80.64052,6.22011],[80.64472,6.21546],[80.64567,6.2131],[80.64885,6.21269],[80.65139,6.21424],[80.65171,6.21477],[80.64093,6.22315]]]},"properties":{"name":"Warapitiya lake","kind":"lake","ha":56}},{"type":"Feature","geometry":{"type":"Polygon","coordinates":[[[80.61473,9.32754],[80.61889,9.32583],[80.61374,9.32148],[80.61248,9.31973],[80.61147,9.31459],[80.61007,9.31382],[80.60952,9.31433],[80.60994,9.31774],[80.60843,9.31996],[80.61389,9.3266],[80.61377,9.32837],[80.61473,9.32754]]]},"properties":{"name":"Idaikkaddu Kulam","kind":"reservoir","ha":55}},{"type":"Feature","geometry":{"type":"Polygon","coordinates":[[[79.90604,8.52228],[79.90984,8.52275],[79.91085,8.52351],[79.91048,8.52544],[79.90917,8.52717],[79.90619,8.52722],[79.90512,8.52856],[79.9021,8.528],[79.90111,8.52311],[79.90225,8.52263],[79.90216,8.52045],[79.90288,8.52018],[79.90531,8.52459],[79.90621,8.52444],[79.90604,8.52228]]]},"properties":{"name":"Mailangan Motai","kind":"lake","ha":55}},{"type":"Feature","geometry":{"type":"Polygon","coordinates":[[[81.085,8.83699],[81.08929,8.83546],[81.09261,8.82713],[81.09164,8.82623],[81.08958,8.82585],[81.08794,8.82654],[81.08613,8.83222],[81.0858,8.83141],[81.08346,8.83115],[81.08379,8.83249],[81.08509,8.83246],[81.08579,8.83365],[81.08748,8.83395],[81.08654,8.83508],[81.08493,8.83486],[81.085,8.83699]]]},"properties":{"name":null,"kind":"water","ha":55}},{"type":"Feature","geometry":{"type":"Polygon","coordinates":[[[80.77904,8.57602],[80.77911,8.57752],[80.78081,8.57896],[80.78271,8.58284],[80.78575,8.58358],[80.78171,8.58292],[80.78078,8.58667],[80.77891,8.58714],[80.77702,8.58583],[80.77706,8.58439],[80.77512,8.58224],[80.77751,8.58014],[80.77501,8.57935],[80.77821,8.57793],[80.77904,8.57602]]]},"properties":{"name":null,"kind":"water","ha":55}},{"type":"Feature","geometry":{"type":"Polygon","coordinates":[[[81.28808,8.4666],[81.28967,8.46606],[81.28996,8.46363],[81.28843,8.45955],[81.28683,8.45812],[81.28564,8.45837],[81.2851,8.45995],[81.28426,8.45894],[81.28204,8.45861],[81.28151,8.45677],[81.2794,8.45743],[81.27922,8.45614],[81.27729,8.45562],[81.27486,8.45692],[81.27493,8.4604],[81.27423,8.46139],[81.27238,8.45972],[81.27076,8.45943],[81.26983,8.46009],[81.2748,8.46151],[81.27608,8.46354],[81.27877,8.46523],[81.27843,8.46359],[81.27621,8.462],[81.27596,8.46048],[81.27707,8.45885],[81.27622,8.45968],[81.27597,8.45898],[81.2812,8.45732],[81.28188,8.45876],[81.28527,8.46011],[81.28601,8.45967],[81.28808,8.4666]]]},"properties":{"name":null,"kind":"lake","ha":55}},{"type":"Feature","geometry":{"type":"Polygon","coordinates":[[[80.05734,8.91497],[80.05681,8.91883],[80.0545,8.92096],[80.05174,8.91994],[80.0499,8.91782],[80.04883,8.91765],[80.05111,8.91459],[80.05321,8.91328],[80.0559,8.91317],[80.05734,8.91497]]]},"properties":{"name":"Parappukadanthan Kulam","kind":"water","ha":55}},{"type":"Feature","geometry":{"type":"Polygon","coordinates":[[[80.67588,8.51068],[80.67716,8.51082],[80.67795,8.51187],[80.6805,8.50574],[80.68179,8.50498],[80.67892,8.50431],[80.6774,8.50272],[80.67464,8.50168],[80.67312,8.5033],[80.67588,8.51068]]]},"properties":{"name":null,"kind":"lake","ha":55}},{"type":"Feature","geometry":{"type":"Polygon","coordinates":[[[80.7313,8.56037],[80.73587,8.56795],[80.73508,8.56508],[80.73638,8.56304],[80.7378,8.56344],[80.73896,8.56269],[80.73866,8.56],[80.73959,8.55838],[80.73784,8.55863],[80.73754,8.55714],[80.73636,8.55643],[80.73494,8.55778],[80.7324,8.55714],[80.73167,8.5577],[80.73221,8.55967],[80.7313,8.56037]]]},"properties":{"name":null,"kind":"lake","ha":55}},{"type":"Feature","geometry":{"type":"Polygon","coordinates":[[[81.11063,6.32046],[81.11176,6.32216],[81.11477,6.32303],[81.11588,6.32447],[81.11874,6.32305],[81.11833,6.32064],[81.11616,6.31853],[81.11743,6.31707],[81.11659,6.31625],[81.11232,6.31563],[81.11063,6.32046]]]},"properties":{"name":"Pallemattala","kind":"reservoir","ha":55}},{"type":"Feature","geometry":{"type":"Polygon","coordinates":[[[81.199,6.77309],[81.19646,6.77437],[81.19728,6.7766],[81.19985,6.77893],[81.20214,6.77639],[81.20439,6.778],[81.20879,6.77528],[81.20635,6.77475],[81.20385,6.77242],[81.199,6.77309]]]},"properties":{"name":null,"kind":"water","ha":55}},{"type":"Feature","geometry":{"type":"Polygon","coordinates":[[[80.59021,8.19717],[80.59098,8.1946],[80.59496,8.19338],[80.59331,8.19031],[80.58733,8.19267],[80.58551,8.19122],[80.58673,8.19586],[80.5862,8.19718],[80.58939,8.20061],[80.59106,8.19978],[80.59021,8.19717]]]},"properties":{"name":null,"kind":"pond","ha":55}},{"type":"Feature","geometry":{"type":"Polygon","coordinates":[[[81.18571,6.15892],[81.18432,6.16003],[81.18168,6.15983],[81.17858,6.16171],[81.17743,6.16611],[81.17601,6.16659],[81.17533,6.16827],[81.17637,6.17142],[81.17687,6.17163],[81.18571,6.15892]]]},"properties":{"name":null,"kind":"water","ha":55}},{"type":"Feature","geometry":{"type":"Polygon","coordinates":[[[81.28808,8.4666],[81.28967,8.46606],[81.28996,8.46363],[81.28843,8.45955],[81.28683,8.45812],[81.28564,8.45837],[81.2851,8.45995],[81.28426,8.45894],[81.28204,8.45861],[81.28151,8.45677],[81.2794,8.45743],[81.27922,8.45614],[81.27729,8.45562],[81.27486,8.45692],[81.27493,8.4604],[81.27423,8.46139],[81.27238,8.45972],[81.27076,8.45943],[81.26983,8.46009],[81.2748,8.46151],[81.27608,8.46354],[81.27877,8.46523],[81.27843,8.46359],[81.27621,8.462],[81.27596,8.46048],[81.27707,8.45885],[81.27622,8.45968],[81.27597,8.45898],[81.2812,8.45732],[81.28188,8.45876],[81.28527,8.46011],[81.28601,8.45967],[81.28808,8.4666]]]},"properties":{"name":null,"kind":"water","ha":55}},{"type":"Feature","geometry":{"type":"Polygon","coordinates":[[[81.04354,7.2759],[81.04395,7.26694],[81.04069,7.27082],[81.0391,7.27155],[81.03855,7.27327],[81.0385,7.27177],[81.03733,7.27093],[81.03633,7.27147],[81.03531,7.26955],[81.03341,7.27304],[81.03159,7.27337],[81.04354,7.2759]]]},"properties":{"name":"Mapakada Wewa","kind":"reservoir","ha":55}},{"type":"Feature","geometry":{"type":"Polygon","coordinates":[[[79.88652,8.09015],[79.8846,8.09216],[79.8837,8.0946],[79.88208,8.09558],[79.8818,8.09708],[79.87989,8.09798],[79.87394,8.09494],[79.87134,8.09194],[79.87126,8.09037],[79.86932,8.09012],[79.86986,8.08841],[79.86889,8.08714],[79.86999,8.08618],[79.86861,8.0838],[79.8661,8.08477],[79.86491,8.08646],[79.86098,8.08546],[79.85753,8.08723],[79.85519,8.08713],[79.85377,8.08791],[79.88652,8.09015]]]},"properties":{"name":"Mee Oya","kind":"water","ha":55}},{"type":"Feature","geometry":{"type":"Polygon","coordinates":[[[80.4476,8.47962],[80.45479,8.48221],[80.45521,8.47993],[80.45391,8.47455],[80.45195,8.47288],[80.44945,8.47374],[80.4488,8.47877],[80.4476,8.47962]]]},"properties":{"name":null,"kind":"water","ha":54}},{"type":"Feature","geometry":{"type":"Polygon","coordinates":[[[81.22974,7.9554],[81.23151,7.95848],[81.23201,7.96299],[81.22599,7.96616],[81.22526,7.96586],[81.22484,7.96203],[81.22907,7.95832],[81.22747,7.95786],[81.22974,7.9554]]]},"properties":{"name":"Ruhunuketha Lake","kind":"water","ha":54}},{"type":"Feature","geometry":{"type":"Polygon","coordinates":[[[80.33984,8.32567],[80.34162,8.33058],[80.34317,8.3297],[80.34572,8.33102],[80.34664,8.33],[80.34566,8.32692],[80.34881,8.32469],[80.34729,8.32291],[80.34456,8.32208],[80.33984,8.32567]]]},"properties":{"name":null,"kind":"water","ha":54}},{"type":"Feature","geometry":{"type":"Polygon","coordinates":[[[81.24643,8.01996],[81.24856,8.02025],[81.25061,8.01419],[81.24831,8.01118],[81.24693,8.01158],[81.24656,8.01266],[81.24418,8.01272],[81.24258,8.01403],[81.24419,8.01758],[81.24526,8.01737],[81.24643,8.01996]]]},"properties":{"name":null,"kind":"lake","ha":54}},{"type":"Feature","geometry":{"type":"Polygon","coordinates":[[[80.35294,8.43856],[80.36051,8.43892],[80.35935,8.43658],[80.35942,8.43193],[80.35721,8.43168],[80.35235,8.43523],[80.35172,8.4373],[80.35294,8.43856]]]},"properties":{"name":null,"kind":"lake","ha":54}},{"type":"Feature","geometry":{"type":"Polygon","coordinates":[[[81.35015,7.80362],[81.34899,7.80456],[81.35054,7.80572],[81.35383,7.80305],[81.35474,7.80307],[81.35482,7.80561],[81.35552,7.80644],[81.35668,7.80635],[81.35686,7.80507],[81.3582,7.80431],[81.35785,7.79943],[81.35448,7.7981],[81.35002,7.79879],[81.35003,7.79946],[81.35248,7.80008],[81.35121,7.80179],[81.35168,7.8025],[81.35015,7.80362]]]},"properties":{"name":"Meeyankal Tank","kind":"reservoir","ha":54}},{"type":"Feature","geometry":{"type":"Polygon","coordinates":[[[79.82637,7.45853],[79.82874,7.45978],[79.82895,7.45724],[79.83085,7.45639],[79.83155,7.45439],[79.83355,7.45514],[79.83304,7.45796],[79.83579,7.45688],[79.83681,7.45246],[79.83561,7.45191],[79.83363,7.45424],[79.83246,7.45037],[79.83254,7.44878],[79.83455,7.44892],[79.83309,7.44798],[79.83257,7.44636],[79.83532,7.4413],[79.83395,7.44216],[79.83198,7.44623],[79.8294,7.45492],[79.82764,7.45562],[79.8272,7.458],[79.82637,7.45853]]]},"properties":{"name":"mahawawa wawa","kind":"lake","ha":54}},{"type":"Feature","geometry":{"type":"Polygon","coordinates":[[[80.68411,8.57365],[80.68799,8.57569],[80.68765,8.57759],[80.69417,8.57347],[80.69192,8.57125],[80.69123,8.57235],[80.68984,8.56988],[80.68798,8.56977],[80.68373,8.57209],[80.68411,8.57365]]]},"properties":{"name":null,"kind":"lake","ha":54}},{"type":"Feature","geometry":{"type":"Polygon","coordinates":[[[80.62815,9.18884],[80.63251,9.18705],[80.63304,9.18561],[80.63204,9.18451],[80.62898,9.18419],[80.62805,9.18173],[80.62718,9.18207],[80.62728,9.18393],[80.62309,9.184],[80.6235,9.18775],[80.62294,9.18836],[80.62322,9.18893],[80.62815,9.18884]]]},"properties":{"name":null,"kind":"reservoir","ha":54}},{"type":"Feature","geometry":{"type":"Polygon","coordinates":[[[81.05803,8.19329],[81.0597,8.19212],[81.06679,8.19072],[81.06621,8.18803],[81.06336,8.18696],[81.06095,8.18214],[81.05989,8.18222],[81.05925,8.18363],[81.05938,8.18836],[81.06073,8.19077],[81.05883,8.19161],[81.05803,8.19329]]]},"properties":{"name":null,"kind":"water","ha":54}},{"type":"Feature","geometry":{"type":"Polygon","coordinates":[[[81.04575,7.203],[81.04529,7.20358],[81.04667,7.20571],[81.04726,7.20572],[81.04714,7.20441],[81.04828,7.20464],[81.04911,7.2059],[81.04994,7.20453],[81.05124,7.205],[81.05177,7.20403],[81.05221,7.20518],[81.05154,7.20546],[81.05288,7.20634],[81.05096,7.20559],[81.05016,7.20592],[81.05043,7.20729],[81.04928,7.20655],[81.04875,7.20749],[81.04971,7.20882],[81.05063,7.20872],[81.0502,7.20958],[81.05097,7.20961],[81.05163,7.21107],[81.05272,7.21107],[81.05353,7.21256],[81.05381,7.21346],[81.05099,7.21142],[81.05204,7.21244],[81.05138,7.21272],[81.05186,7.21335],[81.05285,7.21344],[81.05222,7.21406],[81.0526,7.2152],[81.05175,7.21509],[81.05092,7.2132],[81.0502,7.21369],[81.04735,7.21151],[81.04684,7.2108],[81.04774,7.21075],[81.04781,7.20982],[81.04643,7.20969],[81.0461,7.20828],[81.0452,7.20822],[81.04533,7.2091],[81.04394,7.20865],[81.04356,7.21031],[81.04265,7.20988],[81.04575,7.203]]]},"properties":{"name":"Loggal Oya Reservoir","kind":"water","ha":54}},{"type":"Feature","geometry":{"type":"Polygon","coordinates":[[[81.70011,7.65547],[81.70241,7.65657],[81.70365,7.65573],[81.70529,7.64944],[81.70454,7.64874],[81.70124,7.64806],[81.69865,7.6502],[81.69776,7.65252],[81.70011,7.65547]]]},"properties":{"name":"Paaludaiyaaru Pond","kind":"lagoon","ha":54}},{"type":"Feature","geometry":{"type":"Polygon","coordinates":[[[79.80037,7.76035],[79.79851,7.75705],[79.79929,7.74984],[79.79861,7.74963],[79.79805,7.7524],[79.79674,7.75383],[79.79585,7.75372],[79.79383,7.75107],[79.79421,7.75204],[79.7934,7.75217],[79.79226,7.75094],[79.79493,7.74795],[79.79257,7.74701],[79.78982,7.74957],[79.79046,7.75106],[79.78987,7.75245],[79.79175,7.75274],[79.79087,7.75252],[79.79147,7.75157],[79.79234,7.75242],[79.79188,7.75284],[79.79243,7.75258],[79.79238,7.75384],[79.79313,7.75358],[79.7928,7.7547],[79.79349,7.75416],[79.79298,7.75495],[79.79383,7.75623],[79.79673,7.75817],[79.79882,7.75855],[79.80037,7.76035]]]},"properties":{"name":null,"kind":"river","ha":54}},{"type":"Feature","geometry":{"type":"Polygon","coordinates":[[[79.91987,6.75744],[79.92158,6.7569],[79.92372,6.75367],[79.92477,6.75372],[79.92865,6.75627],[79.93076,6.76021],[79.92742,6.75862],[79.92579,6.76029],[79.92175,6.75858],[79.92097,6.7592],[79.92132,6.76071],[79.92058,6.76256],[79.92125,6.76538],[79.91926,6.76308],[79.91703,6.76277],[79.9139,6.76691],[79.9133,6.76648],[79.91243,6.76739],[79.91003,6.76764],[79.91078,6.77023],[79.9121,6.77041],[79.91373,6.76938],[79.91525,6.77069],[79.91548,6.77193],[79.91317,6.77398],[79.91381,6.77431],[79.91486,6.78007],[79.91375,6.78111],[79.91173,6.78116],[79.90805,6.78556],[79.90846,6.78825],[79.90685,6.79012],[79.90778,6.79284],[79.90564,6.79363],[79.90502,6.79471],[79.90452,6.80039],[79.9034,6.80294],[79.90396,6.80467],[79.9056,6.80549],[79.90628,6.80687],[79.90402,6.80848],[79.90354,6.81226],[79.91987,6.75744]]]},"properties":{"name":"Bolgoda_Lake","kind":"river","ha":54}},{"type":"Feature","geometry":{"type":"Polygon","coordinates":[[[79.86276,8.4253],[79.86136,8.42608],[79.85999,8.42561],[79.85958,8.42312],[79.86163,8.4184],[79.86436,8.41684],[79.8668,8.41885],[79.86699,8.42118],[79.86444,8.42258],[79.86276,8.4253]]]},"properties":{"name":"Periya Uppu Villu","kind":"lake","ha":53}},{"type":"Feature","geometry":{"type":"Polygon","coordinates":[[[80.20281,8.32834],[80.20764,8.33153],[80.20869,8.3341],[80.21032,8.33278],[80.21009,8.3303],[80.21142,8.32958],[80.20977,8.32586],[80.21052,8.32456],[80.20889,8.32306],[80.20614,8.32601],[80.20294,8.32701],[80.20281,8.32834]]]},"properties":{"name":null,"kind":"water","ha":53}},{"type":"Feature","geometry":{"type":"Polygon","coordinates":[[[81.40051,8.22578],[81.40087,8.22532],[81.40124,8.22644],[81.40053,8.22856],[81.3955,8.23272],[81.39452,8.23578],[81.39544,8.23942],[81.39215,8.24054],[81.39084,8.23835],[81.38979,8.23167],[81.39162,8.23122],[81.39495,8.23213],[81.39948,8.22895],[81.40051,8.22578]]]},"properties":{"name":"Thaamaraik kulam","kind":"water","ha":53}},{"type":"Feature","geometry":{"type":"Polygon","coordinates":[[[80.28235,9.14822],[80.28087,9.15288],[80.27503,9.15433],[80.27546,9.15925],[80.27725,9.16141],[80.27999,9.16074],[80.27981,9.15725],[80.2824,9.15234],[80.28235,9.14822]]]},"properties":{"name":null,"kind":"pond","ha":53}},{"type":"Feature","geometry":{"type":"Polygon","coordinates":[[[81.41267,7.77654],[81.41192,7.77982],[81.41024,7.77992],[81.40379,7.77673],[81.40336,7.77418],[81.40575,7.77315],[81.41037,7.77379],[81.41267,7.77654]]]},"properties":{"name":"Kurukanamadu Tank","kind":"reservoir","ha":53}},{"type":"Feature","geometry":{"type":"Polygon","coordinates":[[[80.34338,8.38501],[80.34317,8.37968],[80.34621,8.37529],[80.34754,8.38121],[80.35098,8.38482],[80.34819,8.38622],[80.34338,8.38501]]]},"properties":{"name":"Pusiyankulama Wewa","kind":"lake","ha":53}},{"type":"Feature","geometry":{"type":"Polygon","coordinates":[[[80.65159,8.51346],[80.65107,8.51328],[80.65093,8.51639],[80.65212,8.51923],[80.65912,8.51743],[80.65871,8.51605],[80.65704,8.51485],[80.65665,8.51255],[80.65342,8.5118],[80.65159,8.51346]]]},"properties":{"name":null,"kind":"lake","ha":53}},{"type":"Feature","geometry":{"type":"Polygon","coordinates":[[[81.54645,7.10583],[81.54803,7.10433],[81.54716,7.10741],[81.54589,7.1084],[81.54956,7.10941],[81.54874,7.10916],[81.54798,7.11027],[81.54902,7.11096],[81.54642,7.11106],[81.54466,7.11212],[81.54487,7.11432],[81.54719,7.11435],[81.54623,7.11603],[81.54668,7.1171],[81.54788,7.11782],[81.54866,7.11588],[81.54946,7.11668],[81.55014,7.1158],[81.55081,7.1166],[81.55161,7.11589],[81.55178,7.11681],[81.55267,7.11589],[81.55269,7.11668],[81.55458,7.11581],[81.55371,7.11651],[81.55463,7.11658],[81.55021,7.11934],[81.55076,7.12025],[81.55259,7.12],[81.55288,7.12072],[81.55182,7.1221],[81.55244,7.12365],[81.55313,7.12266],[81.55472,7.12317],[81.55452,7.12218],[81.55521,7.12248],[81.55555,7.12112],[81.55636,7.12253],[81.55802,7.12125],[81.55848,7.12362],[81.56023,7.1222],[81.56076,7.12298],[81.56011,7.12475],[81.56119,7.12508],[81.55989,7.12499],[81.56065,7.12584],[81.55837,7.12544],[81.55797,7.12635],[81.55743,7.12562],[81.55643,7.12666],[81.55817,7.12827],[81.55806,7.12899],[81.55916,7.12919],[81.55874,7.13081],[81.55468,7.13099],[81.55369,7.1323],[81.55367,7.13346],[81.55439,7.13347],[81.54645,7.10583]]]},"properties":{"name":"Jayanthi Wewa","kind":"reservoir","ha":53}},{"type":"Feature","geometry":{"type":"Polygon","coordinates":[[[80.57352,8.61958],[80.57433,8.61737],[80.57802,8.61423],[80.58043,8.61321],[80.57845,8.61084],[80.57562,8.6105],[80.57472,8.60969],[80.57047,8.61343],[80.57352,8.61958]]]},"properties":{"name":"Ethakada Wewa","kind":"pond","ha":53}},{"type":"Feature","geometry":{"type":"Polygon","coordinates":[[[80.85831,8.63354],[80.85627,8.63668],[80.8549,8.63556],[80.85421,8.63201],[80.85563,8.63084],[80.85515,8.62498],[80.85611,8.62354],[80.85927,8.62436],[80.85831,8.63354]]]},"properties":{"name":null,"kind":"reservoir","ha":53}},{"type":"Feature","geometry":{"type":"Polygon","coordinates":[[[80.02977,8.12461],[80.02787,8.12469],[80.02653,8.12384],[80.02407,8.12518],[80.02527,8.1311],[80.02626,8.13107],[80.02629,8.13045],[80.02789,8.13208],[80.03319,8.12735],[80.03325,8.12651],[80.02977,8.12461]]]},"properties":{"name":"Kadawala Wewa","kind":"reservoir","ha":53}},{"type":"Feature","geometry":{"type":"Polygon","coordinates":[[[80.31057,9.04217],[80.31071,9.04895],[80.31139,9.0476],[80.31635,9.04843],[80.31775,9.04767],[80.31483,9.04223],[80.31462,9.03829],[80.31053,9.04114],[80.31057,9.04217]]]},"properties":{"name":"Palamoddai Kulam","kind":"water","ha":52}},{"type":"Feature","geometry":{"type":"Polygon","coordinates":[[[80.37153,8.46805],[80.37413,8.46941],[80.3739,8.46722],[80.37555,8.46701],[80.37637,8.46549],[80.37755,8.46516],[80.37637,8.46263],[80.37318,8.46008],[80.37297,8.45831],[80.36928,8.46648],[80.37153,8.46805]]]},"properties":{"name":null,"kind":"lake","ha":52}},{"type":"Feature","geometry":{"type":"Polygon","coordinates":[[[80.48305,9.55717],[80.48375,9.55937],[80.4821,9.56131],[80.47734,9.56413],[80.47582,9.56383],[80.47532,9.55812],[80.47635,9.55636],[80.47947,9.55496],[80.4802,9.55608],[80.47734,9.55809],[80.47688,9.55939],[80.47747,9.56016],[80.48001,9.5581],[80.48305,9.55717]]]},"properties":{"name":null,"kind":"water","ha":52}},{"type":"Feature","geometry":{"type":"Polygon","coordinates":[[[80.3079,9.14048],[80.30716,9.13947],[80.30758,9.13864],[80.3134,9.14194],[80.31468,9.14387],[80.31463,9.14565],[80.30967,9.14753],[80.3086,9.14686],[80.30583,9.14708],[80.30565,9.14652],[80.30745,9.14539],[80.3079,9.14048]]]},"properties":{"name":"Mallavi Kulam","kind":"reservoir","ha":52}},{"type":"Feature","geometry":{"type":"Polygon","coordinates":[[[81.424,7.8776],[81.427,7.87936],[81.43077,7.87924],[81.43241,7.88103],[81.43323,7.87875],[81.43311,7.87472],[81.43223,7.87392],[81.43067,7.87527],[81.42611,7.87536],[81.42374,7.87417],[81.42325,7.87482],[81.424,7.8776]]]},"properties":{"name":"Natpathavil Tank","kind":"water","ha":52}},{"type":"Feature","geometry":{"type":"Polygon","coordinates":[[[80.15929,8.27712],[80.1572,8.27903],[80.15625,8.27888],[80.15563,8.28419],[80.15936,8.28455],[80.16177,8.28778],[80.16518,8.28368],[80.16203,8.28147],[80.15887,8.28051],[80.15974,8.27801],[80.15929,8.27712]]]},"properties":{"name":null,"kind":"water","ha":52}},{"type":"Feature","geometry":{"type":"Polygon","coordinates":[[[80.7877,8.45263],[80.79166,8.44633],[80.79299,8.44598],[80.79185,8.44514],[80.78425,8.44368],[80.78358,8.44505],[80.78614,8.45113],[80.7877,8.45263]]]},"properties":{"name":null,"kind":"lake","ha":52}},{"type":"Feature","geometry":{"type":"Polygon","coordinates":[[[80.60924,8.4845],[80.60965,8.48795],[80.61051,8.48515],[80.61396,8.48711],[80.61631,8.48648],[80.61715,8.48514],[80.61661,8.48275],[80.61467,8.48234],[80.61296,8.48037],[80.60775,8.47867],[80.60862,8.47989],[80.60924,8.4845]]]},"properties":{"name":null,"kind":"reservoir","ha":52}},{"type":"Feature","geometry":{"type":"Polygon","coordinates":[[[80.75388,8.38312],[80.75513,8.38375],[80.75615,8.3791],[80.75732,8.37852],[80.75838,8.37592],[80.7593,8.37616],[80.75915,8.37775],[80.76016,8.37845],[80.7612,8.37594],[80.762,8.37586],[80.76214,8.37528],[80.76123,8.37506],[80.7615,8.37365],[80.75977,8.37481],[80.75892,8.37449],[80.75942,8.37145],[80.75577,8.37422],[80.75288,8.37943],[80.75175,8.37949],[80.75374,8.38185],[80.75296,8.38355],[80.75388,8.38312]]]},"properties":{"name":null,"kind":"reservoir","ha":52}},{"type":"Feature","geometry":{"type":"Polygon","coordinates":[[[80.73166,5.99428],[80.73458,5.99489],[80.73859,5.99451],[80.73761,5.99542],[80.73889,5.99632],[80.74195,5.99547],[80.73935,5.98994],[80.73578,5.9888],[80.73166,5.99428]]]},"properties":{"name":"Mahawala Lagoon","kind":"lagoon","ha":52}},{"type":"Feature","geometry":{"type":"Polygon","coordinates":[[[81.03315,7.21591],[81.03245,7.21704],[81.03167,7.21604],[81.03091,7.21643],[81.0315,7.21825],[81.0328,7.21812],[81.03348,7.21887],[81.03395,7.21832],[81.03476,7.21936],[81.03367,7.21972],[81.03234,7.2223],[81.0326,7.21998],[81.03109,7.22015],[81.03106,7.21871],[81.02863,7.22101],[81.02131,7.21771],[81.02064,7.21607],[81.03315,7.21591]]]},"properties":{"name":"Loggal Oya Reservoir","kind":"water","ha":52}},{"type":"Feature","geometry":{"type":"Polygon","coordinates":[[[79.79295,7.60102],[79.79094,7.59021],[79.78781,7.59416],[79.78815,7.5964],[79.78952,7.59747],[79.78967,7.59639],[79.79037,7.59761],[79.78814,7.60377],[79.79109,7.60464],[79.79172,7.60182],[79.79295,7.60102]]]},"properties":{"name":null,"kind":"river","ha":52}},{"type":"Feature","geometry":{"type":"Polygon","coordinates":[[[80.60972,5.98772],[80.60996,5.98549],[80.60712,5.98312],[80.60623,5.98376],[80.60627,5.98577],[80.60595,5.98404],[80.60396,5.98372],[80.60429,5.98612],[80.6037,5.98459],[80.60125,5.9852],[80.60086,5.98638],[80.6006,5.98533],[80.59901,5.98568],[80.59693,5.98407],[80.59608,5.98513],[80.59773,5.98703],[80.59646,5.98932],[80.59643,5.99103],[80.59837,5.99293],[80.5966,5.99256],[80.59656,5.9916],[80.59479,5.99148],[80.59611,5.9911],[80.59594,5.98976],[80.59725,5.98706],[80.59594,5.98604],[80.59369,5.98734],[80.59323,5.98617],[80.59565,5.98576],[80.59602,5.98386],[80.59754,5.98293],[80.59451,5.98325],[80.59549,5.98195],[80.59499,5.98147],[80.59258,5.98369],[80.59305,5.98212],[80.59216,5.98185],[80.594,5.9821],[80.59462,5.98117],[80.59431,5.98024],[80.59274,5.98075],[80.59263,5.97968],[80.59345,5.9797],[80.59316,5.97886],[80.59404,5.97861],[80.59299,5.97637],[80.59369,5.97601],[80.60972,5.98772]]]},"properties":{"name":"Ellakanda Reservoir","kind":"lake","ha":52}},{"type":"Feature","geometry":{"type":"Polygon","coordinates":[[[80.3221,9.39357],[80.32455,9.39377],[80.32957,9.39652],[80.33218,9.39504],[80.32909,9.39209],[80.32559,9.39252],[80.32502,9.38968],[80.32316,9.38855],[80.32056,9.38841],[80.32025,9.38926],[80.3221,9.39357]]]},"properties":{"name":"Sivankovil Kulam","kind":"reservoir","ha":51}},{"type":"Feature","geometry":{"type":"Polygon","coordinates":[[[80.92715,8.43825],[80.93016,8.43849],[80.93315,8.43711],[80.93179,8.43463],[80.9327,8.43388],[80.93006,8.43214],[80.92918,8.43199],[80.92912,8.4332],[80.92864,8.43296],[80.92744,8.43014],[80.92451,8.43025],[80.92505,8.43294],[80.92452,8.43387],[80.92679,8.43504],[80.92715,8.43825]]]},"properties":{"name":null,"kind":"water","ha":51}},{"type":"Feature","geometry":{"type":"Polygon","coordinates":[[[80.47711,8.80534],[80.47977,8.80411],[80.48698,8.80394],[80.48649,8.80242],[80.48738,8.79837],[80.48495,8.79819],[80.48041,8.80023],[80.47858,8.80348],[80.47718,8.804],[80.47592,8.8034],[80.47595,8.80458],[80.47711,8.80534]]]},"properties":{"name":"Munayamadu","kind":"water","ha":51}},{"type":"Feature","geometry":{"type":"Polygon","coordinates":[[[81.29574,8.47416],[81.29328,8.47127],[81.29629,8.46775],[81.29625,8.46542],[81.30113,8.47193],[81.30121,8.47322],[81.29993,8.47545],[81.29574,8.47416]]]},"properties":{"name":null,"kind":"lake","ha":51}},{"type":"Feature","geometry":{"type":"Polygon","coordinates":[[[81.15141,8.7259],[81.14954,8.72626],[81.1482,8.72015],[81.15009,8.71686],[81.15245,8.71606],[81.15273,8.71927],[81.15455,8.7206],[81.15304,8.72308],[81.15455,8.72332],[81.15141,8.7259]]]},"properties":{"name":null,"kind":"water","ha":51}},{"type":"Feature","geometry":{"type":"Polygon","coordinates":[[[81.842,7.115],[81.84564,7.11411],[81.8464,7.11316],[81.84767,7.11039],[81.84696,7.10724],[81.8448,7.10719],[81.84246,7.10916],[81.84251,7.10998],[81.8417,7.11005],[81.84112,7.10875],[81.84048,7.10981],[81.83961,7.10961],[81.84074,7.1119],[81.83984,7.11381],[81.842,7.115]]]},"properties":{"name":"Periya Kulam","kind":"lake","ha":51}},{"type":"Feature","geometry":{"type":"Polygon","coordinates":[[[80.74931,8.64176],[80.7511,8.64404],[80.75225,8.6443],[80.75666,8.64113],[80.75876,8.64054],[80.75687,8.63894],[80.75656,8.63644],[80.75282,8.6359],[80.75193,8.63898],[80.74972,8.64],[80.75069,8.64284],[80.74931,8.64176]]]},"properties":{"name":null,"kind":"water","ha":51}},{"type":"Feature","geometry":{"type":"Polygon","coordinates":[[[79.82113,7.58631],[79.81708,7.58302],[79.81815,7.58229],[79.8181,7.58061],[79.81947,7.57831],[79.82064,7.57812],[79.823,7.57876],[79.82367,7.58054],[79.82326,7.58331],[79.82473,7.58735],[79.82421,7.5883],[79.82113,7.58631]]]},"properties":{"name":null,"kind":"water","ha":51}},{"type":"Feature","geometry":{"type":"Polygon","coordinates":[[[80.39676,8.2097],[80.3982,8.2073],[80.39964,8.20723],[80.3987,8.20513],[80.40144,8.20183],[80.39985,8.19991],[80.39716,8.20068],[80.39534,8.20292],[80.39355,8.20371],[80.39319,8.20576],[80.39183,8.20664],[80.39186,8.20722],[80.39306,8.20645],[80.39696,8.2079],[80.39676,8.2097]]]},"properties":{"name":null,"kind":"lake","ha":51}},{"type":"Feature","geometry":{"type":"Polygon","coordinates":[[[80.94506,6.62016],[80.94732,6.62441],[80.94694,6.62675],[80.94799,6.62752],[80.94831,6.6296],[80.95046,6.63042],[80.95083,6.63131],[80.9516,6.63108],[80.94949,6.62997],[80.94984,6.62936],[80.94896,6.62848],[80.95044,6.62931],[80.94928,6.62798],[80.95045,6.62675],[80.95024,6.62558],[80.95273,6.62508],[80.95155,6.62454],[80.95297,6.6237],[80.95051,6.62337],[80.95147,6.62218],[80.95104,6.62185],[80.949,6.62258],[80.94859,6.62123],[80.94964,6.61905],[80.94798,6.61883],[80.94753,6.61624],[80.94617,6.61615],[80.94605,6.61873],[80.94506,6.62016]]]},"properties":{"name":"Mahapelessa Tank","kind":"reservoir","ha":51}},{"type":"Feature","geometry":{"type":"Polygon","coordinates":[[[81.20292,6.4173],[81.19713,6.41811],[81.19696,6.42116],[81.19968,6.42274],[81.20135,6.42573],[81.20535,6.41962],[81.20292,6.4173]]]},"properties":{"name":null,"kind":"reservoir","ha":51}},{"type":"Feature","geometry":{"type":"Polygon","coordinates":[[[79.85394,7.94752],[79.85344,7.94794],[79.8511,7.94635],[79.84908,7.9407],[79.85129,7.93987],[79.85423,7.9401],[79.85529,7.94101],[79.85674,7.9437],[79.85469,7.94771],[79.85394,7.94752]]]},"properties":{"name":null,"kind":"lake","ha":51}},{"type":"Feature","geometry":{"type":"Polygon","coordinates":[[[81.69658,7.36166],[81.69828,7.36151],[81.6989,7.36358],[81.69927,7.36292],[81.70186,7.36309],[81.70437,7.35441],[81.70111,7.35636],[81.69939,7.35581],[81.69811,7.35777],[81.69699,7.35783],[81.69725,7.35998],[81.69652,7.35983],[81.69551,7.36115],[81.69658,7.36166]]]},"properties":{"name":"weeragoda tank","kind":"lake","ha":51}},{"type":"Feature","geometry":{"type":"Polygon","coordinates":[[[81.13885,6.21012],[81.13713,6.21246],[81.13467,6.21396],[81.13412,6.21189],[81.13511,6.20959],[81.13177,6.20738],[81.1317,6.20644],[81.13621,6.20642],[81.13765,6.2042],[81.14079,6.20285],[81.13885,6.21012]]]},"properties":{"name":null,"kind":"lake","ha":51}},{"type":"Feature","geometry":{"type":"Polygon","coordinates":[[[80.76768,9.00357],[80.77188,9.00357],[80.77286,9.00536],[80.77298,9.00784],[80.76734,9.01291],[80.76633,9.0124],[80.76639,9.00996],[80.76768,9.00357]]]},"properties":{"name":"Udayarvelikulam","kind":"water","ha":50}},{"type":"Feature","geometry":{"type":"Polygon","coordinates":[[[80.77082,8.66952],[80.7717,8.66663],[80.77509,8.66815],[80.77805,8.66512],[80.77947,8.66529],[80.7782,8.67194],[80.77557,8.67319],[80.77577,8.67429],[80.77082,8.66952]]]},"properties":{"name":null,"kind":"reservoir","ha":50}},{"type":"Feature","geometry":{"type":"Polygon","coordinates":[[[80.65832,8.24405],[80.66274,8.24202],[80.66597,8.23797],[80.66549,8.23738],[80.66642,8.23717],[80.66666,8.23552],[80.66472,8.23734],[80.66293,8.23786],[80.65974,8.23807],[80.65876,8.23704],[80.65759,8.23727],[80.65582,8.23616],[80.6553,8.2366],[80.65788,8.24147],[80.65832,8.24405]]]},"properties":{"name":null,"kind":"reservoir","ha":50}},{"type":"Feature","geometry":{"type":"Polygon","coordinates":[[[81.09183,6.39563],[81.09103,6.39737],[81.09355,6.40167],[81.09511,6.40152],[81.09602,6.40279],[81.0971,6.40232],[81.09895,6.40388],[81.1008,6.40282],[81.10123,6.40156],[81.09964,6.40118],[81.09633,6.39832],[81.09758,6.39754],[81.09669,6.39578],[81.09183,6.39563]]]},"properties":{"name":"Maha Wewa","kind":"reservoir","ha":50}},{"type":"Feature","geometry":{"type":"Polygon","coordinates":[[[80.97931,6.17498],[80.97493,6.17794],[80.96839,6.1923],[80.96439,6.19325],[80.96214,6.19522],[80.95982,6.19529],[80.95572,6.19779],[80.95258,6.19725],[80.94631,6.20179],[80.94562,6.20422],[80.94605,6.20705],[80.95115,6.2109],[80.95185,6.21409],[80.94409,6.22516],[80.93996,6.22796],[80.94635,6.2362],[80.95055,6.23445],[80.95358,6.2368],[80.95315,6.24004],[80.94912,6.2426],[80.94797,6.24562],[80.94899,6.2422],[80.95261,6.2401],[80.95306,6.23673],[80.94995,6.23486],[80.94624,6.23679],[80.93969,6.22841],[80.94011,6.22703],[80.94437,6.22422],[80.95142,6.21404],[80.95034,6.21037],[80.94542,6.2068],[80.94558,6.20233],[80.94815,6.19957],[80.95207,6.19705],[80.95544,6.19743],[80.95947,6.19503],[80.96247,6.19463],[80.96442,6.19295],[80.96822,6.19199],[80.97488,6.17738],[80.97745,6.17516],[80.97931,6.17498]]]},"properties":{"name":null,"kind":"river","ha":50}}]}
